ts_code,t0,plan_amount_yi,exp_date,impl_first,impl_last,total_vol_wan,total_amt_yi,n_progress,stopped,outcome,base_date,gap_cal_days,d0,d1,ex1,d5,ex5,d20,ex20,d60,ex60
000026.SZ,20210205,0.01,,,,0.0,0.0,0,False,未实施,20210205,0,0.09973285841495971,0.06072874493927127,0.04988443531416431,0.13036437246963573,0.06925067920436567,0.16842105263157903,0.1830573541303231,0.3182186234817814,0.3438934620551348
000026.SZ,20210205,0.0,,,,0.0,0.0,0,False,未实施,20210205,0,0.09973285841495971,0.06072874493927127,0.04988443531416431,0.13036437246963573,0.06925067920436567,0.16842105263157903,0.1830573541303231,0.3182186234817814,0.3438934620551348
000026.SZ,20210413,0.01,,,,0.0,0.0,0,False,未实施,20210413,0,-0.029490616621983823,0.05455801104972369,0.04830755514674556,0.14848066298342544,0.12319161424785818,0.11118784530386727,0.08129209136230808,0.037508069722401505,-0.006756559513642624
000026.SZ,20210615,0.0,,,,0.0,0.0,0,False,未实施,20210615,0,-0.03983794733288315,-0.016877637130801704,-0.006195131551728239,-0.052742616033755296,-0.05296975040799223,0.00421940928270037,0.0014140042742114556,-0.09423347398030946,-0.12380356007007565
000026.SZ,20220310,0.0,,,,0.0,0.0,0,False,未实施,20220310,0,-0.00778967867575453,-0.01177625122669268,-0.015853210100199577,-0.06967615309126585,-0.04622372248039719,-0.06182531894013732,-0.02362256944730201,0.027136269246939904,0.030656569658095822
000026.SZ,20220310,0.02,,,,0.0,0.0,0,False,未实施,20220310,0,-0.00778967867575453,-0.01177625122669268,-0.015853210100199577,-0.06967615309126585,-0.04622372248039719,-0.06182531894013732,-0.02362256944730201,0.027136269246939904,0.030656569658095822
000026.SZ,20220423,0.01,,,,0.0,0.0,0,False,未实施,20220422,1,0.027083333333333348,-0.10040567951318458,-0.051745302825436545,-0.0963488843813387,-0.08452873519433768,-0.09026369168356996,-0.09627835505718696,0.01660616791790237,-0.040898517933057876
000026.SZ,20230318,0.17,,,,0.0,0.0,0,False,未实施,20230317,1,0.0,-0.043889845094664315,-0.039268557280577765,-0.016351118760757233,-0.020901715231870566,-0.011187607573149627,-0.050634703454864316,0.049855666128223675,0.049071705501352536
000026.SZ,20230318,0.01,,,,0.0,0.0,0,False,未实施,20230317,1,0.0,-0.043889845094664315,-0.039268557280577765,-0.016351118760757233,-0.020901715231870566,-0.011187607573149627,-0.050634703454864316,0.049855666128223675,0.049071705501352536
000034.SZ,20210806,0.01,,,,0.0,0.0,0,False,未实施,20210806,0,0.010404624277456698,0.0011441647597252302,-0.009285753617103043,-0.0240274599542335,-0.04014551424350499,-0.06178489702517176,-0.09413677974952483,-0.10812356979405047,-0.12052746140155068
000045.SZ,20210116,0.0,,,,0.0,0.0,0,False,未实施,20210115,1,0.01017441860465107,0.02446043165467615,0.015958195379129236,0.020143884892086295,0.008725003777609652,0.037410071942445944,0.0009816247724514504,0.18561151079136695,0.21589636248374156
000056.SZ,20250426,,,,,0.0,0.0,0,False,未实施,20250425,1,0.019933554817275656,0.009771986970684043,0.011812556180223366,0.05863192182410426,0.04355524588022086,0.022801302931596323,0.009059993480042383,0.019543973941368087,-0.06829921956229013
000056.SZ,20250426,,,,,0.0,0.0,0,False,未实施,20250425,1,0.019933554817275656,0.009771986970684043,0.011812556180223366,0.05863192182410426,0.04355524588022086,0.022801302931596323,0.009059993480042383,0.019543973941368087,-0.06829921956229013
000056.SZ,20260424,,,,,0.0,0.0,0,False,未实施,20260423,1,-0.025252525252525304,0.051813471502590636,0.053591030684426055,-0.07253886010362687,-0.08745867903858362,-0.24352331606217614,-0.2436113681416423,-0.010362694300518172,0.05703435143640867
000056.SZ,20260424,,,,,0.0,0.0,0,False,未实施,20260423,1,-0.025252525252525304,0.051813471502590636,0.053591030684426055,-0.07253886010362687,-0.08745867903858362,-0.24352331606217614,-0.2436113681416423,-0.010362694300518172,0.05703435143640867
000100.SZ,20210621,7.0,20220620,,,0.0,0.0,0,False,未实施,20210621,0,-0.007894736842105177,0.027851458885941538,0.019695071609608483,0.03580901856763896,0.013638904285028675,0.09416445623342162,0.09109141050569836,-0.05437665782493384,-0.1017649979900831
000333.SZ,20210106,0.61,,,,0.0,0.0,0,False,未实施,20210106,0,-0.005712034666141452,0.038232963549920784,0.030879843799027196,0.023573692551505543,0.009984899237571065,-0.032884310618066515,-0.023654292535443266,-0.18106180665610128,-0.1649956091186433
000333.SZ,20211227,0.67,,,,0.0,0.0,0,False,未实施,20211227,0,0.012333702882483477,0.029158110882957056,0.025150074249151944,0.031622176591375784,0.026977229826308236,0.038329911019849394,0.09365194698628732,-0.25188227241615324,-0.15567241654857655
000333.SZ,20241228,0.35,,,,0.0,0.0,0,False,未实施,20241227,1,-0.007370360621216099,-0.0013259082471493988,-0.0034314816552414307,-0.0005303632988598039,0.05968833720359212,-0.020418987006099232,0.02464585843567546,-0.00039777247414485295,0.01503819414156049
000333.SZ,20250329,100.0,20260530,,,0.0,0.0,0,False,未实施,20250328,1,0.0048366013071896585,0.021204631195524737,0.025968349965310278,-0.1260569793157279,-0.0541646648218308,-0.0473526733446078,-0.029132954605136208,-0.014270649815513181,-0.03526204201583638
000338.SZ,20241231,,,,,0.0,0.0,0,False,未实施,20241231,0,-0.014388489208633226,-0.0131386861313868,0.013843278979056128,0.07372262773722649,0.1141413967714835,0.023357664233576658,0.04873419554005709,0.14160583941605864,0.14493817986675706
000403.SZ,20220702,0.8,20230720,,,0.0,0.0,0,False,未实施,20220701,1,-0.005919854280510228,0.06367384333486048,0.058117382680863194,0.013284470911589574,0.02281307935437793,-0.11758070103532314,-0.08112583597088252,-0.20899217448351204,-0.12178002733604587
000403.SZ,20220702,,,,,0.0,0.0,0,False,未实施,20220701,1,-0.005919854280510228,0.06367384333486048,0.058117382680863194,0.013284470911589574,0.02281307935437793,-0.11758070103532314,-0.08112583597088252,-0.20899217448351204,-0.12178002733604587
000411.SZ,20241116,0.01,,,,0.0,0.0,0,False,未实施,20241115,1,-0.019534883720930152,-0.003795066413662229,-0.0017337214198720474,-0.000948766603415474,0.01847905648430359,0.11480075901328268,0.09470210554892633,0.00189753320683117,0.0037767782399853456
000425.SZ,20250429,6.0,20260527,,,0.0,0.0,0,False,未实施,20250429,0,0.0033482142857141906,-0.020022246941045485,-0.017743902670639966,-0.008898776418242549,-0.02531159008734085,-0.08342602892102335,-0.10008254800495298,-0.02369388325755739,-0.10816079490974151
000488.SZ,20240801,0.46,,,,0.0,0.0,0,False,未实施,20240801,0,-0.002808988764045006,0.0,0.009310312485210304,0.03943661971830981,0.06206803304447206,-0.00845070422535199,0.029931700738003553,0.03661971830985933,-0.08169787994616617
000503.SZ,20240412,0.03,,,,0.0,0.0,0,False,未实施,20240412,0,-0.015367727771679385,-0.06911928651059085,-0.08065995968493933,-0.10367892976588633,-0.11706777365335452,-0.09141583054626523,-0.12066284958586948,-0.26086956521739124,-0.24865532325192152
000503.SZ,20250221,0.01,,,,0.0,0.0,0,False,未实施,20250221,0,0.010509296685529579,-0.027200000000000002,-0.025444994330909076,-0.0968,-0.0809668576742798,-0.030400000000000094,-0.026284510873013756,-0.18799999999999994,-0.1882584081923242
000503.SZ,20250606,0.1,,,,0.0,0.0,0,False,未实施,20250606,0,-0.005785920925747257,0.0,-0.0042396083313361865,-0.02424830261881672,-0.021832209108983758,0.008729388942773753,-0.01653338615309563,0.028128031037827128,-0.09781056219840911
000516.SZ,20230419,,,,,0.0,0.0,0,False,未实施,20230419,0,-0.06341045415595548,-0.024702653247941297,-0.02380548643477709,0.008234217749313766,0.040984665198531056,-0.11161939615736494,-0.09176877767016167,-0.20585544373284537,-0.1633302830464508
000516.SZ,20240426,1.5,20250520,,,0.0,0.0,0,False,未实施,20240426,0,-0.017857142857142905,0.043636363636363695,0.035453838400139936,0.11636363636363645,0.10214570714330495,0.005454545454545601,-0.001779095104385786,-0.19090909090909092,-0.13432256411047105
000525.SZ,20260121,0.0,,,,0.0,0.0,0,False,未实施,20260121,0,-0.03231017770597755,0.01836393989983298,0.01697172804848668,-0.018363939899833093,-0.026474281654310317,0.12186978297161932,0.11383686489670586,-0.058430717863105164,-0.0498826293895146
000526.SZ,20240203,0.02,,,,0.0,0.0,0,False,未实施,20240202,1,0.08129330254041589,0.09995728321230235,0.11134159085208228,0.21507902605724039,0.1397698963314855,0.32400683468603164,0.17803240931308273,0.34963690730457064,0.17048591889862363
000526.SZ,20240620,0.01,,,,0.0,0.0,0,False,未实施,20240620,0,0.040926395939086424,-0.020725388601036343,-0.018341268204056904,-0.04937519049070416,-0.030147307938880985,-0.20557756781469072,-0.1980250223663218,-0.23956110941786057,-0.1588709757203769
000526.SZ,20260617,1.0,20260916,,,0.0,0.0,0,False,未实施,20260617,0,0.011443337024732214,-0.019343065693430583,-0.015124843086366968,-0.07299270072992703,-0.07573852534274861,0.0036496350364962904,0.061986348084723586,,
000528.SZ,20210330,0.01,,,,0.0,0.0,0,False,未实施,20210330,0,0.0125391849529779,0.019607843137255054,0.02398175332196062,0.024767801857585203,0.018009202229846588,-0.008255933952528438,-0.008368302617813628,-0.13483400224297015,-0.16304221528897922
000528.SZ,20220331,0.01,,,,0.0,0.0,0,False,未实施,20220331,0,-0.004601226993864893,-0.007704160246532976,-0.016927806773158305,0.04160246533127876,0.06958253803473191,-0.046224961479198745,0.011119272915748546,0.033898305084745894,-0.007435930020697312
000534.SZ,20260627,0.02,,,,0.0,0.0,0,False,未实施,20260626,1,-0.05058905058905061,0.009124087591240837,-0.002428085884271347,0.16824817518248159,0.16351629480480434,-0.08832116788321165,-0.03739337548539001,,
000561.SZ,20210730,0.0,,,,0.0,0.0,0,False,未实施,20210730,0,0.005141388174807249,0.028132992327365658,0.008270054674917704,0.04731457800511496,0.028880178050032512,-0.03196930946291576,-0.0662691895782852,-0.07289002557544766,-0.1015237034043045
000561.SZ,20210925,0.0,,,,0.0,0.0,0,False,未实施,20210924,1,-0.030864197530864113,-0.0573248407643312,-0.04936931785342569,-0.08662420382165603,-0.08130980846393943,-0.10700636942675168,-0.09045943356410913,0.006369426751592355,0.0049825044090485715
000561.SZ,20260429,0.0,,,,0.0,0.0,0,False,未实施,20260429,0,0.00650054171180936,0.023681377825619077,0.022525075920714066,0.06996770721205614,0.040209759187334715,-0.11948331539289558,-0.10868242877465295,-0.1797631862217437,-0.13131476616094662
000564.SZ,20220430,0.0,,,,0.0,0.0,0,False,未实施,20220429,1,-0.008928571428571397,0.054054054054053724,0.0469429931616443,-0.0630630630630632,-0.06662870120992437,-0.08108108108108114,-0.12009255406019725,-0.07207207207207211,-0.13088002621538786
000568.SZ,20240124,0.01,,,,0.0,0.0,0,False,未实施,20240124,0,-0.011980726657117025,0.026756293660208375,-0.003394022630721305,-0.03255568735995773,-0.0213761655940371,0.15823118492157628,0.08355571323130362,0.24555160142348753,0.12861169330877686
000571.SZ,20250429,,,,,0.0,0.0,0,False,未实施,20250429,0,0.06467661691542292,0.007009345794392496,0.009350535649033542,0.03971962616822422,0.022501683049626076,0.06775700934579443,0.048353103535299535,0.11214953271028016,0.01592987914824162
000571.SZ,20260429,,,,,0.0,0.0,0,False,未实施,20260429,0,-0.01067615658362997,0.0,-0.0011295525443288934,-0.0611510791366906,-0.08726235072161803,0.043165467625899234,0.05596149084370006,0.24640287769784175,0.32002338481155457
000576.SZ,20220521,0.0,,,,0.0,0.0,0,False,未实施,20220520,1,-0.0017953321364452268,-0.006294964028776828,-0.006386539347565945,-0.07374100719424459,-0.06890947123931623,0.03597122302158273,-0.016793303595798892,0.2580935251798562,0.20835495109643376
000597.SZ,20210317,0.06,,,,0.0,0.0,0,False,未实施,20210317,0,0.02386117136659416,0.004237288135593431,-0.0008424345021821322,-0.012711864406779627,0.010303029340351877,0.021186440677966267,0.035175875093910625,0.008456445524624323,-0.012403951998530949
000597.SZ,20231114,,,,,0.0,0.0,0,False,未实施,20231114,0,0.0,0.0,-0.005455711449245726,0.014598540145985162,0.010675483166874722,0.031021897810219023,0.049089613424804446,-0.22992700729927018,-0.16832142587180854
000597.SZ,20240726,,,,,0.0,0.0,0,False,未实施,20240726,0,0.0237467018469657,-0.0077319587628864594,-0.008057242450465574,0.054123711340206215,0.04888447245092231,0.0670103092783505,0.08066575945982746,0.2706185567010311,0.11770324092448292
000597.SZ,20260613,,,,,0.0,0.0,0,False,未实施,20260612,1,0.022321428571428603,0.0065502183406114245,-0.009410906039460376,-0.03930131004366799,-0.06966625405583249,0.020337807289796173,0.05102747677739994,0.062299751745437115,0.08851952881207392
000598.SZ,20260630,0.0,,,,0.0,0.0,0,False,未实施,20260630,0,-0.006191950464396134,0.015576323987538832,0.011119310771348534,0.03582554517133962,0.0628649422849843,0.15259147804953876,0.21677271658350916,,
000625.SZ,20260303,14.0,20270319,,,0.0,0.0,0,False,未实施,20260303,0,0.009191176470588092,-0.013661202185792476,-0.003948270186782343,-0.015482695810564606,-0.015593011544487556,-0.08925318761384338,-0.03523930893696958,-0.26502732240437155,-0.2532655570393284
000629.SZ,20250422,2.0,20260421,,,0.0,0.0,0,False,未实施,20250422,0,0.003731343283582156,0.0,0.0010320186368264483,-0.04460966542750944,-0.040800987138365996,-0.05204460966542768,-0.0658078582674152,0.029739776951672958,-0.0454802123931598
000635.SZ,20230206,0.01,,,,0.0,0.0,0,False,未实施,20230206,0,0.013742071881606588,-0.004171011470281427,-0.00705178042032506,0.0010427528675702735,-0.012814521784355382,0.14077163712200202,0.11215707001243591,-0.07194994786235653,-0.09861414356944875
000661.SZ,20221214,0.01,,,,0.0,0.0,0,False,未实施,20221214,0,-0.003724394785847296,-0.02350608892664985,-0.02107845061844782,-0.05329934862645169,-0.01994254985942856,0.11243273860096292,0.11703037297472996,0.04672897196261672,0.030391437332080606
000661.SZ,20230330,0.06,,,,0.0,0.0,0,False,未实施,20230330,0,-0.003089224059603879,-0.007777372706282648,-0.011297654899010134,0.031413294446469786,0.01083329255683907,-0.004058895998031664,-0.02264729146524236,-0.16673763135799968,-0.1513357969830348
000661.SZ,20231128,0.12,,,,0.0,0.0,0,False,未实施,20231128,0,0.06292616403662565,-0.008492179863147542,-0.002957569779711844,-0.06628787878787856,-0.04547351170062264,-0.13275904203323563,-0.09097303194706874,-0.21493157380254146,-0.20884319960664077
000663.SZ,20241031,0.0,,,,0.0,0.0,0,False,未实施,20241031,0,0.018675721561969505,-0.030000000000000138,-0.027684639021432256,0.08000000000000007,0.020615512163692173,-0.0033333333333332993,-0.008133829483117472,-0.15500000000000003,-0.14793423001178374
000663.SZ,20260604,0.0,,,,0.0,0.0,0,False,未实施,20260604,0,-0.020442930153321992,0.017391304347825987,0.0249805352413488,-0.02608695652173909,-0.008800759909522005,-0.06260869565217397,-0.059331268869875387,0.07652173913043492,0.11076117054225998
000680.SZ,20250328,0.0,,,,0.0,0.0,0,False,未实施,20250328,0,0.001054852320675037,-0.045310853530031614,-0.04085741641525342,-0.17597471022128564,-0.10818872889116182,-0.047418335089568164,-0.029199872154308415,-0.04109589041095907,-0.06151603133820038
000681.SZ,20260331,0.01,,,,0.0,0.0,0,False,未实施,20260331,0,-0.02572815533980577,0.02291978076731449,0.008233141823548618,0.0498256103637269,0.02272274885352976,0.03338315894369703,-0.020871820276954778,-0.006477329347284511,-0.055623709940058386
000723.SZ,20230914,0.02,,,,0.0,0.0,0,False,未实施,20230914,0,0.00966850828729271,-0.017783857729138153,-0.015009073532247785,-0.046511627906976716,-0.03357566305303128,-0.0738714090287278,-0.02932229963217914,-0.03556771545827642,0.024736997467453836
000725.SZ,20210831,0.08,,,,0.0,0.0,0,False,未实施,20210831,0,0.0034482758620690834,-0.0068728522336770626,-0.013321063794885735,-0.003436426116838587,-0.039391126720582204,-0.13230240549828187,-0.13819376756772184,-0.16666666666666685,-0.1736376080848484
000725.SZ,20241031,10.0,20250429,,,0.0,0.0,0,False,未实施,20241031,0,0.03318584070796482,-0.04496788008565322,-0.042688246989025846,-0.0021413276231263545,-0.05700922224545868,-0.08779443254817998,-0.09218811747898004,-0.0406852248394004,-0.03266357093693628
000725.SZ,20250422,20.0,20260523,,,0.0,0.0,0,False,未实施,20250422,0,0.0026109660574411553,-0.0026041666666666297,-0.001574835578373568,-0.005208333333333259,-0.001242581026712375,-0.005208333333333259,-0.01965159211440992,0.07338433787398158,-0.005023780628350072
000725.SZ,20260401,10.0,20270424,,,0.0,0.0,0,False,未实施,20260401,0,0.025575447570332255,-0.01496259351620921,-0.00760691772312827,0.0,-0.004442344798429421,0.017456359102244523,-0.023024364987144108,1.2067782526290407,1.1188315632192674
000729.SZ,20260415,,20270521,,,0.0,0.0,0,False,未实施,20260415,0,-0.02550637659414856,-0.0007698229407235857,-0.00775173849804911,-0.01385681293302532,-0.03284082135109878,-0.04849884526558901,-0.07252356498661916,-0.12548113933795235,-0.11223629246093192
000759.SZ,20240427,0.03,,,,0.0,0.0,0,False,未实施,20240426,1,0.025157232704402288,0.10122699386503076,0.09259293512380906,0.13496932515337434,0.12051443518146399,0.07975460122699385,0.07198641646673964,-0.14110429447852768,-0.08103449971057108
000759.SZ,20250426,0.23,,,,0.0,0.0,0,False,未实施,20250425,1,-0.013546798029556606,-0.02372034956304614,-0.021747462396154105,0.014981273408239737,0.0005262551598586018,0.05118601747815221,0.03706336010969569,-0.03495630461922583,-0.11810379235838031
000778.SZ,20210210,0.01,,,,0.0,0.0,0,False,未实施,20210210,0,-0.0056022408963585235,0.022535211267605604,0.01689606712819547,0.07042253521126751,0.0977555703451769,0.14929577464788735,0.21918883693350666,0.18873239436619715,0.23119971113157112
000778.SZ,20220823,0.31,,,,0.0,0.0,0,False,未实施,20220823,0,-0.048387096774193616,-0.01937046004842602,-0.0007594712531611147,-0.03874092009685215,-0.02414486825049944,-0.07263922518159793,-0.02532301475617671,-0.06295399515738487,-0.008697467973326378
000786.SZ,20260622,,,,,0.0,0.0,0,False,未实施,20260622,0,-0.010649087221095144,-0.045105074320861194,-0.03188600860425017,-0.06458226550486945,-0.044102046813106255,-0.022552537160430708,0.07189317195540101,,
000790.SZ,20231107,0.01,,,,0.0,0.0,0,False,未实施,20231107,0,0.007366482504604255,0.018281535648994485,0.01991522431080006,-0.012797074954296161,-0.012409632561920625,-0.01645338208409508,0.01166484584922145,-0.25959780621572215,-0.18824813827130515
000790.SZ,20231227,0.01,,,,0.0,0.0,0,False,未实施,20231227,0,-0.007858546168958758,-0.013861386138613763,-0.02724140927397034,0.0217821782178218,0.008039619030646428,-0.09306930693069304,-0.09041505788707549,-0.18217821782178212,-0.21621051042044814
000800.SZ,20220831,0.05,,,,0.0,0.0,0,False,未实施,20220831,0,-0.01686746987951815,-0.004901960784313819,0.00045882429907817546,-0.002450980392156743,-0.01601976658763926,-0.1078431372549018,-0.060632351494703585,0.09068627450980404,0.10332005480922568
000800.SZ,20230831,0.02,,,,0.0,0.0,0,False,未实施,20230831,0,-0.01038062283737029,0.010489510489510634,0.006177514277371454,0.012820512820512775,0.012017386822305465,0.011655011655011593,0.014712637584421762,0.12121212121212133,0.1538467900278908
000803.SZ,20210804,0.19,,,,0.0,0.0,0,False,未实施,20210804,0,-0.002702702702702786,-0.01897018970189701,-0.015950732235976428,0.04065040650406493,0.02432970938421719,0.11178861788617889,0.08377426883538419,0.35162601626016254,0.3460713146085468
000803.SZ,20221229,0.13,,,,0.0,0.0,0,False,未实施,20221229,0,-0.017421602787456636,0.007978723404255428,0.0029029350037812485,0.11613475177304977,0.08646615034391258,0.20744680851063846,0.1372569949800122,0.06737588652482285,0.0024244146489258434
000803.SZ,20230829,0.09,,,,0.0,0.0,0,False,未实施,20230829,0,0.006535947712418277,-0.025974025974026094,-0.026362377357512456,-0.014610389610389518,-0.020384146669522263,-0.037337662337662336,-0.026906912930142246,-0.0032467532467532756,0.034423762588851714
000848.SZ,20260428,,,,,0.0,0.0,0,False,未实施,20260428,0,0.054696789536266444,0.005636978579481422,-0.0014329367519023695,0.027057497181510515,0.002163354768083714,-0.013611361800591304,-0.011170391404885627,0.08933696694352178,0.167771213521537
000852.SZ,20250308,0.01,,,,0.0,0.0,0,False,未实施,20250307,1,0.04103343465045595,-0.014598540145985384,-0.012730056522953448,0.014598540145985606,0.0006487513649338084,-0.10218978102189769,-0.022176143053841413,-0.046715328467153205,-0.05032309429307846
000852.SZ,20251023,0.01,,,,0.0,0.0,0,False,未实施,20251023,0,0.10011778563015294,-0.0995717344753747,-0.10593153906488839,-0.22805139186295498,-0.24053816005713313,-0.22912205567451815,-0.23081657275552458,-0.17558886509635974,-0.2139818951150485
000876.SZ,20210111,0.1,,,,0.0,0.0,0,False,未实施,20210111,0,-0.04034229828850844,0.015286624203821653,-0.006334333023646277,-0.02420382165605106,-0.041766490479982155,0.048832271762207835,0.048550530230856426,-0.23439490445859879,-0.20395801800891855
000876.SZ,20230429,0.04,,,,0.0,0.0,0,False,未实施,20230428,1,0.021995286724273422,-0.014604150653343528,-0.02259920497477863,-0.032282859338970016,-0.03108048380105788,-0.13374327440430445,-0.10165357474128311,-0.06687163720215206,-0.0533845787083409
000876.SZ,20231028,0.04,,,,0.0,0.0,0,False,未实施,20231027,1,0.014749262536873031,-0.0009689922480619062,-0.00221522131501084,-0.023255813953488302,-0.027449713290655042,-0.004844961240310086,-0.01243304812097401,-0.20348837209302317,-0.12793766624575087
000883.SZ,20220428,10.0,20230526,,,0.0,0.0,0,False,未实施,20220428,0,0.0330788804071247,0.012315270935960632,-0.011464713857572195,0.027093596059113434,0.006672668923929814,0.1157635467980298,0.04189971077374599,0.2418663902384195,0.12803131778044774
000883.SZ,20230304,0.03,,,,0.0,0.0,0,False,未实施,20230303,1,0.0022026431718060735,0.00219780219780219,0.004118555725651785,-0.02637362637362639,0.003261320336952478,-0.07032967032967019,-0.05455541954363985,0.030769230769230882,0.07057599956466909
000883.SZ,20231227,0.01,,,,0.0,0.0,0,False,未实施,20231227,0,0.0117647058823529,-0.006976744186046546,-0.020450178802618013,0.023255813953488413,0.009493434958579572,0.0,0.0029266283122857395,0.21627906976744193,0.16566564018415075
000893.SZ,20240430,,,,,0.0,0.0,0,False,未实施,20240430,0,-0.06855049712192562,0.04999999999999982,0.03799934721982878,0.11292134831460654,0.0953792255256869,0.07303370786516838,0.07929470097078672,-0.1657303370786518,-0.10428787838514608
000903.SZ,20260131,0.22,,,,0.0,0.0,0,False,未实施,20260130,1,0.007722007722007707,-0.019157088122605304,0.00580547490312866,0.00766283524904221,0.02064140512355217,0.04597701149425304,0.051427062895007536,-0.16475095785440597,-0.17714091947416732
000913.SZ,20230105,0.01,,,,0.0,0.0,0,False,未实施,20230105,0,0.006125574272588086,0.05225773718924387,0.051451191090185366,0.2430238457635716,0.23978816144721016,0.3906646372399798,0.3416924344529926,0.12836123795027898,0.06989264434996034
000921.SZ,20240109,3.76,20250108,,,0.0,0.0,0,False,未实施,20240109,0,0.05164319248826299,0.031696428571428514,0.037270962034412936,0.0897321428571427,0.08945451235475277,0.18214285714285716,0.22611705461661602,0.5397321428571429,0.47536715390057704
000925.SZ,20240427,0.15,,,,0.0,0.0,0,False,未实施,20240426,1,0.02003081664098616,0.07401812688821763,0.06559739651350771,-0.028700906344410915,-0.04107130369123824,0.0015105740181269312,-0.00569469203906825,-0.15256797583081572,-0.09329993263955272
000925.SZ,20250122,0.85,20260119,,,0.0,0.0,0,False,未实施,20250122,0,-0.009790209790209725,0.0,-0.005120483522243813,0.11299435028248572,0.09358529415624806,0.17514124293785316,0.1146376678540737,0.05084745762711873,0.02487611603893547
000952.SZ,20260110,0.0,,,,0.0,0.0,0,False,未实施,20260109,1,0.02660217654171726,0.0,-0.01077020623068703,-0.04593639575971742,-0.04163038853426326,-0.06478209658421674,-0.05216649475204904,-0.18374558303886923,-0.16473090464097662
000959.SZ,20230421,0.74,,,,0.0,0.0,0,False,未实施,20230421,0,-0.03544303797468351,-0.02887139107611547,-0.021208744156983816,-0.02887139107611547,-0.03530523668596608,-0.057742782152231054,-0.02936756697759857,-0.047244094488189115,-0.007087887390640701
000962.SZ,20231230,,,,,0.0,0.0,0,False,未实施,20231229,1,0.007317073170731714,0.030669895076674836,0.035074223725643394,-0.03309120258272802,-0.003825844203536599,-0.14608555286521385,-0.11896421912381427,-0.03551251008878131,-0.06688584428371369
000997.SZ,20210113,6.0,20220208,,,0.0,0.0,0,False,未实施,20210113,0,0.013370865587614356,0.007638888888888973,0.016892460120778496,0.01736111111111116,0.02177906505052052,0.04513888888888884,0.029001475135482346,-0.02708333333333346,0.030068016946222853
000999.SZ,20250515,,,,,0.0,0.0,0,False,未实施,20250515,0,-0.006174305390643564,-0.001672640382317736,0.0022879550919212566,-0.005495818399044339,-0.005309609346935362,-0.00966663217705066,-0.008544800446936174,-0.009353730639033886,-0.07865747364289088
000999.SZ,20250617,0.31,,,,0.0,0.0,0,False,未实施,20250617,0,-0.004784688995215336,-0.005769230769230749,-0.00618105743030839,0.006089743589743568,-0.0036639178207228396,-0.018589743589743524,-0.05151639096870464,-0.04807692307692302,-0.15305980179344048
001207.SZ,20230607,0.01,,,,0.0,0.0,0,False,未实施,20230607,0,-0.02705953096812974,-0.02348578491965403,-0.02829508443237405,0.011124845488256874,0.00134548982665339,0.015451174289245806,0.015816330319218252,-0.005562422744128659,0.014912555170610853
001266.SZ,20260624,,,,,0.0,0.0,0,False,未实施,20260624,0,-0.04659026864550064,0.020689655172413834,0.018344408806559853,-0.05931034482758624,-0.05968362917212855,-0.41359605911330044,-0.3766288511147531,,
001267.SZ,20260403,0.01,,,,0.0,0.0,0,False,未实施,20260403,0,0.016859587317564095,-0.0034644889878741036,-0.006043536793633342,0.05939123979213079,0.030583096328636872,0.4033655035882209,0.3026492237100642,0.13188855838138758,0.0861089475311223
001270.SZ,20260515,0.0,,,,0.0,0.0,0,False,未实施,20260515,0,-0.019077256122310926,-0.016206896551724026,-0.015287330576442604,-0.010413793103448143,-0.014507716889684108,-0.13670757416051804,-0.12850603925400494,-0.22807844451136883,-0.1885813834749055
001283.SZ,20240109,0.03,,,,0.0,0.0,0,False,未实施,20240109,0,0.012319538017324216,-0.019775622741966203,-0.014479206624849139,-0.0916524054002662,-0.0918838246537832,-0.4287887431070546,-0.4075404172739536,-0.29131013500665526,-0.32093529776339513
001283.SZ,20241029,2.0,20250426,,,0.0,0.0,0,False,未实施,20241029,0,0.09993108201240508,-0.03195488721804518,-0.02597715482859031,-0.04720133667502102,-0.07549562806344046,-0.01566416040100249,-0.00761682691918808,0.2942773600668338,0.3235906170548728
001301.SZ,20241015,1.0,20251030,,,0.0,0.0,0,False,未实施,20241015,0,-0.014734774066797574,0.011565304087736594,0.011042269277274697,0.11605184446660011,0.08732576163416317,0.47218344965104686,0.3772443402360397,0.27517447657028926,0.26377508826436147
001309.SZ,20250711,0.0,,,,0.0,0.0,0,False,未实施,20250711,0,-0.024067388688327362,0.027127003699136898,0.024362648206939674,0.013810110974106005,0.006838465122711357,0.10530209617755881,0.06730935207336275,1.3551171393341552,1.1254335544070329
001309.SZ,20251015,0.01,,,,0.0,0.0,0,False,未实施,20251015,0,0.020688078637558727,0.10000000000000009,0.09887127358264114,0.06063829787234054,0.060218758821445784,0.6297312430011197,0.593906885478644,0.31606942889137746,0.24956480770881972
001314.SZ,20250422,2.21,20260421,,,0.0,0.0,0,False,未实施,20250422,0,0.023082471748016253,0.005640423031727515,0.006678262690242187,-0.0025851938895415927,0.0013910156028884568,0.022326674500587673,0.007483638301776008,0.0992133821801342,0.018918514733086145
001314.SZ,20260423,0.01,,,,0.0,0.0,0,False,未实施,20260423,0,0.10002268088001798,-0.0008247422680413008,0.0024446242925111328,0.045773195876288586,0.04096435140485388,0.2375257731958762,0.2219654286566246,-0.03045249863820687,0.02626478521001463
001316.SZ,20240710,0.0,,,,0.0,0.0,0,False,未实施,20240710,0,-0.0010775862068965747,0.0391945343401654,0.028340810884947887,-0.023372887450557323,-0.031116176023019193,0.22258180510607684,0.25220228988560134,0.012944983818770295,-0.07468728285730619
001339.SZ,20240928,0.01,,,,0.0,0.0,0,False,未实施,20240927,1,0.04101748807631167,0.09987782529016487,0.017805151620734705,0.04581551618814905,0.0034955044827529314,0.0629199755650578,0.002989480934531885,0.16585216860109964,0.05866223055622899
001389.SZ,20260430,0.0,,,,0.0,0.0,0,False,未实施,20260430,0,-0.004573170731707155,0.10003062787136296,0.08733468909869435,0.16802450229709032,0.13966431180207617,0.10909647779479315,0.1191822544402581,-0.10249569649001,-0.0359904524579856
002009.SZ,20231031,0.0,,,,0.0,0.0,0,False,未实施,20231031,0,0.00805152979066004,-0.005591054313099031,-0.007007434440837623,0.09584664536741205,0.08204704188962131,0.12859424920127793,0.12124601971690518,-0.11501597444089451,-0.0528962097830471
002009.SZ,20231110,0.0,,,,0.0,0.0,0,False,未实施,20231110,0,0.03265602322206118,0.04075895994378076,0.03817528194901665,0.03373155305692199,0.02852100523668133,0.05832747716092768,0.08306483023542044,-0.43078004216444143,-0.359835718745559
002010.SZ,20220426,0.0,,,,0.0,0.0,0,False,未实施,20220426,0,0.06032906764168189,0.0431034482758621,0.01776659590332108,0.020689655172413834,-0.018462279066574605,0.07068965517241388,-0.012706140810254563,0.018132491026791486,-0.09587292713831386
002010.SZ,20221126,0.02,,,,0.0,0.0,0,False,未实施,20221125,1,0.010452961672473782,-0.025862068965517127,-0.018538445455147157,-0.01896551724137918,-0.035890697219115864,-0.08448275862068966,-0.06770250918787313,0.018965517241379404,-0.02993092526522456
002011.SZ,20251127,0.01,,,,0.0,0.0,0,False,未实施,20251127,0,-0.0007980845969672856,0.021565495207667817,0.018061810588399174,0.0031948881789138905,0.0030566956311333104,0.030351437699680517,0.008399287055320004,0.04712460063897761,-0.015717109082197145
002019.SZ,20210105,0.01,,,,0.0,0.0,0,False,未实施,20210105,0,0.014783526927138135,-0.015608740894901052,-0.021763132556017473,-0.04630593132154015,-0.06736087370455113,-0.05306971904266389,-0.05441177878123604,0.05306971904266389,0.06791448512776621
002019.SZ,20210331,0.0,,,,0.0,0.0,0,False,未实施,20210331,0,-0.03508771929824539,-0.006879606879607092,-0.013876052545579776,-0.032432432432432545,-0.0437244697950373,-0.1267813267813268,-0.13507138566732335,-0.15013872552040508,-0.18546732634384178
002019.SZ,20210830,0.0,,,,0.0,0.0,0,False,未实施,20210830,0,0.001941747572815622,0.0012919896640828377,-0.0031689770375580295,0.12661498708010344,0.09746616015830623,0.03552971576227404,0.03314515027434539,0.0684754521963824,0.05391776158917083
002019.SZ,20220105,0.01,,,,0.0,0.0,0,False,未实施,20220105,0,0.0,0.016939890710382377,0.019519588473834837,0.08360655737704903,0.08292701254465529,-0.049180327868852625,-0.017696148987223492,-0.2224043715846995,-0.14030688783168133
002022.SZ,20210529,0.03,,,,0.0,0.0,0,False,未实施,20210528,1,0.002692514808831481,0.010204081632652962,0.006098723938657624,-0.012889366272824998,-0.010432558234233946,-0.04672395273899044,-0.048200981620503125,-0.25644812128811856,-0.2300062440951165
002024.SZ,20210130,10.0,20220129,,,0.0,0.0,0,False,未实施,20210129,1,-0.046176046176046204,0.0,-0.0063374044827643194,0.010590015128592922,0.006756237520155972,0.12405446293494715,0.1654716169273931,0.01815431164901682,0.03451322573577764
002025.SZ,20250116,0.03,,,,0.0,0.0,0,False,未实施,20250116,0,0.02193081618810777,0.051548672566371634,0.04967083131614447,-0.02367256637168158,-0.021898853702332577,0.07300884955752185,0.027574744900888293,0.17721238938053085,0.15739730679458463
002025.SZ,20260116,0.03,,,,0.0,0.0,0,False,未实施,20260116,0,-0.021584017124509414,0.008204193254329972,0.005241974715360476,0.01786690975387417,0.00943797251307621,-0.06909753874202373,-0.06457307292982717,0.3547857793983591,0.36036934883755367
002027.SZ,20221017,8.0,20231014,,,0.0,0.0,0,False,未实施,20221017,0,0.008880994671403242,-0.0017605633802816323,-0.0004694438305642423,-0.1109154929577465,-0.0788502527780689,0.033450704225352235,0.03396719474353782,0.23767605633802824,0.2046539032611654
002028.SZ,20250517,5.0,20260613,,,0.0,0.0,0,False,未实施,20250516,1,0.0059855801931709696,0.0050033806626097466,0.004967270071520646,0.04137931034482767,0.04731656614899804,-0.012576064908722207,-0.01877306028311232,0.08671410540592306,0.0032684012372015125
002032.SZ,20220401,8.86,20230425,,,0.0,0.0,0,False,未实施,20220401,0,0.06735958424945032,-0.03352059925093631,-0.033729441208680266,-0.037640449438202106,-0.016859717686046882,-0.04700374531835205,0.04226339098654641,0.09164986019023558,0.05231368434216055
002032.SZ,20230331,9.83,20240425,,,0.0,0.0,0,False,未实施,20230331,0,-0.04766092156173063,-0.010156971375807844,-0.017224310237126006,-0.03878116343490312,-0.05110245606546282,-0.06131117266851349,-0.08305173164561197,0.004952142774192536,0.013900498921962212
002036.SZ,20220426,0.02,,,,0.0,0.0,0,False,未实施,20220426,0,-0.08224299065420548,0.09979633401221988,0.07308241853165276,0.13136456211812608,0.08796732505208715,0.2535641547861507,0.15592430181970207,0.6101003104731262,0.42980927683944525
002036.SZ,20230425,0.03,,,,0.0,0.0,0,False,未实施,20230425,0,-0.0999123575810692,-0.0720545277507304,-0.07183531307528468,-0.12268743914313529,-0.1410074833357149,-0.12658227848101256,-0.11234445815571537,0.159698331798652,0.1716668134066235
002036.SZ,20230425,0.24,,,,0.0,0.0,0,False,未实施,20230425,0,-0.0999123575810692,-0.0720545277507304,-0.07183531307528468,-0.12268743914313529,-0.1410074833357149,-0.12658227848101256,-0.11234445815571537,0.159698331798652,0.1716668134066235
002036.SZ,20231031,0.02,,,,0.0,0.0,0,False,未实施,20231031,0,0.04682926829268297,-0.03075489282385846,-0.03213543099647498,-0.00838769804287054,-0.020874715846460945,0.0018639328984155767,-0.0046591608496378,-0.2833178005591799,-0.23301166137705642
002036.SZ,20240430,,,,,0.0,0.0,0,False,未实施,20240430,0,-0.013123359580052618,0.042553191489361764,0.03063764972181615,-0.0026595744680849576,-0.018379884113981504,-0.03590425531914887,-0.03027889912916293,-0.1143617021276595,-0.0491360359517361
002036.SZ,20240430,,,,,0.0,0.0,0,False,未实施,20240430,0,-0.013123359580052618,0.042553191489361764,0.03063764972181615,-0.0026595744680849576,-0.018379884113981504,-0.03590425531914887,-0.03027889912916293,-0.1143617021276595,-0.0491360359517361
002050.SZ,20210609,0.02,,,,0.0,0.0,0,False,未实施,20210609,0,-0.004638218923933124,0.02050326188257201,0.015002757782470066,-0.06477166821994407,-0.04731910704674924,0.1225535880708295,0.14353441142414236,0.21528424976700822,0.21337667814063654
002073.SZ,20241211,0.01,,,,0.0,0.0,0,False,未实施,20241211,0,0.02306805074971141,-0.007891770011273724,-0.01620627660424856,-0.07891770011273957,-0.06522429304202704,-0.09808342728297625,-0.03598858568062302,0.1285231116121761,0.13278980588690104
002081.SZ,20210401,3.0,20220416,,,0.0,0.0,0,False,未实施,20210401,0,0.021141649048625588,-0.022774327122153104,-0.027839650750823508,-0.007246376811594124,-0.002742662861335954,-0.04244306418219446,-0.037032767112451404,-0.15895963826014736,-0.18765613971319794
002082.SZ,20260516,0.8,20270514,,,0.0,0.0,0,False,未实施,20260515,1,-0.049748743718592836,-0.050237969328397525,-0.04935021270054707,-0.2263352723426758,-0.2221047861445523,-0.37493389740877836,-0.3588283606992674,-0.47065044949762025,-0.4514035310038417
002088.SZ,20250428,0.13,,,,0.0,0.0,0,False,未实施,20250428,0,-0.057408844065166775,-0.0016460905349795496,-0.0011115034997766227,-0.025514403292181242,-0.043998575072122015,-0.024691358024691468,-0.04644826999318363,-0.02691108004803422,-0.10956403949561666
002088.SZ,20251015,0.07,,,,0.0,0.0,0,False,未实施,20251015,0,0.02574750830564776,-0.024291497975708398,-0.02529268703195975,-0.025101214574898778,-0.025486839072879075,-0.03319838056680169,-0.05445037964126476,-0.08097165991902833,-0.12741269887288165
002096.SZ,20220428,,,,,0.0,0.0,0,False,未实施,20220428,0,-0.032352941176470584,0.024316109422492405,0.00025421664543645583,0.15704154002026338,0.1340369559475041,0.2421479229989869,0.15991740850906533,0.5122647688718476,0.37364376189933846
002111.SZ,20220113,0.0,,,,0.0,0.0,0,False,未实施,20220113,0,-0.009038619556285932,-0.02321724709784423,-0.013785057510648846,-0.02321724709784423,-0.02316350439009418,-0.13432835820895528,-0.11255621477030864,-0.263681592039801,-0.18079091923360147
002111.SZ,20231201,0.17,,,,0.0,0.0,0,False,未实施,20231201,0,0.0,0.006315789473684275,0.009219308031107154,-0.030526315789473513,-0.01026019947251211,-0.04631578947368409,-0.02813897147382316,-0.15368421052631576,-0.1581707939841176
002123.SZ,20210109,0.27,,,,0.0,0.0,0,False,未实施,20210108,1,0.031319910514541416,-0.02386117136659427,-0.013188897797836163,0.03109182935647148,0.032170342395732465,0.005061460592914013,0.026269026604056833,0.02313810556760676,0.07025189410883104
002123.SZ,20210510,0.31,,,,0.0,0.0,0,False,未实施,20210510,0,-0.020588235294117685,0.020270270270270396,0.01616336457966039,0.06681681681681684,0.039635522451034744,0.20945945945945943,0.15181797372107875,0.6711711711711714,0.661477336375351
002123.SZ,20220430,0.25,,,,0.0,0.0,0,False,未实施,20220429,1,0.03488372093023262,0.04719101123595526,0.0401262511145537,0.05842696629213484,0.054398981677699965,0.11011235955056198,0.06298402490996158,0.5674157303370786,0.4549591016538448
002139.SZ,20230331,0.06,,,,0.0,0.0,0,False,未实施,20230331,0,-0.016962220508866754,0.005490196078431486,-0.0016888613396891516,-0.016470588235294126,-0.029077866861272783,-0.11843137254901948,-0.13884899570529208,-0.010450563204004948,-0.0016393567700034861
002139.SZ,20230909,0.08,,,,0.0,0.0,0,False,未实施,20230908,1,0.0,0.011070110701107083,0.002686324893113712,-0.023062730627306238,-0.023383692527191302,-0.019372693726937174,-0.0056845177495168375,-0.11808118081180807,-0.08114666959949735
002150.SZ,20240622,,,,,0.0,0.0,0,False,未实施,20240621,1,-0.004633204633204602,-0.031031807602792894,-0.019573707874914192,-0.05120248254460813,-0.04137530410451229,0.09542280837858819,0.10123694752438483,0.010861132660977546,0.12078418973083527
002157.SZ,20211109,3.46,,,,0.0,0.0,0,False,未实施,20211109,0,-0.012939001848429,-0.014981273408239626,-0.01088033517934417,-0.006554307116104829,-0.010724916092712977,-0.10018726591760296,-0.12223436462841497,-0.3314606741573034,-0.32626289205391545
002157.SZ,20211228,,,,,0.0,0.0,0,False,未实施,20211228,0,-0.0062500000000002,-0.00943396226415083,-0.00031555041494291114,0.08909853249475908,0.09968162823577642,-0.057651991614255604,-0.010081859358306078,-0.21802935010482172,-0.13100954763123263
002157.SZ,20211228,0.15,,,,0.0,0.0,0,False,未实施,20211228,0,-0.0062500000000002,-0.00943396226415083,-0.00031555041494291114,0.08909853249475908,0.09968162823577642,-0.057651991614255604,-0.010081859358306078,-0.21802935010482172,-0.13100954763123263
002166.SZ,20231208,0.01,,,,0.0,0.0,0,False,未实施,20231208,0,-0.008695652173913104,0.0025062656641603454,-0.004825970929402512,-0.02506265664160401,-0.01611606872603022,-0.08771929824561397,-0.06180565341381872,-0.11528822055137855,-0.1402944823916802
002166.SZ,20241112,0.0,,,,0.0,0.0,0,False,未实施,20241112,0,0.00811123986094997,-0.025287356321838872,-0.03019246576748702,-0.08965517241379295,-0.06898874573240765,-0.051724137931034364,-0.05191547425319576,-0.11379310344827565,-0.08999569797789975
002168.SZ,20230420,0.03,,,,0.0,0.0,0,False,未实施,20230420,0,-0.016091954022988464,-0.0490654205607477,-0.030119217315242808,-0.03738317757009346,-0.013610861586308198,0.05841121495327117,0.09779485407272293,0.14018691588785037,0.21123774865383016
002173.SZ,20230712,0.0,,,,0.0,0.0,0,False,未实施,20230712,0,-0.038223140495867725,0.009667024704618665,-0.0029195905931246324,-0.013963480128893702,-0.014796398555136148,0.01396348012889348,-0.0011477472201575356,-0.031149301825993736,-0.0036437242983762275
002180.SZ,20230429,0.0,,,,0.0,0.0,0,False,未实施,20230428,1,0.0,-0.01945426983324905,-0.027409972490746726,-0.03208691258211205,-0.03088429358298872,-0.011874684183931117,0.024729527566529796,-0.1569718741756343,-0.14478708792518746
002196.SZ,20211104,0.02,,,,0.0,0.0,0,False,未实施,20211104,0,0.019826517967781676,-0.014580801944106936,-0.00461870759520544,0.03645200486026723,0.034715160380770715,0.43985419198055875,0.4209305202822826,0.3608748481166464,0.42784736665521916
002202.SZ,20250426,5.0,20260520,,,0.0,0.0,0,False,未实施,20250425,1,0.004790419161676773,0.0679380214541121,0.07009613385215285,0.08700834326579243,0.07152753997442995,0.10607866507747299,0.09121852638677397,0.1883194278903455,0.0859346596838384
002206.SZ,20230510,0.09,,,,0.0,0.0,0,False,未实施,20230510,0,0.011194029850746023,0.012915129151291671,0.01585310378989968,0.0073800738007381295,0.01809073670306005,-0.03698368932819873,-0.0004260905064238374,0.031276087481871384,0.041019766017885484
002206.SZ,20260418,0.01,,,,0.0,0.0,0,False,未实施,20260417,1,-0.0249609984399376,0.0,-0.007521005409165227,-0.011200000000000099,-0.018101168469701,-0.07200000000000017,-0.0966948314761158,-0.13331573453129286,-0.0955864281657588
002215.SZ,20210515,,,,,0.0,0.0,0,False,未实施,20210514,1,0.005415162454873723,-0.014362657091562037,-0.021995203819913822,-0.0179533213644526,-0.01687755206330832,0.03411131059245931,0.005484899244804442,-0.046494882827015305,-0.04765683453996461
002215.SZ,20240622,0.02,,,,0.0,0.0,0,False,未实施,20240621,1,0.0013054830287206887,-0.036505867014341664,-0.0251124983262907,-0.028570877280730822,-0.018509291794640115,-0.09115959928143558,-0.08633577736474507,-0.03248267240577496,0.07272709279437217
002215.SZ,20240622,,,,,0.0,0.0,0,False,未实施,20240621,1,0.0013054830287206887,-0.036505867014341664,-0.0251124983262907,-0.028570877280730822,-0.018509291794640115,-0.09115959928143558,-0.08633577736474507,-0.03248267240577496,0.07272709279437217
002215.SZ,20250425,0.01,,,,0.0,0.0,0,False,未实施,20250425,0,-0.024312896405919715,0.05200433369447466,0.05413024694948487,0.037919826652221156,0.023138125326604753,0.30010834236186357,0.2826414198992746,0.26094138866100103,0.15229956326457184
002219.SZ,20250429,0.86,,,,0.0,0.0,0,False,未实施,20250429,0,0.032110091743119185,0.01333333333333342,0.015689225787834937,0.022222222222222143,0.0052940392449958296,0.03555555555555556,0.016736833425277986,0.0,-0.08651683135410193
002219.SZ,20260422,0.83,,,,0.0,0.0,0,False,未实施,20260422,0,0.0474137931034484,-0.03292181069958855,-0.029848518626275133,-0.0370370370370372,-0.03733156317926334,-0.09876543209876554,-0.10881622896140852,-0.18518518518518523,-0.13418165335965804
002221.SZ,20220827,0.0,,,,0.0,0.0,0,False,未实施,20220826,1,-0.0022026431718060735,0.012141280353200834,0.01073431378354539,0.014348785871964642,0.0301839090378222,-0.11589403973509926,-0.06229047294301582,-0.08388520971302416,-0.036964534253408066
002229.SZ,20240115,0.07,,,,0.0,0.0,0,False,未实施,20240115,0,0.00042337002540215884,-0.030892932712653476,-0.03347068729764546,-0.08252221752010147,-0.0392666438648831,-0.1261108760050783,-0.13700616676605937,-0.25476089716462125,-0.3003189271486515
002236.SZ,20220423,2.43,,,,0.0,0.0,0,False,未实施,20220422,1,0.022262334536702566,-0.03943496174220118,0.01252341052654704,-0.015891701000588565,-0.0030191369000339696,-0.08593290170688628,-0.09197619782123645,-0.10092880941575422,-0.15178508788796097
002236.SZ,20250329,1.68,,,,0.0,0.0,0,False,未实施,20250328,1,-0.008715862870424251,-0.0023446658851112856,0.00230920004510482,-0.13130128956623666,-0.05984038260453528,-0.06389214536928478,-0.04598874991121782,-0.043547570667580415,-0.06391550235320087
002239.SZ,20250401,0.0,,,,0.0,0.0,0,False,未实施,20250401,0,0.0033783783783785104,0.0033670033670032407,0.0028603970536194012,-0.11447811447811451,-0.06956716705955279,-0.04040404040404044,-0.020093313858082218,-0.026936026936027035,-0.057698210704211106
002240.SZ,20240719,0.01,,,,0.0,0.0,0,False,未实施,20240719,0,-0.0037707390648565875,-0.012869038607115857,-0.006843748206476152,-0.04693414080242242,-0.016797826663948023,-0.10749432248296753,-0.07560609478728297,0.14761544284632855,0.041595265070966336
002242.SZ,20210401,-0.0,,,,0.0,0.0,0,False,未实施,20210401,0,0.08834037025008112,0.005669949268875207,0.00045718839075181705,-0.003282602208296015,0.0012390937533692803,-0.051029543419874535,-0.045667760857960094,-0.051029543419874535,-0.08340864592789066
002255.SZ,20210206,0.0,,,,0.0,0.0,0,False,未实施,20210205,1,-0.01715686274509809,0.01995012468827939,0.009522713338246058,0.07980049875311712,0.02142056563092698,0.1895261845386531,0.20442686083025707,0.11471321695760595,0.11661559419116929
002264.SZ,20230426,0.0,,,,0.0,0.0,0,False,未实施,20230426,0,0.02360876897133224,-0.01976935749588138,-0.02626780530195172,-0.023064250411861775,-0.06073249336404474,-0.018121911037891292,-0.0051217771148927005,0.029654036243822013,0.04277544649733911
002268.SZ,20221231,0.01,,,,0.0,0.0,0,False,未实施,20221230,1,-0.004889178617992096,0.056993121519816725,0.047749681591382265,0.003930560104814962,-0.02351451485147049,0.14313789715034386,0.09039126143880649,0.33639043563707816,0.252414670681643
002268.SZ,20241030,0.0,,,,0.0,0.0,0,False,未实施,20241030,0,-0.02196652719665282,0.03155080213903738,0.02727762576766124,0.016042780748663166,-0.019259041224525264,-0.054010695187165725,-0.06645545846721024,-0.15454545454545443,-0.14510351455393578
002271.SZ,20211027,0.11,,,,0.0,0.0,0,False,未实施,20211027,0,-0.09999999999999998,0.01139601139601143,0.024012128255440413,-0.03205128205128205,-0.014408323136103296,-0.019468186134852905,-0.027764314106930588,0.24382716049382713,0.24636105924550455
002271.SZ,20211027,0.0,,,,0.0,0.0,0,False,未实施,20211027,0,-0.09999999999999998,0.01139601139601143,0.024012128255440413,-0.03205128205128205,-0.014408323136103296,-0.019468186134852905,-0.027764314106930588,0.24382716049382713,0.24636105924550455
002271.SZ,20211027,0.08,,,,0.0,0.0,0,False,未实施,20211027,0,-0.09999999999999998,0.01139601139601143,0.024012128255440413,-0.03205128205128205,-0.014408323136103296,-0.019468186134852905,-0.027764314106930588,0.24382716049382713,0.24636105924550455
002271.SZ,20220829,0.09,,,,0.0,0.0,0,False,未实施,20220829,0,-0.018542199488491007,-0.014657980456026065,-0.01053393236225808,-0.044951140065146555,-0.03276924562904271,-0.06905537459283384,-0.02486340904619533,0.11009771986970662,0.1421626228198507
002271.SZ,20240424,0.0,,,,0.0,0.0,0,False,未实施,20240424,0,0.004618937644341736,0.016091954022988464,0.013403465707940043,0.15019157088122603,0.11507186194963004,0.25678472215172965,0.22491480295928423,-0.008844856347216323,0.03516632087974436
002272.SZ,20220830,0.01,,,,0.0,0.0,0,False,未实施,20220830,0,-0.057499999999999996,-0.051724137931034364,-0.0442962473167251,0.034482758620689724,0.02930745294856707,-0.023872679045092826,0.034518489239806494,-0.04111405835543769,-0.01802382746769393
002272.SZ,20221215,0.0,,,,0.0,0.0,0,False,未实施,20221215,0,0.0014880952380953438,-0.04011887072808329,-0.039879435070258595,-0.10401188707280828,-0.07050757276718012,-0.0193164933135217,-0.02749823234188775,-0.014858841010401247,-0.039679682698893326
002272.SZ,20230429,0.0,,,,0.0,0.0,0,False,未实施,20230428,1,0.020725388601036343,0.0016920473773263112,-0.006435226892644641,-0.011844331641286177,-0.010616561507472033,0.10152284263959377,0.14232776356872678,0.08460236886632821,0.10027877114346628
002279.SZ,20231124,0.02,,,,0.0,0.0,0,False,未实施,20231124,0,-0.020576131687242816,0.002801120448179484,0.005867871767533339,0.007002801120448154,0.010103858790693643,-0.09243697478991586,-0.0531436264346381,-0.21848739495798308,-0.2118809730315797
002281.SZ,20210423,0.0,,,,0.0,0.0,0,False,未实施,20210423,0,0.0008557980316645786,-0.019238991021804153,-0.009833658256820255,-0.049593843522873104,-0.042063732326210634,0.0021376656690892393,-0.03110305895380916,0.06980825512597266,0.03971122063725363
002281.SZ,20211201,0.04,,,,0.0,0.0,0,False,未实施,20211201,0,0.018025751072961116,-0.015598650927487245,-0.01475867615472437,-0.047217537942664145,-0.06311193328214748,-0.02276559865092742,-0.02823042243928764,-0.09696458684654274,-0.07212016426127354
002281.SZ,20221201,0.17,,,,0.0,0.0,0,False,未实施,20221201,0,0.011235955056180025,0.0029239766081869956,0.005887773901551263,0.007602339181286499,-0.0024438410789009435,-0.08304093567251469,-0.05566388812378664,0.331578947368421,0.26639944717555664
002287.SZ,20210925,0.02,,,,0.0,0.0,0,False,未实施,20210924,1,0.032842234499693035,-0.007429420505200568,0.0009471850608824273,0.014858841010401136,0.02076370638560565,-0.2644873699851412,-0.25085851542409954,-0.1482912332838039,-0.14946501091108333
002287.SZ,20220323,0.0,,,,0.0,0.0,0,False,未实施,20220323,0,0.04485907105994413,0.01101823708206684,0.017478304715193405,0.12044072948328277,0.12196248102298979,-0.08282674772036469,-0.028123761985813456,-0.00911854103343468,-0.023777020611440935
002293.SZ,20211204,0.03,,,,0.0,0.0,0,False,未实施,20211203,1,-0.020633750921149607,-0.021068472535741067,-0.01612483990436131,0.02031602708803626,0.003920247255710274,0.07825432656132447,0.06867291246230112,-0.0022573363431150906,0.06713416342024314
002293.SZ,20221214,0.04,,,,0.0,0.0,0,False,未实施,20221214,0,0.02935779816513784,0.008912655971479388,0.011420889751016183,-0.01782531194295911,0.01678140706166853,0.02852049910873422,0.032771327978418086,0.12834224598930466,0.11073087665423897
002298.SZ,20250425,,,,,0.0,0.0,0,False,未实施,20250425,0,0.101123595505618,0.09999999999999987,0.10222290394213362,0.19387755102040805,0.17687475280287757,0.2142857142857142,0.19797181664520935,0.4061224489795916,0.2849719252821652
002306.SZ,20251015,,,,,0.0,0.0,0,False,未实施,20251015,0,0.051724137931034475,-0.016393442622950727,-0.017402735991676965,0.032786885245901454,0.03237836291507312,0.21311475409836067,0.18644835934570136,0.14207650273224037,0.08436422440685654
002306.SZ,20260603,,,,,0.0,0.0,0,False,未实施,20260603,0,0.013574660633484115,-0.022321428571428603,-0.01601053194529678,-0.0535714285714286,-0.03206333121171656,-0.0714285714285714,-0.062167114193316664,0.0401785714285714,0.08018997259475835
002312.SZ,20230322,0.0,,,,0.0,0.0,0,False,未实施,20230322,0,-0.00556070435588496,-0.010251630941286227,-0.016545982385959168,-0.0382106244175211,-0.030584510482951632,-0.08946877912395168,-0.11685842564327376,-0.21528424976700844,-0.20913734788934357
002312.SZ,20240518,0.18,,,,0.0,0.0,0,False,未实施,20240517,1,0.05030674846625782,-0.02453271028037396,-0.029798577628812994,-0.06644146057902145,-0.04674922890961175,-0.16570591287188507,-0.12749308430290063,-0.2212467373690824,-0.14064644933091175
002324.SZ,20230722,0.0,,,,0.0,0.0,0,False,未实施,20230721,1,-0.012527634487840889,0.003731343283582156,0.004868382408415917,-0.0007462686567163423,-0.03374450432597531,-0.05149253731343273,-0.040652921008216825,0.009701492537313339,0.08817967665127657
002324.SZ,20231228,0.0,,,,0.0,0.0,0,False,未实施,20231228,0,0.03546099290780136,0.0007610350076103778,-0.0060447264926246635,-0.03272450532724491,-0.024297219783473212,-0.2617960426179604,-0.2505130907711759,-0.2077625570776256,-0.23934391906352048
002324.SZ,20241129,0.01,,,,0.0,0.0,0,False,未实施,20241129,0,0.0,0.04347826086956519,0.03183783359848591,0.18503538928210306,0.15801388164471586,0.009100101112234471,-0.012768648128410831,0.046511627906976605,0.04721863976382523
002327.SZ,20210123,0.0,,,,0.0,0.0,0,False,未实施,20210122,1,-0.014531043593130732,-0.00536193029490617,-0.010161484684568789,-0.014745308310991967,0.020240127628659677,0.07238605898123329,0.10223407513721816,0.20375335120643423,0.26167617903283413
002327.SZ,20210123,0.0,,,,0.0,0.0,0,False,未实施,20210122,1,-0.014531043593130732,-0.00536193029490617,-0.010161484684568789,-0.014745308310991967,0.020240127628659677,0.07238605898123329,0.10223407513721816,0.20375335120643423,0.26167617903283413
002327.SZ,20210427,0.0,,,,0.0,0.0,0,False,未实施,20210427,0,-0.008908685968819552,0.00786516853932584,0.003650352096559395,0.0022471910112358273,0.00920572205893766,0.003370786516853963,-0.040704740034240294,-0.1155312512505392,-0.12186479312509557
002327.SZ,20210721,0.0,,,,0.0,0.0,0,False,未实施,20210721,0,0.006493506493506551,-0.011612903225806437,-0.014951079604863748,-0.05290322580645168,0.0037468392124733185,-0.01806451612903215,0.003734973677991471,0.06967741935483862,0.06372307879215833
002327.SZ,20210821,0.0,,,,0.0,0.0,0,False,未实施,20210820,1,0.0026525198938991412,0.0714285714285714,0.05608393685786561,0.11111111111111116,0.08119796790036826,0.11507936507936511,0.05749442035999275,0.19179894179894186,0.1380861106529545
002327.SZ,20210821,0.0,,,,0.0,0.0,0,False,未实施,20210820,1,0.0026525198938991412,0.0714285714285714,0.05608393685786561,0.11111111111111116,0.08119796790036826,0.11507936507936511,0.05749442035999275,0.19179894179894186,0.1380861106529545
002327.SZ,20211120,0.0,,,,0.0,0.0,0,False,未实施,20211119,1,-0.003289473684210509,0.004400440044004528,-0.0016859173510379577,-0.027502750275027465,-0.028516697843227523,-0.07480748074807475,-0.09314401948848228,-0.017601760176017667,0.0020318100856193677
002327.SZ,20220119,0.0,,,,0.0,0.0,0,False,未实施,20220119,0,0.007608695652173925,-0.026968716289104466,-0.0261156662342259,-0.07011866235167197,-0.04253391767160475,-0.05933117583603009,-0.04071995243070914,-0.12621359223300965,0.007181810964020485
002327.SZ,20220119,0.0,,,,0.0,0.0,0,False,未实施,20220119,0,0.007608695652173925,-0.026968716289104466,-0.0261156662342259,-0.07011866235167197,-0.04253391767160475,-0.05933117583603009,-0.04071995243070914,-0.12621359223300965,0.007181810964020485
002327.SZ,20220609,0.01,,,,0.0,0.0,0,False,未实施,20220609,0,-0.020053475935828846,0.01091405184174632,-0.0032055454053990795,0.0,-0.014132348892496371,0.08324778890955087,0.04285821233221565,-0.04908852787159079,-0.03297380464634003
002327.SZ,20220623,0.01,,,,0.0,0.0,0,False,未实施,20220623,0,0.03243243243243232,0.01832460732984309,0.00932671070507407,0.04060295190072005,0.016577464565456168,-0.0025918876121401313,0.012084973475561922,-0.11646919178240756,-0.06171448875055496
002327.SZ,20231027,0.0,,,,0.0,0.0,0,False,未实施,20231027,0,0.05995203836930463,-0.02149321266968318,-0.022713839047759143,-0.006787330316742168,-0.01105194127276976,-0.03506787330316763,-0.042425509577054266,0.009049773755656076,0.10476014378828746
002327.SZ,20241226,0.0,,,,0.0,0.0,0,False,未实施,20241226,0,-0.008036739380022917,0.0023148148148146586,0.0017059339945431073,0.01736111111111094,0.0764895985058105,0.005787037037036757,0.05076355973750446,-0.04513888888888895,-0.02729677023073418
002327.SZ,20251105,0.01,,,,0.0,0.0,0,False,未实施,20251105,0,0.0,0.0027548209366392573,-0.006880909128423651,0.019283746556473913,0.01141227127096145,-0.011019283746556474,0.012251271692179433,-0.044077134986225674,-0.07859555889272296
002329.SZ,20250425,0.61,,,,0.0,0.0,0,False,未实施,20250425,0,0.09900990099009932,-0.07207207207207222,-0.07019689511842953,-0.027027027027027084,-0.04088377734152182,0.10210210210210202,0.087295388433684,0.1651651651651651,0.0647753519905041
002330.SZ,20241115,0.82,20251113,,,0.0,0.0,0,False,未实施,20241115,0,-0.006637168141592653,-0.015590200445434466,-0.01355326191628592,-0.017817371937639326,0.00128241964457243,0.13808463251670378,0.11756619596458973,-0.03786191536748329,-0.03605724656970044
002340.SZ,20240928,0.07,,,,0.0,0.0,0,False,未实施,20240927,1,0.06688417618270792,0.0902140672782874,0.008862501389641952,0.021406727828745975,-0.019925556889342277,0.09174311926605494,0.03018749264204179,0.0183486238532109,-0.07527964981538093
002354.SZ,20210728,0.0,,,,0.0,0.0,0,False,未实施,20210728,0,-0.03954802259887025,0.008823529411764897,-0.006000900476260562,-0.0470588235294116,-0.0787472916022085,-0.04999999999999993,-0.09797629420788478,-0.15588235294117636,-0.20008227607255846
002373.SZ,20210708,0.01,,,,0.0,0.0,0,False,未实施,20210708,0,-0.018983466013472006,-0.02933832709113604,-0.02894836442348747,-0.004993757802746579,-0.015904159925378858,-0.028714107365792718,-0.012195672492601117,-0.06554307116104874,-0.08276761224991735
002373.SZ,20210811,0.01,,,,0.0,0.0,0,False,未实施,20210811,0,-0.011860174781523125,0.04421983575489574,0.046555477769846476,0.036007580543272244,0.050078114391886475,-0.0018951358180667732,-0.0406129041770521,-0.11876184459886296,-0.12037509473657548
002373.SZ,20211026,0.02,,,,0.0,0.0,0,False,未实施,20211026,0,-0.03477643718949608,-0.030882352941176583,-0.02127022053188543,-0.025000000000000022,0.0005900390238178232,0.04705882352941182,0.04955265189188651,0.17647058823529416,0.1895169488286852
002385.SZ,20220622,0.02,,,,0.0,0.0,0,False,未实施,20220622,0,-0.0025412960609911828,-0.002547770700636942,-0.018454348297579082,0.003821656050955413,-0.024343164766221226,-0.06878980891719755,-0.07936301184276151,0.08280254777070062,0.10557003106376084
002385.SZ,20220901,0.01,,,,0.0,0.0,0,False,未实施,20220901,0,-0.015028901734104094,0.01760563380281699,0.017127117951196924,0.01760563380281699,0.0016896741207530486,-0.06103286384976514,-0.011175551700207342,0.12676056338028174,0.13705499296475754
002385.SZ,20231209,0.94,,,,0.0,0.0,0,False,未实施,20231208,1,-0.03602305475504319,0.005979073243647326,-0.0013785631381152408,-0.09715994020926755,-0.08887495859106886,-0.18086696562032878,-0.15759921208560546,-0.21674140508221218,-0.2388801060333714
002388.SZ,20230131,0.02,,,,0.0,0.0,0,False,未实施,20230131,0,0.0303430079155671,-0.006402048655569703,-0.01525000085233097,-0.007682458386683577,-0.0053681768907573035,0.00256081946222797,-0.004756340328534114,-0.07554417413572334,-0.0779321081504386
002388.SZ,20230428,0.05,,,,0.0,0.0,0,False,未实施,20230428,0,0.07070707070707072,0.006738544474393482,-0.0014296747807331922,-0.03234501347708896,-0.031142715164857893,-0.08760107816711593,-0.053802082431356646,-0.11455525606468986,-0.10175739723775767
002388.SZ,20240718,0.02,,,,0.0,0.0,0,False,未实施,20240718,0,-0.02020202020202022,0.013745704467353903,0.01198655158499995,-0.0034364261168383647,0.027768713705074388,0.09621993127147777,0.13423254407594598,0.7388316151202747,0.5840145155305405
002388.SZ,20241214,0.0,,,,0.0,0.0,0,False,未实施,20241213,1,-0.026190476190476097,-0.03178484107579471,-0.03019885046549864,-0.03911980440097795,-0.032327337129298694,-0.2102689486552567,-0.15252161685441756,-0.10268948655256727,-0.11260012643069328
002388.SZ,20250321,0.02,,,,0.0,0.0,0,False,未实施,20250321,0,-0.019125683060109422,-0.03899721448467952,-0.040479370607224396,-0.0473537604456824,-0.04350944142388802,-0.11977715877437323,-0.10014882600954567,0.17270194986072407,0.174424514180181
002389.SZ,20240229,0.03,,,,0.0,0.0,0,False,未实施,20240229,0,0.03106009453072245,0.010478061558611751,0.006522569006589318,-0.0065487884741322056,-0.010562134065970952,0.08971840209561233,0.09134994095943183,0.0032743942370661028,-0.021552614829058903
002389.SZ,20240429,0.33,,,,0.0,0.0,0,False,未实施,20240429,0,-0.014836795252225476,-0.025301204819277112,-0.022721105046181522,-0.010843373493975905,-0.023787310019830255,-0.07710843373493981,-0.07073068393517756,-0.20464429329807166,-0.1435265879802674
002393.SZ,20240823,0.0,,,,0.0,0.0,0,False,未实施,20240823,0,-0.021451104100946417,-0.014829142488716918,-0.01522686509098281,-0.009026434558349505,-0.004789034353649191,-0.03868471953578334,-0.04162528194784165,0.14119922630560944,-0.0007225131393600037
002393.SZ,20250822,0.0,,,,0.0,0.0,0,False,未实施,20250822,0,-0.007818608287724738,-0.003940110323088941,-0.018765354833315318,-0.03388494877856585,-0.041940616749586046,-0.08353033884948768,-0.0821701089855501,-0.19661150512214332,-0.1989161377068488
002396.SZ,20231111,1.0,20240528,,,0.0,0.0,0,False,未实施,20231110,1,-0.00687466948704385,0.017039403620873195,0.014514609285126934,0.02076677316293929,0.015621574615841016,0.0021299254526090383,0.025553716601770304,-0.338125665601704,-0.2556334300505123
002397.SZ,20210428,0.18,,,,0.0,0.0,0,False,未实施,20210428,0,0.01975308641975304,-0.024213075060532607,-0.0292207033567915,-0.002421307506053294,0.0060404987003528365,0.03147699757869238,-0.013716271843699945,-0.04866144661272975,-0.027310245060364058
002398.SZ,20220909,0.0,,,,0.0,0.0,0,False,未实施,20220909,0,-0.00312989045383405,0.007849293563579218,0.007311061188515877,-0.0627943485086343,-0.018739964271062393,-0.07378335949764514,-0.02060765212347837,0.04552590266875978,0.07282712334645347
002401.SZ,20220329,0.01,,,,0.0,0.0,0,False,未实施,20220329,0,-0.01245753114382775,0.010321100917431103,-0.0090578755552152,0.02408256880733939,0.013718712228034224,-0.154816513761468,-0.0899242411620984,0.0366972477064218,-0.011900174100395233
002402.SZ,20231223,0.01,,,,0.0,0.0,0,False,未实施,20231222,1,0.005079825834542806,0.007942238267148127,0.006548018579052961,0.031768953068592065,0.010904358823022431,-0.16678700361010834,-0.11889365379249994,-0.08736462093862818,-0.12249918199033161
002402.SZ,20250423,0.02,,,,0.0,0.0,0,False,未实施,20250423,0,-0.004115226337448652,-0.011363636363636354,-0.011643350733647417,0.01962809917355357,0.025015004972766874,-0.014300759678800623,-0.02916901272064998,0.1731794435645888,0.07966670157233025
002405.SZ,20220430,0.2,,,,0.0,0.0,0,False,未实施,20220429,1,0.07712305025996535,0.004022526146419958,-0.0027510024912411613,0.017699115044247815,0.01382612568544217,0.07401448109412723,0.02841863357618113,0.10943862408513905,0.029840260370396
002405.SZ,20230310,0.06,,,,0.0,0.0,0,False,未实施,20230310,0,-0.016553799849510775,0.011476664116296886,-0.00047370450746786474,0.019892884468247773,0.013470395628116139,0.11323641928079575,0.08460055448213954,-0.1203419480854665,-0.11582782238383893
002405.SZ,20240130,0.27,,,,0.0,0.0,0,False,未实施,20240130,0,-0.04742547425474253,-0.07681365576102417,-0.0629161424840432,-0.13086770981507823,-0.11808051150378951,0.038406827880512084,-0.03312336871294952,0.011379800853485111,-0.08494297165719522
002405.SZ,20250930,0.04,,,,0.0,0.0,0,False,未实施,20250930,0,0.034669555796316365,0.027225130890052407,0.013857271325019349,0.03141361256544495,0.023654143501636415,-0.06282722513089012,-0.08324372900605204,-0.056544502617801085,-0.07700295531146217
002407.SZ,20210701,0.0,,,,0.0,0.0,0,False,未实施,20210701,0,-0.011817670230725996,0.0677676537585421,0.08901586166483555,0.13268792710706157,0.15301803845514494,0.43593394077448755,0.5104543349541082,0.5449886104783599,0.5475547581676983
002407.SZ,20230707,0.0,,,,0.0,0.0,0,False,未实施,20230707,0,-0.017373530914665203,0.03900156006240252,0.036703280539253536,0.020280811232449514,0.007331691932878526,-0.01144045761830459,-0.03894233367712496,-0.1638065522620905,-0.13689033085920377
002410.SZ,20210330,0.02,,,,0.0,0.0,0,False,未实施,20210330,0,0.019595835884874457,-0.00315315315315301,0.0011231169887080394,0.0345345345345347,0.027711520865181027,0.10090090090090098,0.10077616431907455,0.03175133823281984,-0.001888288884784206
002410.SZ,20210330,0.03,,,,0.0,0.0,0,False,未实施,20210330,0,0.019595835884874457,-0.00315315315315301,0.0011231169887080394,0.0345345345345347,0.027711520865181027,0.10090090090090098,0.10077616431907455,0.03175133823281984,-0.001888288884784206
002410.SZ,20210902,0.02,,,,0.0,0.0,0,False,未实施,20210902,0,0.055972696245733866,-0.0012928248222365823,0.0029756126082598477,-0.012605042016806678,-0.03829485786505926,0.06496444731738849,0.0665459825531236,0.007918552036199067,0.010091050469204887
002410.SZ,20210902,0.0,,,,0.0,0.0,0,False,未实施,20210902,0,0.055972696245733866,-0.0012928248222365823,0.0029756126082598477,-0.012605042016806678,-0.03829485786505926,0.06496444731738849,0.0665459825531236,0.007918552036199067,0.010091050469204887
002410.SZ,20220329,0.01,,,,0.0,0.0,0,False,未实施,20220329,0,0.028967254408060583,0.006731946144430845,-0.012578186724098384,0.031211750305997432,0.020775745428468717,-0.1474908200734395,-0.08203608864764556,0.17051386067820218,0.11564349621649073
002410.SZ,20221220,0.02,,,,0.0,0.0,0,False,未实施,20221220,0,-0.04116638078902224,0.010375670840787166,0.01213911346608798,0.03846153846153855,0.03114771557728946,0.14257602862254037,0.0891963465324741,0.12540250447227197,0.059244121605074085
002410.SZ,20230325,0.02,,,,0.0,0.0,0,False,未实施,20230324,1,0.002158495220474954,0.09999999999999987,0.10482323737079025,0.14307692307692288,0.14055998579797824,-0.06000000000000005,-0.06280078939663492,-0.2326713067582633,-0.20465474697652508
002410.SZ,20230325,0.03,,,,0.0,0.0,0,False,未实施,20230324,1,0.002158495220474954,0.09999999999999987,0.10482323737079025,0.14307692307692288,0.14055998579797824,-0.06000000000000005,-0.06280078939663492,-0.2326713067582633,-0.20465474697652508
002410.SZ,20240326,0.63,,,,0.0,0.0,0,False,未实施,20240326,0,-0.029435163086714455,-0.04999999999999993,-0.037830502548027556,-0.051639344262294995,-0.06504848091927873,-0.13852459016393448,-0.1445686885460694,-0.17183117854081942,-0.15540562997129403
002410.SZ,20240326,0.54,,,,0.0,0.0,0,False,未实施,20240326,0,-0.029435163086714455,-0.04999999999999993,-0.037830502548027556,-0.051639344262294995,-0.06504848091927873,-0.13852459016393448,-0.1445686885460694,-0.17183117854081942,-0.15540562997129403
002410.SZ,20240510,0.56,,,,0.0,0.0,0,False,未实施,20240510,0,0.010101010101009944,-0.02416666666666656,-0.02214356172012033,0.15333333333333332,0.15352381092489087,-0.07006117908787546,-0.03858801764662001,-0.13289488320355947,-0.04382629360714563
002415.SZ,20220506,0.39,,,,0.0,0.0,0,False,未实施,20220506,0,-0.08995815899581594,0.0022988505747127963,0.001437928254450549,-0.07816091954022986,-0.10288568669188347,0.030308559757761255,-0.04444434343877912,-0.06042716251579938,-0.13490165108988483
002437.SZ,20240824,0.01,,,,0.0,0.0,0,False,未实施,20240823,1,0.0,0.0219780219780219,0.021565439982461854,0.049450549450549275,0.05393799707593838,0.0439560439560438,0.04076269213371986,0.36263736263736246,0.1931771489599905
002442.SZ,20220625,0.0,,,,0.0,0.0,0,False,未实施,20220624,1,-0.043771043771043905,0.005281690140845008,-0.0034759486682692797,-0.022849508522165052,-0.03377881469884547,-0.014046350941283703,0.010006617506484572,-0.06862592794274824,0.0013691106529247765
002442.SZ,20230418,0.0,,,,0.0,0.0,0,False,未实施,20230418,0,-0.0174418604651162,-0.015779092702169706,-0.009002858310754647,-0.0788954635108482,-0.04265372445411042,-0.007889546351084853,0.025282960838602264,0.009861932938855844,0.07160374804502845
002442.SZ,20230819,0.0,,,,0.0,0.0,0,False,未实施,20230818,1,-0.011811023622047334,0.003984063745019917,0.016635490258596564,-0.03187250996015922,-0.010425628065546477,0.029880478087649376,0.03457431839581404,0.13346613545816743,0.15697310079209625
002456.SZ,20260603,0.56,,,,0.0,0.0,0,False,未实施,20260603,0,0.03151260504201692,0.023421588594704668,0.03002775552862391,-0.08757637474541735,-0.06684105804248319,-0.035641547861507084,-0.022459944262295473,-0.23523421588594706,-0.2052948919244718
002459.SZ,20210330,0.0,,,,0.0,0.0,0,False,未实施,20210330,0,0.01658069270449536,0.04675607104023172,0.05124644159871816,0.10402319681043859,0.09674188805595563,0.013773106197897622,0.01365824155212314,0.7064153678869154,0.6507787289446438
002459.SZ,20210518,3.0,20220517,,,0.0,0.0,0,False,未实施,20210518,0,0.024096385542168752,0.005347593582887722,0.010516037019500102,0.07237076648841323,0.056702232966606925,0.27985739750445604,0.2837443368686903,1.3271152075221737,1.3247391612015527
002459.SZ,20210824,0.0,,,,0.0,0.0,0,False,未实施,20210824,0,0.05316799728214727,0.10000000000000009,0.09194890373040665,0.2548387096774194,0.24440425231743745,-0.0754838709677419,-0.10791089838601509,0.409193548387097,0.38178649435501066
002459.SZ,20230831,0.0,,,,0.0,0.0,0,False,未实施,20230831,0,-0.025218914185639374,-0.002874595759971177,-0.007129564190101578,-0.0905497664390944,-0.09127092395654479,-0.08084800574919149,-0.07806996092332474,-0.29213079410707865,-0.2715271307483351
002459.SZ,20240227,0.84,,,,0.0,0.0,0,False,未实施,20240227,0,0.017448200654307522,-0.03161843515541263,-0.0127513059729919,-0.02143622722400851,-0.031810863235700704,-0.03269024651661301,-0.03779572137468801,-0.20685959271168275,-0.23085893696818927
002470.SZ,20210430,0.0,,,,0.0,0.0,0,False,未实施,20210430,0,0.047945205479452246,0.026143790849673332,0.027805822401931746,0.07189542483660127,0.06697515505336993,-0.09150326797385622,-0.12945851334656966,0.14379084967320277,0.15556909364811378
002478.SZ,20210204,1.0,20220203,,,0.0,0.0,0,False,未实施,20210204,0,0.09946236559139776,-0.05623471882640585,-0.0547430044437881,-0.02444987775061125,-0.07050142946378024,0.0488997555012225,0.06874587026709933,0.06845965770171158,0.08052671358511643
002478.SZ,20210309,0.0,,,,0.0,0.0,0,False,未实施,20210309,0,0.004618937644341736,-0.04367816091954013,-0.04323533615189534,-0.006896551724137834,-0.032090944728850435,-0.013793103448275779,-0.047898446910197845,-0.018307813602224,-0.08383021384433254
002478.SZ,20210309,0.0,,,,0.0,0.0,0,False,未实施,20210309,0,0.004618937644341736,-0.04367816091954013,-0.04323533615189534,-0.006896551724137834,-0.032090944728850435,-0.013793103448275779,-0.047898446910197845,-0.018307813602224,-0.08383021384433254
002511.SZ,20231103,1.0,20241121,,,0.0,0.0,0,False,未实施,20231103,0,0.007469654528478031,0.008341056533827773,-0.0007627311774218715,0.000926784059314345,-0.0017648430820698113,-0.011121408711770031,-0.011394785595417734,-0.1844300278035217,-0.14272549212717733
002512.SZ,20230428,0.28,,,,0.0,0.0,0,False,未实施,20230428,0,0.09971509971509973,-0.005181347150259086,-0.013252853819161747,-0.010362694300518172,-0.009133083252226282,0.04404145077720223,0.08271702535141023,0.059585492227979264,0.07490031072735914
002512.SZ,20230428,,,,,0.0,0.0,0,False,未实施,20230428,0,0.09971509971509973,-0.005181347150259086,-0.013252853819161747,-0.010362694300518172,-0.009133083252226282,0.04404145077720223,0.08271702535141023,0.059585492227979264,0.07490031072735914
002513.SZ,20230427,,,,,0.0,0.0,0,False,未实施,20230427,0,0.013274336283185972,0.03493449781659397,0.02329043811106657,0.013100436681222627,-0.008559439576961259,0.02183406113537112,0.04137917949577408,0.40829694323144117,0.4187432069598631
002513.SZ,20231114,,,,,0.0,0.0,0,False,未实施,20231114,0,-0.019635343618513268,0.02288984263233207,0.017309250806565757,0.028612303290414864,0.024635060552965493,-0.06437768240343356,-0.047981757163729544,-0.5207439198855508,-0.48240359403598443
002520.SZ,20230530,0.0,,,,0.0,0.0,0,False,未实施,20230530,0,-0.005136986301369939,-0.012048192771084154,-0.005990531310119285,-0.05851979345955238,-0.05001263602010664,0.055077452667814164,0.06894634603223748,-0.09810671256454373,-0.056565143164004295
002524.SZ,20230530,,,,,0.0,0.0,0,False,未实施,20230530,0,-0.012232415902140747,0.004643962848297267,0.010803972852031274,-0.02786377708978316,-0.019079613765442427,-0.0603715170278637,-0.048020189455120765,0.024767801857585203,0.0719690210631907
002533.SZ,20210529,0.0,,,,0.0,0.0,0,False,未实施,20210528,1,-0.020992366412213803,0.005847953216374213,0.0017602983466249444,-0.007797270955165692,-0.0053277892604692845,0.0,-0.0015494240999305298,0.8148148148148149,0.8793524911159041
002533.SZ,20220531,0.0,,,,0.0,0.0,0,False,未实施,20220531,0,0.02739726027397249,0.017777777777777892,0.01914365021787101,0.007407407407407307,-0.016472591768920464,0.05925925925925957,0.004085865628382868,0.20148148148148137,0.19072817346907422
002537.SZ,20260606,0.01,,,,0.0,0.0,0,False,未实施,20260605,1,0.004909983633387682,-0.037459283387622055,-0.02083118841902909,-0.02931596091205213,-0.030225292595059794,-0.10912052117263837,-0.11209699870943068,0.01791530944625408,0.04003118255959737
002544.SZ,20210428,0.01,,,,0.0,0.0,0,False,未实施,20210428,0,-0.006279434850863463,0.003159557661927437,-0.0019885438940777656,-0.03791469194312791,-0.02975395285350757,-0.017377567140600347,-0.06043031621105499,0.08004254503497199,0.10428229226487784
002548.SZ,20210529,0.0,,,,0.0,0.0,0,False,未实施,20210528,1,-0.008319467554076532,-0.001677852348993314,-0.005734923177019624,0.008389261744966348,0.010899029910394376,0.012099325543419859,0.01053115445689956,-0.12622091561418092,-0.09514795365331641
002548.SZ,20220111,0.05,,,,0.0,0.0,0,False,未实施,20220111,0,-0.011958146487294319,-0.001512859304084846,-0.009837082444818845,-0.0075642965204237855,-0.008251929174180606,0.10438729198184538,0.14327777561611588,0.1497730711043872,0.27160686054493577
002548.SZ,20221124,0.01,,,,0.0,0.0,0,False,未实施,20221124,0,0.0017421602787455193,0.0,-0.0039925289838466105,0.027826086956521667,0.0030965051505973396,0.06608695652173924,0.07826051586669891,0.03652173913043466,-0.019902039283740125
002559.SZ,20220930,0.0,,,,0.0,0.0,0,False,未实施,20220930,0,-0.021406727828746086,-0.02968750000000009,-0.013295077291362478,0.1812499999999999,0.1629481214323576,0.296875,0.277276614524981,0.12968749999999996,0.10596662809173352
002560.SZ,20220319,0.0,,,,0.0,0.0,0,False,未实施,20220318,1,0.014678899082568808,0.019891500904159143,0.019072342969109313,0.02893309222423146,0.041371778482937493,-0.061482820976491825,-0.0447213897454376,0.09222423146473768,0.07102241317769864
002560.SZ,20230315,0.12,20240313,,,0.0,0.0,0,False,未实施,20230315,0,0.004282655246252709,-0.028784648187633266,-0.017822035166074612,0.0,-0.0007449136836207293,-0.14925373134328357,-0.16336693115075596,-0.15884861407249462,-0.15113821737911448
002568.SZ,20260429,,,,,0.0,0.0,0,False,未实施,20260429,0,0.10000000000000009,0.043811610076670116,0.04263257001670806,0.0021905805038333614,-0.025682349683196826,0.10569550930996718,0.11925855932268314,0.09795368095884083,0.16280583127548454
002569.SZ,20220929,0.21,,,,0.0,0.0,0,False,未实施,20220929,0,-0.017621145374449254,-0.026905829596412634,-0.021495912229398395,0.020926756352765308,0.029337069215106704,0.01943198804185342,0.03419019165252424,-0.02391629297458897,-0.034236030006708384
002573.SZ,20250109,0.0,,,,0.0,0.0,0,False,未实施,20250109,0,-0.01302083333333337,-0.02374670184696559,-0.010538187912125685,0.005277044854881341,-0.0023769955022800993,0.015831134564644023,-0.025245851010879283,-0.05013192612137196,-0.065099621004999
002573.SZ,20250109,0.02,,,,0.0,0.0,0,False,未实施,20250109,0,-0.01302083333333337,-0.02374670184696559,-0.010538187912125685,0.005277044854881341,-0.0023769955022800993,0.015831134564644023,-0.025245851010879283,-0.05013192612137196,-0.065099621004999
002573.SZ,20250109,0.02,,,,0.0,0.0,0,False,未实施,20250109,0,-0.01302083333333337,-0.02374670184696559,-0.010538187912125685,0.005277044854881341,-0.0023769955022800993,0.015831134564644023,-0.025245851010879283,-0.05013192612137196,-0.065099621004999
002573.SZ,20250418,0.02,,,,0.0,0.0,0,False,未实施,20250418,0,-0.0055710306406684396,0.0056022408963585235,0.0011099517542281223,0.01680672268907557,0.011150479554139725,0.15126050420168058,0.1135906515616294,0.10924369747899143,0.03351518138668386
002597.SZ,20241130,0.0,,,,0.0,0.0,0,False,未实施,20241129,1,0.002846685644571023,0.010543390105433925,-0.0007296351964919401,-0.04014598540145975,-0.0620328444951479,-0.046634225466342216,-0.06729512623813916,-0.05677210056772097,-0.056134866072827805
002600.SZ,20211228,0.05,,,,0.0,0.0,0,False,未实施,20211228,0,-0.02210663198959706,-0.013297872340425454,-0.0042150287643882844,-0.03856382978723405,-0.02922126735173869,-0.16755319148936176,-0.1255309190119902,-0.3191489361702128,-0.24338199389898674
002600.SZ,20211228,0.11,,,,0.0,0.0,0,False,未实施,20211228,0,-0.02210663198959706,-0.013297872340425454,-0.0042150287643882844,-0.03856382978723405,-0.02922126735173869,-0.16755319148936176,-0.1255309190119902,-0.3191489361702128,-0.24338199389898674
002600.SZ,20220408,0.43,,,,0.0,0.0,0,False,未实施,20220408,0,-0.02605210420841686,-0.034979423868312653,-0.0091640015011899,-0.04526748971193417,-0.03319513214104741,-0.08024691358024705,-0.022167385530901362,0.008230452674897304,-0.025497459225408248
002600.SZ,20220408,0.28,,,,0.0,0.0,0,False,未实施,20220408,0,-0.02605210420841686,-0.034979423868312653,-0.0091640015011899,-0.04526748971193417,-0.03319513214104741,-0.08024691358024705,-0.022167385530901362,0.008230452674897304,-0.025497459225408248
002600.SZ,20230429,0.4,,,,0.0,0.0,0,False,未实施,20230428,1,0.06463195691202861,0.01180438448566612,0.003595063305763979,0.02023608768971341,0.02150371731327816,0.06239460370994965,0.1017500542932892,0.06272577138101298,0.07808597820027718
002601.SZ,20220429,0.15,,,,0.0,0.0,0,False,未实施,20220429,0,0.03741496598639449,0.014207650273224015,0.007365408804770324,0.03715846994535532,0.03321142542294875,0.09666037560195329,0.05010312693806118,0.17264944099799417,0.08851592095634353
002601.SZ,20221207,0.12,,,,0.0,0.0,0,False,未实施,20221207,0,-0.011458333333333348,0.0021074815595363283,0.0028187840445723644,0.03424657534246567,0.04176579574206918,0.00474183350895685,0.01888151515158576,0.09167544783983139,0.06619231965557426
002601.SZ,20231019,0.13,,,,0.0,0.0,0,False,未实施,20231019,0,-0.015127803860198408,0.0021186440677967155,0.009621755288508504,0.011122881355932313,0.01690688610300528,-0.03835493018748104,-0.05270661099446505,-0.1158895830727007,-0.07802883086795265
002601.SZ,20240618,0.05,,,,0.0,0.0,0,False,未实施,20240618,0,0.028969957081544928,-0.012513034410844504,-0.00852215342571394,-0.020246116891962762,0.006406576568977584,-0.03901734615853503,-0.021600638326683907,-0.16728741281344572,-0.08048553905656164
002602.SZ,20250603,0.0,,,,0.0,0.0,0,False,未实施,20250603,0,-0.0032679738562090277,0.04043715846994522,0.03605273132890585,-0.006557377049180468,-0.013261145363666182,0.21967213114754092,0.1858899302334287,0.5595628415300544,0.3554018356859343
002605.SZ,20231031,0.01,,,,0.0,0.0,0,False,未实施,20231031,0,0.016178399650196518,0.012048192771084487,0.010606688292698507,0.12048192771084332,0.10637210096473315,0.05249569707401047,0.04564294204811148,0.001290877796902068,0.07157457997276562
002605.SZ,20260430,0.5,20270521,,,0.0,0.0,0,False,未实施,20260430,0,0.05076923076923068,0.01024890190336758,-0.0014108263612355731,-0.003904343582235237,-0.0280900199201094,-0.058077110785749175,-0.04951155849335109,-0.10883056088523047,-0.04279473154109814
002609.SZ,20210424,0.01,,,,0.0,0.0,0,False,未实施,20210423,1,-0.011470281543274119,0.08016877637130793,0.09052741287002242,0.04535864978902948,0.05364107390808437,0.12869198312236274,0.09125347474138712,0.003480434128618537,-0.024750592403484095
002609.SZ,20220423,0.01,,,,0.0,0.0,0,False,未实施,20220422,1,-0.031209362808842567,-0.09932885906040279,-0.05061023557444344,-0.08859060402684582,-0.07666897316219323,-0.03758389261744988,-0.04394684511075575,-0.0012278331527101338,-0.05772373245348472
002609.SZ,20230118,0.01,,,,0.0,0.0,0,False,未实施,20230118,0,0.015384615384615552,0.027972027972027913,0.022936224211151268,0.17016317016316984,0.14860625332276456,0.07459207459207451,0.05280025350036177,0.27505827505827485,0.2210477279382197
002609.SZ,20240427,,,,,0.0,0.0,0,False,未实施,20240426,1,0.02508960573476715,0.0337995337995336,0.025694133231622285,-0.00932400932400923,-0.021941189476520795,-0.08275058275058278,-0.08934964047752558,-0.1799620986817535,-0.12260995671915598
002611.SZ,20210619,0.0,,,,0.0,0.0,0,False,未实施,20210618,1,0.010729613733905463,0.0,-0.0011577185039958193,0.002123142250530785,-0.020784319771516957,0.027600849256900206,0.023475991349706016,0.4140127388535031,0.3460392419020626
002611.SZ,20210901,10.0,20220922,,,0.0,0.0,0,False,未实施,20210901,0,0.09999999999999987,0.00909090909090926,0.0006912314830269661,0.0060606060606061,-0.02352721617602982,-0.1439393939393938,-0.14991290417118375,-0.07121212121212128,-0.08159604899724926
002611.SZ,20230107,2.0,20240130,,,0.0,0.0,0,False,未实施,20230106,1,0.0024154589371980784,0.01927710843373509,0.013356729395839206,0.02409638554216853,0.012023332885287674,0.10602409638554211,0.07107386364623491,0.30602409638554207,0.2438926973814124
002611.SZ,20240426,0.01,,,,0.0,0.0,0,False,未实施,20240426,0,0.009448818897637823,0.028081123244929618,0.020020557295956865,0.12012480499219969,0.10585897379118325,-0.10764430577223094,-0.11406426813844739,-0.09360374414976602,-0.03021183670704497
002615.SZ,20221231,0.0,,,,0.0,0.0,0,False,未实施,20221230,1,0.02033898305084736,0.09966777408637895,0.0900511429049129,0.13787375415282388,0.10676699068279483,0.2990033222591364,0.2390647486206594,0.25415282392026595,0.17534468525716895
002620.SZ,20230329,0.11,,,,0.0,0.0,0,False,未实施,20230329,0,-0.020905923344947674,-0.02135231316725983,-0.02771159801938128,-0.04804270462633464,-0.06889765220089528,-0.053380782918149516,-0.0665830997229464,-0.10320284697508897,-0.08694982427655007
002627.SZ,20220425,0.0,,,,0.0,0.0,0,False,未实施,20220425,0,-0.08801498127340812,-0.04928131416837789,-0.03541917259869232,-0.010266940451745366,-0.0551913539558484,0.17043121149897345,0.09750342406134616,0.1287325029407742,0.010866311167068377
002627.SZ,20220425,0.0,,,,0.0,0.0,0,False,未实施,20220425,0,-0.08801498127340812,-0.04928131416837789,-0.03541917259869232,-0.010266940451745366,-0.0551913539558484,0.17043121149897345,0.09750342406134616,0.1287325029407742,0.010866311167068377
002627.SZ,20220425,0.0,,,,0.0,0.0,0,False,未实施,20220425,0,-0.08801498127340812,-0.04928131416837789,-0.03541917259869232,-0.010266940451745366,-0.0551913539558484,0.17043121149897345,0.09750342406134616,0.1287325029407742,0.010866311167068377
002631.SZ,20210624,0.01,,,,0.0,0.0,0,False,未实施,20210624,0,0.018838304552590168,-0.018489984591679498,-0.029619804615641954,-0.06163328197226503,-0.06741906097494998,-0.0015408320493065508,-0.0037977967364243304,0.3466872110939907,0.33158980342351785
002631.SZ,20210624,0.03,,,,0.0,0.0,0,False,未实施,20210624,0,0.018838304552590168,-0.018489984591679498,-0.029619804615641954,-0.06163328197226503,-0.06741906097494998,-0.0015408320493065508,-0.0037977967364243304,0.3466872110939907,0.33158980342351785
002638.SZ,20220910,0.0,,,,0.0,0.0,0,False,未实施,20220909,1,-0.01276595744680864,0.0,-0.0005340405341359711,-0.0775862068965516,-0.03422713025979507,0.021551724137931272,0.08020078438464795,-0.0344827586206895,-0.009270758413205682
002638.SZ,20220910,0.0,,,,0.0,0.0,0,False,未实施,20220909,1,-0.01276595744680864,0.0,-0.0005340405341359711,-0.0775862068965516,-0.03422713025979507,0.021551724137931272,0.08020078438464795,-0.0344827586206895,-0.009270758413205682
002640.SZ,20210601,2.4,20210916,,,0.0,0.0,0,False,未实施,20210601,0,0.04901960784313708,0.051401869158878455,0.05946198628803767,0.224299065420561,0.23955361821435606,0.06542056074766345,0.07536417783424132,0.06074766355140193,0.08601412168757983
002643.SZ,20250425,2.0,20260521,,,0.0,0.0,0,False,未实施,20250425,0,-0.01757631822386696,-0.010357815442561091,-0.008357924975875175,0.04708097928436916,0.032168807937341226,0.038606403013182744,0.0246527524446285,0.2295198360824655,0.1235852696114863
002648.SZ,20210701,0.01,,,,0.0,0.0,0,False,未实施,20210701,0,-0.04057157438121961,0.02127659574468077,0.04159964763694379,-0.03856382978723416,-0.021307439984950216,0.02393617021276584,0.07707519343125102,0.0851063829787233,0.08690868962259235
002648.SZ,20210701,0.02,,,,0.0,0.0,0,False,未实施,20210701,0,-0.04057157438121961,0.02127659574468077,0.04159964763694379,-0.03856382978723416,-0.021307439984950216,0.02393617021276584,0.07707519343125102,0.0851063829787233,0.08690868962259235
002653.SZ,20210325,0.02,,,,0.0,0.0,0,False,未实施,20210325,0,-0.00811508668388039,-0.029750836742283515,-0.04528673680729012,-0.06173298624023804,-0.08954266139498812,0.006693938267013699,-0.025346752614454404,-0.19315356530565952,-0.23909022696505844
002655.SZ,20240403,,,,,0.0,0.0,0,False,未实施,20240403,0,-0.007950530035335635,-0.0489759572573466,-0.04203353916783359,-0.08103294746215495,-0.06586966019423834,-0.06767586821015137,-0.08531337323205923,-0.07832213019803158,-0.04350362750736814
002664.SZ,20210416,0.03,,,,0.0,0.0,0,False,未实施,20210416,0,-0.016178736517719616,0.10023492560689129,0.08412135165512424,0.05951448707909157,0.045013738774452694,0.0986687548942835,0.07227449818125176,0.21765243491232056,0.17052151119191739
002667.SZ,20241105,0.8,,,,0.0,0.0,0,False,未实施,20241105,0,0.011305241521069043,-0.019308943089430874,-0.01838711605196175,0.19918699186991873,0.1869275631934424,0.13313008130081294,0.13587356024575548,-0.018292682926829285,0.016623688348892385
002667.SZ,20251202,1.11,,,,0.0,0.0,0,False,未实施,20251202,0,-0.03668639053254419,-0.05958230958230959,-0.054802135413773434,-0.09766584766584774,-0.10039164571210135,-0.18857493857493857,-0.20236861816645135,0.6394348894348894,0.5494044135642226
002670.SZ,20220430,0.0,,,,0.0,0.0,0,False,未实施,20220429,1,0.03221809169764556,-0.013205282112844996,-0.01986258521814066,0.04561824729891972,0.04163900796845654,0.0732292917166868,-0.003518671362377046,0.015606242496998934,-0.04356879915055667
002671.SZ,20241024,0.02,,,,0.0,0.0,0,False,未实施,20241024,0,0.0,-0.015317286652078765,-0.02111783333976247,0.043763676148796504,0.043903096072168246,0.024070021881837933,-0.0033187149607879496,0.054704595185995686,0.06721121207002478
002671.SZ,20241211,0.0,,,,0.0,0.0,0,False,未实施,20241211,0,0.0217821782178218,0.01744186046511631,0.008915041715813254,-0.046511627906976716,-0.032336451141709466,-0.12596899224806202,-0.06579400641937838,-0.11240310077519378,-0.10904729479371422
002683.SZ,20231021,0.0,,,,0.0,0.0,0,False,未实施,20231020,1,-0.013024602026049159,-0.04594330400782021,-0.031737025703649,0.053274682306940324,0.04115463056984603,0.08553274682306933,0.0601899764251872,-0.09824046920821128,-0.0680074809910155
002688.SZ,20250708,0.05,,,,0.0,0.0,0,False,未实施,20250708,0,0.03479576399394846,-0.020467836257309857,-0.01922673920148732,-0.021929824561403466,-0.024029257795135872,0.11111111111111116,0.07421667536120302,-0.021929824561403466,-0.1189872795017407
002709.SZ,20250106,2.0,20250403,,,0.0,0.0,0,False,未实施,20250106,0,-0.01980198019801971,0.017957351290684764,0.010795846341358661,0.016273849607183033,0.031118128215899654,0.06621773288439958,0.030506124639179788,-0.06958473625140293,-0.06371261028673558
002714.SZ,20210129,,,,,0.0,0.0,0,False,未实施,20210129,0,-0.042335451901324817,0.09088863892013488,0.08397523636964577,0.198312710911136,0.19376678786596147,0.27007874015748,0.26321785899909966,0.1788526434195723,0.1931671446086103
002714.SZ,20210430,,,,,0.0,0.0,0,False,未实施,20210430,0,-0.013690268573421815,-0.07346830518963843,-0.0719676140343889,-0.10706392007780041,-0.1111627214259524,-0.17681902572716823,-0.21120994290195394,-0.4754900042676691,-0.4700888361268504
002714.SZ,20210520,,,,,0.0,0.0,0,False,未实施,20210520,0,0.010051751592356606,-0.025224160015765107,-0.019524197844581703,-0.09528032318455026,-0.12082769060583443,-0.19904601985964676,-0.20317051284636423,-0.3433999305411103,-0.3451467005184161
002714.SZ,20220110,,,,,0.0,0.0,0,False,未实施,20220110,0,0.05349209170072866,-0.044871794871794934,-0.037889859359508726,-0.055330634278002666,-0.04149995198894074,-0.001686909581646412,0.0462467516375511,-0.09682860998650478,0.018431790379943136
002714.SZ,20220430,,,,,0.0,0.0,0,False,未实施,20220429,1,-0.027374301675977764,0.00019146084625698556,-0.006556221926547923,-0.01378518093049963,-0.017538352612865182,-0.03982385602144356,-0.08058684927886772,0.11986335964741146,0.039517057403306355
002714.SZ,20221213,20.0,20231212,,,0.0,0.0,0,False,未实施,20221213,0,0.01995012468827939,0.0024449877750611915,0.002381935071354535,-0.057660961695191526,-0.02621877709911491,-0.013039934800326058,-0.008517571371980948,0.026894865525672218,-0.000478793162013158
002714.SZ,20221213,,,,,0.0,0.0,0,False,未实施,20221213,0,0.01995012468827939,0.0024449877750611915,0.002381935071354535,-0.057660961695191526,-0.02621877709911491,-0.013039934800326058,-0.008517571371980948,0.026894865525672218,-0.000478793162013158
002714.SZ,20231206,,,,,0.0,0.0,0,False,未实施,20231206,0,0.03384223918575069,0.006153088850603172,0.007078203703283936,-0.015751907457543735,-0.015694618206806843,0.008122077282796125,0.013098896495246093,-0.03765690376569042,-0.06201098119491322
002714.SZ,20240312,,,,,0.0,0.0,0,False,未实施,20240312,0,0.0025000000000001688,-0.027182044887780643,-0.023314723587194996,0.009476309226932544,0.007228191368507497,0.07581047381546124,0.0835002985582356,0.16708229426433907,0.17417803842269675
002726.SZ,20210121,0.0,,,,0.0,0.0,0,False,未实施,20210121,0,0.0007974481658694632,0.054183266932270824,0.05842557502814971,-0.018326693227091684,0.014185423260789642,-0.10996015936254988,-0.10096843882158513,-0.05179282868525903,-0.011645215328046854
002726.SZ,20210713,0.0,,,,0.0,0.0,0,False,未实施,20210713,0,0.010101010101009944,-0.016000000000000014,-0.005396897849911375,-0.06099999999999983,-0.05310630428915686,-0.03399999999999992,-0.023986351970799014,-0.016000000000000014,-0.013720496099308699
002727.SZ,20220517,,,,,0.0,0.0,0,False,未实施,20220517,0,-0.006335282651071972,0.0014713094654241754,0.003976531820848228,0.04168710152035304,0.04941066009922368,0.09857773418342308,0.028214226722118374,0.23099558607160375,0.1790412245574855
002727.SZ,20221125,,,,,0.0,0.0,0,False,未实施,20221125,0,-0.02068087814190256,0.07115009746588674,0.07920306387548504,0.21020142949967502,0.18932257420602694,-0.019168291098115797,-0.0011909117729674845,0.09681611435997373,0.044183905351261155
002734.SZ,20231028,,,,,0.0,0.0,0,False,未实施,20231027,1,0.020706455542021773,-0.022673031026253065,-0.02389218565428497,-0.004773269689737458,-0.009046528526806208,0.0011933174224343368,-0.006440811513304445,-0.1467780429594273,-0.0658482500470573
002758.SZ,20220615,0.0,,,,0.0,0.0,0,False,未实施,20220615,0,-0.023622047244094446,0.0058651026392961825,0.011995140591187115,-0.028592375366569,-0.017233226822102043,-0.05718475073313789,-0.05112336622850289,-0.0637829912023461,-0.04673526367833536
002758.SZ,20230427,,,,,0.0,0.0,0,False,未实施,20230427,0,-0.004731861198738252,0.009508716323296307,-0.0018492776279322998,-0.015847860538827252,-0.03688882823378381,0.0429972830556653,0.06294720068147952,0.024591270839818824,0.04663752615436523
002758.SZ,20240426,,,,,0.0,0.0,0,False,未实施,20240426,0,0.012008733624454093,0.012944983818770295,0.005003091238366286,0.017259978425027134,0.004304226463206939,-0.0031642075738960163,-0.010335841389951028,-0.18379888136923017,-0.1267150778639381
002765.SZ,20230928,0.0,,,,0.0,0.0,0,False,未实施,20230928,0,0.020061728395061706,0.02571860816944027,0.030207407024929855,0.13918305597579428,0.14743751513389758,0.14372163388804826,0.1737892939157295,0.015128593040847127,0.06137869474561497
002782.SZ,20260327,0.01,,,,0.0,0.0,0,False,未实施,20260327,0,-0.10015290519877673,-0.03653355989804585,-0.03888203100102294,-0.14655904842820722,-0.13916264920377552,-0.0994052676295667,-0.13744930291657875,-0.07893373044823415,-0.10490142577116812
002785.SZ,20240423,,,,,0.0,0.0,0,False,未实施,20240423,0,0.020860495436766602,-0.0148999574286931,-0.022291000726205934,0.04469987228607919,0.016823819929726813,0.034482758620689724,0.012079859187899222,0.04980842911877392,0.07026545543240004
002785.SZ,20250422,,,,,0.0,0.0,0,False,未实施,20250422,0,-0.009554140127388644,-0.002411575562700885,-0.0013820457167993405,0.08038585209003224,0.08469282693565305,0.20176848874598075,0.1843201587493466,0.13183279742765275,0.049155160933247455
002790.SZ,20210420,0.0,,,,0.0,0.0,0,False,未实施,20210420,0,0.05319148936170226,-0.030303030303030276,-0.030299428418848917,-0.08754208754208759,-0.07950275123206751,-0.09932659932659937,-0.10284352108153982,-0.048144209434532126,-0.06594343109144407
002793.SZ,20210529,0.28,,,,0.0,0.0,0,False,未实施,20210528,1,0.008514664143803197,0.016885553470919357,0.01275304301411384,-0.014071294559099612,-0.011617428207909675,-0.08442776735459667,-0.08584637703708464,-0.21368024959419873,-0.18571747945006079
002793.SZ,20220305,0.41,,,,0.0,0.0,0,False,未实施,20220304,1,-0.0042918454935623185,-0.02909482758620685,-0.007564793541317338,-0.056034482758620774,-0.016703673561567767,-0.0700431034482758,-0.02331959924909288,-0.13636163769009846,-0.07998152617152265
002795.SZ,20230303,0.0,,,,0.0,0.0,0,False,未实施,20230303,0,-0.014164305949008527,0.03735632183908044,0.03934445812359422,0.09386973180076641,0.12716460968034893,0.26724137931034475,0.28874339210531574,0.23419507716157772,0.281857848438108
002795.SZ,20240430,0.05,,,,0.0,0.0,0,False,未实施,20240430,0,-0.04629629629629639,0.09951456310679618,0.08694799882242843,0.08980582524271852,0.07262805465592992,0.043689320388349495,0.04977909332974173,-0.12621359223300965,-0.0618607964257486
002796.SZ,20260109,0.0,,,,0.0,0.0,0,False,未实施,20260109,0,0.09472981987992002,0.06794637416209603,0.056444371469055676,0.3238878732480195,0.3298630207356301,0.2888482632541134,0.30623415423407474,0.5195003046922606,0.5548971234032569
002803.SZ,20241012,0.01,,,,0.0,0.0,0,False,未实施,20241011,1,-0.010638297872340496,0.014061207609594506,-0.006497389390682784,0.006617038875103454,-0.006908866232709143,0.23738626964433407,0.15331454216293827,-0.004937549590960155,-0.0015818402190572733
002810.SZ,20221130,0.0,,,,0.0,0.0,0,False,未实施,20221130,0,-0.02941176470588247,0.02383838383838377,0.01926630778112237,0.040000000000000036,0.024305800871191163,-0.08323232323232321,-0.0642473853654355,0.025454545454545396,-0.02389331591913957
002810.SZ,20230426,0.02,,,,0.0,0.0,0,False,未实施,20230426,0,0.02179553710430726,-0.008125952260030322,-0.014701590125183905,-0.027932960893854664,-0.0654134783283904,-0.05992889791772471,-0.047482291397429766,-0.026116062375642346,-0.013705359134487005
002812.SZ,20240607,,,,,0.0,0.0,0,False,未实施,20240607,0,-0.032258064516129226,0.008130081300813163,0.015865266967932445,0.01680216802168033,0.02873316907617851,-0.1967479674796747,-0.16133860791690047,-0.2902439024390243,-0.2295849526302849
002812.SZ,20241214,,,,,0.0,0.0,0,False,未实施,20241213,1,-0.03311439518336079,-0.029153693744692788,-0.027563393167833072,-0.04415510897254438,-0.03739823629596861,-0.1548259269742428,-0.09302444716491043,-0.021511463345598503,-0.03231870049074126
002812.SZ,20250423,0.42,,,,0.0,0.0,0,False,未实施,20250423,0,-0.0007092198581559739,-0.007806955287438022,-0.008087675947368367,-0.017033356990773685,-0.011840141234997992,-0.002838892831795614,-0.017880036274329214,0.050035486160397324,-0.033661597042567104
002819.SZ,20211221,0.0,,,,0.0,0.0,0,False,未实施,20211221,0,0.022139070782662973,0.0006101281269064174,0.0013026742117439039,0.005186089078706546,0.0038053436347769143,0.08541793776693085,0.10583957318768822,-0.005491153142159866,0.10216544253730664
002819.SZ,20220329,0.0,,,,0.0,0.0,0,False,未实施,20220329,0,-0.027079303675048294,-0.0033134526176276102,-0.022430904618567782,-0.08880053015241873,-0.09802199422990743,-0.3472498343273691,-0.29713238364381733,-0.20768700818697872,-0.24482839035168036
002819.SZ,20230412,0.0,,,,0.0,0.0,0,False,未实施,20230412,0,-0.003440725680325163,0.008160703075957176,0.01083966173853157,-0.02824858757062154,-0.04063194887594057,0.06026365348399243,0.06553013382813422,-0.06709093008634948,-0.028839784803178947
002819.SZ,20230412,0.0,,,,0.0,0.0,0,False,未实施,20230412,0,-0.003440725680325163,0.008160703075957176,0.01083966173853157,-0.02824858757062154,-0.04063194887594057,0.06026365348399243,0.06553013382813422,-0.06709093008634948,-0.028839784803178947
002819.SZ,20230412,0.0,,,,0.0,0.0,0,False,未实施,20230412,0,-0.003440725680325163,0.008160703075957176,0.01083966173853157,-0.02824858757062154,-0.04063194887594057,0.06026365348399243,0.06553013382813422,-0.06709093008634948,-0.028839784803178947
002819.SZ,20240223,0.8,20240522,,,0.0,0.0,0,False,未实施,20240223,0,0.09983766233766223,0.0014760147601475815,0.010847802812242069,0.025461254612546114,0.01796110796656758,-0.005166051660516535,-0.019250434273331174,-0.16236162361623618,-0.1851378547380278
002821.SZ,20210731,0.0,,,,0.0,0.0,0,False,未实施,20210730,1,-0.01942778148065849,0.023614118120940608,0.0038384825172463888,0.06359196415084845,0.044871056347278504,-0.11482301998892308,-0.14618717465061004,-0.030738633502844892,-0.06067415190503156
002821.SZ,20211126,0.01,,,,0.0,0.0,0,False,未实施,20211126,0,0.02333547420252624,0.09815899581589949,0.09858824823434076,0.001255230125523088,-0.010774713275294001,-0.10596234309623431,-0.11929712035171725,-0.28784518828451877,-0.26690964855272703
002821.SZ,20211126,0.0,,,,0.0,0.0,0,False,未实施,20211126,0,0.02333547420252624,0.09815899581589949,0.09858824823434076,0.001255230125523088,-0.010774713275294001,-0.10596234309623431,-0.11929712035171725,-0.28784518828451877,-0.26690964855272703
002821.SZ,20211126,0.0,,,,0.0,0.0,0,False,未实施,20211126,0,0.02333547420252624,0.09815899581589949,0.09858824823434076,0.001255230125523088,-0.010774713275294001,-0.10596234309623431,-0.11929712035171725,-0.28784518828451877,-0.26690964855272703
002821.SZ,20220120,0.03,,,,0.0,0.0,0,False,未实施,20220120,0,-0.026536312849162025,-0.008063127690100425,0.0010872959726231368,-0.05394548063127702,-0.009122516176906292,-0.07604017216642767,-0.04233904984287251,-0.23098995695839308,-0.06646130852379717
002821.SZ,20220120,0.0,,,,0.0,0.0,0,False,未实施,20220120,0,-0.026536312849162025,-0.008063127690100425,0.0010872959726231368,-0.05394548063127702,-0.009122516176906292,-0.07604017216642767,-0.04233904984287251,-0.23098995695839308,-0.06646130852379717
002821.SZ,20220421,0.0,,,,0.0,0.0,0,False,未实施,20220421,0,-0.02126495726495725,0.004296492943971053,0.0019828092207778703,-0.11275674165152993,-0.08164927650287201,-0.12536677378790007,-0.12283751149689681,-0.0603604862372501,-0.12431151678499375
002821.SZ,20220927,0.01,,,,0.0,0.0,0,False,未实施,20220927,0,0.04211897524967445,-0.031319444444444455,-0.01579703695297885,-0.08902777777777782,-0.05415492367004193,0.04284722222222204,0.08663132405533669,-0.05965277777777778,-0.060171013030486664
002821.SZ,20230719,0.03,,,,0.0,0.0,0,False,未实施,20230719,0,-0.002112914131169652,-0.004827644617599547,0.004376356298377182,0.023037181333107615,0.015358247559518867,0.07563309900906257,0.09226481985956747,0.3057508257813162,0.3897955879549202
002821.SZ,20230719,0.03,,,,0.0,0.0,0,False,未实施,20230719,0,-0.002112914131169652,-0.004827644617599547,0.004376356298377182,0.023037181333107615,0.015358247559518867,0.07563309900906257,0.09226481985956747,0.3057508257813162,0.3897955879549202
002821.SZ,20230914,0.02,,,,0.0,0.0,0,False,未实施,20230914,0,0.005631536604987941,0.09264000000000006,0.09572673424759737,0.10159999999999991,0.11654539346276982,0.21744000000000008,0.27600191923289485,-0.03303999999999996,0.027422767729071706
002821.SZ,20230914,0.01,,,,0.0,0.0,0,False,未实施,20230914,0,0.005631536604987941,0.09264000000000006,0.09572673424759737,0.10159999999999991,0.11654539346276982,0.21744000000000008,0.27600191923289485,-0.03303999999999996,0.027422767729071706
002821.SZ,20231223,0.13,,,,0.0,0.0,0,False,未实施,20231222,1,-0.020345620158338407,0.011904761904762085,0.010505061120369641,0.008863399374348324,-0.011537995157390846,-0.1614529023288146,-0.11325294666164021,-0.20377128953771284,-0.23442443632633314
002821.SZ,20231223,0.0,,,,0.0,0.0,0,False,未实施,20231222,1,-0.020345620158338407,0.011904761904762085,0.010505061120369641,0.008863399374348324,-0.011537995157390846,-0.1614529023288146,-0.11325294666164021,-0.20377128953771284,-0.23442443632633314
002821.SZ,20251220,0.01,,,,0.0,0.0,0,False,未实施,20251219,1,0.04130506426452829,-0.0009494672433801865,-0.007813967256076748,0.004325350775398196,-0.014230176387201476,0.08872243907585187,0.029649707910555767,0.01803987762422188,0.007323089218071788
002822.SZ,20210617,0.02,,,,0.0,0.0,0,False,未实施,20210617,0,0.0020073697139850744,0.0036231884057973396,0.003767649234730497,0.05615942028985521,0.04400376163313169,0.04166666666666674,0.030273935837000554,0.021739130434782705,-0.024608351257096928
002822.SZ,20220112,0.0,,,,0.0,0.0,0,False,未实施,20220112,0,0.010033444816053505,-0.013245033112582849,-0.0015398338221449537,0.0298013245033113,0.04116170566284194,0.0943708609271523,0.13592539058213404,-0.011589403973509937,0.10727777780312109
002822.SZ,20220114,0.25,,,,0.0,0.0,0,False,未实施,20220114,0,-0.023489932885906062,0.018900343642611617,0.013028570893916624,0.0017182130584192379,0.0013451175403649263,0.15120274914089338,0.16126075923656757,0.012027491408934665,0.11570937828013594
002825.SZ,20230829,0.0,,,,0.0,0.0,0,False,未实施,20230829,0,0.03324808184143224,0.014851485148514643,0.014446856330802893,0.030940594059405857,0.024899937176344533,-0.03836633663366351,-0.02794673323589547,0.08168316831683176,0.12256345945600278
002825.SZ,20260421,0.01,,,,0.0,0.0,0,False,未实施,20260421,0,-0.10017421602787457,-0.022265246853823806,-0.027308740996037084,-0.030009680542110395,-0.028478296147642523,0.09680542110358181,0.0893857366475439,-0.23846022326820182,-0.18052747040925543
002840.SZ,20210416,,,,,0.0,0.0,0,False,未实施,20210416,0,-0.007774538386783103,0.010773751224289807,-0.004029612320885501,0.021547502448579614,0.007566378646226557,-0.010773751224289918,-0.034538777253420916,-0.11363191167304787,-0.1479400159903076
002840.SZ,20220423,,,,,0.0,0.0,0,False,未实施,20220422,1,0.002461538461538293,-0.05463474524248002,-0.0034985515645165055,-0.023941068139963106,-0.011173793258670073,-0.15899324739103737,-0.16455350970621618,0.34008594229588707,0.26428350910502707
002840.SZ,20230428,,,,,0.0,0.0,0,False,未实施,20230428,0,-0.03422273781902563,-0.0030030030030028243,-0.011092183766838626,-0.027027027027026973,-0.025818121188123322,-0.053453453453453426,-0.01838948973662191,0.06645591225492375,0.08187003301589435
002840.SZ,20230428,,,,,0.0,0.0,0,False,未实施,20230428,0,-0.03422273781902563,-0.0030030030030028243,-0.011092183766838626,-0.027027027027026973,-0.025818121188123322,-0.053453453453453426,-0.01838948973662191,0.06645591225492375,0.08187003301589435
002840.SZ,20240423,,,,,0.0,0.0,0,False,未实施,20240423,0,-0.008796296296296413,-0.012143858010275621,-0.01955557986758283,0.0037365716954693706,-0.02304644414173984,0.06492293320878106,0.04186081721164392,-0.30873423633815966,-0.29526392925669565
002843.SZ,20240330,,,,,0.0,0.0,0,False,未实施,20240329,1,-0.015544041450777146,-0.012105263157894841,-0.023729880240142998,-0.08473684210526311,-0.08694953944006789,-0.14105263157894743,-0.1586634588575907,-0.1785979068709238,-0.1658611604474487
002843.SZ,20240727,,,,,0.0,0.0,0,False,未实施,20240726,1,0.01899827288428324,-0.011864406779661052,-0.012188335774885095,0.055932203389830626,0.05068397587636975,0.028813559322033777,0.0419801727869511,0.5237288135593221,0.3403524009810248
002847.SZ,20230621,0.05,,,,0.0,0.0,0,False,未实施,20230621,0,-0.011066520734525187,-0.026561731431382185,-0.01195307695333181,0.04586817511067398,0.044509030208880196,0.07230693556320733,0.08251494746964183,-0.11522380718150504,-0.09247606449328793
002847.SZ,20241210,0.0,,,,0.0,0.0,0,False,未实施,20241210,0,0.03255360623781689,0.03624693222578834,0.0332794687730702,0.042665659807438194,0.06164114284683353,0.14876345101000554,0.21722078823466773,0.13498206531999246,0.1565860444437741
002847.SZ,20251218,0.03,,,,0.0,0.0,0,False,未实施,20251218,0,0.004526166902404594,0.02816108138552509,0.0244408349247609,-0.009997183891861439,-0.03081188468297802,0.05660377358490587,-0.004426932776883441,-0.19205857504928192,-0.1930804921358985
002871.SZ,20231019,0.6,20241018,,,0.0,0.0,0,False,未实施,20231019,0,-0.004892367906066619,-0.000983284169124965,0.006496602144338448,0.0471976401179941,0.0531880061093597,0.10422812192723696,0.08774851833806174,0.09636184857423791,0.14331196190948425
002881.SZ,20210814,0.0,,,,0.0,0.0,0,False,未实施,20210813,1,0.002693804250224474,-0.06477611940298511,-0.06505418630223692,-0.043582089552238745,-0.01875584851181955,-0.1483582089552239,-0.19132111915630068,0.516716417910448,0.5143530049421925
002885.SZ,20231123,0.0,,,,0.0,0.0,0,False,未实施,20231123,0,0.09999999999999987,-0.0025113008538423243,0.00433915840472876,-0.002009040683073837,0.008592382381264585,-0.06880964339527873,-0.023141668701394225,-0.33852335509794074,-0.3196737214854507
002901.SZ,20211026,,,,,0.0,0.0,0,False,未实施,20211026,0,-0.05531496062992103,-0.04105021879558246,-0.0315389357240462,-0.021046051260679488,0.004647763868304899,0.010418837257762048,0.012825398472573468,0.07001458637216085,0.0818804130860602
002902.SZ,20231128,,,,,0.0,0.0,0,False,未实施,20231128,0,-0.013184178985217732,-0.007692307692307554,-0.0021532327115787453,-0.025506072874493912,-0.00378259530288394,-0.12024291497975714,-0.07785384411043428,-0.012145748987854255,-0.004484727183290627
002902.SZ,20231229,0.02,,,,0.0,0.0,0,False,未实施,20231229,0,0.014159292035398341,-0.017015706806282727,-0.012815151512410305,-0.10689354275741725,-0.07986195445065092,-0.16404886561954635,-0.1374980679569613,0.19458987783595094,0.15573165742846728
002913.SZ,20220829,0.06,,,,0.0,0.0,0,False,未实施,20220829,0,-0.02163624070317771,0.010711817553558989,0.014942048338256075,-0.048721492743607486,-0.03658769012797758,-0.11368348306841747,-0.07161001499019926,-0.0957152729785763,-0.06959522832643272
002916.SZ,20210624,0.02,,,,0.0,0.0,0,False,未实施,20210624,0,0.10002058036633055,0.027502338634237455,0.015850989260647985,-0.0001870907390084664,-0.006351734503414197,0.1155285313376988,0.11300693748236967,-0.15622076707203003,-0.16568018642230653
002916.SZ,20210803,0.01,,,,0.0,0.0,0,False,未实施,20210803,0,-0.05579993483219292,0.009231300146665733,0.0007483692617202831,-0.07177982917781034,-0.09332639732368675,-0.21111206970925722,-0.23247045782367315,-0.04227417824173918,-0.06369261608673782
002916.SZ,20260424,0.02,,,,0.0,0.0,0,False,未实施,20260424,0,0.00019913707268504055,0.06782585611892755,0.06614199007268029,0.05770507034775685,0.0372959522324372,0.31420891956464025,0.30977029502051856,0.1266125777216014,0.18564122523294557
002925.SZ,20210426,0.0,,,,0.0,0.0,0,False,未实施,20210426,0,0.013473053892215425,0.02831117676021666,0.027879464289478406,0.02240275726243235,0.02236805606060477,0.03815854258985718,-0.01007939404695779,-0.027572624322993566,-0.05749007965322783
002925.SZ,20211026,0.0,,,,0.0,0.0,0,False,未实施,20211026,0,-0.029904306220095656,-0.015104808877928422,-0.005336187890506827,-0.04808877928483357,-0.023104732838360564,0.08199753390875464,0.08457457741151964,-0.018803945745992645,-0.007923063839873956
002925.SZ,20230429,0.7,20240427,,,0.0,0.0,0,False,未实施,20230428,1,0.02645198389879244,-0.059943977591036424,-0.06757116515158379,-0.038655462184874145,-0.03746100452032897,0.12084477209866629,0.16236545649021328,0.10631214205661288,0.12230232858099721
002929.SZ,20260427,,,,,0.0,0.0,0,False,未实施,20260427,0,-0.025013211203100183,-0.006684733514002006,-0.004807812046123017,0.2849141824751582,0.25609708251294183,0.37524841915085827,0.3711241191901653,-0.1118964001000593,-0.04739681968967824
002932.SZ,20221028,,,,,0.0,0.0,0,False,未实施,20221028,0,-0.02560124127230423,0.01847133757961772,0.026370934475466568,0.0722929936305734,0.018213613268963424,0.09458598726114631,0.029028728926074443,-0.06608280254777066,-0.16703325962083548
002937.SZ,20240418,0.0,,,,0.0,0.0,0,False,未实施,20240418,0,0.06539649845520068,-0.028032866118897992,-0.02519058789160944,0.011116481391976851,0.018179160981577347,0.06072837447204438,0.03260059560494,0.08211270301692752,0.12278785288713712
002947.SZ,20250109,0.0,,,,0.0,0.0,0,False,未实施,20250109,0,-0.011462205700124017,-0.029457850203697955,-0.016326606975954783,0.012535255405828893,0.004825952037577963,0.07865872767157644,0.03504119372341008,-0.04324663115010963,-0.05832282214719464
002959.SZ,20220316,1.2,20230315,,,0.0,0.0,0,False,未实施,20220316,0,0.038528896672504365,0.04649482052517473,0.03206406826898456,0.06408094435075906,0.03144570110100675,0.20284268850879306,0.18765959597179327,0.42175878600836425,0.37213322425798756
002959.SZ,20231028,0.0,,,,0.0,0.0,0,False,未实施,20231027,1,0.04770710059171601,-0.02064948817507939,-0.021871167047003426,-0.024885280621249617,-0.02907218342925799,-0.031591951994352385,-0.038976092271991614,-0.1779032827391458,-0.09992578048096568
002962.SZ,20221026,0.02,,,,0.0,0.0,0,False,未实施,20221026,0,0.03657448706512034,-0.030120481927710774,-0.02472282754356625,-0.002581755593803914,-0.0038657526660087482,-0.01721170395869187,-0.0481222889642936,-0.0611015490533563,-0.13086838016225355
002969.SZ,20240828,0.15,,,,0.0,0.0,0,False,未实施,20240828,0,0.0036363636363636598,0.018115942028985588,0.023281451249136387,0.010869565217391353,0.030166748354892192,0.08725991325898397,-0.0008114792535042215,0.23998538602446007,0.05769358836722627
002980.SZ,20251112,,,,,0.0,0.0,0,False,未实施,20251112,0,0.01790920449812594,0.019230769230769162,0.011803982472684549,0.008183306055646211,0.021823457900903342,-0.09819967266775786,-0.07516192795617171,-0.08633387888707045,-0.10104118581303112
002983.SZ,20250423,0.2,20260422,,,0.0,0.0,0,False,未实施,20250423,0,0.09994051160023787,-0.03623580313683061,-0.03650848043768695,0.06057328285559782,0.06617651051530671,0.06706327744726903,0.050967732100616114,0.12146728987748312,0.03207646232221251
002983.SZ,20260422,,,,,0.0,0.0,0,False,未实施,20260422,0,-0.017481128327373918,-0.03760614638091386,-0.0345477407272069,-0.054993934492519214,-0.05528296844456004,0.06752931661949035,0.055623958471449964,-0.26243798562866494,-0.21627011166599286
003000.SZ,20230225,0.0,,,,0.0,0.0,0,False,未实施,20230224,1,0.013313609467455523,0.006569343065693456,0.00938860342288228,0.10437956204379573,0.08406210559623539,0.013868613138686259,0.01433617224680206,-0.004395032558401235,0.016099885262384594
003016.SZ,20211022,0.0,,,,0.0,0.0,0,False,未实施,20211022,0,-0.051959890610756676,0.027884615384615286,0.02012279455221866,-0.039423076923076894,-0.02987305243156757,0.05865384615384617,0.06526385136587498,0.03653846153846141,0.04851965821908477
003016.SZ,20220126,0.0,,,,0.0,0.0,0,False,未实施,20220126,0,0.011282051282051286,-0.04361054766734285,-0.02630423158767292,-0.010141987829614618,-0.017047748785337435,-0.006085192697768749,-0.014221980522251987,-0.1815415821501014,-0.07178780387015327
003016.SZ,20221111,0.0,,,,0.0,0.0,0,False,未实施,20221111,0,-0.0035714285714286698,-0.0035842293906809264,-0.0023267373191259155,0.008363201911588902,0.005123605202831616,0.0669056152927121,0.027097274847497577,0.2783751493428914,0.20174359920483886
003016.SZ,20231111,0.0,,,,0.0,0.0,0,False,未实施,20231110,1,0.0,0.010332950631458004,0.00782480502580074,0.016073478760045612,0.010951936872017454,-0.050516647531573144,-0.028323417708822407,-0.3191733639494835,-0.23431902180058928
003016.SZ,20240109,0.0,,,,0.0,0.0,0,False,未实施,20240109,0,0.013597033374536327,-0.003658536585365746,0.0017249644858305935,0.0012195121951221743,0.0009644320105139936,-0.29390243902439017,-0.2676365157525392,-0.15243902439024382,-0.1878693770578893
003020.SZ,20231031,0.0,,,,0.0,0.0,0,False,未实施,20231031,0,-0.033676975945017285,0.09992887624466573,0.0983621994674746,0.02560455192034139,0.012689481913650047,0.02880512091038412,0.022106614225189114,-0.20519203413940246,-0.14940200588860975
003027.SZ,20240330,0.11,,,,0.0,0.0,0,False,未实施,20240329,1,0.02261904761904754,0.028521536670547354,0.01641886157900907,0.01571594877764837,0.01326040148134,-0.10884749708963903,-0.1271186198436841,-0.2761632307877028,-0.2649393424404938
003028.SZ,20221228,0.02,,,,0.0,0.0,0,False,未实施,20221228,0,-0.019264069264069206,-0.05804458177002869,-0.053846711841973205,0.045023173692341656,0.022562014276797715,0.23239902891193998,0.15803102963094262,0.017214742882365908,-0.03701036826522308
003028.SZ,20230330,0.14,,,,0.0,0.0,0,False,未实施,20230330,0,0.006112202575856873,0.03601648947711,0.03234083212062977,-0.04122369277500548,-0.06035435389859789,-0.13083098285962247,-0.14705328491496594,-0.08569781814497879,-0.06879806207349082
003038.SZ,20260515,0.03,,,,0.0,0.0,0,False,未实施,20260515,0,-0.005726556907659219,-0.02591792656587477,-0.025007437634084195,-0.036717062634989195,-0.03144972262874357,-0.09863210943124567,-0.0754073439382058,-0.21670266378689707,-0.1882223147015346
003043.SZ,20260611,0.0,,,,0.0,0.0,0,False,未实施,20260611,0,0.01724137931034475,-0.005121326667479553,-0.016102392902362483,0.0024387269845138615,-0.02291743997545137,0.14681136446774778,0.144186403337635,-0.16680892574076334,-0.15474639352148234
300005.SZ,20260617,0.01,,,,0.0,0.0,0,False,未实施,20260617,0,-0.01193181818181821,-0.018976423231742423,-0.014756623539495917,0.3093732029902241,0.3054947986119947,0.0690051753881542,0.13114065174033862,-0.3962047153536514,-0.3695519599138507
300009.SZ,20240828,0.09,,,,0.0,0.0,0,False,未实施,20240828,0,-0.010139416983523386,0.02688860435339313,0.03209862252016915,0.001280409731114096,0.02039453889615417,0.11779769526248396,0.027252648610361918,0.14596670934699096,-0.022503285426066055
300009.SZ,20250822,0.01,,,,0.0,0.0,0,False,未实施,20250822,0,-0.002581755593803692,0.02070750647109576,0.00551540957643426,-0.03192407247627249,-0.039996090641199245,-0.11044003451251061,-0.10911974418309556,-0.15012942191544443,-0.15256739487562976
300017.SZ,20210331,0.17,,,,0.0,0.0,0,False,未实施,20210331,0,0.0,0.0015552099533437946,-0.005500658254027568,0.018662519440124425,0.00677417632593702,-0.11353032659409024,-0.12194618623907161,-0.08865279408087956,-0.1265373554984901
300017.SZ,20210818,0.01,,,,0.0,0.0,0,False,未实施,20210818,0,-0.012738853503184933,0.032258064516129004,0.03813527491944724,-0.001612903225806428,-0.017150465603761544,0.07096774193548372,0.02089740317893618,0.02096774193548412,-0.0005642455022888404
300017.SZ,20220429,0.06,,,,0.0,0.0,0,False,未实施,20220429,0,0.0714285714285714,0.006249999999999867,-0.0005385560474493456,0.05208333333333326,0.04807949025796665,0.07096323175223862,0.0254969209418332,0.11707123781593576,0.03692526060491752
300017.SZ,20230513,0.0,,,,0.0,0.0,0,False,未实施,20230512,1,-0.019255455712451908,-0.01439790575916211,-0.025822034789439008,0.0013089005235604745,-0.0021003551731384462,0.0789643222993206,0.0926396392379778,-0.0843953553137633,-0.08109803586585862
300017.SZ,20230712,0.0,,,,0.0,0.0,0,False,未实施,20230712,0,-0.032400589101620025,0.019786910197869156,0.007074139343448138,0.030441400304414,0.02957097247321272,0.0426179604261796,0.027079691694645858,0.06544901065449005,0.09569700492183486
300017.SZ,20240426,0.0,,,,0.0,0.0,0,False,未实施,20240426,0,-0.016632016632016522,0.020084566596194398,0.012086696839938904,-0.06553911205074014,-0.07744034058529525,-0.12070867254884288,-0.1270346446558086,-0.22409069743480803,-0.16982483923571356
300021.SZ,20240620,0.76,20250619,,,0.0,0.0,0,False,未实施,20240620,0,-0.008928571428571286,0.024024024024023927,0.026517090355218764,0.012012012012011963,0.032481547325366344,-0.009009009009009028,0.00041230664769398295,-0.027027027027026973,0.07621508781684438
300049.SZ,20210428,0.3,20211124,,,0.0,0.0,0,False,未实施,20210428,0,0.026497695852534697,-0.0572390572390572,-0.06207719992463401,-0.08417508417508412,-0.07640674167236416,0.3580246913580245,0.2985240181458504,1.0325476992143656,1.0781648303988485
300050.SZ,20210819,0.1,,,,0.0,0.0,0,False,未实施,20210819,0,0.011627906976743985,0.003831417624521105,0.015025903509363392,-0.015325670498084198,-0.02547978339691781,-0.03448275862068961,-0.07236839766907555,-0.14176245210727945,-0.16968093088706593
300051.SZ,20250805,0.01,,,,0.0,0.0,0,False,未实施,20250805,0,-0.005148005148004953,-0.002587322121604285,-0.007087844371367336,-0.028460543337645694,-0.04126630918990981,-0.06080206985769743,-0.11935647999943144,-0.09184993531694707,-0.17230637991650544
300051.SZ,20260430,,,,,0.0,0.0,0,False,未实施,20260430,0,0.00427350427350448,0.017629179331307032,0.0058842720289786765,-0.0018237082066868693,-0.026059903361148495,-0.31550151975683893,-0.30927690456410184,-0.46626139817629186,-0.4372769466854678
300052.SZ,20210515,0.07,,,,0.0,0.0,0,False,未实施,20210514,1,0.03360215053763449,-0.04031209362808841,-0.04774369394510092,-0.015604681404421394,-0.014526339318476356,0.07672301690507144,0.04691702245003193,0.06892067620286091,0.0676180778335902
300063.SZ,20210416,0.0,,,,0.0,0.0,0,False,未实施,20210416,0,0.008196721311475308,-0.0060975609756097615,-0.02065383443986757,-0.014227642276422925,-0.027719139579520213,-0.11382113821138196,-0.1351105689588339,-0.09146341463414631,-0.12662958132863256
300065.SZ,20210427,0.0,,,,0.0,0.0,0,False,未实施,20210427,0,-0.07992895204262884,0.007722007722007707,0.003507789967027719,-0.02316602316602312,-0.016383934259003086,0.020270270270270396,-0.024547607617819822,0.2595806731820418,0.25056101369801853
300065.SZ,20210427,0.02,,,,0.0,0.0,0,False,未实施,20210427,0,-0.07992895204262884,0.007722007722007707,0.003507789967027719,-0.02316602316602312,-0.016383934259003086,0.020270270270270396,-0.024547607617819822,0.2595806731820418,0.25056101369801853
300078.SZ,20210316,3.0,20220316,,,0.0,0.0,0,False,未实施,20210316,0,0.019525801952580135,0.1354309165526677,0.13582059213657027,0.11217510259917951,0.1236585620934112,0.03830369357045149,0.0474240684234466,-0.028727770177838563,-0.05872039940275975
300084.SZ,20260429,0.16,,,,0.0,0.0,0,False,未实施,20260429,0,0.007054673721340388,0.034150612959719995,0.03298248550363203,0.10858143607705784,0.07774956280313483,0.02977232924693518,0.042404065096168786,-0.007005253940455258,0.05164735194985193
300094.SZ,20210309,0.01,,,,0.0,0.0,0,False,未实施,20210309,0,-0.039999999999999925,0.03385416666666652,0.03433289277374052,0.0703125,0.04315936322490144,0.01822916666666652,-0.0169835818686932,0.125,0.04991261385826684
300094.SZ,20211026,0.01,,,,0.0,0.0,0,False,未实施,20211026,0,-0.02962962962962956,0.01526717557251911,0.02533703917682706,0.02035623409669185,0.047136701633851086,0.07633587786259532,0.07889943673764965,1.2646310432569976,1.2897444574781178
300094.SZ,20211230,0.0,,,,0.0,0.0,0,False,未实施,20211230,0,-0.013392857142857206,0.02488687782805421,0.01909005278866549,0.1945701357466063,0.20780082248902065,0.40045248868778294,0.5078365623814263,0.5271493212669682,0.6836791254009404
300094.SZ,20220427,0.05,,,,0.0,0.0,0,False,未实施,20220427,0,0.023809523809523947,-0.050387596899224785,-0.0558777920593756,0.02713178294573626,0.01145238065108023,0.017441860465116088,-0.04419754695091638,0.0348837209302324,-0.0658922836741842
300094.SZ,20220825,0.0,,,,0.0,0.0,0,False,未实施,20220825,0,-0.007352941176470673,0.031481481481481444,0.034676909877721096,0.07222222222222219,0.09284820611781797,-0.07777777777777772,-0.030633434028322415,-0.009259259259259411,0.036914368971831646
300100.SZ,20210427,0.0,,,,0.0,0.0,0,False,未实施,20210427,0,-0.04733131923464229,0.004228329809724984,2.872235339412832e-05,0.039112050739957605,0.046326531889882006,0.046511627906976605,0.0005410339235050188,0.13953488372093004,0.1313748532916259
300125.SZ,20240427,,,,,0.0,0.0,0,False,未实施,20240426,1,-0.009124087591240948,-0.20073664825046045,-0.204904070450589,-0.4511970534069981,-0.4626251238381486,-0.5893186003683241,-0.5897226961268858,-0.6095764272559852,-0.5828713164944631
300125.SZ,20240615,0.1,,,,0.0,0.0,0,False,未实施,20240614,1,-0.06334841628959276,0.19806763285024154,0.2047186587477512,-0.004830917874396157,0.0066191748246056115,-0.11111111111111105,-0.09276122214574978,1.4057971014492758,1.6378924697404917
300147.SZ,20221226,0.08,,,,0.0,0.0,0,False,未实施,20221226,0,-0.02218934911242587,-0.04841149773071107,-0.0576352024508241,-0.051437216338880765,-0.06694449222432985,-0.11346444780635412,-0.16523145767537162,-0.14220877458396386,-0.18973558094853427
300157.SZ,20260625,,,,,0.0,0.0,0,False,未实施,20260625,0,-0.023076923076922995,-0.02887139107611536,-0.006441700219447011,-0.005249343832021025,0.01731191259672027,0.11811023622047245,0.20214312959379543,,
300159.SZ,20260429,0.0,,,,0.0,0.0,0,False,未实施,20260429,0,-0.04481792717086819,-0.011730205278592365,-0.012846507939703322,0.18475073313782997,0.15180043893612027,0.14956011730205265,0.16366123395877286,-0.16715542521994142,-0.10645193055736701
300160.SZ,20210715,0.0,,,,0.0,0.0,0,False,未实施,20210715,0,0.0277777777777779,0.03290246768507643,0.040281993839025754,0.03290246768507643,0.029971349442364348,-0.00235017626321965,0.008929852398041005,-0.16216216216216217,-0.16299520095735487
300167.SZ,20230819,,,,,0.0,0.0,0,False,未实施,20230818,1,-0.0064102564102563875,-0.04516129032258076,-0.03312915534750793,-0.14516129032258063,-0.1262240893505885,-0.06129032258064515,-0.05701200736321643,0.19354838709677424,0.2183013988385052
300170.SZ,20210612,0.35,,,,0.0,0.0,0,False,未实施,20210611,1,-0.014066496163682829,0.007782101167314925,0.017186522950800587,0.028534370946822207,0.046185398253706156,-0.0025940337224383825,0.009188691511051283,0.018158236057068677,0.009131302639286298
300170.SZ,20210612,0.24,,,,0.0,0.0,0,False,未实施,20210611,1,-0.014066496163682829,0.007782101167314925,0.017186522950800587,0.028534370946822207,0.046185398253706156,-0.0025940337224383825,0.009188691511051283,0.018158236057068677,0.009131302639286298
300172.SZ,20210428,0.0,,,,0.0,0.0,0,False,未实施,20210428,0,0.004901960784313708,0.008130081300813163,0.0029564715788497065,-0.04552845528455285,-0.03743229875907639,0.014027549601920875,-0.03040118740187414,-0.039230199851961634,-0.017667329751356986
300182.SZ,20241219,0.36,,,,0.0,0.0,0,False,未实施,20241219,0,0.0,0.07261724659606639,0.07324265111160444,-0.06959152798789714,-0.07726993574123175,-0.1255673222390319,-0.09098408395376745,-0.10892586989410002,-0.10892460071905341
300188.SZ,20210331,0.01,,,,0.0,0.0,0,False,未实施,20210331,0,-0.014882655981682813,-0.009296920395119201,-0.016276336300363847,-0.0023242300987796893,-0.01396764648344817,-0.01568855316676343,-0.025033291325339935,0.018315415559120085,-0.024015797674086237
300188.SZ,20220223,0.02,,,,0.0,0.0,0,False,未实施,20220223,0,0.01025641025641022,-0.04378172588832485,-0.027280450459139405,-0.019670050761421365,-0.018275914782940217,0.056472081218274184,0.1269181411467044,-0.1941624365482233,-0.09518333161554648
300207.SZ,20230621,0.01,,,,0.0,0.0,0,False,未实施,20230621,0,-0.018633540372670843,-0.008860759493670822,0.006013538314124434,0.032911392405063244,0.0315690853281283,-0.0025316455696202667,0.006963927480057919,-0.027848101265822822,-0.0028539146842188057
300212.SZ,20220420,0.0,,,,0.0,0.0,0,False,未实施,20220420,0,-0.017973856209150374,-0.05435385468663334,-0.032479171650731664,-0.20244037714919572,-0.1504697354504736,-0.11591791458679979,-0.11474006831360062,-0.016638935108153174,-0.05513505135623964
300221.SZ,20220808,,,,,0.0,0.0,0,False,未实施,20220808,0,0.0017985611510793476,-0.010771992818671583,-0.013969908951102727,0.0,-0.011951239390162738,-0.07899461400359076,-0.0683388923990701,-0.06642728904847406,-0.013894576786294466
300221.SZ,20230704,,,,,0.0,0.0,0,False,未实施,20230704,0,-0.006451612903225934,0.0016233766233766378,0.008585535190162252,0.01461038961038974,0.022164014562567003,-0.09253246753246747,-0.10510653247697244,-0.12824675324675316,-0.08804155316716766
300221.SZ,20240223,,,,,0.0,0.0,0,False,未实施,20240223,0,0.03773584905660399,0.031818181818181746,0.04147391112749865,0.011363636363636243,0.003966598639374874,0.12045454545454515,0.10459168658770657,0.19999999999999996,0.16737079136208521
300221.SZ,20260330,,,,,0.0,0.0,0,False,未实施,20260330,0,-0.020750988142292592,-0.025227043390514514,-0.017355845323781982,-0.020181634712411634,-0.011839073408795309,0.10191725529767903,0.05994652346230622,0.525731584258325,0.4693242935726536
300225.SZ,20210806,0.06,,,,0.0,0.0,0,False,未实施,20210806,0,0.051498847040737816,-0.012426900584795342,-0.022715435623626656,0.047514619883040954,0.03021505783666556,-0.0008011643997134499,-0.0352559109126972,0.05483188432235386,0.0401616677832215
300241.SZ,20220720,0.0,,,,0.0,0.0,0,False,未实施,20220720,0,0.0055147058823528106,0.010968921389396868,0.021079564720309252,0.001828153564899626,0.010687777414282396,0.1060329067641681,0.1101305877563854,-0.07861060329067637,0.003257780848595404
300241.SZ,20260429,0.0,,,,0.0,0.0,0,False,未实施,20260429,0,0.051908396946564794,-0.010159651669085501,-0.011277728353021987,0.04789550072568938,0.01875142503467031,0.07837445573294621,0.0916023711512417,-0.2433337745188684,-0.18495646355603734
300266.SZ,20210804,0.0,,,,0.0,0.0,0,False,未实施,20210804,0,0.0,-0.02071005917159774,-0.01769595675381619,-0.01183431952662739,-0.027331889771578965,0.014792899408283988,-0.010777395197126505,-0.050295857988165715,-0.05419880384945941
300266.SZ,20220428,0.02,,,,0.0,0.0,0,False,未实施,20220428,0,-0.0658307210031348,0.043624161073825496,0.019108708829828958,0.08724832214765099,0.06563138397413115,0.12416107382550323,0.049741319335208756,0.37248322147651014,0.24667522136296016
300269.SZ,20230301,0.0,,,,0.0,0.0,0,False,未实施,20230301,0,0.021844660194174637,0.04750593824228044,0.04804199086964389,0.0,0.008863144327298622,0.028503562945368266,0.05145117024314261,-0.15439429928741089,-0.13127950237572583
300271.SZ,20210629,0.02,,,,0.0,0.0,0,False,未实施,20210629,0,0.03365658870507704,0.06236203090507719,0.05703154982284153,0.11423841059602657,0.12778472538454566,-0.029249448123620292,0.02587292986377987,-0.35982339955849885,-0.37195868739994375
300274.SZ,20220420,0.0,,,,0.0,0.0,0,False,未实施,20220420,0,-0.20000000000000007,-0.10543840177580455,-0.08474540628883054,-0.14248057713651485,-0.08660283032175431,0.14248057713651496,0.14400268295924956,0.6748362013904885,0.6092705699992123
300275.SZ,20230421,0.0,,,,0.0,0.0,0,False,未实施,20230421,0,-0.06355555555555548,0.04224015187470331,0.05046390124772171,0.05742762221167541,0.05042203510160137,0.11058376839107709,0.1440279838352747,0.10194645165063654,0.14839065594987
300286.SZ,20210326,0.01,,,,0.0,0.0,0,False,未实施,20210326,0,0.09865470852017921,-0.0221574344023322,-0.02698761766628377,-0.14110787172011652,-0.15739286582103929,-0.1889212827988337,-0.19430443171017908,-0.023852511103117813,-0.0750564482542847
300286.SZ,20220331,0.0,,,,0.0,0.0,0,False,未实施,20220331,0,-0.03304597701149414,-0.02860326894502252,-0.03763265284992379,-0.1757057949479941,-0.15356317091046856,-0.32012832536167246,-0.27925210288324653,0.05135956757606541,0.009327248408094402
300290.SZ,20210617,0.01,,,,0.0,0.0,0,False,未实施,20210617,0,-0.023941068139963106,-0.016981132075471694,-0.016839637018205456,-0.04339622641509422,-0.054406068980566547,-0.0641509433962264,-0.07438634473934691,0.3698113207547169,0.3076748093704531
300298.SZ,20210623,0.03,,,,0.0,0.0,0,False,未实施,20210623,0,0.00764373546028585,0.0303430079155671,0.03021763301854241,0.03298153034300788,0.025797050354432915,-0.05573878627968343,-0.054795548426554985,-0.17381266490765168,-0.19415047868677682
300301.SZ,20260408,,,,,0.0,0.0,0,False,未实施,20260408,0,-0.01764705882352946,-0.020958083832335328,-0.013842365784656585,0.08383233532934153,0.07516320421370715,0.0748502994011977,0.016332123291617595,0.08982035928143728,0.0911210200507333
300302.SZ,20220429,0.0,,,,0.0,0.0,0,False,未实施,20220429,0,0.05882352941176472,0.01139601139601143,0.004572738343064042,0.07977207977207978,0.07566286348892448,0.07977207977207978,0.033931801107244475,0.14814814814814814,0.06577251067647905
300302.SZ,20220429,0.18,,,,0.0,0.0,0,False,未实施,20220429,0,0.05882352941176472,0.01139601139601143,0.004572738343064042,0.07977207977207978,0.07566286348892448,0.07977207977207978,0.033931801107244475,0.14814814814814814,0.06577251067647905
300303.SZ,20210821,0.0,,,,0.0,0.0,0,False,未实施,20210820,1,0.042944785276073594,0.00588235294117645,-0.008523551044027466,-0.032352941176470584,-0.05840376971970873,-0.13970588235294112,-0.1841332036347595,-0.026470588235294135,-0.0703462950141911
300313.SZ,20250106,,,,,0.0,0.0,0,False,未实施,20250106,0,0.19962686567164156,0.012441679626749691,0.005318978375702166,-0.09175738724727833,-0.07849107483235063,-0.16329704510108856,-0.19132134747517726,-0.1057542768273716,-0.1001104275329413
300323.SZ,20260323,0.03,,,,0.0,0.0,0,False,未实施,20260323,0,-0.1021897810218978,0.03353658536585358,0.01542988192785999,0.007113821138211351,-0.02112437596648875,0.10264227642276413,0.029279827335428665,0.6280487804878048,0.4912482991926803
300324.SZ,20210108,0.01,,,,0.0,0.0,0,False,未实施,20210108,0,0.015463917525773141,-0.050761421319796995,-0.04038325225559025,-0.027918781725888353,-0.026901993269923485,-0.23604060913705593,-0.21992048131721043,-0.11675126903553301,-0.07607915085958172
300327.SZ,20210513,0.0,,,,0.0,0.0,0,False,未实施,20210513,0,-0.005925925925926001,0.01192250372578263,-0.0057161297025931646,0.09708324462422824,0.07286747749520117,0.2859271875665319,0.22135306632878549,0.47804292342687527,0.46578016341781203
300327.SZ,20210513,0.02,,,,0.0,0.0,0,False,未实施,20210513,0,-0.005925925925926001,0.01192250372578263,-0.0057161297025931646,0.09708324462422824,0.07286747749520117,0.2859271875665319,0.22135306632878549,0.47804292342687527,0.46578016341781203
300327.SZ,20240330,0.01,,,,0.0,0.0,0,False,未实施,20240329,1,0.022595596755503822,0.13201133144475952,0.11869088568261699,0.11898016997167149,0.11627497593164171,0.11671388101983027,0.09381811813455032,0.1350987446572829,0.15269970403788302
300338.SZ,20260428,,,,,0.0,0.0,0,False,未实施,20260427,1,0.03943661971830981,-0.008130081300812941,-0.013242195954104474,-0.024390243902438935,-0.04623859633122063,-0.1544715447154471,-0.15077753031477537,-0.20054200542005407,-0.14531206302759525
300343.SZ,20210608,0.03,,,,0.0,0.0,0,False,未实施,20210608,0,0.04444444444444451,0.045592705167173175,0.042305696684573624,0.07598784194528863,0.09488073249988438,0.7659574468085104,0.7790718983697664,5.237082066869301,5.259822206654717
300343.SZ,20210617,0.0,,,,0.0,0.0,0,False,未实施,20210617,0,-0.025423728813559254,0.0028985507246377384,0.0030429072497231147,-0.06376811594202902,-0.07454349226071644,1.31304347826087,1.2877456717855345,6.023188405797102,5.704606992635615
300343.SZ,20210617,0.0,,,,0.0,0.0,0,False,未实施,20210617,0,-0.025423728813559254,0.0028985507246377384,0.0030429072497231147,-0.06376811594202902,-0.07454349226071644,1.31304347826087,1.2877456717855345,6.023188405797102,5.704606992635615
300343.SZ,20240109,,,,,0.0,0.0,0,False,未实施,20240109,0,0.010903426791277315,-0.007704160246532976,-0.0023425187687725613,0.007704160246533087,0.0074474279714473735,-0.3759630200308166,-0.35274964508016393,-0.03235747303543901,-0.072807560962035
300347.SZ,20210826,5.0,20220825,,,0.0,0.0,0,False,未实施,20210826,0,-0.048211403980634726,-0.03574708583539388,-0.04135724407117791,-0.08159660897209475,-0.10594876820158983,0.21674320028258554,0.1891787760714676,-0.01695513952666905,-0.033795664784625035
300348.SZ,20241026,0.0,,,,0.0,0.0,0,False,未实施,20241025,1,0.041617122473246226,0.0022831050228309113,-0.004504138502070876,-0.12214611872146108,-0.11471817102414805,-0.12557077625570778,-0.11687016705178599,-0.259703196347032,-0.24707975264570325
300348.SZ,20250425,0.06,,,,0.0,0.0,0,False,未实施,20250425,0,-0.011691348402182333,-0.014195583596214534,-0.012203448574944709,0.037066246056782326,0.02229670113582749,-0.025236593059936974,-0.0383325146024911,0.4331788620381276,0.30969717677380193
300348.SZ,20251025,0.0,,,,0.0,0.0,0,False,未实施,20251024,1,0.004169562195969201,0.01591695501730106,0.004064087066964817,0.0235294117647058,0.02237034226402712,-0.06574394463667821,-0.037625154946689277,0.06020761245674744,0.018110763430577492
300351.SZ,20240830,0.0,,,,0.0,0.0,0,False,未实施,20240830,0,0.047357584076870296,-0.023591087811271283,-0.012761038112525158,-0.08387942332896459,-0.05857086611673945,0.3414154652686763,0.09250309095455411,0.2601572739187419,0.06003025333684775
300363.SZ,20230511,0.0,,,,0.0,0.0,0,False,未实施,20230511,0,0.009154714678059284,-0.023283943150892328,-0.012183891395315283,-0.031750831569398286,-0.02815914304265721,-0.10999123125548615,-0.0834133435662664,-0.1105958567777311,-0.09951647563368082
300363.SZ,20230819,0.02,,,,0.0,0.0,0,False,未实施,20230818,1,-0.04914370811615776,-0.015270164447924839,-0.002861364746720163,-0.06460454189506648,-0.04388277113540329,-0.02623335943617844,-0.021795266661848278,0.1805011746280345,0.2049836001020222
300388.SZ,20251112,1.0,,,,0.0,0.0,0,False,未实施,20251112,0,0.04143337066069441,-0.008602150537634468,-0.015826128308573995,0.012903225806451424,0.02660723550544586,-0.08602150537634412,-0.06267265242869802,-0.09232211829428894,-0.10693303237731389
300396.SZ,20230418,0.01,,,,0.0,0.0,0,False,未实施,20230418,0,-0.0021186440677966045,0.02214134061267825,0.029178652311494524,0.06460418562329395,0.1064920556376272,0.11592378451934926,0.15323615193666784,-0.15460319354594743,-0.1029165900480461
300396.SZ,20230418,0.02,,,,0.0,0.0,0,False,未实施,20230418,0,-0.0021186440677966045,0.02214134061267825,0.029178652311494524,0.06460418562329395,0.1064920556376272,0.11592378451934926,0.15323615193666784,-0.15460319354594743,-0.1029165900480461
300396.SZ,20230824,0.0,,,,0.0,0.0,0,False,未实施,20230824,0,0.022695692450208416,-0.04211956521739135,-0.03643957275648568,0.05253623188405809,0.03984035401326258,0.05525362318840599,0.05441306727146755,0.4116847826086958,0.4308442297961794
300396.SZ,20240419,0.05,,,,0.0,0.0,0,False,未实施,20240419,0,0.09182776801405979,-0.02575452716297788,-0.01914164079550451,-0.008048289738430636,-0.015555349778515914,0.012670239727450294,-0.017236226239470964,-0.29286808362465844,-0.2719359216081497
300402.SZ,20260423,,,,,0.0,0.0,0,False,未实施,20260423,0,-0.020493956910141886,-0.004828326180257525,-0.0015720596071834292,-0.013412017167382051,-0.017948706561924488,-0.11158798283261817,-0.12275865691420584,-0.3015021459227468,-0.26064091838987336
300415.SZ,20220705,0.01,,,,0.0,0.0,0,False,未实施,20220705,0,-0.053705692803437066,-0.0005675368898979682,0.013931063616068773,-0.05278093076049961,-0.017403474449059875,0.26276958002270145,0.34907096035368945,0.08569807037457422,0.21368227164882692
300415.SZ,20230706,0.0,,,,0.0,0.0,0,False,未实施,20230706,0,0.004115226337448652,-0.02202868852459028,-0.019285750917402034,-0.03790983606557363,-0.04709685064141733,0.021516393442623016,-0.0018032186660021932,-0.03944672131147542,-0.010078818429674952
300426.SZ,20230721,0.17,,,,0.0,0.0,0,False,未实施,20230721,0,0.013481363996828089,0.014084507042253502,0.015233274357442372,-0.0719874804381847,-0.10263312614756603,-0.16275430359937415,-0.15318619532485334,-0.33489827856025034,-0.28320381664705907
300433.SZ,20250328,0.01,,,,0.0,0.0,0,False,未实施,20250328,0,-0.00966744006187159,-0.010933229207340966,-0.006319427235957131,-0.2948067161265132,-0.2367960951325705,-0.1964076532604453,-0.18103866399325252,-0.12267533746146075,-0.14135822042006996
300440.SZ,20210105,0.01,,,,0.0,0.0,0,False,未实施,20210105,0,-0.023231256599788863,-0.00216216216216214,-0.008400621526295948,-0.1394594594594596,-0.158457828112872,-0.2767567567567568,-0.27778179065573594,-0.09621621621621634,-0.0834758832456931
300440.SZ,20220426,0.16,,,,0.0,0.0,0,False,未实施,20220426,0,-0.06260032102728741,0.03082191780821919,0.005783382275567739,-0.02568493150684925,-0.06305801479067641,0.053241135216622215,-0.028795599152437568,0.15811758537064957,0.028437331800322596
300442.SZ,20250424,10.0,20260422,,,0.0,0.0,0,False,未实施,20250424,0,-0.1416206261510129,-0.017378245011800075,-0.01671380201765449,0.08302939283415567,0.07688109256281095,-0.051705642565972876,-0.06402494455051777,0.09644378653704933,0.009210023752226348
300451.SZ,20210812,0.01,,,,0.0,0.0,0,False,未实施,20210812,0,-0.003759398496240629,-0.015094339622641506,-0.012730738958575571,-0.0641509433962264,-0.04816903748507151,0.02264150943396226,-0.023986925588980412,0.05283018867924527,0.050277986914223805
300451.SZ,20211207,,,,,0.0,0.0,0,False,未实施,20211207,0,-0.053212851405622597,0.0031813361611876534,-0.008533756667520431,0.011664899257687988,-0.006691407628535706,0.14209968186638378,0.14207175818219042,-0.1092258748674444,-0.01657568055168901
300451.SZ,20220415,0.01,,,,0.0,0.0,0,False,未实施,20220415,0,0.0,-0.01591895803183796,-0.011077642102252372,0.01881331403762654,0.059845962566658306,0.02894356005788712,0.07071111381309736,-0.03473227206946461,-0.05546838146889388
300456.SZ,20221214,,,,,0.0,0.0,0,False,未实施,20221214,0,0.05432595573440646,0.04643765903307884,0.04903918283103237,0.03180661577608124,0.06816210533763356,-0.01908396946564883,-0.015029887719155366,0.06424936386768443,0.04763836779951092
300457.SZ,20240327,0.02,,,,0.0,0.0,0,False,未实施,20240327,0,-0.12077294685990336,0.02335164835164827,0.01739481113907071,0.13392857142857162,0.10579289653090429,0.06318681318681318,0.030314356010908705,0.21222527472527464,0.23168374088290333
300464.SZ,20221230,0.01,,,,0.0,0.0,0,False,未实施,20221230,0,0.021996615905245376,0.008278145695364225,-0.0005392801526749036,0.004966887417218624,-0.022506518264217013,0.07947019867549665,0.02966131606130329,0.09437086092715252,0.025603060933518718
300464.SZ,20230424,0.01,,,,0.0,0.0,0,False,未实施,20230424,0,0.04174228675136127,0.008710801393728262,0.011967628659170781,0.06968641114982588,0.045726896142156415,0.16724738675958206,0.1942849589430049,0.2804878048780488,0.3255098800411864
300464.SZ,20231024,0.01,,,,0.0,0.0,0,False,未实施,20231024,0,0.03963963963963968,0.006932409012131657,0.002913703502576581,0.036395147313691645,0.01698850381031125,0.09532062391681118,0.05758725148009858,-0.02426343154246091,0.020028937864591922
300464.SZ,20231221,0.03,,,,0.0,0.0,0,False,未实施,20231221,0,0.025974025974025983,-0.03322784810126578,-0.031921129062749465,-0.07753164556962022,-0.08876740733734179,-0.1297468354430379,-0.10318841854171756,-0.3101265822784809,-0.3346528222554789
300464.SZ,20240423,0.22,,,,0.0,0.0,0,False,未实施,20240423,0,0.058651026392961825,0.06094182825484773,0.05298175653633863,0.09972299168975085,0.07037874028600122,0.06648199445983383,0.043386115220027,-0.049861495844875314,-0.0313466812920844
300464.SZ,20240820,0.02,,,,0.0,0.0,0,False,未实施,20240820,0,-0.03589743589743599,-0.007978723404255206,-0.004479194611705872,-0.11170212765957444,-0.10611121645268717,-0.010638297872340274,0.03660145973339657,0.542553191489362,0.3120021236825907
300465.SZ,20260209,0.35,20270310,,,0.0,0.0,0,False,未实施,20260209,0,0.02905701754385981,0.014384656366542181,0.0130864694624937,-0.009057005860415468,-0.007689799178293599,-0.08950452850293023,-0.07305174604213471,-0.22429408630793812,-0.2258783257377176
300472.SZ,20230426,0.1,,,,0.0,0.0,0,False,未实施,20230426,0,0.0020408163265304147,-0.024439918533604832,-0.030907402813528773,0.012219959266802416,-0.026808756145429213,0.07637474541751543,0.0906260216187722,-0.0478615071283095,-0.035727917258928876
300472.SZ,20240426,0.26,,,,0.0,0.0,0,False,未实施,20240426,0,0.030476190476190546,0.060998151571164394,0.05267950299459678,0.05730129390018468,0.0438355785440272,-0.049907578558225585,-0.05674292194151853,-0.2051756007393717,-0.14958685086762524
300472.SZ,20240914,0.01,,,,0.0,0.0,0,False,未实施,20240913,1,-0.03237410071942437,-0.027881040892193232,-0.03260042775613792,0.027881040892193232,-0.029213901830794975,0.41821561338289936,0.16711425246905742,0.4498141263940518,0.1662783862237196
300472.SZ,20250430,0.23,,,,0.0,0.0,0,False,未实施,20250429,1,-0.1937984496124031,0.0064102564102563875,-0.002530190839366564,-0.019230769230769273,-0.04327219351400602,0.04807692307692313,0.02459611915672788,0.5416666666666663,0.40369290751867015
300482.SZ,20211203,0.0,,,,0.0,0.0,0,False,未实施,20211203,0,-0.009196645929131608,-0.03248703248703266,-0.027601063914879598,0.012012012012011963,-0.0042503279847176945,0.07507507507507505,0.06552191194084211,0.216216216216216,0.3008022225622198
300482.SZ,20220115,0.03,,,,0.0,0.0,0,False,未实施,20220114,1,0.18590378142941977,-0.12020033388981621,-0.12527048990262923,-0.3188647746243739,-0.3191184672262093,-0.3656093489148581,-0.3600667044258856,-0.2015025041736227,-0.11969669580180764
300482.SZ,20250410,,,,,0.0,0.0,0,False,未实施,20250410,0,0.021624219125420563,-0.007525870178739402,-0.011997177078104548,-0.02775164628410154,-0.04455773038146882,0.02069614299153333,-0.02504271617537024,0.03609872259545299,-0.043813404218780994
300484.SZ,20240120,0.0,,,,0.0,0.0,0,False,未实施,20240119,1,-0.03239929947460585,-0.07239819004524906,-0.04684200777365122,-0.034389140271493424,-0.060250732748303726,-0.1800904977375566,-0.2199544937435225,0.6289592760180991,0.5152502127986414
300484.SZ,20240420,0.03,,,,0.0,0.0,0,False,未实施,20240419,1,0.023255813953488413,-0.11221590909090917,-0.1061898966785173,0.18963068181818188,0.1806275934001158,0.26917613636363624,0.2316944651945465,-0.11428981907162994,-0.08807147341712118
300487.SZ,20210427,0.01,,,,0.0,0.0,0,False,未实施,20210427,0,-0.009200102223357987,0.014186226463760665,0.009944975831474467,0.22904307454217165,0.2375762332976834,0.816094918751612,0.7363184882571414,1.34468157303164,1.3278916763323014
300491.SZ,20210330,0.0,,,,0.0,0.0,0,False,未实施,20210330,0,-0.025229357798165042,0.03607843137254907,0.040522997029469154,0.06901960784313732,0.06196915650136292,-0.018039215686274646,-0.018150475865662985,0.03700534759358276,0.0031944166848238975
300498.SZ,20210601,1.87,,,,0.0,0.0,0,False,未实施,20210601,0,0.015748031496062964,-0.0056377730796334236,0.0019850743328422293,0.0472163495419311,0.06026448258540862,0.01268498942917562,0.022136423102599778,-0.035607560200380806,-0.012636233423696686
300512.SZ,20230218,0.0,,,,0.0,0.0,0,False,未实施,20230217,1,0.006329113924050667,0.007547169811320753,-0.012759095662617903,0.002515723270440251,-0.010720212741368362,-0.02264150943396226,-0.0306159262486283,0.07295597484276728,0.04910540700745192
300529.SZ,20210512,0.0,,,,0.0,0.0,0,False,未实施,20210512,0,0.0004067194137786778,0.03859095688748693,0.04864975357174095,0.048475289169295444,0.03407737781836828,-0.049631966351209256,-0.08367451380102586,-0.3964248159831756,-0.3970860666297795
300529.SZ,20230331,0.06,,,,0.0,0.0,0,False,未实施,20230331,0,-0.008493956223456278,-0.00593080724876438,-0.013028320322665321,0.05172981878088967,0.03824831969604814,-0.03789126853377278,-0.06017424560753348,-0.2198105845571935,-0.21286357439128634
300531.SZ,20220412,0.0,,,,0.0,0.0,0,False,未实施,20220412,0,-0.003986710963455153,-0.0406937958639092,-0.03271516143671971,-0.05937291527685129,-0.05368891649599361,-0.06270847231487653,-0.023492639537411764,-0.13759437508603622,-0.16368698198024412
300531.SZ,20220429,0.8,20221027,,,0.0,0.0,0,False,未实施,20220429,0,0.06654991243432584,0.02791461412151075,0.020979900114101113,0.10426929392446627,0.10006685023418238,0.15020208959336334,0.10137179911301941,0.16025304484136282,0.07700892312117524
300531.SZ,20221201,0.02,,,,0.0,0.0,0,False,未实施,20221201,0,0.01844734819369709,0.03169811320754712,0.03474694257728106,0.03622641509433966,0.025894841861923368,-0.04528301886792452,-0.016778657872048908,0.1433962264150943,0.08742808820787218
300531.SZ,20230425,0.0,,,,0.0,0.0,0,False,未实施,20230425,0,-0.07243319268635728,-0.015163002274450332,-0.014930347738941863,0.012888551933282644,-0.00826259061442236,0.058377558756633974,0.07563045979887151,0.07489649570213897,0.08598979349047942
300531.SZ,20231130,0.0,,,,0.0,0.0,0,False,未实施,20231130,0,-0.08027522935779818,0.057356608478803084,0.05667192967994983,0.0037406483790525247,0.025217243088507812,-0.0654613466334164,-0.041749452965584744,-0.2400249376558603,-0.24243360890675913
300531.SZ,20240427,0.1,,,,0.0,0.0,0,False,未实施,20240426,1,0.02424830261881672,0.012310606060605966,0.004373687254781267,-0.006628787878787956,-0.01928029418318511,-0.0701234658717772,-0.07681336810801165,0.0831110499876333,0.15886210807932666
300535.SZ,20220305,,,,,0.0,0.0,0,False,未实施,20220304,1,-0.019382192610539084,-0.0061766522544781655,0.015861597329022814,-0.032118591723286016,0.008208685384837544,-0.029030265596047045,0.019753832495943646,-0.1581222977146387,-0.1031627674166794
300535.SZ,20260127,,,,,0.0,0.0,0,False,未实施,20260127,0,0.0073782587309394465,-0.00439453125,-0.007112731036379771,0.025390625,0.04358219651739659,0.03857421875,0.053184335370518365,-0.03369140624999989,-0.027171707786014188
300535.SZ,20260324,,,,,0.0,0.0,0,False,未实施,20260324,0,0.05468327016783969,0.02053388090349073,0.00741127656291396,-0.0056468172484599455,-0.00835016495479668,0.01642710472279285,-0.03926207461475695,-0.21714579055441463,-0.2600365556790639
300537.SZ,20250424,,,,,0.0,0.0,0,False,未实施,20250424,0,-0.03868698710433771,0.0006097560975610872,0.0012863624712116106,0.06768292682926846,0.061621747629361234,0.12073170731707328,0.10617226990414519,0.49146341463414633,0.3728016398017522
300551.SZ,20220422,1.0,20220722,,,0.0,0.0,0,False,未实施,20220422,0,-0.20031176929072492,-0.09941520467836251,-0.05070125175356566,-0.2787524366471734,-0.2693182051697356,-0.18810916179337223,-0.19347692610408074,-0.07196378596577202,-0.1244584811884577
300552.SZ,20210807,0.0,,,,0.0,0.0,0,False,未实施,20210806,1,-0.009661835748792202,0.016135084427767454,0.005548990672771925,0.22476547842401495,0.2045386424600255,0.07279549718574119,0.0358029631686263,-0.09831144465290809,-0.1108517997127072
300564.SZ,20240206,,,,,0.0,0.0,0,False,未实施,20240206,0,-0.035019455252918164,-0.08870967741935487,-0.10165899230496978,0.168010752688172,0.10409985242513242,0.3051075268817205,0.19605026328670516,0.3427419354838708,0.20053761643519552
300564.SZ,20240720,,,,,0.0,0.0,0,False,未实施,20240719,1,0.015404364569961526,0.015170670037926604,0.021367110360859698,0.031605562579013924,0.06422533276683029,0.22882427307206066,0.27272878730072003,0.49178255372945623,0.3539671796557917
300568.SZ,20220827,0.0,,,,0.0,0.0,0,False,未实施,20220826,1,-0.01060220525869382,-0.001285897985426443,-0.002674199580721237,-0.036005143591941735,-0.020956101787891424,-0.10501500214316328,-0.05075183656495896,-0.03557651093013281,0.013818392433563309
300568.SZ,20241030,0.01,,,,0.0,0.0,0,False,未实施,20241030,0,-0.01862197392923659,0.03320683111954459,0.028926794684762003,0.052182163187855846,0.015624699159763722,0.13377609108159372,0.11886093824180954,-0.1034155597722961,-0.09340260694417224
300568.SZ,20250411,0.01,,,,0.0,0.0,0,False,未实施,20250411,0,0.013468013468013407,0.007751937984496138,0.00015993384020784873,0.02214839424141757,0.010137521173400277,0.18715393133997815,0.1293573119374165,0.33111849390919157,0.22816364177298953
300568.SZ,20250417,2.0,20250716,,,0.0,0.0,0,False,未实施,20250417,0,0.017797552836485098,0.008743169398907069,0.009854756069591186,-0.003278688524590345,-0.008401485162664812,0.11256830601092882,0.07961171527276845,0.2808743169398906,0.1991930176489778
300577.SZ,20210429,0.01,,,,0.0,0.0,0,False,未实施,20210429,0,-0.031552376945729765,-0.007384882710686269,0.0006913438416713547,-0.03996524761077325,-0.030745013382776687,-0.018589373707793566,-0.05915196260337097,-0.284779005561171,-0.2606705190153108
300578.SZ,20210703,0.05,,,,0.0,0.0,0,False,未实施,20210702,1,-0.028472222222222232,-0.037169406719084974,-0.04140904386197275,-0.06004288777698363,-0.0614641506189062,-0.050393137955682676,-0.016459626213117584,-0.13688348820586138,-0.15688081947433086
300582.SZ,20210331,,,,,0.0,0.0,0,False,未实施,20210331,0,0.0068601583113454545,-0.019392033542976805,-0.026300330265572436,0.042976939203354325,0.030804833646501883,-0.0634171907756812,-0.07230880850925814,0.8465673443902764,0.7698058274668176
300582.SZ,20210629,0.0,,,,0.0,0.0,0,False,未实施,20210629,0,-0.0012964563526360884,0.009952401557767221,0.004884889717311269,0.24837732583297267,0.26355442982594757,0.5750757247944613,0.6645136543357619,0.09346603202077008,0.07273811876329828
300582.SZ,20210825,0.0,,,,0.0,0.0,0,False,未实施,20210825,0,-0.025690430314707746,-0.024390243902438935,-0.013602509512753436,-0.08932102834541877,-0.09614189002490725,-0.18457481872116033,-0.20097861991965982,-0.0998681608437707,-0.10585517546228329
300582.SZ,20210825,,,,,0.0,0.0,0,False,未实施,20210825,0,-0.025690430314707746,-0.024390243902438935,-0.013602509512753436,-0.08932102834541877,-0.09614189002490725,-0.18457481872116033,-0.20097861991965982,-0.0998681608437707,-0.10585517546228329
300582.SZ,20211021,0.0,,,,0.0,0.0,0,False,未实施,20211021,0,-0.05848582705418026,-0.030487804878048586,-0.02719182935329667,-0.10518292682926822,-0.08576110849817786,0.022484756097560954,0.043996891203478716,-0.23018292682926822,-0.21410840810359455
300582.SZ,20220330,0.0,,,,0.0,0.0,0,False,未实施,20220330,0,0.07092198581560294,0.008660213958227247,0.013124156370768691,-0.0789607743250128,-0.07478426948169759,-0.3886907794192562,-0.3446474238331144,-0.22335684022002877,-0.25352576258898474
300582.SZ,20220330,0.0,,,,0.0,0.0,0,False,未实施,20220330,0,0.07092198581560294,0.008660213958227247,0.013124156370768691,-0.0789607743250128,-0.07478426948169759,-0.3886907794192562,-0.3446474238331144,-0.22335684022002877,-0.25352576258898474
300582.SZ,20220628,,,,,0.0,0.0,0,False,未实施,20220628,0,0.031957390146471365,-0.039999999999999925,-0.026379695100221978,-0.05354838709677412,-0.05210672730586985,-0.06967741935483873,-0.03227226668982763,-0.21935483870967742,-0.1462200628953203
300582.SZ,20230626,0.0,,,,0.0,0.0,0,False,未实施,20230626,0,-0.041880969875091933,0.004601226993865115,-0.007627378685918673,0.03527607361963203,0.00548258364007248,-0.008435582822085785,-0.012679256588912446,-0.043711656441717706,-0.03615938368189742
300587.SZ,20240427,0.13,,,,0.0,0.0,0,False,未实施,20240426,1,0.024390243902439268,0.13571428571428568,0.12680983285331293,0.15238095238095228,0.13770430914203402,0.12857142857142856,0.1204520361073218,-0.08571428571428574,-0.021770602140885442
300587.SZ,20250426,0.1,,,,0.0,0.0,0,False,未实施,20250425,1,-0.016563146997929712,-0.008421052631578996,-0.006417248312449941,0.027368421052631486,0.012736989258566034,0.2021052631578948,0.18595500956802535,0.5366242426836052,0.40422977599802135
300587.SZ,20250426,0.13,,,,0.0,0.0,0,False,未实施,20250425,1,-0.016563146997929712,-0.008421052631578996,-0.006417248312449941,0.027368421052631486,0.012736989258566034,0.2021052631578948,0.18595500956802535,0.5366242426836052,0.40422977599802135
300587.SZ,20260428,1.74,,,,0.0,0.0,0,False,未实施,20260428,0,-0.021172638436482094,0.01830282861896837,0.011143868742399254,0.07487520798668879,0.04882204487000563,-0.1564059900166389,-0.15431838689083355,-0.23960066555740422,-0.18860223951071586
300592.SZ,20250408,1.0,20260408,,,0.0,0.0,0,False,未实施,20250408,0,0.03991811668372591,0.04330708661417315,0.029799005997450445,0.24999999999999978,0.20328724758369288,0.09448818897637801,0.030151846487823875,0.10433070866141736,0.00017257264563785846
300595.SZ,20211231,0.0,,,,0.0,0.0,0,False,未实施,20211231,0,-0.019148572405539466,-0.0202196269827436,-0.018211016323154583,-0.0854104932891755,-0.07363766115250936,-0.3411190517692174,-0.3007371055457312,-0.38556736970542094,-0.31888317123887644
300595.SZ,20230109,0.0,,,,0.0,0.0,0,False,未实施,20230109,0,0.009280089988751294,0.01866815268877131,0.020782073124314016,0.07773753134577888,0.06053859737879841,0.03427138478684877,0.00023549828223834446,0.005851212036779074,-0.03588336392534053
300595.SZ,20240110,0.01,,,,0.0,0.0,0,False,未实施,20240110,0,0.0044031311154597574,0.03214807598636149,0.028948672827254107,-0.024841695080370152,-0.009669592070468913,-0.003409644422795899,0.013497832912606533,-0.16268874817340473,-0.2118956732078915
300595.SZ,20240427,0.12,,,,0.0,0.0,0,False,未实施,20240426,1,0.022071307300509213,0.05980066445182741,0.05149140465176805,0.06423034330011079,0.05067638005525166,0.0029569293656199758,-0.0042587423481526,-0.12374267811975037,-0.0624586396143908
300595.SZ,20250426,0.08,,,,0.0,0.0,0,False,未实施,20250425,1,0.0027247956403269047,-0.013586956521739135,-0.011593591573630158,0.028532608695652106,0.013884596936945659,0.03187736799400387,0.018014121839526887,0.2428022007302535,0.1357232350398554
300595.SZ,20260423,0.08,,,,0.0,0.0,0,False,未实施,20260423,0,0.005625879043600568,0.004895104895104696,0.008183187168343098,0.00839160839160824,0.0037546580182608036,-0.13764727596581683,-0.1484902869082726,-0.22098685126150364,-0.1754155823794329
300603.SZ,20211027,0.39,,,,0.0,0.0,0,False,未实施,20211027,0,-0.09407665505226492,-0.007692307692307554,0.0046857021728730075,0.025641025641025772,0.04433555164386416,0.10256410256410264,0.09323547827782441,0.5769230769230773,0.5801355517290787
300603.SZ,20230428,0.0,,,,0.0,0.0,0,False,未实施,20230428,0,0.06353591160221006,-0.0060606060606061,-0.014124978822099399,0.006060606060605878,0.007310622838812453,0.05627705627705604,0.09540588782934467,-0.013852813852813894,0.0004005571873670899
300604.SZ,20211201,0.0,,,,0.0,0.0,0,False,未实施,20211201,0,-0.012082444918265711,-0.013669064748201398,-0.012827443488755086,0.07086330935251794,0.05299907961360817,-0.020683453237409943,-0.026159920657810698,-0.26690647482014385,-0.1843996393390489
300605.SZ,20210518,0.01,,,,0.0,0.0,0,False,未实施,20210518,0,-0.014234875444839923,-0.006317689530685899,-0.0012092167513162444,0.009927797833934937,-0.004828374237766164,0.12454873646209408,0.12796400191219592,0.2378661268328135,0.23660223270046665
300605.SZ,20210518,0.04,,,,0.0,0.0,0,False,未实施,20210518,0,-0.014234875444839923,-0.006317689530685899,-0.0012092167513162444,0.009927797833934937,-0.004828374237766164,0.12454873646209408,0.12796400191219592,0.2378661268328135,0.23660223270046665
300605.SZ,20220122,0.0,,,,0.0,0.0,0,False,未实施,20220121,1,0.07538940809968842,-0.02491309385863283,-0.025338395058066454,-0.0822711471610661,-0.03828047312160543,0.06836616454229438,0.0903939575997168,-0.3829663962920047,-0.24697775326657279
300606.SZ,20220421,0.0,,,,0.0,0.0,0,False,未实施,20220421,0,0.03240152477763658,0.01846153846153853,0.016115221511521893,-0.07076923076923092,-0.03818964958118909,0.023384615384615337,0.026344036590342013,0.18887249736564793,0.10795889136801895
300607.SZ,20211209,0.0,,,,0.0,0.0,0,False,未实施,20211209,0,0.008301404853128913,0.0037998733375552707,0.005632414568083277,0.03166561114629518,0.031111237165639904,0.046231792273590866,0.07355961357039842,-0.19442685243825208,-0.10600307854133373
300607.SZ,20220218,0.01,,,,0.0,0.0,0,False,未实施,20220218,0,-0.002960769800147922,0.031922791388270255,0.031965657450694795,0.03563474387527821,0.047442531412416944,-0.08834446919079464,-0.021132780907122006,-0.21677802524127698,-0.13110460853342365
300609.SZ,20230422,0.13,,,,0.0,0.0,0,False,未实施,20230421,1,-0.05826499784203709,-0.0508707607699358,-0.04338169889490451,0.0705774518790101,0.06348474554178307,0.005499541704858002,0.03577924167790636,0.19615032080659933,0.24656497551955647
300617.SZ,20230601,0.0,,,,0.0,0.0,0,False,未实施,20230601,0,-0.00026525198938998074,0.017511276200583792,0.009499222354416803,-0.026532236667551112,-0.029243697106238198,0.07269832846909008,0.05968944628253259,-0.08118864420270622,-0.04975793068073764
300620.SZ,20210315,0.0,,,,0.0,0.0,0,False,未实施,20210315,0,0.003798947983635337,0.027074235807860392,0.019091878015414343,0.03959243085880648,0.032499589279485264,0.013100436681222627,0.020102748084342315,0.24305980584304687,0.18426050940169936
300622.SZ,20240403,0.01,,,,0.0,0.0,0,False,未实施,20240403,0,-0.0378922439313204,-0.03384615384615386,-0.026793289105271456,-0.046769230769230674,-0.031040579838224613,-0.015999999999999903,-0.034615097850399956,-0.24230853761622984,-0.2136849988657873
300623.SZ,20220111,0.01,,,,0.0,0.0,0,False,未实施,20220111,0,-0.015769626328419717,0.011842563566701436,0.0034069984611246884,0.030999651689306962,0.030285299087896345,-0.06617903169627304,-0.03329496163423562,-0.18634622082897945,-0.10012875261691634
300623.SZ,20230222,0.0,,,,0.0,0.0,0,False,未实施,20230222,0,-0.00583221175414983,0.002256317689530718,0.0033754075768039904,0.00902527075812265,0.002567181833221799,0.03339350180505396,0.04143098836044401,-0.14711191335740081,-0.13531273285840684
300623.SZ,20230708,0.0,,,,0.0,0.0,0,False,未实施,20230707,1,-0.01547491995731054,0.0021680216802169028,-4.878176986067295e-05,0.01680216802168033,0.0038971986908640233,0.027642276422764178,-0.0009468872111147997,-0.0628726287262873,-0.03270744640376988
300623.SZ,20240206,0.01,,,,0.0,0.0,0,False,未实施,20240206,0,0.1665116279069767,0.03269537480063778,0.01802091018946772,0.06937799043062198,0.010864051297265975,0.20334928229665072,0.10279513087753034,0.2679425837320575,0.1336599587930667
300625.SZ,20221214,,,,,0.0,0.0,0,False,未实施,20221214,0,-0.0008710801393727596,0.011333914559720881,0.013848167772698261,-0.052310374891020084,-0.01891872984198506,-0.02005231037489108,-0.016002230737734546,0.03487358326067991,0.01872108967578634
300638.SZ,20230706,0.16,,,,0.0,0.0,0,False,未实施,20230706,0,0.007488986784141005,-0.021425448185395823,-0.01868081865678506,-0.017052907739396717,-0.026439085462025225,-0.03760384783559245,-0.059573837849823286,-0.1442938347179712,-0.11813152168972174
300638.SZ,20260331,,,,,0.0,0.0,0,False,未实施,20260331,0,-0.030350194552529075,0.008025682182985605,-0.006447113747463207,0.01805778491171739,-0.00822494136344043,-0.09711075441412531,-0.14451450474027183,-0.24931100241206128,-0.28644517989190343
300640.SZ,20211021,0.2,20221021,,,0.0,0.0,0,False,未实施,20211021,0,-0.0362976406533575,0.015065913370998052,0.018516754343720354,-0.04143126177024481,-0.02062572681795327,0.20338983050847448,0.22870804133226086,0.3201506591337102,0.3477166708922581
300642.SZ,20211027,0.0,,,,0.0,0.0,0,False,未实施,20211027,0,-0.12492581602373898,-0.039674465920650936,-0.027695400327623965,-0.0549338758901321,-0.03770800173934774,0.03967446592065138,0.03087794111991138,0.12682265174635488,0.12911819135290936
300642.SZ,20250408,0.4,20260408,,,0.0,0.0,0,False,未实施,20250408,0,0.030603804797353362,0.029695024077046384,0.016363183841004103,0.07223113964686978,0.032161645439366726,0.108346709470305,0.04319573368569318,0.2079308383120988,0.09400135725377523
300664.SZ,20230427,0.19,,,,0.0,0.0,0,False,未实施,20230427,0,0.0,0.014981273408239737,0.003561707655536317,0.10861423220973765,0.08491229090331998,0.09176029962546806,0.1126429312473376,0.12220599495568485,0.1463526381922886
300664.SZ,20231027,0.0,,,,0.0,0.0,0,False,未实施,20231027,0,-0.008726003490401424,-0.007042253521126862,-0.008280906572245561,-0.010563380281690127,-0.014811777807761994,0.0,-0.007625029854766541,-0.16021126760563398,-0.08055564266303072
300664.SZ,20240828,,,,,0.0,0.0,0,False,未实施,20240828,0,-0.03529411764705892,0.004878048780487809,0.00997639427516539,-0.00010090832737585931,0.01898685190890914,0.12117398150420478,0.03035544529617895,0.5716235723072185,0.34057723138629803
300666.SZ,20221027,0.03,,,,0.0,0.0,0,False,未实施,20221027,0,-0.02506782419967457,0.0014470169189670923,0.024449700815057263,0.003116651825467498,-0.0018700779144967816,-0.101513802315227,-0.13246083050922364,-0.1524933214603741,-0.2256740249060396
300666.SZ,20230731,0.0,,,,0.0,0.0,0,False,未实施,20230731,0,0.0148593107809043,-0.0001557632398755393,-0.0001282678593096387,-0.00031152647975074554,0.006480436984457993,-0.15887850467289721,-0.10665078126238658,-0.034267912772585674,0.05283347307095543
300666.SZ,20241024,0.0,,,,0.0,0.0,0,False,未实施,20241024,0,0.062231759656652175,-0.00649350649350644,-0.012346032106053895,-0.024098124098124063,-0.0239677687620784,0.09292929292929308,0.0636989159511343,0.0049062049062049695,0.016822315793092013
300672.SZ,20231228,0.06,,,,0.0,0.0,0,False,未实施,20231228,0,0.04681915654038593,0.006145442130419898,-0.0006969364936000311,0.1614885626493685,0.17160790902708567,-0.04250597473540452,-0.02787132143585125,-0.12410378968931368,-0.1590200834431873
300674.SZ,20220331,0.07,,,,0.0,0.0,0,False,未实施,20220331,0,0.02625698324022352,0.00925421883505706,-0.00012706021207942175,-0.0849210669569952,-0.06033973585598018,-0.2052259118127382,-0.15744136119719299,-0.15262944022326674,-0.18650647993499314
300674.SZ,20230331,0.8,,,,0.0,0.0,0,False,未实施,20230331,0,0.018630136986301338,0.027972027972027913,0.02063245346218623,0.052178590640129086,0.03869133901570776,-0.002151694459386788,-0.025262420085550574,-0.045280110079441216,-0.03677903502049851
300677.SZ,20210526,0.0,,,,0.0,0.0,0,False,未实施,20210526,0,0.025724874645737694,0.016790648246546303,0.012425311307908915,-0.19149840595111578,-0.19234821036838312,-0.27658519305703155,-0.27116907518496136,-0.25618136733970953,-0.2287508930315848
300677.SZ,20230622,0.19,,,,0.0,0.0,0,False,未实施,20230621,1,-0.011520737327188946,-0.006993006993006867,0.007909320687676802,0.025641025641025772,0.024308166678257415,0.007459207459207473,0.017049890167595505,0.022843822843822803,0.049141307203301565
300677.SZ,20230622,0.0,,,,0.0,0.0,0,False,未实施,20230621,1,-0.011520737327188946,-0.006993006993006867,0.007909320687676802,0.025641025641025772,0.024308166678257415,0.007459207459207473,0.017049890167595505,0.022843822843822803,0.049141307203301565
300677.SZ,20230622,0.09,,,,0.0,0.0,0,False,未实施,20230621,1,-0.011520737327188946,-0.006993006993006867,0.007909320687676802,0.025641025641025772,0.024308166678257415,0.007459207459207473,0.017049890167595505,0.022843822843822803,0.049141307203301565
300677.SZ,20240720,0.2,,,,0.0,0.0,0,False,未实施,20240719,1,-0.029245947850598975,-0.024319419237749496,-0.01836402013947558,-0.06823956442831214,-0.0387769360934439,-0.04174228675136116,-0.00750481250220103,-0.011978221415607893,-0.10325465487980401
300682.SZ,20210809,0.01,,,,0.0,0.0,0,False,未实施,20210809,0,-0.024557956777996104,-0.006545820745216369,-0.01647945940550699,-0.010574018126888185,-0.016962293096282166,-0.04179254783484376,-0.07545135506625278,0.6681772406847939,0.6692152715050772
300682.SZ,20230520,0.02,,,,0.0,0.0,0,False,未实施,20230519,1,-0.010945709281961369,0.005754758742806398,0.0018104490650983074,-0.06861443116423194,-0.04801875905937758,0.08322266489597152,0.08660059801749198,-0.06994245241257191,-0.038503239996018235
300684.SZ,20210827,0.0,,,,0.0,0.0,0,False,未实施,20210827,0,0.02400000000000002,-0.04062500000000013,-0.04225502465356368,-0.14765625000000004,-0.16183392890170045,-0.2656250000000001,-0.2819469728535894,-0.16210937500000022,-0.17192045845027415
300684.SZ,20211026,0.0,,,,0.0,0.0,0,False,未实施,20211026,0,0.03440233236151613,-0.031567080045095786,-0.021961739058504515,-0.04509582863585104,-0.02003322862639967,0.19503945885005636,0.19788573952673394,0.08906426155580616,0.10114133786159352
300684.SZ,20211220,0.0,,,,0.0,0.0,0,False,未实施,20211220,0,-0.012446146481570275,0.012603005332040729,0.003797657605507654,0.051866214251090836,0.045358269042504284,-0.06689287445467762,-0.06070141646443705,-0.21037324285021808,-0.12953238455153726
300691.SZ,20211026,0.0,,,,0.0,0.0,0,False,未实施,20211026,0,-0.04591532498509232,-0.026874999999999982,-0.017223120912688628,0.04249999999999998,0.06986165711008208,0.5487500000000001,0.5524387294100284,0.3187500000000001,0.3333741548276543
300691.SZ,20230829,0.01,,,,0.0,0.0,0,False,未实施,20230829,0,0.12366603892027617,0.02067039106145252,0.020263442202774984,0.02290502793296101,0.016911454362081635,0.0016759776536312554,0.01252945212922918,0.15139664804469288,0.19491163613679352
300707.SZ,20210716,0.0,,,,0.0,0.0,0,False,未实施,20210716,0,0.020384391380314115,-0.0005707762557075613,-0.0005195781075041372,-0.003424657534246367,-0.006538284971406738,0.08162100456621002,0.08869736063137434,-0.15981735159817334,-0.17240891442548556
300707.SZ,20230713,0.0,,,,0.0,0.0,0,False,未实施,20230713,0,0.11730205278592365,0.018897637795275646,0.01851332876908285,-0.08818897637795275,-0.06892643694150624,-0.24304461942257216,-0.2472496509646961,-0.13385826771653542,-0.09224079185127587
300707.SZ,20260424,,,,,0.0,0.0,0,False,未实施,20260424,0,-0.07183364839319473,0.042769857433808456,0.04112550246064384,0.031228784792939557,0.011330544099211082,-0.10930074677528856,-0.11230900482919359,-0.26330627035966203,-0.22470734527158898
300715.SZ,20211125,0.01,,,,0.0,0.0,0,False,未实施,20211125,0,0.0021108179419524475,0.029489204844655337,0.035292039204479764,0.00526592943654558,0.008175258821002007,-0.04581358609794606,-0.061307602151068674,-0.15481832543443907,-0.12230489477132733
300723.SZ,20220421,0.07,,,,0.0,0.0,0,False,未实施,20220421,0,-0.030058651026392935,0.0007558578987150177,-0.0015496689607117364,-0.03023431594860171,0.0037664520878288865,0.07709750566893425,0.08021225368350549,0.08383054805729517,0.010066003812202462
300723.SZ,20240427,0.16,,,,0.0,0.0,0,False,未实施,20240426,1,-0.012669287898645631,-0.01592920353982319,-0.02364471097788312,0.046017699115044275,0.03269569083315926,-0.05575221238938055,-0.0625455071484724,-0.170072082376166,-0.11202824845852755
300724.SZ,20230107,0.02,,,,0.0,0.0,0,False,未实施,20230106,1,0.059389038634321656,0.017301331524044006,0.011392428607904348,-0.01407853447544738,-0.02570154373206668,-0.017301331524043673,-0.048354495092615246,0.010601306080909145,-0.03747596382244167
300724.SZ,20230829,0.01,,,,0.0,0.0,0,False,未实施,20230829,0,0.0596601181149814,0.0018198362147405778,0.0014204032121585275,0.011373976342129222,0.005447967407430143,-0.1715195632393084,-0.16254271695915956,-0.19324385805277522,-0.16275394480725758
300724.SZ,20240822,0.6,20250910,,,0.0,0.0,0,False,未实施,20240822,0,-0.032420591456735925,-0.014036676477247045,-0.01596955826960078,0.036676477247000294,0.046101249511919073,-0.026714964908308714,0.008639495220690074,0.5462983925741451,0.3496861472830104
300730.SZ,20220423,0.0,,,,0.0,0.0,0,False,未实施,20220422,1,-0.04507772020725398,-0.17525773195876293,-0.130646212611379,-0.2289744981009224,-0.2188891495610824,-0.21052631578947356,-0.21574587052137495,-0.1831179386859788,-0.2293251601209575
300730.SZ,20230422,0.0,,,,0.0,0.0,0,False,未实施,20230421,1,-0.07238605898123318,-0.012283236994219737,-0.004489701986114425,-0.0585260115606937,-0.06476339168897649,0.013005780346820872,0.04351152383811829,-0.03393781113374117,0.006779221529924273
300732.SZ,20220426,0.0,,,,0.0,0.0,0,False,未实施,20220426,0,0.04399057344854662,0.015801354401805856,-0.008872333523247677,-0.006772009029345383,-0.04487056013128343,0.02031602708803626,-0.059156177412882927,0.006655458014867666,-0.10606481901256559
300732.SZ,20220426,0.0,,,,0.0,0.0,0,False,未实施,20220426,0,0.04399057344854662,0.015801354401805856,-0.008872333523247677,-0.006772009029345383,-0.04487056013128343,0.02031602708803626,-0.059156177412882927,0.006655458014867666,-0.10606481901256559
300737.SZ,20220428,0.05,,,,0.0,0.0,0,False,未实施,20220428,0,-0.045235803657363016,0.08165322580645173,0.05624444456997835,0.12096774193548376,0.0986803859761165,-0.02116935483870952,-0.0859681972791364,0.09173387096774199,-0.008339377880369092
300737.SZ,20230427,0.0,,,,0.0,0.0,0,False,未实施,20230427,0,0.003558718861210064,-0.04432624113475181,-0.05507853737254209,-0.07624113475177297,-0.09599090682691103,-0.15336879432624106,-0.13717486641575605,-0.12603031186243074,-0.10722499950986475
300739.SZ,20230601,0.0,,,,0.0,0.0,0,False,未实施,20230601,0,-0.014285714285714124,-0.01449275362318847,-0.022252802389667536,-0.03105590062111807,-0.033754761016629664,0.011732229123533555,-0.0005373018561546372,-0.10420979986197376,-0.07356659440018065
300739.SZ,20230830,0.0,,,,0.0,0.0,0,False,未实施,20230830,0,0.026099925428784587,0.007267441860465018,0.012840272899764305,0.057412790697674465,0.05040169182622689,0.00363372093023262,0.013265914217006847,0.10101744186046524,0.14007136976034906
300739.SZ,20231209,0.0,,,,0.0,0.0,0,False,未实施,20231208,1,0.010825439783491264,0.010709504685408211,0.003317270372731329,0.0033467202141901353,0.012554008973155062,-0.05354752342704161,-0.026663217663564276,-0.01606425702811265,-0.043875071119591214
300739.SZ,20240824,0.0,,,,0.0,0.0,0,False,未实施,20240823,1,0.0,0.020535714285714324,0.02012371456313189,0.03928571428571437,0.04372969710426067,-0.008035714285714257,-0.01107002878372898,0.21785714285714297,0.06640207688299182
300739.SZ,20241028,0.0,,,,0.0,0.0,0,False,未实施,20241028,0,-0.018392370572207106,-0.026370575988896694,-0.015767298944979302,-0.07911172796668986,-0.07577606769498202,-0.036086051353226845,-0.01882711818231042,-0.024288688410825876,-0.00034444955657952914
300739.SZ,20250215,0.0,,,,0.0,0.0,0,False,未实施,20250214,1,-0.002808988764045006,0.028169014084507005,0.025379274658868356,0.0767605633802817,0.0664398758959519,0.08098591549295775,0.057960682222959914,-0.09014084507042264,-0.0993172096004935
300739.SZ,20250426,0.07,,,,0.0,0.0,0,False,未实施,20250425,1,0.0017226528854437095,-0.014617368873602654,-0.01262608620520178,0.09200343938091127,0.0764514976287829,0.1083404987102321,0.09344997234229169,0.3407877298350641,0.22526639970163198
300739.SZ,20251217,0.0,,,,0.0,0.0,0,False,未实施,20251217,0,0.020196191575303057,-0.03054298642533948,-0.03206680918266114,0.030542986425339258,0.012063174953836242,0.1136877828054299,0.05079778217043551,0.3631221719457014,0.38349585126049246
300739.SZ,20260425,0.03,,,,0.0,0.0,0,False,未实施,20260424,1,0.0006915629322268302,0.005183137525915704,0.003598053454537231,-0.03248099516240488,-0.05114991356142018,0.24360746371803743,0.23940728935493816,-0.26465985828384164,-0.22613185417253745
300740.SZ,20210818,,,,,0.0,0.0,0,False,未实施,20210818,0,-0.02110977080820242,-0.026494146642020988,-0.020951444748257053,0.031423290203326903,0.015371596665430198,0.09057301293900166,0.03958608022530474,0.026494146642020766,0.004845608531949708
300740.SZ,20220930,,,,,0.0,0.0,0,False,未实施,20220930,0,-0.013867488443759513,-0.04453125000000002,-0.02838959704294386,0.02890624999999991,0.012964732755565533,-0.02578125000000009,-0.040503651618884806,0.1812499999999999,0.15644643269343073
300748.SZ,20231026,0.01,,,,0.0,0.0,0,False,未实施,20231026,0,0.008827238335435084,0.015625,0.005701923616671989,0.05125000000000002,0.043877011867259785,0.1625000000000001,0.13457249233324542,0.07000000000000006,0.12894238361308497
300750.SZ,20210913,0.02,,,,0.0,0.0,0,False,未实施,20210913,0,0.0013941445927105889,0.053898170246618804,0.06908274589932084,-0.01887430389817024,0.004618322084517956,0.1724343675417661,0.21439338716996037,0.2907716785998409,0.3147432568191879
300750.SZ,20220908,0.02,,,,0.0,0.0,0,False,未实施,20220908,0,-0.051527683997299234,0.006051167964404858,-0.0021118362903012056,-0.08787541713014468,-0.056019740222281955,-0.026072661522984708,0.025794074433835412,-0.05351319970396495,-0.045061682117793156
300750.SZ,20230908,0.04,,,,0.0,0.0,0,False,未实施,20230908,0,-0.015760893558783184,-0.0063245716336234326,-0.014564120865588115,-0.06809006907688164,-0.06839623774433656,-0.17125684040549027,-0.15968875318617093,-0.2583206243832422,-0.22725930148294105
300759.SZ,20210329,0.03,,,,0.0,0.0,0,False,未实施,20210329,0,0.0033593024086913115,0.04452201168257597,0.03806126374122032,0.04359595383957848,0.029312188544198703,0.18250463028921482,0.17999189333732524,0.5301324975067674,0.457547211052844
300762.SZ,20221209,0.0,,,,0.0,0.0,0,False,未实施,20221209,0,-0.011691348402182555,0.018138801261829762,0.027076943449463098,0.07728706624605675,0.09058120938113046,0.03312302839116721,0.043163084144536956,0.18375394321766558,0.1613929608777207
300763.SZ,20210426,0.0,,,,0.0,0.0,0,False,未实施,20210426,0,0.14196916956737948,0.01970389723492283,0.019275798329799976,0.07119529719137851,0.0711589399300736,0.0702155453951665,0.02048808321225226,1.395984160617512,1.3222699163560132
300775.SZ,20230721,0.0,,,,0.0,0.0,0,False,未实施,20230721,0,-0.004737839545167266,0.00825134877816569,0.00939350822042928,-0.007299270072992692,-0.04008110676540255,-0.007299270072992692,0.004045390292502393,-0.1304347826086958,-0.06284857051144932
300775.SZ,20250429,0.62,,,,0.0,0.0,0,False,未实施,20250429,0,0.027696181284095678,0.008574928542262272,0.010919758210635955,0.06859942833809729,0.05090323052609702,0.02449979583503481,0.00588198544628904,0.12046052865989454,0.023521834062898428
300790.SZ,20230421,0.31,,,,0.0,0.0,0,False,未实施,20230421,0,-0.04472271914132386,-0.035580524344569375,-0.027970815541869642,-0.10861423220973787,-0.11451977176040129,-0.05742821473158555,-0.029043526646500784,-0.0842696629213483,-0.045673988154594225
300790.SZ,20240131,,,,,0.0,0.0,0,False,未实施,20240131,0,-0.06866952789699587,-0.015668202764976935,-0.009341777220157055,-0.1981566820276498,-0.20981651135414525,0.04976958525345632,-0.033054161873659615,0.3327188940092167,0.17817810341930507
300790.SZ,20240425,,,,,0.0,0.0,0,False,未实施,20240425,0,0.00659340659340657,0.008005822416302655,-0.0036568653095829795,0.072052401746725,0.039752602437870266,-0.02183406113537112,-0.03966118207716551,-0.052317237912726466,-0.00302248149806017
300791.SZ,20260424,,,,,0.0,0.0,0,False,未实施,20260424,0,-0.03878252331860588,-0.009193054136874435,-0.010755468237417687,-0.0143003064351378,-0.03332003323439148,-0.10776302349336053,-0.11077647507182597,-0.1580880293419682,-0.11397621492209165
300797.SZ,20241129,0.0,,,,0.0,0.0,0,False,未实施,20241129,0,0.0181818181818183,0.014751552795031042,0.003431583715194142,0.012422360248447006,-0.01066317693225105,-0.04425465838509324,-0.06496712803072513,-0.0434782608695653,-0.04283204520137318
300797.SZ,20260627,0.01,,,,0.0,0.0,0,False,未实施,20260626,1,-0.022463768115942084,-0.023721275018532162,-0.03489744386646687,0.03632320237212738,0.032125671804214884,-0.14180135096922997,-0.09386104447724908,,
300806.SZ,20230707,,,,,0.0,0.0,0,False,未实施,20230707,0,-0.027835051546391765,-0.0015906680805940487,-0.003799157279718468,0.01590668080593849,0.003013076748937138,0.016967126193001114,-0.011325053146112096,-0.05620360551431591,-0.025823754079286276
300825.SZ,20251025,,,,,0.0,0.0,0,False,未实施,20251024,1,0.014939309056956063,0.002759889604415866,-0.008939472728967446,0.05243790248390057,0.05124609630802923,-0.0800367985280589,-0.0523481882844159,-0.03771849126034954,-0.07592706373062186
300860.SZ,20240209,1.0,20250228,,,0.0,0.0,0,False,未实施,20240208,1,0.14043887147335443,-0.004123144584937122,-0.01939751924727251,0.0659703133589884,0.016668457805992132,0.07339197361187422,0.007071740376188851,-0.022165612328912232,-0.1114916509426026
300868.SZ,20251017,0.0,,,,0.0,0.0,0,False,未实施,20251017,0,-0.008859357696566983,0.015270018621973858,0.008927741660009536,0.061824953445065,0.0321079724125406,0.08826815642458086,0.04715992833377958,0.3016759776536313,0.20763683942375777
300868.SZ,20260124,0.01,,,,0.0,0.0,0,False,未实施,20260123,1,-0.014827487881380219,-0.005499276410998344,-0.004642812291160925,-0.06338639652677269,-0.059243090922536656,0.009551374819102953,-0.0016546312029811494,1.0052098408104202,1.0334921552594398
300870.SZ,20230407,,,,,0.0,0.0,0,False,未实施,20230407,0,0.11491006392151037,-0.039866666666666606,-0.03630806964686184,0.007733333333333148,0.004561503230703812,-0.13706666666666667,-0.13485805794611017,-0.2517932673267327,-0.22112252048475378
300871.SZ,20220311,0.04,,,,0.0,0.0,0,False,未实施,20220311,0,-0.08256880733944949,-0.0708333333333333,-0.04598262231114869,-0.07416666666666671,-0.05745752701477824,-0.1841666666666667,-0.1596872705553538,-0.12790757876184178,-0.11338973813435027
300887.SZ,20230204,0.0,,,,0.0,0.0,0,False,未实施,20230203,1,-0.004347826086956386,-0.01582969432314396,-0.008321436427117246,-0.010371179039301293,-0.009541853184931726,-0.03165938864628837,-0.05056621945442019,-0.012827510917030494,-0.038476574807190356
300894.SZ,20240422,,,,,0.0,0.0,0,False,未实施,20240422,0,-0.07909604519773994,-0.01411042944785268,-0.006731633761955846,-0.019631901840490795,-0.04118773363325945,0.08957055214723919,0.06447025774681836,-0.22855549358616845,-0.21244359443757055
300911.SZ,20221014,0.15,,,,0.0,0.0,0,False,未实施,20221014,0,0.04708926261319535,0.009883864591055058,0.005642764066189576,-0.06622189276006907,-0.05606418406732405,-0.0291574005436126,-0.03397052472198159,0.3098591549295775,0.26692788992321126
300919.SZ,20230615,0.51,,,,0.0,0.0,0,False,未实施,20230615,0,0.014634146341463428,-0.004807692307692291,-0.010997442444199201,-0.0623397435897437,-0.03187736658274365,-0.0477564102564102,-0.034896583222615574,-0.13044871794871793,-0.09995940895433697
300921.SZ,20220528,0.02,,,,0.0,0.0,0,False,未实施,20220527,1,-0.001626016260162344,-0.003800217155266128,-0.00975430212188988,0.07491856677524411,0.039668046033708215,0.05863192182410404,-0.019357876037238042,0.09229098805646019,0.043119846501429526
300938.SZ,20231212,0.04,,,,0.0,0.0,0,False,未实施,20231212,0,0.00028336639274573194,0.007365439093484749,0.019132171919477026,-0.0036827195467420415,0.020456407415585964,-0.05552407932011305,-0.014257075389704332,-0.06685552407932005,-0.0775425842489087
300976.SZ,20240126,0.5,20250125,,,0.0,0.0,0,False,未实施,20240126,0,-0.025925925925925908,-0.029150823827630012,-0.020104589661099848,-0.1812420785804817,-0.12723984279267297,-0.04435994930291509,-0.08494708130926387,0.04689480354879594,-0.029936882697438993
300980.SZ,20231121,0.02,,,,0.0,0.0,0,False,未实施,20231121,0,-0.03972950126796282,-0.011443661971830887,-0.0035440093742243883,-0.0008802816901406496,0.008779719083392479,0.01672535211267623,0.06372078930885627,-0.31690140845070425,-0.2987116286249635
300981.SZ,20230131,1.71,20230515,,,0.0,0.0,0,False,未实施,20230131,0,-0.010329562223315047,0.01491053677932408,0.005872796814922809,0.04224652087475156,0.04467724666191475,0.06013916500994032,0.052401771407242226,0.08946322067594448,0.08664906102694103
300997.SZ,20240206,2.0,20250222,,,0.0,0.0,0,False,未实施,20240206,0,0.04678899082568799,-0.07449605609114807,-0.08764734465483581,0.1744084136722175,0.11014744790496311,0.27957931638913247,0.17265523854583154,0.32823270246583136,0.1875649970781461
301004.SZ,20250331,,,,,0.0,0.0,0,False,未实施,20250331,0,0.03578154425612046,-0.030813397129186515,-0.0344861312625635,-0.27751196172248804,-0.23382638400727396,-0.040000000000000036,-0.02566087804536088,-0.08576370181039894,-0.1146099199854893
301004.SZ,20250416,1.6,20260506,,,0.0,0.0,0,False,未实施,20250416,0,-0.0012687427912342342,0.005081418177618646,0.0037524894567093625,0.11479385610347626,0.10791125309888527,0.22894384674285662,0.19552360086238751,0.18013260272826304,0.10303005212296812
301037.SZ,20240426,0.38,20250424,,,0.0,0.0,0,False,未实施,20240426,0,-0.006033182503770718,0.03338391502276172,0.025281773071786473,0.11911987860394535,0.10486684607514851,0.04628224582701068,0.03875487452641879,-0.09404754862239428,-0.03068668015613618
301037.SZ,20250422,,,,,0.0,0.0,0,False,未实施,20250422,0,0.04576856649395511,0.014037985136251097,0.015084491235361597,0.04789430222956237,0.05207174901104428,-0.01156069364161838,-0.02591172327876723,0.1461601981833196,0.062435979866688696
301057.SZ,20240112,0.0,,,,0.0,0.0,0,False,未实施,20240112,0,-0.013625592417061627,0.001201201201201263,-0.0002952113785227306,-0.07147147147147137,-0.05517871411544384,-0.38978978978978973,-0.3957790261992362,-0.3213213213213213,-0.3631735922032995
301078.SZ,20221027,1.0,20231025,,,0.0,0.0,0,False,未实施,20221027,0,0.016441005802707798,-0.05423406279733589,-0.03251034249499407,-0.0009514747859181716,-0.005917980907899412,0.022835394862036118,-0.01239465751292379,0.12654614652711715,0.02927087831458053
301079.SZ,20240316,0.1,20250403,,,0.0,0.0,0,False,未实施,20240315,1,0.028380634390651194,0.0535714285714286,0.04322661233470404,0.031655844155844104,0.03389049845226322,-0.15827922077922096,-0.14496432256264302,-0.05041259274668897,-0.03821322689715356
301090.SZ,20240828,0.03,,,,0.0,0.0,0,False,未实施,20240828,0,-0.005464480874317057,0.016483516483516425,0.021640743435550114,-0.00366300366300365,0.015356757289882284,0.27655677655677646,0.17315175668842397,0.3717948717948718,0.1701255972897857
301115.SZ,20231104,,,,,0.0,0.0,0,False,未实施,20231103,1,0.013186813186813362,0.018438177874186445,0.009243228498357459,0.015184381778741818,0.01245441403382519,0.014099783080260275,0.01381943376250927,-0.10303687635574854,-0.057170265438671874
301115.SZ,20240724,0.2,20241109,,,0.0,0.0,0,False,未实施,20240724,0,-0.015447154471544877,0.004954582989264988,0.010249674243079765,0.03963666391412057,0.026618870888911017,0.005780346820809301,0.021754021599460716,0.23038810900082574,0.0820761472226863
301115.SZ,20250219,0.2,20250607,,,0.0,0.0,0,False,未实施,20250219,0,0.015097052480230078,0.003541076487252104,0.003767464358922723,0.004957507082153034,-0.0035677975574229803,0.036118980169971726,0.013472999602905489,0.03328611898017009,0.024440606499407602
301115.SZ,20260513,,,,,0.0,0.0,0,False,未实施,20260513,0,0.03425457376411045,-0.04817463304478742,-0.03344485602362646,-0.013172751223184065,0.005886609422901312,0.21313527856413006,0.2888862345446075,0.25845789171098454,0.35952594707791974
301129.SZ,20240419,0.04,,,,0.0,0.0,0,False,未实施,20240419,0,-0.04312499999999997,-0.028086218158066556,-0.021489158610449643,0.055519268451992065,0.047531131086266276,0.06792945787067284,0.036391060933603114,0.31908737855824176,0.3581343372409225
301135.SZ,20250411,0.5,20260429,,,0.0,0.0,0,False,未实施,20250411,0,0.01689347724073209,0.0166128287955698,0.008954070207827458,0.01892016612828784,0.006947226728532208,0.23580987540378406,0.17564444012445257,0.25984607998680764,0.16240376551749636
301152.SZ,20231028,1.0,,,,0.0,0.0,0,False,未实施,20231027,1,0.0502811776381078,-0.008503937007873996,-0.00974076669972379,-0.007244094488188968,-0.011506744211190245,-0.011968503937007768,-0.01950227359193768,-0.14110236220472439,-0.059634219728885496
301500.SZ,20250426,0.06,,,,0.0,0.0,0,False,未实施,20250425,1,0.00785340314136107,-0.006233766233766258,-0.004225541798676957,0.0051948051948051965,-0.009120837500234513,0.043636363636363695,0.02961513567496299,0.2069428571428571,0.10295350733776942
301578.SZ,20260616,0.03,,,,0.0,0.0,0,False,未实施,20260616,0,0.0035698348951360703,-0.029346376167185384,-0.033170439502457016,-0.029791018230324595,-0.03425680188529445,-0.08626056024899942,-0.05477208768049113,,
600019.SH,20210108,0.03,,,,0.0,0.0,0,False,未实施,20210108,0,0.031446540880502916,-0.041158536585365835,-0.030675377728796693,-0.03201219512195119,-0.030999688340612175,0.0167682926829269,0.03822288181063005,0.2804878048780488,0.33945211413439536
600019.SH,20220802,0.01,,,,0.0,0.0,0,False,未实施,20220802,0,-0.01971326164874554,-0.04936014625228524,-0.04257147583651,-0.02376599634369292,-0.04215337043026779,-0.020109689213894,-0.03254464129909973,-0.07414889019155879,-0.01776724785536854
600019.SH,20230729,,,,,0.0,0.0,0,False,未实施,20230728,1,0.03020667726550097,-0.009259259259259411,-0.013809236026368077,0.006172839506172645,0.002452267974234479,-0.04783950617283961,0.017993142351616198,-0.012936902957313423,0.07015992738163468
600039.SH,20250430,2.0,20260429,,,0.0,0.0,0,False,未实施,20250430,0,-0.024691358024691468,0.025316455696202667,0.013850959312628364,0.062140391254315475,0.03370108465894539,0.0701956271576527,0.04379257540473924,0.008996460765261949,-0.08343609713658762
600050.SH,20210312,25.0,20220310,,,0.0,0.0,0,False,未实施,20210312,0,0.013574660633484337,0.013392857142857206,0.023210508476884995,-0.024553571428571397,-0.010682727095828959,-0.0691964285714286,-0.05825188719406493,-0.02008928571428581,-0.06290779133412006
600050.SH,20260320,0.76,,,,0.0,0.0,0,False,未实施,20260320,0,-0.05443548387096764,-0.046908315565032055,-0.010974500936991038,-0.04264392324093824,-0.03204501850619801,-0.021321961620469287,-0.051308183373215854,-0.08742004264392322,-0.11718775386609181
600057.SH,20210701,0.0,,,,0.0,0.0,0,False,未实施,20210701,0,-0.006399999999999961,0.0161030595813203,0.03632315988891688,0.01449275362318847,0.03270143242111634,0.1561996779388084,0.21620275559005386,0.2721417069243157,0.2742546697510928
600057.SH,20220728,0.01,,,,0.0,0.0,0,False,未实施,20220728,0,0.0,-0.0012004801920768582,0.007806662534919573,-0.049219687875150075,-0.021332650422041244,0.1320528211284513,0.14472125373226508,0.1968787515006003,0.3473749434733828
600057.SH,20230830,0.07,,,,0.0,0.0,0,False,未实施,20230830,0,-0.08429118773946365,-0.023709902370990132,-0.018308457299581526,-0.006973500697350032,-0.013557690930177446,-0.05857740585774063,-0.049542272619182315,-0.0767085076708508,-0.043958654670276376
600057.SH,20250313,0.02,,,,0.0,0.0,0,False,未实施,20250313,0,-0.001697792869269965,0.006802721088435382,-0.011108034083293306,0.020408163265306145,0.005375787051219216,0.006802721088435382,0.04426811401760955,0.2159863945578231,0.20028758664949753
600060.SH,20230816,0.14,,,,0.0,0.0,0,False,未实施,20230816,0,0.0009429514380008275,0.0164861045690059,0.012112797874313408,-0.02402260951483759,-0.0012827069144000225,-0.006594441827602493,0.002013234533282393,0.11964201601507307,0.15604759851507555
600062.SH,20240823,0.03,,,,0.0,0.0,0,False,未实施,20240823,0,0.056155507559395135,0.01891615541922298,0.018504809527559285,0.05316973415132953,0.05767308500013657,0.06748466257668717,0.06421933918277856,0.05847597243302771,-0.07315814342131677
600066.SH,20210824,,,,,0.0,0.0,0,False,未实施,20210824,0,0.09965635738831624,-0.028125000000000067,-0.03523832653364656,-0.0390625,-0.04705305790360126,-0.10625000000000018,-0.13759791794862308,-0.140625,-0.15733877014589792
600066.SH,20211027,0.06,,,,0.0,0.0,0,False,未实施,20211027,0,-0.003389830508474634,-0.024659863945578064,-0.012493506756597661,-0.054421768707483054,-0.03718656029568257,-0.061224489795918324,-0.06916732414313376,-0.08163265306122436,-0.07976177425434461
600066.SH,20220111,1.8,,,,0.0,0.0,0,False,未实施,20220111,0,-0.01158645276292325,-0.0054102795311092855,-0.013702010520146302,-0.017132551848512145,-0.01781355490925851,-0.07394048692515787,-0.041329732890702964,-0.2912533814247069,-0.2161522258451435
600072.SH,20240427,0.0,,,,0.0,0.0,0,False,未实施,20240426,1,0.0017931858936044431,0.00835322195704058,0.00044733062057700224,-0.05489260143198105,-0.06692942318140838,-0.08412887828162285,-0.09071802000142182,-0.2553699284009546,-0.20329168969111489
600072.SH,20260610,0.0,,,,0.0,0.0,0,False,未实施,20260610,0,0.012096774193548487,-0.04581673306772904,-0.04433027562144898,-0.02290836653386441,-0.050225134645478064,-0.19322709163346619,-0.20189366062602554,-0.08764940239043817,-0.06298397349604179
600096.SH,20221015,0.03,,,,0.0,0.0,0,False,未实施,20221014,1,0.03436123348017639,-0.004684838160136207,-0.008864756072771485,-0.08730834752981276,-0.07738001888276935,-0.053662691652470396,-0.05835432650888328,-0.09071550255536631,-0.1205177401311116
600143.SH,20240613,1.76,,,,0.0,0.0,0,False,未实施,20240613,0,-0.015759312320916874,0.00727802037845704,0.006044229621593011,-0.007278020378457151,0.00047822264267471937,-0.07666697254144139,-0.05847275234306415,0.100897071200589,0.19589386494681338
600186.SH,20241031,1.5,20251029,,,0.0,0.0,0,False,未实施,20241031,0,0.06153846153846154,-0.05590062111801242,-0.053647084147132484,-0.018633540372670843,-0.07259460017331876,0.08695652173913038,0.08172113986863727,0.08488612836438936,0.09395779208797417
600186.SH,20260423,,,,,0.0,0.0,0,False,未实施,20260423,0,0.1001164144353901,-0.032804232804232614,-0.029639505220850126,0.1343915343915345,0.1291751906564762,0.39576719576719577,0.37821716252091053,-0.09417989417989414,-0.04119058113946594
600188.SH,20250830,1.0,20260828,,,0.0,0.0,0,False,未实施,20250829,1,-0.003079291762894565,0.009266409266409426,0.004682232452232649,0.003088803088803216,0.015037183747612204,0.06294181623522954,0.07122225911708213,0.09425085353229079,0.07857275703162836
600201.SH,20211111,0.01,,,,0.0,0.0,0,False,未实施,20211111,0,-0.0006038647342994086,-0.00483383685800598,-0.006609394730185847,-0.00966767371601207,-0.006271069375301863,-0.059818731117824764,-0.09571963523498439,-0.1232628398791541,-0.10558152214555394
600201.SH,20220408,3.0,20230407,,,0.0,0.0,0,False,未实施,20220408,0,-0.022687609075043746,-0.05803571428571408,-0.03283707449304196,-0.0535714285714286,-0.04160407226328122,-0.25178571428571417,-0.2045383244854566,-0.17321428571428554,-0.20087240262384443
600201.SH,20250820,0.0,,,,0.0,0.0,0,False,未实施,20250820,0,0.0032751091703056012,-0.015233949945592906,-0.016510508573024052,-0.052230685527747456,-0.06074473590806262,-0.044613710554951114,-0.07175713587900556,0.34494015233949926,0.288542766657073
600201.SH,20260423,0.53,,,,0.0,0.0,0,False,未实施,20260423,0,-0.015384615384615441,-0.017045454545454586,-0.013829163212593976,0.03622159090909083,0.03145666818179804,-0.09872159090909105,-0.11005404383653672,-0.19474256704299486,-0.14763604123403418
600212.SH,20241205,1.2,20251202,,,0.0,0.0,0,False,未实施,20241205,0,-0.005931198102016477,-0.01312649164677826,-0.023337417149231432,0.16467780429594248,0.13350605821059092,-0.1789976133651553,-0.13875179354609424,0.07756563245823367,0.07842748316251247
600228.SH,20220430,0.0,,,,0.0,0.0,0,False,未实施,20220429,1,0.10091743119266039,0.10000000000000009,0.09257896978663949,0.14666666666666672,0.1423028741346235,0.14500000000000002,0.09639055727175716,0.1016666666666668,0.022625913873286052
600228.SH,20230429,0.0,,,,0.0,0.0,0,False,未实施,20230428,1,0.10025062656641603,0.10022779043280172,0.09130104190194999,-0.004555808656036553,-0.0033189826303953174,-0.09643128321943817,-0.06295939447138743,-0.3006833712984055,-0.2905757326786623
600228.SH,20230429,0.0,,,,0.0,0.0,0,False,未实施,20230428,1,0.10025062656641603,0.10022779043280172,0.09130104190194999,-0.004555808656036553,-0.0033189826303953174,-0.09643128321943817,-0.06295939447138743,-0.3006833712984055,-0.2905757326786623
600228.SH,20230429,0.0,,,,0.0,0.0,0,False,未实施,20230428,1,0.10025062656641603,0.10022779043280172,0.09130104190194999,-0.004555808656036553,-0.0033189826303953174,-0.09643128321943817,-0.06295939447138743,-0.3006833712984055,-0.2905757326786623
600228.SH,20240427,0.0,,,,0.0,0.0,0,False,未实施,20240426,1,0.026217228464419762,0.10036496350364965,0.09173766342419176,0.09854014598540117,0.08454921549236838,0.031021897810219023,0.02360431553276765,-0.208029197080292,-0.1526400231820284
600228.SH,20240427,0.0,,,,0.0,0.0,0,False,未实施,20240426,1,0.026217228464419762,0.10036496350364965,0.09173766342419176,0.09854014598540117,0.08454921549236838,0.031021897810219023,0.02360431553276765,-0.208029197080292,-0.1526400231820284
600228.SH,20260418,0.0,,,,0.0,0.0,0,False,未实施,20260417,1,-0.01421800947867291,-0.02083333333333326,-0.028197651129807544,-0.02564102564102566,-0.0324414053255081,0.05288461538461542,0.024866503164014286,0.14102564102564097,0.2134355152794658
600231.SH,20260401,,,,,0.0,0.0,0,False,未实施,20260401,0,0.004854368932038833,-0.02415458937198056,-0.016867553958403336,0.0,-0.004442344798429421,0.048309178743961345,0.006600938144284196,-0.20289855072463758,-0.2346654187839835
600251.SH,20210527,0.07,,,,0.0,0.0,0,False,未实施,20210527,0,0.0026420079260236484,0.0026350461133071157,0.004881099798849542,-0.0184453227931487,-0.011697917116506806,0.025031547632289985,0.02539776815323669,0.20358543012307573,0.2673291764022119
600252.SH,20230119,0.06,,,,0.0,0.0,0,False,未实施,20230119,0,0.007575757575757569,0.015037593984962294,0.007409796544916913,0.018796992481202812,0.004722447828775289,0.03007518796992481,0.015286620113258653,-0.026315789473684403,-0.04430087944557992
600258.SH,20220714,0.2,,,,0.0,0.0,0,False,未实施,20220714,0,-0.0008992805755394517,0.012151215121512182,0.02898343005788151,-0.013501350135013412,-0.010563924853535966,-0.0994599459945994,-0.09943837693145086,-0.013051305130513002,0.054338175442605996
600267.SH,20211030,1.95,20221029,,,0.0,0.0,0,False,未实施,20211029,1,0.02462620932277937,0.07982832618025748,0.08069859150315373,0.07038626609442078,0.08748280683801268,0.1356223175965665,0.13028423001285128,0.33390557939914167,0.342698760619786
600285.SH,20220617,0.01,,,,0.0,0.0,0,False,未实施,20220617,0,0.006415396952686558,0.04462151394422298,0.045048603153385436,0.02071713147410348,0.010673339036747054,-0.06857421941203867,-0.04297353570204088,-0.0024421922188813117,0.01429506345166276
600298.SH,20250116,,,,,0.0,0.0,0,False,未实施,20250116,0,0.017481481481481653,0.04338963308095489,0.041526362131948824,0.0034944670937679945,0.005317534630947751,0.04630168899242859,0.0019984379431035038,-0.02912055911473499,-0.04546260280683556
600303.SH,20251226,,,,,0.0,0.0,0,False,未实施,20251226,0,0.0030030030030030463,-0.017964071856287456,-0.018360499112055062,-0.008982035928143617,-0.038100608758574794,-0.03293413173652693,-0.07409966889182107,-0.020958083832335217,-0.01720739981388575
600303.SH,20260418,,,,,0.0,0.0,0,False,未实施,20260417,1,-0.012987012987012991,0.006578947368421018,-0.000991538339488729,0.03289473684210531,0.02568581634209033,0.03947368421052655,0.011812447728375641,-0.13815789473684204,-0.10063938179763998
600305.SH,20250422,0.0,,,,0.0,0.0,0,False,未实施,20250422,0,0.03906250000000022,-0.01253132832080206,-0.011512242248346904,0.00877192982456143,0.01279341466566497,-0.036340852130325896,-0.05033210167111779,-0.011012550611090743,-0.08325568141975759
600305.SH,20260415,0.0,,,,0.0,0.0,0,False,未实施,20260415,0,-0.0026773761713519972,0.0013422818791946067,-0.005654391576600637,-0.006711409395973034,-0.025832972281467637,-0.02684563758389269,-0.05141708522325017,-0.08393826018265849,-0.07006423411009055
600361.SH,20250307,2.0,20260323,,,0.0,0.0,0,False,未实施,20250307,0,0.10051546391752586,0.03512880562060894,0.03709158048935857,0.04683840749414525,0.032445350442895426,-0.12646370023419196,-0.04861337533928056,-0.06791569086651039,-0.07144322258687863
600366.SH,20230831,0.04,,,,0.0,0.0,0,False,未实施,20230831,0,-0.0312925170068028,-0.001404494382022503,-0.005665736080215034,0.014044943820224809,0.013240846897400127,0.00561797752808979,0.008657357126615972,0.07443820224719122,0.10571144147639333
600366.SH,20240716,1.5,20250715,,,0.0,0.0,0,False,未实施,20240716,0,0.02550091074681249,-0.001776198934280715,0.0027550763536361433,-0.039076376554174064,-0.018991557179343865,-0.026642984014209392,0.010132921649737225,0.10301953818827703,0.03582320215752399
600392.SH,20260409,4.0,20270406,,,0.0,0.0,0,False,未实施,20260409,0,0.021835826930853175,-0.003957261574990101,-0.008968053629689443,0.005540166204986097,-0.01661979399536717,0.02809655718242965,-0.03247894129893325,-0.03165809259992092,-0.03280631118508548
600406.SH,20230831,0.05,,,,0.0,0.0,0,False,未实施,20230831,0,0.006762468300929747,-0.02434928631402178,-0.028512617192881562,-0.03400503778337516,-0.03477103300017115,-0.06842989084802675,-0.06561431351386549,-0.07724601175482793,-0.05038778373972563
600422.SH,20230323,0.01,,,,0.0,0.0,0,False,未实施,20230323,0,0.004190675746464256,-0.06155451225873787,-0.05552109898122981,0.009911319770474547,0.01777712744166604,-0.008868022952530197,-0.013253882696430908,0.0850286906624933,0.11514035554134616
600422.SH,20230830,0.0,,,,0.0,0.0,0,False,未实施,20230830,0,-0.06810035842293904,0.01666666666666683,0.022291500073528647,0.027564102564102688,0.020750913256004866,0.19743589743589762,0.20892807209293718,0.351923076923077,0.39987681894838656
600433.SH,20230610,0.03,,,,0.0,0.0,0,False,未实施,20230609,1,-0.002949852507374673,0.026627218934911268,0.027444970132860513,0.014792899408283988,0.0017942734623010992,0.008875739644970349,0.012019747738529762,0.044378698224851965,0.06988457867841502
600461.SH,20250415,0.0,,,,0.0,0.0,0,False,未实施,20250415,0,0.04166666666666674,0.0,-0.0025462729149986485,-0.02634146341463417,-0.03581166835790095,-0.07317073170731703,-0.10063865650964443,-0.03133058872695882,-0.10068197228596099
600479.SH,20230704,0.01,,,,0.0,0.0,0,False,未实施,20230704,0,-0.0018264840182649067,0.0009149130832570851,0.007872147208760394,-0.012808783165599191,-0.0054592899173444565,-0.06495882891125326,-0.07791496011198751,-0.0036596523330281183,0.04229149631425977
600481.SH,20210410,0.09,,,,0.0,0.0,0,False,未实施,20210409,1,0.008639308855291628,0.004282655246252709,0.015384812610431897,0.03426124197002123,0.04152312712250428,-0.032119914346895206,-0.03549476859709333,0.4775160599571733,0.44615667017927585
600486.SH,20240326,0.01,,,,0.0,0.0,0,False,未实施,20240326,0,0.025436893203883537,-0.0261314145048287,-0.01365616053668195,0.060783942435144844,0.04578522147219832,0.1975004733951904,0.1890988282742565,0.07441772391592494,0.09572726860156688
600486.SH,20250325,0.01,,,,0.0,0.0,0,False,未实施,20250325,0,-0.015496809480401108,0.020555555555555438,0.020943031911936805,-0.014629629629629659,-0.008290531039299553,-0.07722222222222241,-0.05661281852217348,0.08925925925925915,0.07314926484659523
600487.SH,20260625,0.0,,,,0.0,0.0,0,False,未实施,20260625,0,0.033439758023861454,-0.09910569105691047,-0.07829816807958134,-0.23520862048028846,-0.21786291246708234,-0.5462922410713731,-0.5177945276963547,,
600498.SH,20250823,0.07,,,,0.0,0.0,0,False,未实施,20250822,1,0.020753266717909113,0.06513554216867479,0.04928218333670231,0.03275602409638556,0.02414468985138729,0.125,0.1266697318654375,-0.16829819277108438,-0.17068404606363075
600501.SH,20240113,0.02,,,,0.0,0.0,0,False,未实施,20240112,1,0.0022304832713755385,-0.034866468842730036,-0.03630897406086653,-0.10756676557863509,-0.09190736718844839,-0.20326409495548958,-0.2110840881502315,-0.16765578635014833,-0.2189841934315997
600501.SH,20241030,,,,,0.0,0.0,0,False,未实施,20241030,0,0.016393442622950838,0.10009487666034178,0.09553775797702646,0.09392789373814048,0.05591999831488503,-0.09819734345351028,-0.11006081857837635,-0.16698292220113853,-0.15767988243067
600501.SH,20250329,,,,,0.0,0.0,0,False,未实施,20250328,1,-0.005586592178770999,-0.02134831460674147,-0.01678309696046787,-0.06629213483146068,0.010516556238082897,0.04101123595505629,0.06092094586871433,0.11516853932584281,0.091420702078155
600507.SH,20240518,0.55,,,,0.0,0.0,0,False,未实施,20240517,1,0.004750593824228266,0.011820330969267046,0.006358218913342206,-0.021276595744680993,-0.0006316686158230889,-0.07092198581560294,-0.028367808061027677,-0.06855791962174951,0.027845528776951678
600510.SH,20240305,,,,,0.0,0.0,0,False,未实施,20240305,0,-0.02385685884691857,0.008146639511201759,0.010754018024037304,0.046843177189409335,0.044054082374120895,0.05906313645621175,0.04970691955189266,-0.10794297352342164,-0.12046908846837412
600536.SH,20231229,,,,,0.0,0.0,0,False,未实施,20231229,0,0.006942515967786722,-0.020959735245449473,-0.016776033841973903,-0.09817981246552665,-0.0708844863165844,-0.20628792057363476,-0.1810786853007892,-0.1519580805295091,-0.1795436146387267
600545.SH,20240706,1.0,20260421,,,0.0,0.0,0,False,未实施,20240705,1,0.09774436090225547,0.041095890410958846,0.050886634773482875,-0.06849315068493156,-0.07519008581355857,-0.020547945205479534,-0.005513737322503598,0.3013698630136985,0.10005779298515471
600566.SH,20230509,,,,,0.0,0.0,0,False,未实施,20230509,0,-0.033775252525252486,-0.004573668735707415,0.006978660894329192,0.01960143743874565,0.04026100864620741,-0.03234237177393007,0.016816757903529878,-0.15435786887282532,-0.13445505936532465
600566.SH,20230815,,,,,0.0,0.0,0,False,未实施,20230815,0,0.011481481481481426,-0.023800805565726835,-0.01572870923879277,-0.03405346027096301,-0.016766724258441168,-0.0428414500183083,-0.030906485186639743,0.018308311973636027,0.05255453935548782
600566.SH,20240723,,,,,0.0,0.0,0,False,未实施,20240723,0,-0.06391087657578431,-0.028186658315064173,-0.023693638113493454,-0.04008769182586902,-0.028062899042130218,0.060131537738803864,0.0781442559759491,-0.0360162856248043,-0.14324912856747196
600566.SH,20260424,0.0,,,,0.0,0.0,0,False,未实施,20260424,0,0.06163021868787277,-0.0007490636704120535,-0.0023247931900939323,0.043445692883895104,0.02331171887733463,0.04756554307116101,0.0440274829790166,0.07620180656532294,0.1457451820330946
600579.SH,20210401,0.06,20211229,,,0.0,0.0,0,False,未实施,20210401,0,0.0997876857749469,0.013513513513513598,0.008260096528613703,-0.027027027027026973,-0.022613049732711943,-0.1274131274131276,-0.12248292010820006,0.2799227799227799,0.23625150374542137
600579.SH,20260424,0.1,20270116,,,0.0,0.0,0,False,未实施,20260424,0,0.01806451612903226,0.017743979721166037,0.016139088322999484,-0.02915082382762979,-0.04788400008265914,-0.15716096324461337,-0.1600075776448,-0.09885931558935357,-0.04062826209831816
600588.SH,20211030,,,,,0.0,0.0,0,False,未实施,20211029,1,0.03481939472827844,-0.028930817610062998,-0.02814820447140176,0.005974842767295652,0.02204258432114936,-0.022012578616352196,-0.026609690200216196,0.23207547169811304,0.24019738307435357
600588.SH,20220312,10.0,20230310,,,0.0,0.0,0,False,未实施,20220311,1,-0.001559454191033094,-0.030847325263568925,-0.004927182064014879,-0.00663803201874269,0.011289842524415006,-0.16477938305349482,-0.13971826396556597,-0.2450134017522394,-0.2324450376175169
600588.SH,20220820,0.03,,,,0.0,0.0,0,False,未实施,20220819,1,-0.02346743295019149,0.040706228543403444,0.034446390965633844,-0.019127023050515057,-0.01250270629010053,-0.11574301128003928,-0.07530593205840985,0.1888180480627757,0.2554964861846043
600588.SH,20230429,0.98,,,,0.0,0.0,0,False,未实施,20230428,1,0.021749408983451568,-0.03609440074039805,-0.04391509293422602,-0.0342434058306339,-0.03304346624538135,-0.07737160379333019,-0.043193666398976927,-0.13631215023108034,-0.12382875671885152
600588.SH,20230429,0.22,,,,0.0,0.0,0,False,未实施,20230428,1,0.021749408983451568,-0.03609440074039805,-0.04391509293422602,-0.0342434058306339,-0.03304346624538135,-0.07737160379333019,-0.043193666398976927,-0.13631215023108034,-0.12382875671885152
600588.SH,20230429,0.81,,,,0.0,0.0,0,False,未实施,20230428,1,0.021749408983451568,-0.03609440074039805,-0.04391509293422602,-0.0342434058306339,-0.03304346624538135,-0.07737160379333019,-0.043193666398976927,-0.13631215023108034,-0.12382875671885152
600590.SH,20210424,0.0,,,,0.0,0.0,0,False,未实施,20210423,1,0.003597122302158473,0.008960573476702427,0.018636335312079755,0.06630824372759858,0.07475665243209328,0.16487455197132617,0.12623587434368866,0.3369175627240142,0.2993059124109019
600590.SH,20210424,0.0,,,,0.0,0.0,0,False,未实施,20210423,1,0.003597122302158473,0.008960573476702427,0.018636335312079755,0.06630824372759858,0.07475665243209328,0.16487455197132617,0.12623587434368866,0.3369175627240142,0.2993059124109019
600593.SH,20260411,,,,,0.0,0.0,0,False,未实施,20260410,1,0.0008094981111710364,-0.010514963602049066,-0.01109381075318161,-0.020221083850094246,-0.035988934636194125,-0.010784578053383842,-0.07055556191279166,0.011054192504718285,-0.001560403230445262
600595.SH,20240516,,,,,0.0,0.0,0,False,未实施,20240516,0,0.006451612903225712,0.012820512820512775,0.002665000621992819,-0.009615384615384692,-0.0077041415390521895,-0.10256410256410264,-0.07599948085060493,-0.24358974358974372,-0.17482320957001474
600623.SH,20240911,0.16,,,,0.0,0.0,0,False,未实施,20240911,0,-0.013913043478260945,-0.008818342151675429,-0.007114002799647801,0.010582010582010692,0.005036281644311247,0.20105820105820116,0.0022906642838564917,0.2962962962962963,0.040206289552802144
600629.SH,20210329,0.01,,,,0.0,0.0,0,False,未实施,20210329,0,-0.015214384508990264,-0.005617977528089901,-0.01176859142875597,-0.001404494382022503,-0.015072335633025347,-0.01404494382022492,-0.0161400271197798,0.037921348314606584,-0.011314792024099574
600629.SH,20230331,0.01,,,,0.0,0.0,0,False,未实施,20230331,0,0.03366336633663369,0.044061302681992265,0.03660685303223432,0.005747126436781658,-0.007144947860737494,1.0555555555555554,1.0079477376237067,0.35383894155641205,0.36589387681166086
600642.SH,20220409,0.01,,,,0.0,0.0,0,False,未实施,20220408,1,0.0016528925619834212,-0.0726072607260726,-0.04779842674190238,-0.0726072607260726,-0.0608806078295655,-0.09735973597359737,-0.040360829085379746,0.021452145214521545,-0.012718066439740272
600654.SH,20231202,0.01,,,,0.0,0.0,0,False,未实施,20231201,1,0.025210084033613578,0.024590163934426146,0.027546409464760613,0.004098360655737654,0.0250882797243408,-0.012295081967213073,0.006530156339649151,-0.00819672131147553,-0.013454579239808528
600654.SH,20240330,0.0,,,,0.0,0.0,0,False,未实施,20240329,1,0.05017921146953408,-0.05119453924914685,-0.062359190456857005,-0.11262798634812288,-0.11477325535917349,-0.15699658703071684,-0.17428051855774307,-0.23549488054607515,-0.22423121350340602
600654.SH,20240619,0.0,,,,0.0,0.0,0,False,未实施,20240619,0,0.004424778761062065,-0.03083700440528625,-0.026769949284934258,0.048458149779735615,0.07415367291667296,0.017621145374449476,0.031606639439914375,-0.048458149779735615,0.056926726900818014
600654.SH,20240831,0.01,,,,0.0,0.0,0,False,未实施,20240830,1,0.032110091743119185,-0.01777777777777778,-0.006883248499020667,-0.035555555555555673,-0.008912013185914391,0.191111111111111,-0.02991086337403881,0.9155555555555552,0.6113439828997855
600666.SH,20250315,0.0,,,,0.0,0.0,0,False,未实施,20250314,1,-0.02077151335311589,0.0060606060606061,0.004132278096859343,-0.05454545454545445,-0.039167094444954254,-0.21212121212121204,-0.17426938350336363,-0.2212121212121212,-0.2113958308364935
600673.SH,20230626,0.0,,,,0.0,0.0,0,False,未实施,20230626,0,-0.01146131805157602,0.021739130434782483,0.009301911966435483,0.04202898550724643,0.012041158173832,-0.02898550724637683,-0.03314123193629148,-0.02753623188405807,-0.019856213952932245
600673.SH,20240330,,,,,0.0,0.0,0,False,未实施,20240329,1,0.01384083044982698,-0.011376564277588153,-0.02300975600360755,0.026166097838452806,0.02368528675131487,0.006825938566553003,-0.01381681366208154,-0.16376901171783687,-0.15080232690135664
600702.SH,20230819,3.7,20240217,,,0.0,0.0,0,False,未实施,20230818,1,-0.027719928186714538,-0.014550557648275397,-0.002132690021718897,-0.001920378166777481,0.02019003186816115,0.014107393455942141,0.018729345479977066,-0.19883300096018908,-0.1822175906854887
600711.SH,20220618,0.0,,,,0.0,0.0,0,False,未实施,20220617,1,0.03865336658354113,-0.02160864345738278,-0.021208632175651276,-0.05282112845138043,-0.062141309031816916,-0.11304501740515671,-0.08866663487844195,-0.11304501740515671,-0.09816348152206511
600711.SH,20230511,0.37,,,,0.0,0.0,0,False,未实施,20230511,0,-0.0018726591760299671,-0.022514071294558957,-0.011405270202477613,-0.0206378986866792,-0.017004987099971003,-0.12561632700741288,-0.09950504375470204,-0.033674696156261064,-0.02163710173755662
600713.SH,20240408,0.0,,,,0.0,0.0,0,False,未实施,20240408,0,-0.010683760683760646,0.02159827213822907,0.02110086686970991,-0.006479481641468832,-0.00983467707171326,0.06479481641468676,0.028584833169878365,-0.02476863828609588,0.0073384561989560115
600728.SH,20210104,0.01,,,,0.0,0.0,0,False,未实施,20210104,0,0.006587615283267567,0.024869109947643908,0.017399485079384824,-0.011780104712041939,-0.019766292011827558,-0.11256544502617805,-0.11315411717448154,-0.1361256544502618,-0.13116732149489596
600732.SH,20230314,0.0,,,,0.0,0.0,0,False,未实施,20230314,0,0.023408506994005096,0.029846582984658365,0.02416530053217114,-0.05997210599721059,-0.06295713045661733,-0.08814504881450491,-0.11058233524187955,0.0733612273361226,0.07883924195319802
600732.SH,20231012,0.01,,,,0.0,0.0,0,False,未实施,20231012,0,0.025139664804469275,-0.046775658492279826,-0.04066336529521253,-0.05449591280653954,-0.02224686643638174,-0.12443233424159861,-0.10876890612954693,-0.2661217075386013,-0.22134580691635597
600732.SH,20240313,0.06,,,,0.0,0.0,0,False,未实施,20240313,0,-0.01210962396430848,-0.023225806451612874,-0.02142521459270219,0.005806451612903274,-0.005902362210840728,-0.11096774193548387,-0.1037950332689116,-0.32258064516129037,-0.31924469581579007
600732.SH,20240625,0.02,,,,0.0,0.0,0,False,未实施,20240625,0,-0.04028925619834711,0.016146393972013007,0.00844500942171389,-0.04090419806243262,-0.05594975371917832,0.07212055974165787,0.08485485947722204,-0.17438105489773947,-0.10981247401370808
600732.SH,20251031,0.0,,,,0.0,0.0,0,False,未实施,20251031,0,-0.01559575795383672,0.026615969581749166,0.021005767766330452,0.03675538656527255,0.025664216569758924,-0.14258555133079853,-0.12799017613284935,-0.08428390367553873,-0.12522977027824966
600732.SH,20260428,0.09,,,,0.0,0.0,0,False,未实施,20260428,0,-0.050403225806451624,0.041755130927105366,0.034431294663553436,0.05378627034677974,0.02824426752871312,-0.14366595895258316,-0.14154682866044244,-0.12243453644727531,-0.06357801807995145
600745.SH,20220709,0.09,,,,0.0,0.0,0,False,未实施,20220708,1,0.013377483443708593,-0.023264932688537354,-0.01073916463698954,-0.05267285322180104,-0.015104204930069587,0.014638609332113361,0.05521473119586484,-0.40204537711774524,-0.32525752262733787
600749.SH,20260425,0.31,,,,0.0,0.0,0,False,未实施,20260424,1,-0.08499999999999985,-0.03661202185792356,-0.03813119869416559,-0.12459016393442635,-0.14148177506918325,-0.1912568306010929,-0.1939882892209096,-0.24754098360655752,-0.20811603937661916
600750.SH,20231028,0.0,,,,0.0,0.0,0,False,未实施,20231027,1,0.0452099031216362,0.042739443872296556,0.04143869124888,0.019567456230690006,0.015189684302310269,0.10195674562306878,0.09355429253903158,0.03467172434501786,0.13281238714976706
600779.SH,20210330,1.69,20220329,,,0.0,0.0,0,False,未实施,20210330,0,0.016494845360824684,-0.03272481406355654,-0.028575400329975742,-0.016632860040567965,-0.023118411961708385,0.5169709263015552,0.5167990472814523,0.6896551724137929,0.6345649894878516
600801.SH,20230610,,,,,0.0,0.0,0,False,未实施,20230609,1,-0.014958863126402488,-0.009111617312072773,-0.008322333580809915,0.009111617312072884,-0.003814236287054462,-0.026998921975964763,-0.02396671181951271,0.12238954573040606,0.14980061187373828
600803.SH,20231209,6.0,20241207,,,0.0,0.0,0,False,未实施,20231208,1,0.004575163398692794,0.04294079375406645,0.03531282282281567,0.04294079375406645,0.05251142059036873,0.11125569290826287,0.14282129030384194,0.23617436564736516,0.201234060131243
600803.SH,20250828,0.05,,,,0.0,0.0,0,False,未实施,20250828,0,0.012931034482758674,0.0,-0.0037144296701902,-0.033510638297872264,-0.013563883566647061,-0.03776595744680855,-0.04018938350332402,0.14401015702443742,0.1307716818508231
600803.SH,20250828,0.02,,,,0.0,0.0,0,False,未实施,20250828,0,0.012931034482758674,0.0,-0.0037144296701902,-0.033510638297872264,-0.013563883566647061,-0.03776595744680855,-0.04018938350332402,0.14401015702443742,0.1307716818508231
600817.SH,20210821,,,,,0.0,0.0,0,False,未实施,20210820,1,-0.01714677640603568,0.06071179344033495,0.045520640908833565,0.07745987438939284,0.04845268401559766,0.03489183531053719,-0.018552063835283183,-0.016748080949057997,-0.06106196850985168
600817.SH,20211026,0.02,,,,0.0,0.0,0,False,未实施,20211026,0,-0.009386281588447676,-0.01895043731778423,-0.009219958954091556,-0.023323615160349753,0.0023104225849712723,0.02696793002915454,0.0294139069826036,-0.03352769679300294,-0.02281009254751387
600817.SH,20220331,,,,,0.0,0.0,0,False,未实施,20220331,0,-0.04971857410881786,-0.00691016781836129,-0.016141194710003637,-0.09081934846989148,-0.06639646010595646,-0.22704837117472865,-0.18057586184165286,0.05982319433036798,0.017452507707506504
600817.SH,20220422,0.01,,,,0.0,0.0,0,False,未实施,20220422,0,0.020118343195266286,-0.088167053364269,-0.03884467143150727,-0.09164733178654294,-0.07976568424899433,0.2958236658932716,0.28725641066704233,0.18815847933008212,0.12094987657788181
600817.SH,20221025,,,,,0.0,0.0,0,False,未实施,20221025,0,-0.01748633879781425,0.027808676307007785,0.019851915011887433,0.016685205784204626,0.01911067084816276,0.03670745272525022,-0.0011032359359911537,0.032258064516129004,-0.04717578089351704
600817.SH,20230701,0.01,,,,0.0,0.0,0,False,未实施,20230630,1,0.016348773841961872,-0.002680965147453085,-0.015566494016221899,0.02323503127792681,0.02498056931525139,-0.010723860589812229,-0.033029402866216806,-0.15460232350312764,-0.135810011488126
600817.SH,20230825,0.02,,,,0.0,0.0,0,False,未实施,20230825,0,-0.027027027027026973,-0.004273504273504036,-0.015379648242288324,0.030982905982906095,0.008222122552526967,0.010683760683760868,-0.01137169577399022,0.049145299145299415,0.060348766588148584
600817.SH,20231025,,,,,0.0,0.0,0,False,未实施,20231025,0,0.008168028004667427,0.0023148148148146586,-0.0024432553504882826,0.004629629629629317,-0.01164176825115737,0.12499999999999978,0.09931186590533403,0.031249999999999778,0.0777538473230519
600817.SH,20240402,,,,,0.0,0.0,0,False,未实施,20240402,0,0.02543352601156057,0.03494926719278468,0.03685869769615602,0.036076662908681056,0.049978289459402525,0.10822998872604317,0.08260640962209997,-0.0395834569512844,-0.009768887382958003
600817.SH,20240628,,,,,0.0,0.0,0,False,未实施,20240628,0,-0.0036452004860269005,0.014634146341463428,0.005375411211242742,-0.01829268292682895,-0.012479013859935328,0.179268292682927,0.21047677261261977,0.1585365853658538,0.20073140605155926
600817.SH,20240827,,,,,0.0,0.0,0,False,未实施,20240827,0,-0.02990654205607457,-0.022157996146435432,-0.018263107014447888,-0.038535645472061786,-0.02284184163383085,0.015414258188824359,-0.036091980184105754,0.14258188824662787,-0.012376626342562203
600817.SH,20241030,,,,,0.0,0.0,0,False,未实施,20241030,0,-0.00945017182130592,0.0008673026886383273,-0.003278767965238738,-0.017346053772766656,-0.05148779989629515,0.04596704249783179,0.0322070431232202,0.007685192706272659,0.018938906073866058
600817.SH,20250212,,,,,0.0,0.0,0,False,未实施,20250212,0,0.01491300745650359,-0.018775510204081636,-0.014681935090820719,0.0759183673469388,0.07426388331714362,0.005714285714285783,-0.0019027411844559916,-0.07102040816326527,-0.07886137889063183
600817.SH,20250409,,,,,0.0,0.0,0,False,未实施,20250409,0,0.0019305019305020377,0.035645472061657024,0.023813885317659933,0.02215799614643532,-0.005671751036797623,0.09730250481695557,0.03788682763909579,0.16088631984585744,0.05776987670487488
600817.SH,20250724,,,,,0.0,0.0,0,False,未实施,20250724,0,0.008012820512820484,-0.007949125596184325,-0.004616685410434362,-0.02941176470588225,-0.020578731229954572,-0.004740456882244226,-0.048385045775012125,-0.0510647065967027,-0.13384007469191694
600817.SH,20260403,,,,,0.0,0.0,0,False,未实施,20260403,0,0.007181328545780907,0.027629233511586193,0.024969714718191316,0.09714795008912658,0.06731308421554472,0.039215686274509665,-0.03536640773092026,-0.13430497602418612,-0.16931830045366592
600863.SH,20260423,0.0,,,,0.0,0.0,0,False,未实施,20260423,0,-0.025157232704402288,0.012903225806451424,0.01621751117320902,-0.0021505376344088667,-0.006739011396542427,0.31182795698924726,0.2953333550754136,0.14623655913978473,0.21328992598424268
600867.SH,20220310,3.6,20220925,,,0.0,0.0,0,False,未实施,20220310,0,0.046025104602510636,0.02200000000000002,0.017783695773456065,-0.010000000000000009,0.01495680013138223,0.04399999999999982,0.08651198766679902,0.01551984311446808,0.0190003305904618
600867.SH,20240130,0.14,,,,0.0,0.0,0,False,未实施,20240130,0,0.04782608695652191,-0.03526970954356845,-0.020746799728024956,-0.0020746887966806016,0.01260739009777212,0.05290456431535273,-0.01962430246160618,0.07572614107883813,-0.026724910725329343
600867.SH,20240709,1.2,20250108,,,0.0,0.0,0,False,未实施,20240709,0,0.00992555831265518,-0.012285012285012442,-0.005561450883424857,-0.05405405405405406,-0.059435446730253694,0.0012285012285011554,0.033385009174011104,0.00982800982800991,-0.094935128304381
600872.SH,20251231,6.0,20270118,,,0.0,0.0,0,False,未实施,20251231,0,0.015037593984962516,0.01538461538461533,0.0016111874421402828,0.026210826210826266,-0.01154233127359694,0.017094017094017033,-0.01973412179581413,0.0883190883190883,0.11032950902622218
600875.SH,20231031,0.0,,,,0.0,0.0,0,False,未实施,20231031,0,-0.013898080741231,0.020134228187919545,0.018681206415842366,0.025503355704697972,0.012589560025628277,-0.008053691275167751,-0.014512211791150476,-0.057046979865771674,0.009141807730861151
600882.SH,20221104,0.01,,,,0.0,0.0,0,False,未实施,20221104,0,0.043982270712581206,-0.012736773350751296,-0.014988752662391303,-0.024167210973220277,-0.02938133705065904,0.05421293272370997,0.007926634441084435,0.07282821685173069,0.014267760146939645
600882.SH,20230829,0.0,,,,0.0,0.0,0,False,未实施,20230829,0,0.01725067385444734,-0.005829358770535253,-0.006225741982316624,0.031796502384737524,0.025750830422683002,-0.09326974032856394,-0.08344503258959157,-0.09114997350291476,-0.05680160350575736
600882.SH,20231028,,,,,0.0,0.0,0,False,未实施,20231027,1,0.040606060606060534,0.0,-0.0012474378245308504,0.0343622597553872,0.02992096257896182,0.020966802562609077,0.013181900212343667,-0.16132789749563192,-0.08177818711021001
600887.SH,20221031,20.0,20230608,,,0.0,0.0,0,False,未实施,20221031,0,-0.02472952086553326,0.05150554675118868,0.02469144251833355,0.09786053882725843,0.03210837281146284,0.12797147385103003,0.060163960800277305,0.29080824088748036,0.1472085592071226
600887.SH,20240430,20.0,20250519,,,0.0,0.0,0,False,未实施,20240430,0,0.011311417462000817,0.006641034603285689,-0.004864060187710684,-0.023068857042991997,-0.038467470873182474,-0.010485844110450948,-0.004712175247557404,-0.09742981624804081,-0.03095714716047049
600888.SH,20240124,0.0,,,,0.0,0.0,0,False,未实施,20240124,0,0.0194029850746269,0.05710102489019042,0.026059646864361907,-0.0014641288433381305,0.010074678465565867,0.061493411420205035,-0.006945016266654003,0.15519765739385072,0.046740723328992484
600905.SH,20231229,0.04,,,,0.0,0.0,0,False,未实施,20231229,0,-0.00455580865603622,0.0,0.004273267968732952,-0.01830663615560646,0.011406205622356724,0.016018306636155444,0.048288250860791804,0.09153318077803196,0.056027240448459636
600905.SH,20240130,0.01,,,,0.0,0.0,0,False,未实施,20240130,0,-0.009009009009009028,0.006818181818181834,0.02197467664356667,0.036363636363636154,0.05161124307488896,0.09090909090909083,0.01576229907067961,0.06590909090909092,-0.03560699512907195
600905.SH,20250419,0.06,,,,0.0,0.0,0,False,未实施,20250418,1,-0.00694444444444442,-0.002331002331002252,-0.006787851593463734,0.0,-0.005562751512870778,0.018648018648018683,-0.01468268332126288,0.0,-0.06827040465897438
600933.SH,20260430,0.01,,,,0.0,0.0,0,False,未实施,20260430,0,0.028484848484848335,0.009428403064231095,-0.002221855461293165,0.043606364172068535,0.01826710525111075,-0.08014142604596353,-0.07177651973883814,-0.19053522518599875,-0.13055372741066962
600963.SH,20230529,1.0,20240721,,,0.0,0.0,0,False,未实施,20230529,0,0.02782324058919805,-0.01273885350318471,-0.013585471915170233,0.03343949044585992,0.029925060656522673,0.05891719745222934,0.06956574746223643,0.019108280254777066,0.06646390958916748
600963.SH,20230529,0.03,,,,0.0,0.0,0,False,未实施,20230529,0,0.02782324058919805,-0.01273885350318471,-0.013585471915170233,0.03343949044585992,0.029925060656522673,0.05891719745222934,0.06956574746223643,0.019108280254777066,0.06646390958916748
600963.SH,20241026,,,,,0.0,0.0,0,False,未实施,20241025,1,0.05772811918063292,0.06338028169014098,0.056179301353108,0.08098591549295775,0.0901326619083398,0.09507042253521125,0.10596642136340062,-0.10739436619718301,-0.09217377236211799
600979.SH,20260428,,,,,0.0,0.0,0,False,未实施,20260428,0,0.007677543186180413,-0.020952380952381056,-0.027835365488050212,-0.02285714285714291,-0.04654143853750248,0.00952380952380949,0.012022031459238525,-0.22476190476190472,-0.172768273418767
600988.SH,20260529,,,,,0.0,0.0,0,False,未实施,20260529,0,-0.018529411764705905,0.0038957147138147796,0.006574862979649376,-0.0602337428828289,-0.05070646013768776,-0.20047947258016174,-0.20152601799988035,0.37848366796523836,0.4091995752387758
601016.SH,20231128,0.0,,,,0.0,0.0,0,False,未实施,20231128,0,0.003236245954692629,-0.00967741935483879,-0.004149425294301512,-0.019354838709677358,0.002505762546029189,-0.058064516129032295,-0.012679522180142788,-0.032258064516129004,-0.024753018036512864
601126.SH,20240320,0.0,,,,0.0,0.0,0,False,未实施,20240320,0,-0.022126613398893658,-0.0025141420490257804,-0.0016801033367905838,-0.06411062225015718,-0.03704922718052217,0.017598994343180463,0.022387742751065032,0.2309959270812909,0.2614075509586242
601126.SH,20260324,0.0,,,,0.0,0.0,0,False,未实施,20260324,0,0.006469500924214611,0.026170798898071723,0.012975711863948636,-0.011019283746556585,-0.013708025329800533,0.22589531680440755,0.1587295517147389,0.640883701712768,0.550983492200106
601126.SH,20260414,0.0,,,,0.0,0.0,0,False,未实施,20260414,0,-0.00586113615870143,0.02154195011337867,0.021393838041068758,0.13151927437641708,0.1153290190684566,0.734920634920635,0.6892909389717161,0.17209762583315347,0.20588827768630558
601138.SH,20210104,,,,,0.0,0.0,0,False,未实施,20210104,0,0.008428595199437838,0.01086956521739113,0.0035019742054034353,0.04057971014492745,0.032170382924134655,0.007246376811594235,0.006578228512448936,0.026086956521739202,0.03197633244521936
601138.SH,20210914,,,,,0.0,0.0,0,False,未实施,20210914,0,-0.01889893179950708,-0.011725293132328174,-0.010001242871169547,0.011725293132328396,0.017386695273686747,-0.03768844221105516,-0.01953368062036176,0.009212730318258089,0.005803528442528627
601138.SH,20230104,,,,,0.0,0.0,0,False,未实施,20230104,0,0.004296455424274814,0.01497326203208571,0.004776037064818883,0.0010695187165774556,-0.01106335782352108,-0.009625668449197766,-0.04289952755020199,1.0320855614973263,0.9160776813877403
601138.SH,20230912,0.03,,,,0.0,0.0,0,False,未实施,20230912,0,-0.009249743062692661,-0.021784232365145373,-0.017401493619762176,-0.041493775933610144,-0.03778159092081124,-0.1224066390041495,-0.09992689900483853,-0.2178423236514524,-0.17350189413871864
601138.SH,20240507,0.04,,,,0.0,0.0,0,False,未实施,20240507,0,0.022562449637389292,-0.03624901497241928,-0.030316386217757674,-0.06225374310480691,-0.06166836979157686,-0.06264775413711587,-0.04550334909250009,-0.060677698975571404,0.006122060558902742
601138.SH,20240731,3.0,20250922,,,0.0,0.0,0,False,未实施,20240731,0,0.0433260393873085,0.005453020134228215,0.007634482876544224,-0.1442953020134229,-0.12374661479882043,-0.14760442032428578,-0.11716675615667338,0.020977608837678963,-0.08301216012833834
601155.SH,20220331,0.31,,,,0.0,0.0,0,False,未实施,20220331,0,0.047541517421035406,0.038545228473733095,0.02889168191474023,-0.06185887472800744,-0.036658034901979164,-0.17065589058128694,-0.1207928714375559,-0.22723033882499222,-0.2581249081460467
601208.SH,20230711,0.01,,,,0.0,0.0,0,False,未实施,20230711,0,0.03025601241272291,0.003765060240963791,0.011689604633006612,0.06927710843373491,0.07715051364303194,-0.014307228915662717,-0.026173500695226726,-0.10240963855421692,-0.06089337214106849
601211.SH,20240111,0.06,,,,0.0,0.0,0,False,未实施,20240111,0,0.001387925052047212,0.002772002772002846,0.004398058275971062,0.0020790020790020236,0.016469153461424746,0.02979902979902982,0.037254006111991256,-0.08801108801108803,-0.12453164090611202
601211.SH,20250215,0.04,,,,0.0,0.0,0,False,未实施,20250214,1,0.0,-0.002259887005649608,-0.004967063444184738,0.009604519774011333,-7.248093136680289e-05,0.03672316384180796,0.014640736733604554,0.010734463276836248,0.0005407230392588946
601366.SH,20220429,0.01,,,,0.0,0.0,0,False,未实施,20220429,0,0.004431314623338345,0.002941176470588225,-0.0038250569592406247,0.0,-0.003805633022130661,-0.0676470588235294,-0.10722885523979697,-0.0994854966780101,-0.16409428116569003
601366.SH,20240419,0.0,,,,0.0,0.0,0,False,未实施,20240419,0,0.002083333333333215,-0.0020790020790020236,0.00469458665911171,0.0,-0.00756796924933556,0.08108108108108114,0.049154286661275304,0.08450037209931671,0.11660320464025009
601369.SH,20231230,0.06,,,,0.0,0.0,0,False,未实施,20231229,1,0.006305170239596425,0.0012531328320801727,0.005531755773205083,-0.03884711779448624,-0.009755973283161468,-0.06892230576441105,-0.03935017594594192,0.1428571428571428,0.1056817108738588
601388.SH,20210413,0.0,,,,0.0,0.0,0,False,未实施,20210413,0,-0.03394255874673635,-0.005405405405405239,-0.011300452989051801,0.04054054054054057,0.01762828673497263,0.06216216216216219,0.033585410913275826,-0.016408783133219806,-0.05837308375411687
601388.SH,20220426,0.0,,,,0.0,0.0,0,False,未实施,20220426,0,-0.05714285714285716,0.07575757575757569,0.04962755871021174,0.003030303030303161,-0.03544424823505832,0.11212121212121207,0.02549832072965974,0.19894091511822154,0.06468946789698737
601390.SH,20240831,0.23,,,,0.0,0.0,0,False,未实施,20240830,1,0.005235602094240788,-0.05034722222222221,-0.039813943949668196,-0.08854166666666674,-0.06336190762277694,0.1909722222222221,-0.030023980111052118,0.15104166666666674,-0.03175657930090081
601390.SH,20250314,0.03,,,,0.0,0.0,0,False,未实施,20250314,0,0.020797227036395194,0.0016977928692700761,-0.00022217284012848726,-0.01018675721561968,0.005913122522611447,-0.04244482173174868,0.0035587197489483913,-0.05602716468590829,-0.044128788105407324
601390.SH,20250930,,,,,0.0,0.0,0,False,未实施,20250930,0,0.007312614259597838,0.05444646098003636,0.04072435490479487,0.04900181488203281,0.041110027308849384,0.019963702359346858,-0.0022564190954750263,-0.0035558110426702205,-0.02516330218371632
601500.SH,20230426,0.04,,,,0.0,0.0,0,False,未实施,20230426,0,0.0,-0.0026881720430108613,-0.009299859720717674,0.053763440860215006,0.013132910836940681,0.045698924731182755,0.0595440509413121,0.16303277127980986,0.1778538952623061
601519.SH,20240412,0.63,,,,0.0,0.0,0,False,未实施,20240412,0,-0.018018018018018167,0.015290519877675823,0.002703368917161386,-0.02905198776758411,-0.043555575589336315,-0.02752293577981646,-0.05882664562755269,-0.15290519877675834,-0.1389068293646325
601567.SH,20231208,3.0,20240624,,,0.0,0.0,0,False,未实施,20231208,0,0.021253985122210217,0.00572320499479706,-0.0016325599906444888,0.021852237252861784,0.031229343319818303,0.09209157127991685,0.12311280525704871,0.4864724245577525,0.44445747739603925
601600.SH,20250529,0.02,,,,0.0,0.0,0,False,未实施,20250529,0,0.012269938650306678,-0.009090909090909038,-0.004367029942944689,0.01969696969696977,0.013096778952355281,0.07878787878787885,0.05963902342202876,0.19017330764113516,0.046349978275080916
601611.SH,20220830,,,,,0.0,0.0,0,False,未实施,20220830,0,0.041564792176039145,-0.004694835680751019,0.0031014377288560713,0.04342723004694826,0.03820717701357612,-0.0821596244131454,-0.027255135337746483,-0.052816901408450634,-0.03000847812305174
601615.SH,20230318,0.01,,,,0.0,0.0,0,False,未实施,20230317,1,-0.012957998212689725,0.007243096423721118,0.012111531533885334,0.01991851516523324,0.015200126638133193,0.015391579900407404,-0.025115850342767088,-0.2040618355600663,-0.20465618791008622
601619.SH,20220927,0.0,,,,0.0,0.0,0,False,未实施,20220927,0,0.015748031496062964,-0.04392764857881126,-0.028607278468179564,-0.01033591731266148,0.027549333553750666,0.007751937984496138,0.05006255888369959,-0.03359173126614978,-0.03412432903592222
601633.SH,20210129,,,,,0.0,0.0,0,False,未实施,20210129,0,0.022938018545632266,-0.048664122137404675,-0.05469312239438562,-0.09041030534351147,-0.09386092780369404,-0.24856870229007644,-0.25262788434648664,-0.20448220565351116,-0.19482243988326065
601633.SH,20220223,0.01,,,,0.0,0.0,0,False,未实施,20220223,0,0.04198266522210159,-0.048869248765271545,-0.03245576774298842,-0.0639459318949831,-0.06261476104259567,-0.25136469976605136,-0.2014453425370334,-0.03383191351910997,0.08484020695733685
601633.SH,20220521,0.45,,,,0.0,0.0,0,False,未实施,20220520,1,-0.032613476269362285,-0.015059368664929296,-0.015150136296205985,0.009267303793802473,0.014531826248415758,0.1280118756387716,0.0705594953851314,-0.09301356378402825,-0.1288711619255799
601633.SH,20230218,,,,,0.0,0.0,0,False,未实施,20230217,1,-0.0033639143730885834,0.0006136851795026654,-0.019552841745401617,0.05339061061675343,0.039482987629974486,-0.18717397974838923,-0.19380595107299348,-0.17796870205584547,-0.19624150512890948
601633.SH,20240605,,,,,0.0,0.0,0,False,未实施,20240605,0,0.014752791068580517,0.0011787819253439302,0.006633095835637759,-0.0158673533013457,-0.004013029058504092,-0.04529192536425486,-0.010482136838872336,-0.11288891523850597,-0.03675124653287121
601633.SH,20240605,,,,,0.0,0.0,0,False,未实施,20240605,0,0.014752791068580517,0.0011787819253439302,0.006633095835637759,-0.0158673533013457,-0.004013029058504092,-0.04529192536425486,-0.010482136838872336,-0.11288891523850597,-0.03675124653287121
601633.SH,20241214,,,,,0.0,0.0,0,False,未实施,20241213,1,-0.026918879592578993,-0.011962616822429939,-0.01034415629958263,0.0,0.007069005379432003,-0.07439252336448587,-0.006709529287461491,-0.008224299065420548,-0.019178290648641183
601633.SH,20260401,,,,,0.0,0.0,0,False,未实施,20260401,0,0.0004847309743094552,0.011143410852713087,0.018694030820630925,0.0029069767441858296,-0.0015482818472623006,-0.036337209302325535,-0.07467769162027293,-0.27034883720930236,-0.29942761035516985
601633.SH,20260605,,,,,0.0,0.0,0,False,未实施,20260605,0,0.004801920768307211,-0.019713261648745317,-0.0027786003918945923,0.05137395459976135,0.05038903302991171,-0.05794504181600946,-0.06109249945545281,-0.081075214654312,-0.06074386121644648
601668.SH,20211127,0.24,,,,0.0,0.0,0,False,未实施,20211126,1,-0.00849256900212314,-0.0064239828693791745,-0.006035610229457755,0.0235546038543899,0.011256736555888658,0.062098501070663836,0.046257057675305635,0.08993576017130622,0.12197709870723594
601668.SH,20231208,9.17,,,,0.0,0.0,0,False,未实施,20231208,0,0.0,0.006302521008403339,-0.0010574810399072154,-0.006302521008403117,0.0028162207423827468,-0.008403361344537896,0.019763279757377905,0.1113445378151261,0.07993253092999786
601686.SH,20230329,0.01,,,,0.0,0.0,0,False,未实施,20230329,0,-0.012779552715654896,0.0016181229773464256,-0.004890424524231385,-0.01456310679611661,-0.03615150665993405,0.06796116504854366,0.05306651535016149,0.09223300970873805,0.11202799661186491
601686.SH,20240323,0.01,,,,0.0,0.0,0,False,未实施,20240322,1,-0.016233766233766378,-0.0066006600660065695,0.0005316932929058105,0.0016501650165019477,0.003911807147395363,0.0033003300330034513,0.01195098799765515,-0.18001337449823707,-0.15650915800347043
601686.SH,20240419,0.09,,,,0.0,0.0,0,False,未实施,20240419,0,0.004709576138147709,-0.01562500000000011,-0.00894335743713992,-0.11406250000000007,-0.12076724775683323,-0.1095328842403831,-0.13583041274215368,-0.17514625066477596,-0.1507293463769417
601686.SH,20251226,0.01,,,,0.0,0.0,0,False,未实施,20251226,0,-0.0031250000000000444,-0.00783699059561127,-0.00823750594115047,-0.00783699059561127,-0.03698920770608405,0.039374083139881666,-0.00486943102174886,-0.032759133986545286,-0.02905365948311589
601800.SH,20250531,10.0,20260616,,,0.0,0.0,0,False,未实施,20250530,1,0.001138952164009055,0.006825938566553003,0.0024870920868151902,0.007963594994311762,-0.007537643674121686,0.011376564277588264,-0.017087143807995142,0.11560578780333564,-0.0383888566832451
601800.SH,20250614,,,,,0.0,0.0,0,False,未实施,20250613,1,-0.0022547914317925244,-0.002259887005649608,-0.005714510562567221,-0.02824858757062143,-0.023302739493508695,0.04130668188349085,0.001798000253041776,0.026348685348147827,-0.09089510693088965
601800.SH,20260529,1.59,,,,0.0,0.0,0,False,未实施,20260529,0,0.028708133971292016,0.010852713178294504,0.013550427944711174,-0.02635658914728678,-0.016485862253353578,-0.09612403100775191,-0.09730717418281876,-0.05931143414767581,-0.0383506469918532
601899.SH,20241118,0.0,,,,0.0,0.0,0,False,未实施,20241118,0,0.005761843790012877,0.031826861871419476,0.02499289460350984,-0.010184595798854224,0.008038841067990576,-0.02291534054742206,-0.04094393442586852,0.040738383195416894,0.032139745807045816
601956.SH,20250617,0.0,,,,0.0,0.0,0,False,未实施,20250617,0,-0.018786127167630062,-0.03387334315169366,-0.03427352862933264,-0.04270986745213545,-0.051990434999854895,-0.01178203240058906,-0.044937080801772056,0.019145802650957222,-0.09325073735098155
601965.SH,20210203,0.0,,,,0.0,0.0,0,False,未实施,20210203,0,-0.07223880597014931,-0.02574002574002565,-0.021441981007002786,-0.01158301158301156,-0.04884178419370999,-0.06048906048906055,-0.015840386904209414,0.07786357786357789,0.10149578052755803
601965.SH,20210828,0.0,,,,0.0,0.0,0,False,未实施,20210827,1,-0.011681056373793908,-0.05447070914696828,-0.056077209269190464,-0.12589928057553945,-0.1404388596218401,-0.20452209660842746,-0.2222021221332443,0.06988694758478942,0.0573593576918805
601965.SH,20220224,0.0,,,,0.0,0.0,0,False,未实施,20220224,0,-0.014857881136950857,0.011147540983606596,0.004863490141303162,-0.0052459016393442415,-0.019864142253845474,-0.00721311475409836,0.04767345416122026,-0.061639344262295004,0.03055553625148133
601965.SH,20230331,0.0,,,,0.0,0.0,0,False,未实施,20230331,0,0.031525851197982124,-0.014262428687856321,-0.02130045516613399,-0.015484922575387028,-0.02810483586328616,-0.13162184189079051,-0.15173396638945624,-0.11939690301548489,-0.11155578322355764
601965.SH,20230331,0.01,,,,0.0,0.0,0,False,未实施,20230331,0,0.031525851197982124,-0.014262428687856321,-0.02130045516613399,-0.015484922575387028,-0.02810483586328616,-0.13162184189079051,-0.15173396638945624,-0.11939690301548489,-0.11155578322355764
601965.SH,20240409,0.03,,,,0.0,0.0,0,False,未实施,20240409,0,-0.01862103673880211,-0.012307692307692353,-0.005390369646201321,-0.045128205128205146,-0.031960100459348606,0.009230769230769154,-0.024684987875475572,-0.18871794871794878,-0.1537157388841972
601965.SH,20250426,0.0,,,,0.0,0.0,0,False,未实施,20250425,1,-0.0010219724067450642,-0.029156010230178997,-0.027194107564673442,-0.03427109974424558,-0.04802468243775715,-0.07928388746803072,-0.09165368498693316,0.050979871244064556,-0.039571817116413555
601969.SH,20240613,0.07,,,,0.0,0.0,0,False,未实施,20240613,0,-0.0193164933135217,0.01666666666666683,0.015421375981505392,-0.012121212121212088,-0.004402809475256619,-0.03577919990648992,-0.016779288677229665,-0.18714824230735505,-0.11700697952102268
601969.SH,20250225,1.5,20260311,,,0.0,0.0,0,False,未实施,20250225,0,0.007473841554558991,0.034124629080118485,0.023669435602165834,0.0652818991097921,0.07227754560292632,0.08308605341246289,0.0753930351210561,0.03977040959152811,0.03952218235176286
601975.SH,20220329,1.0,20230426,,,0.0,0.0,0,False,未实施,20220329,0,0.0,-0.005235602094240788,-0.024316185331923035,0.020942408376963373,0.010610330653511912,-0.02617801047120405,0.04859098707393761,1.2251308900523563,1.1208230753277677
603005.SH,20220827,0.02,,,,0.0,0.0,0,False,未实施,20220826,1,-0.028264331210191118,-0.018025399426464528,-0.019390431623131477,0.0,0.015611122511715925,-0.18639901679639503,-0.13707018450100816,-0.16960262187628017,-0.1270721373839886
603005.SH,20230328,0.01,,,,0.0,0.0,0,False,未实施,20230328,0,-0.0028180354267312024,-0.014533710133225686,-0.01291587050490195,0.033104561970125346,0.012152225965191388,-0.09850625756964071,-0.10367770042575586,-0.19822365765038352,-0.18414578212162103
603005.SH,20240229,0.25,20250228,,,0.0,0.0,0,False,未实施,20240229,0,0.07424593967517423,0.014578833693304372,0.010607288765427825,-0.005939524838012966,-0.00995533173393992,-0.03617710583153344,-0.034734059163099906,0.016408138371535097,-0.00874387807698862
603007.SH,20210430,0.11,,,,0.0,0.0,0,False,未实施,20210429,1,-0.00675675675675691,-0.049886621315192614,-0.0406047952247357,-0.22675736961451243,-0.2240442832572399,-0.28798185941043086,-0.3121774341888176,-0.29030957156653614,-0.2771677748777701
603027.SH,20231031,0.01,,,,0.0,0.0,0,False,未实施,20231031,0,0.026026604973973466,-0.011837655016910809,-0.01324513783822312,0.006764374295377573,-0.005913448116703024,-0.022547914317925577,-0.02891206355991749,-0.17587373167981957,-0.11802576114266039
603033.SH,20240306,4.0,20250304,,,0.0,0.0,0,False,未实施,20240306,0,0.006297229219143441,-0.014392991239048802,-0.010313828831022054,0.001877346683354375,0.0005924448696197349,-0.06508135168961204,-0.07402603705137034,-0.19837296620775957,-0.20503422476129052
603033.SH,20250717,0.95,,,,0.0,0.0,0,False,未实施,20250717,0,0.014245014245014342,-0.0009363295880150391,-0.005927347662936788,0.02528089887640439,1.9718164070425814e-06,0.1769662921348314,0.1289376434858751,0.03745318352059912,-0.049798352811330715
603037.SH,20250906,0.01,,,,0.0,0.0,0,False,未实施,20250905,1,0.01614205004035507,0.024622716441620396,0.020786874807337208,-0.003971405877680745,-0.018918299997168986,0.10325655281969826,0.08141894975501107,0.04924543288324057,0.03421536285218352
603037.SH,20250906,0.02,,,,0.0,0.0,0,False,未实施,20250905,1,0.01614205004035507,0.024622716441620396,0.020786874807337208,-0.003971405877680745,-0.018918299997168986,0.10325655281969826,0.08141894975501107,0.04924543288324057,0.03421536285218352
603051.SH,20231028,0.0,,,,0.0,0.0,0,False,未实施,20231027,1,0.009160756501181755,0.005270863836017714,0.0040168509365698934,-0.014641288433382194,-0.018872176424676423,-0.017862371888726192,-0.025351200624564196,-0.08755490483162509,-0.0010076799430221994
603055.SH,20220908,0.0,,,,0.0,0.0,0,False,未实施,20220908,0,0.014925373134328623,-0.011029411764706065,-0.019053825807063607,0.0588235294117645,0.09580262293565522,-0.08088235294117663,-0.03193452035666311,0.02481617647058809,0.03396712494163445
603058.SH,20260423,0.0,,,,0.0,0.0,0,False,未实施,20260423,0,-0.0024875621890547706,-0.05070656691604314,-0.047600416936587564,-0.08146300914380711,-0.08568677539418024,-0.14131338320864506,-0.15211029742079285,-0.3308395677472984,-0.29169454171941667
603083.SH,20230110,0.01,,,,0.0,0.0,0,False,未实施,20230110,0,-0.010970464135021119,0.0008532423208191808,0.003280990041734322,0.030716723549488067,0.013218374873555705,0.36774744027303763,0.31634178353267983,3.1467576791808876,2.9502437500914027
603087.SH,20250531,,,,,0.0,0.0,0,False,未实施,20250530,1,-0.011068771547813494,0.05009174311926601,0.04556644565869239,0.047889908256880664,0.031774652064295195,0.02239769468624675,-0.0063761869289648,0.33538800757212406,0.1510553304509077
603100.SH,20260429,,,,,0.0,0.0,0,False,未实施,20260429,0,0.05376344086021523,-0.0056122448979594175,-0.006735458116784332,0.0499999999999996,0.02079739396306368,0.015662028051095733,0.028120679430688078,-0.05033022554816324,0.017879744822711263
603109.SH,20230824,0.0,,,,0.0,0.0,0,False,未实施,20230824,0,-0.014321295143212898,-0.029690461149715852,-0.023936767196602315,0.036007580543272244,0.023511074183342417,-0.017056222362602624,-0.017839180307645863,0.05306380290587498,0.06735603057977668
603109.SH,20230923,0.0,,,,0.0,0.0,0,False,未实施,20230922,1,0.018637532133676027,-0.0018927444794952786,0.0034971057106987224,-0.0018927444794952786,0.009551517138983945,-0.0246056782334384,0.01118715822204086,0.0012618296529967044,0.07454113192428435
603111.SH,20231212,0.0,,,,0.0,0.0,0,False,未实施,20231212,0,0.0036429872495444826,0.005444646098003769,0.017188942718509237,0.001814882032667775,0.02608720682777177,0.014519056261343088,0.05884645621461426,0.13974591651542645,0.12669270396136256
603111.SH,20231212,,,,,0.0,0.0,0,False,未实施,20231212,0,0.0036429872495444826,0.005444646098003769,0.017188942718509237,0.001814882032667775,0.02608720682777177,0.014519056261343088,0.05884645621461426,0.13974591651542645,0.12669270396136256
603111.SH,20231212,,,,,0.0,0.0,0,False,未实施,20231212,0,0.0036429872495444826,0.005444646098003769,0.017188942718509237,0.001814882032667775,0.02608720682777177,0.014519056261343088,0.05884645621461426,0.13974591651542645,0.12669270396136256
603111.SH,20231212,,,,,0.0,0.0,0,False,未实施,20231212,0,0.0036429872495444826,0.005444646098003769,0.017188942718509237,0.001814882032667775,0.02608720682777177,0.014519056261343088,0.05884645621461426,0.13974591651542645,0.12669270396136256
603111.SH,20231212,,,,,0.0,0.0,0,False,未实施,20231212,0,0.0036429872495444826,0.005444646098003769,0.017188942718509237,0.001814882032667775,0.02608720682777177,0.014519056261343088,0.05884645621461426,0.13974591651542645,0.12669270396136256
603111.SH,20231212,,,,,0.0,0.0,0,False,未实施,20231212,0,0.0036429872495444826,0.005444646098003769,0.017188942718509237,0.001814882032667775,0.02608720682777177,0.014519056261343088,0.05884645621461426,0.13974591651542645,0.12669270396136256
603112.SH,20231128,0.02,,,,0.0,0.0,0,False,未实施,20231128,0,0.025910931174089047,0.022888713496448387,0.028598492151717725,-0.01815311760063154,0.003734272494731128,-0.08760852407261244,-0.043647040167356654,-0.14759273875295964,-0.14098213743389765
603112.SH,20250807,0.0,,,,0.0,0.0,0,False,未实施,20250807,0,-0.018203170874926733,0.0035885167464115852,0.004841508761535884,-0.009569377990430672,-0.016802484635800807,0.035885167464114964,0.0011685848316311809,0.07713924998166366,-0.01929377701796331
603121.SH,20221028,0.05,,,,0.0,0.0,0,False,未实施,20221028,0,-0.03205128205128216,0.026490066225165698,0.03445185900378478,0.064569536423841,0.010879676260973747,0.11092715231788097,0.04439118423173616,0.2218543046357615,0.0897796936679287
603123.SH,20230601,0.0,,,,0.0,0.0,0,False,未实施,20230601,0,0.01579466929911133,-0.007774538386783103,-0.015587487502853548,-0.026239067055393472,-0.028951344077674968,-0.05053449951409128,-0.06204890622865156,-0.07094266277939743,-0.03916145456138975
603127.SH,20210330,0.0,,,,0.0,0.0,0,False,未实施,20210330,0,-0.021535326086956408,0.012289106436159214,0.016631620729580243,0.03596472957022856,0.029132283407369064,0.13427758105950138,0.1341490627630879,0.2777199194612232,0.2360606358153885
603127.SH,20210831,0.0,,,,0.0,0.0,0,False,未实施,20210831,0,-0.004553415061295918,-0.011400422237860752,-0.017819237030175517,0.04363124560168896,0.005978405422001565,0.11189303307529919,0.10434366970049802,-0.035749472202674215,-0.043815552932745194
603127.SH,20210831,0.0,,,,0.0,0.0,0,False,未实施,20210831,0,-0.004553415061295918,-0.011400422237860752,-0.017819237030175517,0.04363124560168896,0.005978405422001565,0.11189303307529919,0.10434366970049802,-0.035749472202674215,-0.043815552932745194
603127.SH,20210922,0.08,20220921,,,0.0,0.0,0,False,未实施,20210922,0,-0.0234375,0.005764705882352894,0.0019731029779654907,-0.08529411764705874,-0.061446673487631887,-0.136470588235294,-0.1204269706494282,-0.33205882352941185,-0.33097615789625623
603127.SH,20230331,0.02,,,,0.0,0.0,0,False,未实施,20230331,0,-0.01800450112528118,-0.007066462948815966,-0.014155867602058336,0.07887700534759357,0.06504752262254354,-0.046791443850267456,-0.06886828787893295,-0.21218487394957986,-0.20516996246629415
603127.SH,20231031,0.17,,,,0.0,0.0,0,False,未实施,20231031,0,0.010188679245282994,-0.014194994396712679,-0.01559911955650517,0.06462457975345526,0.05121814454154516,0.007097497198356395,0.000540327934213547,-0.29398580500560334,-0.24442848603541767
603138.SH,20220222,0.0,,,,0.0,0.0,0,False,未实施,20220222,0,0.025321543408360236,-0.06311250490003939,-0.07170511294528659,-0.1497451979615837,-0.15746796835977828,-0.24421795374362987,-0.19847866006623616,-0.47157977263818107,-0.4051223762832923
603138.SH,20240823,0.01,,,,0.0,0.0,0,False,未实施,20240823,0,0.06358974358974345,-0.014464802314368086,-0.014862672004137711,0.13789778206364534,0.1427634298092495,0.20443587270973995,0.20075162995712859,0.557377049180328,0.36369863204113173
603138.SH,20251022,0.01,,,,0.0,0.0,0,False,未实施,20251022,0,-0.018046048537647907,0.006337135614702172,0.004117242272619892,-0.010773130544993625,-0.03603707501853326,-0.04562737642585546,-0.05360352154089221,0.04689480354879594,-0.0011263541055841486
603160.SH,20210330,5.0,20220326,,,0.0,0.0,0,False,未实施,20210330,0,0.005784661317409956,0.039517625231910936,0.04397694433070565,0.05435992578849724,0.047406158711682744,0.013172541743970312,0.013057745144608557,0.19259922150678466,0.1537152466326177
603160.SH,20210427,0.0,,,,0.0,0.0,0,False,未实施,20210427,0,-0.08327947557935556,0.10001007150770458,0.09540991200093396,0.21724242119045223,0.22569364884805965,0.2721321381810855,0.21625060905311067,0.08056297753263864,0.07282523566671673
603160.SH,20210427,0.02,,,,0.0,0.0,0,False,未实施,20210427,0,-0.08327947557935556,0.10001007150770458,0.09540991200093396,0.21724242119045223,0.22569364884805965,0.2721321381810855,0.21625060905311067,0.08056297753263864,0.07282523566671673
603160.SH,20210623,0.0,,,,0.0,0.0,0,False,未实施,20210623,0,0.07221389305347303,0.0024858230404727344,0.002363837880320352,0.006991377301328372,-1.2338821734014793e-05,-0.13283616872523885,-0.13196994469883883,-0.19979802687796144,-0.21949617283565204
603160.SH,20210727,0.01,,,,0.0,0.0,0,False,未实施,20210727,0,0.03967437073079427,-0.03978039780397813,-0.03418353630690707,0.05481054810548103,0.03437259440905205,-0.0324903249032491,-0.06918351125231637,-0.06984069840698415,-0.10612089060574326
603160.SH,20220323,0.15,,,,0.0,0.0,0,False,未实施,20220323,0,0.008518327310273577,-0.01983619145124127,-0.013573273273778108,-0.07486562579984635,-0.07360913393791257,-0.1887637573585872,-0.14037917516731102,-0.2519836191451241,-0.26304930489749556
603160.SH,20220427,0.22,,,,0.0,0.0,0,False,未实施,20220427,0,-0.060971223021582754,-0.016471940241333027,-0.02215821916516303,0.0856157824171615,0.06904360845411928,0.05822639341122393,-0.005883852428331338,0.16720934686841615,0.053547597112996614
603160.SH,20230427,0.04,,,,0.0,0.0,0,False,未实施,20230427,0,0.01076769690927204,0.023870585914381515,0.012351006406429832,-0.005523771947129497,-0.02678546650516711,0.0045373840994280545,0.02375166048385169,0.05263453831291587,0.07528420403331038
603162.SH,20250823,0.01,,,,0.0,0.0,0,False,未实施,20250822,1,0.004479283314669846,0.0033444816053509463,-0.011589185960171111,-0.02564102564102566,-0.03376543315553049,-0.0033444816053512794,-0.0018652394027488528,0.20735785953177244,0.20389438416186412
603162.SH,20251011,0.02,,,,0.0,0.0,0,False,未实施,20251010,1,0.02111111111111108,0.05331882480957573,0.05535691907871754,0.22089227421109925,0.2391027885744592,0.20565832426550612,0.17533931263586622,0.33623503808487487,0.2751640220881193
603168.SH,20240627,,,,,0.0,0.0,0,False,未实施,20240627,0,-0.031088082901554293,0.006684491978609541,-0.0006264310534559447,-0.06016042780748676,-0.06388302974766469,-0.1470588235294118,-0.1295934448151833,-0.17647058823529427,-0.11747227131694526
603168.SH,20260415,,,,,0.0,0.0,0,False,未实施,20260415,0,-0.013353115727002929,0.015037593984962294,0.007945227349708484,-0.02556390977443601,-0.04432254765007382,-0.04060150375939853,-0.06482562567272598,-0.2406015037593986,-0.22910018886067596
603171.SH,20260423,0.11,,,,0.0,0.0,0,False,未实施,20260423,0,-0.06336732987794669,0.016065690824705436,0.019390323983103697,-0.013031060335594646,-0.01756950150782799,-0.09907176008568386,-0.11039981007207333,-0.3469058605920792,-0.30870069206513084
603177.SH,20240629,,,,,0.0,0.0,0,False,未实施,20240628,1,0.0014245014245015675,0.03413940256045511,0.024702678150423596,0.014224751066856278,0.020230988322716303,0.0014224751066855834,0.027924394482816473,0.0,0.03642079259187203
603185.SH,20220421,0.01,,,,0.0,0.0,0,False,未实施,20220421,0,-0.09997784833493328,-0.10000820411846745,-0.10208159219038482,0.0009844942160965875,0.03607981894827339,0.10591516941504642,0.10911325228135138,0.9185961439222574,0.7880181948134302
603185.SH,20230405,0.0,,,,0.0,0.0,0,False,未实施,20230404,1,-0.02013808975834297,0.04159326678410635,0.04157119372086826,0.0055783910745741405,0.001158621118105163,-0.17674691720493252,-0.19673916670166514,-0.2732432961440595,-0.25303653372002943
603185.SH,20240131,1.0,20250130,,,0.0,0.0,0,False,未实施,20240131,0,-0.05504587155963314,0.020631067961165206,0.027190793531672863,0.0012135922330096527,-0.01334533635459112,0.09101941747572817,0.004941179343151747,-0.06998381877022652,-0.1778275932936676
603185.SH,20240309,0.0,,,,0.0,0.0,0,False,未实施,20240308,1,0.018168335187245255,0.03823743627093967,0.030645961169929015,0.008739985433357633,0.0058944712323087955,-0.09067734887108536,-0.09142833260979188,-0.2993445010924982,-0.3005522234800022
603185.SH,20240309,0.81,,,,0.0,0.0,0,False,未实施,20240308,1,0.018168335187245255,0.03823743627093967,0.030645961169929015,0.008739985433357633,0.0058944712323087955,-0.09067734887108536,-0.09142833260979188,-0.2993445010924982,-0.3005522234800022
603195.SH,20220412,3.0,20230411,,,0.0,0.0,0,False,未实施,20220412,0,0.025923016496465,0.014548238897396759,0.02298632620675689,0.015390505359877737,0.021526282745299996,0.11255742725880546,0.15910630211150223,0.2049795517409212,0.16852216225871408
603195.SH,20240426,3.5,20250424,,,0.0,0.0,0,False,未实施,20240426,0,0.08120649651972167,0.01390557939914161,0.005956155366354299,0.05871244635193129,0.04522875865681142,0.06806866952789714,0.060384558015796674,-0.13061392050755738,-0.06981044572766881
603195.SH,20250425,4.0,20260423,,,0.0,0.0,0,False,未实施,20250425,0,0.013509710104137262,-0.012913079700083152,-0.01091835296702559,0.0047209108580950065,-0.009587982794903804,-0.008331019161344044,-0.021654066658598037,-0.04345572156823574,-0.12587090550608004
603195.SH,20260430,0.24,,,,0.0,0.0,0,False,未实施,20260430,0,0.08490566037735836,-0.0298773690078038,-0.04107398227746395,-0.026978818283166173,-0.05060423539976211,-0.06956521739130439,-0.06110413434898743,-0.04733763907316779,0.004396291905536254
603195.SH,20260430,4.0,20270427,,,0.0,0.0,0,False,未实施,20260430,0,0.08490566037735836,-0.0298773690078038,-0.04107398227746395,-0.026978818283166173,-0.05060423539976211,-0.06956521739130439,-0.06110413434898743,-0.04733763907316779,0.004396291905536254
603197.SH,20250430,2.0,20260427,,,0.0,0.0,0,False,未实施,20250430,0,0.0,0.07163859930499883,0.05965511028892978,0.06255012028869289,0.034099843006466735,-0.001603849238171473,-0.026235518971756466,0.10673993775848234,0.005353255686710856
603201.SH,20240429,0.0,,,,0.0,0.0,0,False,未实施,20240429,0,0.010207801676995976,-0.01696138578130646,-0.014359209890630886,0.09491158426560808,0.0805837562266678,0.0249007578491518,0.031983454064051786,-0.2216886412147967,-0.16188067872593148
603203.SH,20220430,0.0,,,,0.0,0.0,0,False,未实施,20220429,1,-0.018939393939393923,0.03938223938223939,0.032370160289797445,0.08455598455598468,0.08042856248680907,0.12741312741312738,0.07955031182530425,0.3364557414557412,0.2405696889174378
603203.SH,20220923,,,,,0.0,0.0,0,False,未实施,20220923,0,-0.007098121085594933,-0.001261564339781418,0.010896381707133918,-0.047518923465096674,-0.02736981018239515,0.05466778805719086,0.11703937767285799,0.10470984020185026,0.12012535311111083
603203.SH,20231031,,,,,0.0,0.0,0,False,未实施,20231031,0,-0.013625103220478718,0.013394725826705534,0.01195130342243056,0.1134365843449141,0.09941547707905762,0.24738384261197144,0.2392621791026115,-0.06822938467978235,-0.0028255246471428075
603203.SH,20260424,0.0,,,,0.0,0.0,0,False,未实施,20260424,0,0.014134275618374659,0.050740418118466746,0.049083494282664564,0.038109756097560954,0.0180787425165303,0.5696864111498254,0.5643849339437415,0.15106122324305815,0.21137085279486056
603212.SH,20230428,0.04,,,,0.0,0.0,0,False,未实施,20230428,0,-0.05636363636363628,0.006262042389210132,-0.001902310744440694,-0.0077071290944122905,-0.006474218542051435,-0.06117533718689794,-0.026397423693420907,-0.0909655107882621,-0.07782669536084319
603214.SH,20210402,0.15,,,,0.0,0.0,0,False,未实施,20210402,0,0.005666957279860663,0.013437364542695951,0.013851996113600995,0.09969657563935841,0.12271699635590827,0.15604681404421328,0.1705288989924485,-0.03793830814053878,-0.04733459406752616
603215.SH,20240327,0.3,20250326,,,0.0,0.0,0,False,未实施,20240327,0,-0.016055045871559814,0.010489510489510634,0.004607542615907567,0.0874125874125875,0.060431093330886476,-0.08857808857808847,-0.11675815757517582,-0.23297619606344422,-0.22066404002926354
603215.SH,20240628,0.0,,,,0.0,0.0,0,False,未实施,20240628,0,-0.003117692907248726,0.0023455824863174435,-0.006801017094083872,-0.033620015637216505,-0.027897115008641116,-0.043784206411258686,-0.018478649068767394,0.06098514464425353,0.09962706454039916
603215.SH,20251030,0.0,,,,0.0,0.0,0,False,未实施,20251030,0,-0.019191919191919204,0.015447991761071034,0.023692891584788933,0.08393408856848605,0.07829256060498224,0.053038105046343986,0.08337482219635484,0.06797116374871259,0.030317410220234153
603225.SH,20220121,0.01,,,,0.0,0.0,0,False,未实施,20220121,0,-0.03520208604954356,-0.002027027027027062,-0.0024623103845765604,-0.11013513513513529,-0.06748010136525417,-0.05270270270270283,-0.03317113242159031,-0.3756756756756757,-0.23808022356021363
603228.SH,20230420,,,,,0.0,0.0,0,False,未实施,20230420,0,0.043849437330228946,-0.08959107806691458,-0.07145229876031234,-0.1531598513011151,-0.13224669963625157,-0.19256505576208183,-0.1625202810969676,-0.1093460540121628,-0.05384488689039746
603228.SH,20250527,0.02,,,,0.0,0.0,0,False,未实施,20250527,0,-0.006500171057133186,0.016528925619834656,0.016758744973856654,0.1373966942148761,0.12543187206154327,0.1266410253985666,0.08905780623314397,0.9674758401573464,0.7451815655407159
603233.SH,20221227,,,,,0.0,0.0,0,False,未实施,20221227,0,-0.013315926892950358,-0.005027785128340789,-0.0023954623525456187,0.14739349034136007,0.1371268428846173,0.009790949986768771,-0.04841666997914018,-0.017729558084149333,-0.06153350432422111
603233.SH,20231208,0.01,,,,0.0,0.0,0,False,未实施,20231208,0,0.0011820330969267712,0.0043290043290042934,-0.003016563603819522,-0.011806375442739103,-0.0027381402377397723,-0.010232192050373956,0.017882500490887798,-0.09641873278236912,-0.12195833820744628
603237.SH,20230907,1.0,20240905,,,0.0,0.0,0,False,未实施,20230907,0,0.008866371120962668,-0.01757689893283121,-0.01580125421305789,-0.07407407407407418,-0.07531754576330307,-0.11519146264908975,-0.10537716498241567,-0.0856873822975519,-0.03864320585664682
603237.SH,20250118,0.0,,,,0.0,0.0,0,False,未实施,20250117,1,-0.01791530944625408,-0.00497512437810943,-0.005759151980827437,-0.01990049751243783,-0.02315638055645386,-0.00608070757324497,-0.044742879282086534,0.18131564400221123,0.1605745461137189
603237.SH,20250416,0.11,,,,0.0,0.0,0,False,未实施,20250416,0,-0.006100660904931332,0.10025575447570345,0.09880098529380033,0.03069053708439884,0.024327177842237813,0.07826086956521716,0.048938339101627815,-0.11496451351328785,-0.17278724735401718
603258.SH,20210204,0.03,,,,0.0,0.0,0,False,未实施,20210204,0,-0.08921355299968914,-0.05119453924914674,-0.04969485836414078,-0.008191126279863514,-0.05501018415911274,-0.017406143344709912,0.0011854049373354325,-0.16211604095563148,-0.1526530795001232
603258.SH,20210416,0.04,,,,0.0,0.0,0,False,未实施,20210416,0,-0.00036724201248627963,0.00881704628949298,-0.005957660185328617,-0.0007347538574578039,-0.014410917799144829,-0.06686260102865549,-0.08928015677260703,-0.05318487537444194,-0.08983266593978878
603258.SH,20221028,0.0,,,,0.0,0.0,0,False,未实施,20221028,0,-0.03824861600402629,0.04395604395604402,0.05205330857208734,0.05494505494505497,0.0017405900964966303,0.07169021454735769,0.007504236407763987,0.196232339089482,0.06692729820780197
603259.SH,20210626,0.09,,,,0.0,0.0,0,False,未实施,20210625,1,0.0329815303430081,0.005810983397190217,0.006142760784407564,-0.009897828863346003,0.015089201376125683,-0.016602809706258048,-0.0007690020384670815,-0.026819923371647514,-0.028544547035339707
603259.SH,20220628,0.08,,,,0.0,0.0,0,False,未实施,20220628,0,-0.012661898318190423,-0.007048458149779724,0.007039357215537612,0.11100825312498697,0.11270056988376975,-0.005692649036185493,0.03428511677591817,-0.2960742562593711,-0.23012694240766907
603259.SH,20250318,10.0,20260428,,,0.0,0.0,0,False,未实施,20250318,0,0.08823988755270973,0.004592422502870175,0.005568801580849492,-0.04434557979334097,-0.027392378014677088,-0.24856486796785304,-0.21329714154675328,-0.0249586973278223,-0.012767273341307228
603277.SH,20211214,0.0,,,,0.0,0.0,0,False,未实施,20211214,0,0.0031948881789136685,0.014861995753715496,0.018727932340270925,-0.02866242038216571,-0.018909134305057695,0.009023354564755781,0.02700049322118514,-0.04936305732484081,0.09779225705979644
603277.SH,20241029,0.0,,,,0.0,0.0,0,False,未实施,20241029,0,-0.0035728463676062416,-0.021912350597609542,-0.015872604986213235,-0.012749003984063756,-0.04206639120341871,-0.0784860557768926,-0.07095231605211882,0.043824701195219085,0.06746561670580054
603279.SH,20230715,0.02,,,,0.0,0.0,0,False,未实施,20230714,1,-0.00694006309148254,0.003811944091486774,0.012591276401826557,-0.029542566709021667,-0.008111133333855047,-0.03303684879288438,-0.01834609443384161,-0.20902160101651845,-0.16684856510044788
603283.SH,20230807,0.03,,,,0.0,0.0,0,False,未实施,20230807,0,0.10008386916410394,0.012198221092757144,0.014747327309410974,0.025667090216010102,0.054840105428433095,0.046505717916137224,0.07673450108960678,0.5168996188055908,0.6218682471912307
603283.SH,20250829,1.43,,,,0.0,0.0,0,False,未实施,20250829,0,-0.020283479960899298,0.06136193564479897,0.05654113636706515,0.03167872287353446,0.04396765488087895,0.19905213270142164,0.20839289109999837,0.07133948615614871,0.055989656823408396
603286.SH,20260207,0.0,,,,0.0,0.0,0,False,未实施,20260206,1,0.03760384783559223,-0.01910380671442613,-0.03278473894346279,-0.012782694198623323,-0.016770478149065515,-0.15746593622699823,-0.16142665213680063,-0.034695884253406195,-0.05099036406800517
603288.SH,20260327,0.29,,,,0.0,0.0,0,False,未实施,20260327,0,0.07442489851150214,0.01612090680100753,0.013644089251970248,0.05012594458438269,0.059226926565356,0.0037783375314861534,-0.03862450707862286,-0.15013410714144892,-0.17409444452503797
603296.SH,20260430,0.08,,,,0.0,0.0,0,False,未实施,20260430,0,0.01122389225063447,0.05974326802432195,0.04751230344507218,0.05810249975871051,0.03241126777051795,0.20258662291284613,0.21352256971130568,0.11009100467692856,0.17037403229666603
603297.SH,20240831,0.0,,,,0.0,0.0,0,False,未实施,20240830,1,0.008682521706304458,-0.06661676646706571,-0.056263945347808875,0.04041916167664672,0.06916156584103206,0.4520958083832334,0.18264564565988928,0.6884356287425148,0.42029323190201917
603300.SH,20221025,1.0,20231109,,,0.0,0.0,0,False,未实施,20221025,0,0.016666666666666385,0.031147540983606614,0.023164931931174193,0.032786885245901676,0.03525076343988598,0.1049180327868855,0.06461957479464009,0.06721311475409841,-0.014910575523159109
603317.SH,20210331,0.03,,,,0.0,0.0,0,False,未实施,20210331,0,-0.01947261663285993,-0.002275548200248556,-0.009304429053954899,-0.06081919735208963,-0.0717799457992524,-0.06992139015308252,-0.07875125909738301,-0.26526918965631685,-0.2958118350159453
603317.SH,20230927,0.01,,,,0.0,0.0,0,False,未实施,20230927,0,0.012148823082763771,0.005251312828207011,0.0042301529517265735,-0.032258064516129004,-0.03244025367244663,0.09677419354838701,0.13245729814514284,-0.006001500375093727,0.04533908199623582
603317.SH,20260312,0.15,,,,0.0,0.0,0,False,未实施,20260312,0,-0.04556166535742334,0.016460905349794164,0.024813611275587677,0.020576131687242816,0.051792973936153786,0.11275720164609027,0.15264165978540944,0.16698399042644185,0.2066927517668038
603321.SH,20250813,0.0,,,,0.0,0.0,0,False,未实施,20250813,0,-0.006787330316742057,-0.041002277904327866,-0.03654993736446577,-0.015945330296127325,-0.03756552285824444,-0.021640091116173044,-0.054683845180656276,-0.05466970387243719,-0.1358506432112605
603324.SH,20250513,,,,,0.0,0.0,0,False,未实施,20250513,0,-0.005286701911346059,-0.006541291905151292,-0.015027671658931152,0.004905968928863524,0.003239101332158212,-0.005723630417007408,-0.013744083138190533,0.12717447924573433,0.04680062258595519
603348.SH,20221028,,,,,0.0,0.0,0,False,未实施,20221028,0,-0.02278516841211431,-0.0350470673425054,-0.02756257670423501,0.13975380159304862,0.08227214338855915,-0.08167994207096296,-0.1366802307395304,-0.08095582910934107,-0.18029860743578208
603355.SH,20210914,0.02,,,,0.0,0.0,0,False,未实施,20210914,0,-0.0229062276306371,-0.007326007326007189,-0.005594282488346036,-0.03846153846153855,-0.03308097128376386,-0.03663003663003661,-0.018455307388706377,0.07985347985347979,0.07620564783706385
603363.SH,20230429,0.01,,,,0.0,0.0,0,False,未实施,20230428,1,0.004065040650406582,-0.005060728744939347,-0.013133214056793796,-0.0253036437246964,-0.024092596605207572,-0.12854251012145756,-0.09626015283290379,-0.04048582995951422,-0.026617401720793743
603365.SH,20260619,0.0,,,,0.0,0.0,0,False,未实施,20260618,1,0.003580910525480263,-0.01910447761194034,-0.036213839486524235,-0.03701492537313433,-0.02189882325584891,0.040000000000000036,0.13016092351358455,,
603368.SH,20210330,0.0,,,,0.0,0.0,0,False,未实施,20210330,0,0.04263206672845232,0.007111111111111068,0.011431412858168288,0.004888888888888943,-0.001738604342311434,0.011111111111111072,0.010996548080284496,-0.11838248175182475,-0.14712708665344087
603368.SH,20220331,0.0,,,,0.0,0.0,0,False,未实施,20220331,0,-0.03697661772702554,-0.024844720496894457,-0.0339090410819165,-0.05872388481084123,-0.0334388312384688,-0.12422360248447217,-0.07156891454613012,-0.0046764931983555025,-0.044468545892301314
603385.SH,20220301,0.0,,,,0.0,0.0,0,False,未实施,20220301,0,0.019251336898395754,0.0041972717733473885,0.005535484158846193,-0.05981112277019929,-0.0040584176129532246,-0.1017838405036725,-0.0219141463287017,-0.2183505017513263,-0.14416812086252906
603385.SH,20220429,0.0,,,,0.0,0.0,0,False,未实施,20220429,0,0.019971469329529423,-0.004195804195804231,-0.010913888762762558,0.0,-0.003805633022130661,0.0619531173052299,0.01686931884607934,0.0648271446862998,-0.011570500497510627
603396.SH,20230112,0.01,,,,0.0,0.0,0,False,未实施,20230112,0,-0.015849143914854147,0.005642412131186214,-0.004383150378631462,0.017162336899024355,-0.006955045262664106,-0.03890913365463733,-0.0642240194735022,-0.2051251910191606,-0.2467248186361275
603439.SH,20250329,0.0,,,,0.0,0.0,0,False,未实施,20250328,1,-0.017306245297215805,-0.014548238897396759,-0.009951300235272798,-0.09035222052067382,-0.01552276059799007,-0.09264931087289441,-0.07529590642677908,-0.0913557484852201,-0.11070559116825074
603439.SH,20250423,0.05,,,,0.0,0.0,0,False,未实施,20250423,0,-0.058320373250388746,-0.006606110652353392,-0.006887171066629172,-0.02229562345169278,-0.01713020933627829,-0.019818331957060398,-0.03460335813065818,0.08446186396476518,-0.0019793049814392782
603439.SH,20251128,0.01,,,,0.0,0.0,0,False,未实施,20251128,0,0.0016722408026754731,0.00918196994991649,0.0026303161499312555,0.015025041736226985,0.01132900330529596,-0.005008347245408995,-0.023856155468793827,-0.04006677796327218,-0.08565426761670114
603439.SH,20260310,0.0,,,,0.0,0.0,0,False,未实施,20260310,0,0.004262574595055302,-0.007640067911714787,-0.010111728753846805,-0.011035653650254607,0.006846867107253685,-0.0458404074702885,-0.015235510404256858,0.36672325976230935,0.42326542782226073
603439.SH,20260427,0.24,,,,0.0,0.0,0,False,未实施,20260427,0,0.027472527472527597,-0.008912655971479722,-0.007039944280325505,-0.01782531194295911,-0.039852795608503966,0.31907308377896615,0.3151172507877602,-0.13321318408371507,-0.07136717506995083
603456.SH,20220805,0.01,,,,0.0,0.0,0,False,未实施,20220805,0,-0.04672498399829306,0.0006714413607880054,-0.002391226240207822,-0.03782452999104735,-0.05246495575544474,-0.09982094897045657,-0.08836598235117354,-0.09668755595344669,-0.05289581044601299
603486.SH,20221029,0.76,,,,0.0,0.0,0,False,未实施,20221028,1,-0.051365108745951016,-0.052032520325203224,-0.04467977441720239,0.1164227642276423,0.06011776953901027,0.16195121951219504,0.09235930333856057,0.39951219512195113,0.24823390603774587
603486.SH,20230826,0.1,,,,0.0,0.0,0,False,未实施,20230825,1,-0.021481806225339906,-0.10005973715651129,-0.11009749970008309,-0.20639187574671436,-0.22391218819796455,-0.26299283154121844,-0.2790760319895921,-0.34109916367980875,-0.33406298473129403
603486.SH,20240427,,,,,0.0,0.0,0,False,未实施,20240426,1,-0.020518867924528283,0.09992776306284612,0.09130389080917589,0.18588971827594514,0.17078630973740871,0.24729111485673005,0.23831760567323568,-0.08261381469149842,-0.018453289123400163
603500.SH,20250410,0.09,,,,0.0,0.0,0,False,未实施,20250410,0,0.1007194244604317,0.041830065359476976,0.0371363994801992,0.05751633986928084,0.03923633098651291,0.20261437908496704,0.148723502652492,0.21176470588235285,0.11830382929434746
603501.SH,20221026,0.03,,,,0.0,0.0,0,False,未实施,20221026,0,0.025003342692873298,-0.010566136185755415,-0.005059656325810624,0.021132272371510608,0.019817747742136627,0.07748499869553882,0.04359601998202023,0.27119749543438587,0.17673848244889756
603508.SH,20210427,0.01,,,,0.0,0.0,0,False,未实施,20210427,0,-0.006066734074823055,-0.006103763987792554,-0.010260163403816636,0.004577822990844194,0.011552535450812806,-0.020854526958291042,-0.06386589710615875,-0.025770742963011628,-0.03274704574768983
603515.SH,20230427,0.03,,,,0.0,0.0,0,False,未实施,20230427,0,0.10011001100109995,0.04150000000000009,0.029782071755370287,0.030000000000000027,0.007978814599061135,-0.0010000000000000009,0.018108360138580304,-0.017815073272854254,0.0033187195643393785
603517.SH,20210803,0.0,,,,0.0,0.0,0,False,未实施,20210803,0,0.030633655056651277,-0.037187839305103276,-0.045280601601687676,0.029723127035830466,0.005820393368224597,-0.14522258414766565,-0.16836486722516586,-0.02008686210640609,-0.04200149378976192
603517.SH,20210925,0.02,,,,0.0,0.0,0,False,未实施,20210924,1,0.04238724991522558,0.045543266102797686,0.054366924312448495,0.08539362394274574,0.09170888964226531,0.07108002602472352,0.09092685570816861,0.19274560832791154,0.19110183270318837
603517.SH,20211130,0.02,,,,0.0,0.0,0,False,未实施,20211130,0,0.030149158997143655,-0.015249537892791154,-0.01882803815432188,0.00030807147258160583,-0.008373387896903561,0.11752926678989528,0.09714212622336627,-0.18838570548367228,-0.16982125909385393
603518.SH,20231014,0.0,,,,0.0,0.0,0,False,未实施,20231013,1,-0.030516431924882514,0.02058111380145289,0.025324448496790053,0.002421307506053294,0.03771895104647349,0.0690072639225181,0.08628926190173547,0.22639225181598066,0.31157440706835504
603518.SH,20241022,0.03,,,,0.0,0.0,0,False,未实施,20241022,0,0.054054054054053946,0.008974358974358942,0.003800605080801267,0.01025641025641022,0.010090381067944021,0.02564102564102555,0.007205626664900322,0.1807692307692308,0.20226533237024769
603518.SH,20241022,0.01,,,,0.0,0.0,0,False,未实施,20241022,0,0.054054054054053946,0.008974358974358942,0.003800605080801267,0.01025641025641022,0.010090381067944021,0.02564102564102555,0.007205626664900322,0.1807692307692308,0.20226533237024769
603518.SH,20250212,0.02,,,,0.0,0.0,0,False,未实施,20250212,0,0.023958333333333304,-0.0020345879959307034,0.002128828650268977,-0.042726347914547325,-0.04419838707438106,-0.08341810783316372,-0.09036006841451893,-0.1414038657171922,-0.14865077104719082
603518.SH,20250327,0.0,,,,0.0,0.0,0,False,未实施,20250327,0,-0.01979166666666654,-0.029755579171094504,-0.023258315979110877,0.002125398512221155,0.011643228976602193,-0.08820403825717327,-0.06642955729051858,0.07724720135636032,0.0539105909345039
603518.SH,20251226,0.0,,,,0.0,0.0,0,False,未实施,20251226,0,-0.010030090270812475,0.0,-0.00040367897386095475,0.004052684903748771,-0.025448880447129008,-0.006079027355623046,-0.04838771807830189,-0.08611955420466055,-0.0826185020778678
603518.SH,20251226,0.0,,,,0.0,0.0,0,False,未实施,20251226,0,-0.010030090270812475,0.0,-0.00040367897386095475,0.004052684903748771,-0.025448880447129008,-0.006079027355623046,-0.04838771807830189,-0.08611955420466055,-0.0826185020778678
603518.SH,20260422,,,,,0.0,0.0,0,False,未实施,20260422,0,-0.002207505518763919,0.0022123893805310324,0.005397334947639498,0.07632743362831884,0.07599823450125864,-0.0022123893805309214,-0.01333997030516465,-0.15044915694662686,-0.09727131497166974
603518.SH,20260422,0.04,,,,0.0,0.0,0,False,未实施,20260422,0,-0.002207505518763919,0.0022123893805310324,0.005397334947639498,0.07632743362831884,0.07599823450125864,-0.0022123893805309214,-0.01333997030516465,-0.15044915694662686,-0.09727131497166974
603529.SH,20250416,,,,,0.0,0.0,0,False,未实施,20250416,0,-0.032873563218390744,0.009983361064891838,0.008647950945985139,0.0054670786783930225,-0.0007405539694198549,-0.04397432850011884,-0.06997276048238332,-0.1293754813695912,-0.18625669187993954
603529.SH,20260423,,,,,0.0,0.0,0,False,未实施,20260423,0,-0.09986130374479885,-0.031201848998459236,-0.028031878310835312,-0.09822804314329736,-0.10237471768642492,-0.16987673343605547,-0.18031449911137232,-0.12831964782565308,-0.06220920746509695
603551.SH,20240126,,,,,0.0,0.0,0,False,未实施,20240126,0,0.02828282828282802,-0.04027504911591351,-0.031332468894145094,-0.15913555992141437,-0.10367526015420037,-0.006876227897838816,-0.04905533666117601,0.15520628683693527,0.07042561290573968
603551.SH,20251114,,,,,0.0,0.0,0,False,未实施,20251114,0,0.010600706713780772,0.014860139860139787,0.019576004398748736,0.06730769230769251,0.11061387052353022,0.07954545454545459,0.10762013465518017,0.06905594405594417,0.03335120055241303
603557.SH,20210429,,,,,0.0,0.0,0,False,未实施,20210428,1,-0.02857142857142858,-0.049411764705882266,-0.046595484921206576,-0.2247058823529412,-0.22127684256413216,-0.4152941176470588,-0.4423371658457884,-0.4658823529411764,-0.45071187718856
603558.SH,20250919,3.0,20261009,,,0.0,0.0,0,False,未实施,20250919,0,0.044534412955465674,-0.04457364341085279,-0.04669158560168163,-0.054263565891472854,-0.056244072883096075,0.05910852713178283,0.012245543551014038,0.13178294573643412,0.10367896750067662
603567.SH,20250326,0.01,,,,0.0,0.0,0,False,未实施,20250326,0,-0.00534283170080152,0.0071620411817368,0.00565399185203308,0.005371530886302711,0.010944589853277398,-0.02506714413607869,-0.003953073063260537,0.07072515666965096,0.04368532916892942
603568.SH,20260512,0.24,,,,0.0,0.0,0,False,未实施,20260512,0,0.01806942463147876,-0.01588042970574499,-0.022394622389008023,-0.06398879028491367,-0.05389776276352609,-0.09726842279722558,-0.051241080935639394,-0.10883449041032955,-0.031616475270915934
603587.SH,20220428,2.0,20230426,,,0.0,0.0,0,False,未实施,20220428,0,-0.06474820143884885,0.011888111888111785,-0.011881838644401843,0.03566433566433558,0.015073002979312466,0.08111888111888121,0.009548530943086053,0.04998275491484927,-0.04626339839509386
603588.SH,20240426,0.1,,,,0.0,0.0,0,False,未实施,20240426,0,-0.015290519877675712,0.034161490683229934,0.026053252229021773,0.08695652173913038,0.07311311947460997,0.045031055900621286,0.03751268615881642,-0.20378572441106613,-0.14809976880728792
603590.SH,20240717,0.0,,,,0.0,0.0,0,False,未实施,20240717,0,0.002850162866449457,0.013398294762484664,0.008537979281906471,-0.06861550954120987,-0.04906859537093988,-0.030450669914738104,0.007710540881457284,-0.052375152253349544,-0.13916282921508305
603590.SH,20250426,0.02,,,,0.0,0.0,0,False,未实施,20250425,1,-0.03905723905723901,0.0742817098808688,0.0764526417425564,0.016818500350385346,0.002337316940467904,0.015066573230553493,0.0014291796755101505,1.069001360814481,0.8907376551356021
603590.SH,20250624,0.03,,,,0.0,0.0,0,False,未实施,20250624,0,0.014686248331107876,0.05756578947368429,0.04673067590471258,0.07565789473684226,0.06409127004720494,1.0388157894736842,0.94700569760699,0.9644736842105266,0.7399913560173978
603590.SH,20260624,0.0,,,,0.0,0.0,0,False,未实施,20260624,0,-0.00032883919763249114,-0.046052631578947234,-0.0482445236860809,0.0052631578947368585,0.004864249501385309,0.09184963028203086,0.1606803961952692,,
603599.SH,20230425,,,,,0.0,0.0,0,False,未实施,20230425,0,-0.023658780406531243,0.0013651877133105117,0.0016017468120850253,-0.06382252559726964,-0.08337178713571669,-0.06006825938566551,-0.04474617590694163,-0.030815152953669434,-0.020812835369399152
603609.SH,20210331,0.0,,,,0.0,0.0,0,False,未实施,20210331,0,-0.02986279257465696,-0.014143094841930104,-0.021088369875192026,-0.0033277870216307237,-0.01495949135367547,-0.07071547420965063,-0.07953780437381353,-0.1151420580439636,-0.15192546488404446
603626.SH,20210331,0.02,,,,0.0,0.0,0,False,未实施,20210331,0,0.0,-0.012263099219620988,-0.019221618656396267,-0.02564102564102566,-0.03701232239780994,0.004459308807134743,-0.005076706711069079,0.014492753623188248,-0.027679552148679565
603626.SH,20220428,0.01,,,,0.0,0.0,0,False,未实施,20220428,0,-0.0029761904761904656,0.03731343283582089,0.01294622395616396,0.0,-0.019882245604039728,0.10298507462686568,0.02996717677272609,0.14477611940298507,0.039840778914886466
603630.SH,20210113,0.0,,,,0.0,0.0,0,False,未实施,20210113,0,-0.03024054982817881,-0.0014174344436570507,0.007752968766453261,0.05315379163713674,0.057727177519250716,0.07512402551381991,0.05852362778640452,0.18284904323175066,0.25233230147337027
603630.SH,20210720,0.0,,,,0.0,0.0,0,False,未实施,20210720,0,0.0004935834155970209,-0.0019733596447950585,-0.009220624337463401,-0.11149481993093235,-0.07060445966680728,-0.17612234829797724,-0.1546553698946489,0.024666995559941007,0.00813662319708297
603637.SH,20210416,0.0,,,,0.0,0.0,0,False,未实施,20210416,0,0.013351134846461665,0.015810276679842028,0.000933150319563314,-0.030303030303030165,-0.043574516309900835,-0.07378129117259546,-0.0960326333212631,-0.03235778972161174,-0.06981172147887638
603650.SH,20220819,0.01,,,,0.0,0.0,0,False,未实施,20220819,0,-0.03824993450353675,-0.003541269408880443,-0.00953495872808574,-0.11686189049305373,-0.11089762527416502,-0.14383001906837378,-0.10467735893929742,0.037047126123672,0.09521303531502201
603650.SH,20221111,,,,,0.0,0.0,0,False,未实施,20221111,0,0.009262025694651843,0.02516281823564248,0.026456589524705976,0.13883955002960335,0.1351807683018642,-0.006512729425695585,-0.043581687474208985,0.043812907045589045,-0.018757928410752744
603650.SH,20230823,0.01,,,,0.0,0.0,0,False,未实施,20230823,0,-0.03872515421521583,0.012477718360071277,0.011215736172874413,0.05454545454545445,0.034801611921116526,0.045632798573975064,0.03548589141610892,0.24848484848484853,0.2552315093680555
603650.SH,20231026,0.0,,,,0.0,0.0,0,False,未实施,20231026,0,-0.011390887290168128,0.04608853850818706,0.03586782075179018,0.03486961795027321,0.027611514347818167,0.06185567010309301,0.03634600785122988,-0.1431170406306851,-0.09591449474034708
603650.SH,20240822,0.01,,,,0.0,0.0,0,False,未实施,20240822,0,0.012825495530508935,0.011895625479662497,0.009911906021149663,0.01803530314658497,0.02729060226872182,-0.02187260168841143,0.013657756693632894,0.3228106719336319,0.15461494880998172
603650.SH,20241025,0.0,,,,0.0,0.0,0,False,未实施,20241025,0,-0.005658129839189896,-0.007187780772686558,-0.013910889515740266,-0.017669961066187567,-0.009357989898420183,0.012878107217729973,0.02295628889648693,0.011380652890086829,0.028626582724407656
603650.SH,20250308,0.0,,,,0.0,0.0,0,False,未实施,20250307,1,-0.013378878451466125,0.002308136180035003,0.00420867764864763,-0.029717253317945613,-0.04305774104638849,-0.16733987305250997,-0.09313246870391101,-0.07810723175763579,-0.08159619295018739
603656.SH,20210205,0.0,,,,0.0,0.0,0,False,未实施,20210205,0,-0.02638762511373982,-0.024299065420560706,-0.03427409729045838,0.11028037383177591,0.05025253160904408,0.14392523364485998,0.1582546866908645,0.21028037383177578,0.23385290775983858
603659.SH,20230328,0.12,,,,0.0,0.0,0,False,未实施,20230328,0,0.00349578449516752,0.007581967213114993,0.009236114140415808,0.006147540983606703,-0.014258081182096372,0.03893442622950838,0.03297455123136128,0.06520883820384937,0.08391215563078402
603659.SH,20240626,3.0,20240925,,,0.0,0.0,0,False,未实施,20240626,0,0.06488824801730364,-0.026404874746106866,-0.017589629726580736,-0.05280974949221384,-0.05593822786449765,-0.15775220040622873,-0.13726936308444027,-0.28774542992552465,-0.22640169755930917
603665.SH,20240430,0.22,,,,0.0,0.0,0,False,未实施,20240430,0,0.010948905109489093,0.005157297576070086,-0.006330839297897017,-0.024755028365136655,-0.04012706437433278,0.11603919546157826,0.12255111923169615,0.23723568849922638,0.3283558694950821
603666.SH,20230428,0.4,,,,0.0,0.0,0,False,未实施,20230428,0,0.023555804823331528,0.0797260273972602,0.07096562085908387,0.09452054794520559,0.0958804750120057,0.07095890410958927,0.11063161148243239,0.010498265624081515,0.02510359728017142
603667.SH,20220326,0.0,,,,0.0,0.0,0,False,未实施,20220325,1,-0.011511895625479718,-0.01940993788819856,-0.020100209261293633,-0.05822981366459612,-0.07844869423787026,-0.29503105590062106,-0.2154555128521427,0.3614617759899348,0.2942001045576699
603667.SH,20220507,0.0,,,,0.0,0.0,0,False,未实施,20220506,1,0.04852521408182686,-0.00907441016333932,-0.009925563447133245,0.06896551724137923,0.040294652589212276,0.3439201451905627,0.2464134986953317,0.7856905224840844,0.6441491931607686
603676.SH,20220429,0.02,,,,0.0,0.0,0,False,未实施,20220429,0,0.09999999999999987,0.046113306982872304,0.039055817475855514,0.11067193675889331,0.10644512695960984,0.23847167325428198,0.18589401572449593,0.7724123808530288,0.6452479552769941
603678.SH,20230322,,,,,0.0,0.0,0,False,未实施,20230322,0,-0.03838150289017328,0.004568405866794745,-0.0018201943010983657,-0.02284202933397461,-0.015094056435169367,-0.01442654484251027,-0.04407353325617325,-0.1598700139243202,-0.1532890365610421
603679.SH,20210427,0.07,,,,0.0,0.0,0,False,未实施,20210427,0,-0.04604604604604612,0.0005246589716685346,-0.0036594600113682985,-0.024658971668415575,-0.017887248196788774,-0.01364113326337868,-0.05696936944880293,-0.12958296852268947,-0.1358158882555609
603683.SH,20250524,0.0,,,,0.0,0.0,0,False,未实施,20250523,1,-0.0007163323782235498,0.02508960573476715,0.0255591114237268,0.027240143369175573,0.02751153832944797,0.057347670250896154,0.04696365041997863,0.8896723989646473,0.6972315580855148
603683.SH,20260615,0.0,,,,0.0,0.0,0,False,未实施,20260615,0,0.037122969837587005,0.037711728986896675,0.03887322593432563,0.04506232023010548,0.042573259588291945,-0.12837823533842674,-0.09995958988141218,-0.4798489689915115,-0.4592674901745095
603690.SH,20220420,0.6,20221019,,,0.0,0.0,0,False,未实施,20220420,0,-0.007780979827089363,-0.028463549230322238,-0.005989971747098699,-0.1475457449898343,-0.09199805503365421,0.09875108916642472,0.10021493499805167,0.10572175428405473,0.062435524321677205
603699.SH,20251001,0.0,,,,0.0,0.0,0,False,未实施,20250930,1,0.014030323602625128,0.014952019638473368,0.0017438769871951365,-0.022985940638250435,-0.030336154244280822,0.2531749322429293,0.22587425562653185,0.1753745033146552,0.14988698033119752
603709.SH,20250429,,,,,0.0,0.0,0,False,未实施,20250429,0,0.03314917127071859,0.010695187165775222,0.013044946210424735,0.06149732620320836,0.04391874047383437,0.0909090909090906,0.0710844519111391,0.24331550802139024,0.13574778989396408
603713.SH,20211210,0.0,,,,0.0,0.0,0,False,未实施,20211210,0,0.0018527468986628826,0.019940500120607663,0.0158580305307352,0.05153976039237751,0.06137788078415962,0.003135804454450497,0.02346617817137986,-0.014553348878346917,0.12081696823494581
603713.SH,20230322,0.0,,,,0.0,0.0,0,False,未实施,20230322,0,-0.04409110442629982,-0.08289875921596834,-0.08873110782123073,-0.04459629563028222,-0.037020814253581946,-0.0846070850566445,-0.11214297596488554,-0.24369482891929106,-0.23777047519652794
603713.SH,20231026,,,,,0.0,0.0,0,False,未实施,20231026,0,-0.004004929143561542,0.01871326940921758,0.008760019356238047,-0.041138261676461396,-0.04786328067060952,-0.052118775131456796,-0.07489035377635056,-0.28441076399628806,-0.2449915721664514
603713.SH,20240802,0.01,,,,0.0,0.0,0,False,未实施,20240802,0,-0.06910261264672479,-0.02379499694935938,-0.00856182605144784,-0.07850315232865568,-0.06461293185135686,-0.0902989627821843,-0.07009523166205567,0.19097010372178147,0.021607170586275704
603738.SH,20230831,0.0,,,,0.0,0.0,0,False,未实施,20230831,0,-0.0027835768963115903,0.03907885554780188,0.03464486188163751,0.08653175157013271,0.08567017551937361,0.08722958827634342,0.0905156307928503,0.1849267271458479,0.21941591128841087
603757.SH,20231031,0.5,20241114,,,0.0,0.0,0,False,未实施,20231031,0,-0.03179190751445082,-0.003837953091684443,-0.005256830238122068,0.030277185501066173,0.017303274696820248,0.04051172707889106,0.03373699917542372,-0.07675906183368875,-0.011953926209745003
603767.SH,20210429,0.0,,,,0.0,0.0,0,False,未实施,20210429,0,0.03658536585365879,-0.02352941176470602,-0.015584542142089264,-0.04264705882352948,-0.03345258087932923,0.016176470588235237,-0.02582302209868914,0.06328827061178033,0.09912931997377239
603778.SH,20260425,0.14,,,,0.0,0.0,0,False,未实施,20260424,1,-0.0003767897513186069,-0.006407840180927327,-0.007974646315232481,0.052016584998115345,0.03171722996576909,-0.2864681492649831,-0.2888780400658568,-0.6592536750848097,-0.6372348962012584
603789.SH,20260425,,,,,0.0,0.0,0,False,未实施,20260424,1,0.0492700729927007,-0.006956521739130417,-0.00852246265160117,0.034782608695652195,0.014815794621853229,-0.024347826086956514,-0.028807659707482225,0.15999999999999992,0.19313573826004604
603799.SH,20230620,0.25,,,,0.0,0.0,0,False,未实施,20230620,0,-0.002340425531914825,-0.015141821283855772,-0.0020642679337699033,-0.04158669225847744,-0.02412421671633891,0.06760503305608867,0.09146734725860428,-0.17146513115802953,-0.14130454334549736
603799.SH,20240110,0.53,,,,0.0,0.0,0,False,未实施,20240110,0,0.005317381189763992,0.025785123966942436,0.022605444381676554,-0.05454545454545445,-0.03983550060008145,-0.18776859504132226,-0.17398882686115846,-0.005289256198347081,-0.06374620024928312
603810.SH,20210804,,,,,0.0,0.0,0,False,未实施,20210804,0,-0.0462387853692201,-0.01664254703328527,-0.01361592544456236,-0.02098408104196836,-0.03633815402263463,-0.03328509406657032,-0.05764394103778281,-0.11577424023154848,-0.11940809325679358
603813.SH,20231104,0.01,,,,0.0,0.0,0,False,未实施,20231103,1,-0.001235330450895522,0.0030921459492887493,-0.005964252074347365,0.029066171923314732,0.02629887417212884,0.05380333951762517,0.0535120140956038,-0.1341991341991342,-0.08992601928888677
603816.SH,20250429,0.01,,,,0.0,0.0,0,False,未实施,20250429,0,0.10004387889425193,-0.005185480654168351,-0.002872642476778209,-0.0031910650179498568,-0.019698399409514344,-0.002792181890706069,-0.020914026473995095,0.09690562098529876,0.0020048223631472517
603825.SH,20210120,0.0,,,,0.0,0.0,0,False,未实施,20210120,0,-0.01987577639751581,-0.0006337135614701284,-0.011168131590400865,-0.04435994930291498,-0.04175223442633469,-0.03041825095057027,-0.025246148840541105,0.0937896070975921,0.1310303260096466
603825.SH,20210317,0.0,,,,0.0,0.0,0,False,未实施,20210317,0,0.01814516129032251,-0.01650165016501648,-0.02147646925498148,-0.032343234323432446,-0.00978597181530183,0.048844884488448814,0.06321321738004948,0.22376237623762374,0.19844827392265718
603825.SH,20210423,0.0,,,,0.0,0.0,0,False,未实施,20210423,0,-0.04519119351100809,-0.030946601941747587,-0.021653543192122204,-0.10983009708737868,-0.10277724046689907,-0.017597087378640852,-0.05018321382203417,0.043601021091395964,0.014241277629188698
603848.SH,20241018,,,,,0.0,0.0,0,False,未实施,20241018,0,0.021327014218009532,0.006960556844547439,0.0049434066637106255,0.07656612529002316,0.06412347941694607,0.15622583139984525,0.13221663941757167,0.014694508894044667,0.047056912326434386
603861.SH,20210312,0.0,,,,0.0,0.0,0,False,未实施,20210312,0,0.018300653594771177,-0.0038510911424903815,0.005799502499454601,-0.010269576379974277,0.0038043863055197136,0.03209242618741981,0.04422793856661644,0.043645699614891065,-0.001957791195646652
603861.SH,20210527,0.16,,,,0.0,0.0,0,False,未实施,20210527,0,0.0037735849056603765,-0.011278195488721776,-0.009063309562274857,-0.00877192982456143,-0.001958027285193231,0.02130325814536338,0.021668146633045948,0.08704741603284982,0.14461912880599526
603877.SH,20230112,,,,,0.0,0.0,0,False,未实施,20230112,0,0.0067988668555241105,0.03545301069217777,0.025130257037950354,0.055711873944851,0.03068046470669339,0.09172763083849178,0.06297180629812504,0.21665728756330904,0.15298375114189922
603877.SH,20250227,,,,,0.0,0.0,0,False,未实施,20250227,0,0.018987341772152,0.0006901311249136732,0.02092901432915828,0.013112491373360902,0.015199154774621526,0.07177363699102823,0.07632069074430059,0.08513286938147391,0.10077024526425493
603887.SH,20250520,0.29,,,,0.0,0.0,0,False,未实施,20250520,0,-0.006640841173215395,-0.018941504178273005,-0.02099642592608464,-0.052367688022283976,-0.04108041767163284,-0.07966573816155997,-0.08192816649748635,0.01671309192200554,-0.06691758271877146
603893.SH,20230410,,,,,0.0,0.0,0,False,未实施,20230410,0,-0.01612110488548124,-0.032870416625037535,-0.03234875858143571,-0.08102707563193123,-0.10009584602344512,-0.26516135478069747,-0.26387208206077983,-0.2754651462014247,-0.25021212097822565
603893.SH,20240415,,,,,0.0,0.0,0,False,未实施,20240415,0,0.028494416634578412,-0.05278921752152743,-0.03694198717077468,-0.005054286783976014,-0.0008771160111218368,0.007113440658929271,-0.013859502949960634,0.26600524148259064,0.3026831959773306
603900.SH,20240419,0.07,,,,0.0,0.0,0,False,未实施,20240419,0,0.03305785123966953,-0.10000000000000009,-0.09389106965681371,-0.15466666666666673,-0.16106412333877174,-0.15466666666666673,-0.17963129144999357,-0.31864886731391584,-0.2984798550416051
603901.SH,20220325,0.0,,,,0.0,0.0,0,False,未实施,20220325,0,-0.01599390708301618,0.005417956656346812,0.004710208066705857,0.02089783281733748,-0.0010198405797866572,-0.1718266253869969,-0.07834400239384787,0.06166362655565649,0.00921318594813303
603901.SH,20240619,0.01,,,,0.0,0.0,0,False,未实施,20240619,0,-0.010269576379974388,-0.0311284046692607,-0.027062572398874107,-0.036316472114137466,-0.021557730825972676,-0.15628311499807546,-0.14056574777426256,-0.22189095986603236,-0.13719765238832626
603901.SH,20250301,0.0,,,,0.0,0.0,0,False,未实施,20250228,1,-0.07999999999999996,-0.009782608695652173,-0.008596828757146735,0.1260869565217393,0.10884161557665473,0.20108695652173925,0.19018838590912113,0.2554347826086958,0.23955330326931268
603918.SH,20210710,0.0,,,,0.0,0.0,0,False,未实施,20210709,1,0.009162303664921545,0.006485084306095956,-0.0002520103857643896,0.035019455252918386,0.03056983848780992,-0.09727626459143968,-0.080084294755705,-0.06744487678339806,-0.07345206482099675
603918.SH,20240723,0.02,,,,0.0,0.0,0,False,未实施,20240723,0,-0.027055150884495394,-0.026737967914438387,-0.02223824992950063,0.012834224598930577,0.025521968647391757,-0.051336898395721975,-0.03521814280467361,0.25454545454545463,0.11499073625967449
603920.SH,20211016,0.0,,,,0.0,0.0,0,False,未实施,20211015,1,0.07117181883537027,0.01946308724832213,0.020671167174776794,0.012080536912751683,0.009188485643504274,0.4395973154362416,0.4531289030118921,0.4234899328859061,0.4151108556306884
603956.SH,20240612,1.0,20250311,,,0.0,0.0,0,False,未实施,20240612,0,0.04428044280442811,-0.012367491166077826,-0.00958000373978296,-0.01590106007067138,-0.009569278770253264,-0.14310954063604253,-0.11451005197924768,-0.16607773851590113,-0.09024476224792177
603982.SH,20230512,,,,,0.0,0.0,0,False,未实施,20230512,0,-0.012391573729863659,0.019447929736511993,0.0076314931065462055,0.01129234629861986,0.007849098974199054,-0.1311166875784191,-0.12010403921322221,-0.040777917189460555,-0.03732352052724763
603986.SH,20211028,,,,,0.0,0.0,0,False,未实施,20211028,0,0.04277735465854282,0.03171028606208148,0.023299313778464947,0.016433353621424063,0.01399834537937994,-0.048508825319537485,-0.06596670240077329,-0.06877662811929408,-0.06987406263111373
603986.SH,20220707,,,,,0.0,0.0,0,False,未实施,20220707,0,-0.01508226691042025,0.0462490332559935,0.04884283522521371,-0.02451662799690657,5.189490723944701e-05,-0.03650425367362742,0.016476455854352867,-0.2749419953596288,-0.1934296511326643
603997.SH,20220429,0.11,,,,0.0,0.0,0,False,未实施,20220429,0,0.03851640513552068,0.004120879120879106,-0.002653313044413852,0.08379120879120872,0.07966669717793806,0.22939560439560425,0.17720325922335833,1.0700549450549453,0.921535700412764
603998.SH,20240202,0.0,,,,0.0,0.0,0,False,未实施,20240202,0,-0.06597222222222232,-0.07558859975216847,-0.06602115206419334,0.15489467162329618,0.08331569545819817,0.35068153655514256,0.20176617147151488,0.530359355638166,0.3272192446238522
605005.SH,20230331,0.11,,,,0.0,0.0,0,False,未实施,20230331,0,0.022236340533672072,-0.0049720323182098625,-0.012076390909157464,-0.021752641392168925,-0.03429221251995851,-0.07520198881292717,-0.09662082870822275,-0.007461101051184249,0.0013767243340041535
605006.SH,20240424,,,,,0.0,0.0,0,False,未实施,20240424,0,-0.014598540145985384,-0.005555555555555647,-0.008186766498884612,0.04999999999999982,0.017939519544623916,0.016666666666666607,-0.009114267761662576,-0.24289660615627473,-0.20927824493505454
605009.SH,20220426,0.6,20221116,,,0.0,0.0,0,False,未实施,20220426,0,-0.011996572407883321,0.02977739230991605,0.004764228171054485,0.02717548424400107,-0.012225235462743678,0.032379300375831255,-0.04803250998859099,0.12235439455511887,-0.00332127458265441
605020.SH,20240720,,,,,0.0,0.0,0,False,未实施,20240719,1,-0.0016574585635360517,-0.012728278915329239,-0.0067021293399164295,-0.044825677919203,-0.01462269336211608,-0.12838959601549527,-0.09724793302741297,-0.04427227448810178,-0.1325652858755254
605020.SH,20240828,1.0,20250827,,,0.0,0.0,0,False,未实施,20240828,0,0.005270092226614009,0.007208387942332806,0.012318556637030742,-0.000655307994757437,0.018421868925657003,0.13368283093053734,0.041851039497821096,0.1605504587155966,-0.010063511235675282
605033.SH,20230311,0.02,,,,0.0,0.0,0,False,未实施,20230310,1,-0.02494692144373667,-0.0016330974414808797,-0.01342857718966095,-0.011976047904191822,-0.0181978510981875,-0.04300489929232465,-0.0676217568099271,-0.022379543521965584,-0.01736270587758837
605033.SH,20230415,0.0,,,,0.0,0.0,0,False,未实施,20230414,1,0.001129943502824693,0.0022573363431153126,-0.01179157461688618,-0.041196388261851014,-0.030480756641149243,0.0062076749435664436,0.022727586124260846,0.1020822638819463,0.1362749176431659
605060.SH,20231222,,,,,0.0,0.0,0,False,未实施,20231222,0,-0.013296398891966876,0.0005614823133071045,-0.0008225280643004984,0.049971925884334745,0.028739228255993066,-0.132509825940483,-0.08264621297527064,-0.03425042111173493,-0.0714297682185765
605077.SH,20241211,0.0,,,,0.0,0.0,0,False,未实施,20241211,0,0.010269576379974277,0.01969504447268111,0.011149342588736344,-0.05590851334180447,-0.04187303677213505,-0.12325285895806859,-0.06289087371999957,-0.01842439644218563,-0.01471327793267918
605088.SH,20250329,0.0,,,,0.0,0.0,0,False,未实施,20250328,1,0.016892756590734415,-0.05310848225522269,-0.04869141954493039,-0.22300528567832867,-0.15908813428512614,-0.18952932292977598,-0.17402878315011605,-0.06372676085157547,-0.08366497083381164
605111.SH,20240322,0.45,20250320,,,0.0,0.0,0,False,未实施,20240322,0,-0.027870967741935426,-0.050968940801699114,-0.04415514035843027,0.005574727900185872,0.007845231365178895,-0.09185027873639506,-0.08402002852698187,0.2007415011883753,0.23515973109659227
605168.SH,20240430,,,,,0.0,0.0,0,False,未实施,20240430,0,-0.0999654696132597,-0.012085171686169294,-0.023376241049004154,-0.10627277958948789,-0.1203599140163577,-0.1137540763475926,-0.10858296235816389,-0.32850094184463186,-0.27904624514744547
605178.SH,20250703,0.05,20250815,,,0.0,0.0,0,False,未实施,20250703,0,0.030510257759074122,-0.018887187340479894,-0.022042904291694865,-0.007146503318019359,-0.02087548912470205,0.17917304747320073,0.12308784494048064,1.0117406840224605,0.7751681486718456
605183.SH,20220223,0.01,,,,0.0,0.0,0,False,未实施,20220223,0,0.006951871657753905,-0.02283590015932002,-0.005973166631284554,-0.014869888475836257,-0.01346892614368711,-0.12320764737121581,-0.0647427170468382,-0.0971853425385022,0.013705227433032485
605183.SH,20251025,0.0,,,,0.0,0.0,0,False,未实施,20251024,1,-0.003984063745019806,-0.00649999999999995,-0.01809132569891836,-0.034499999999999975,-0.035593355589045306,-0.05999999999999994,-0.03170833182525035,0.06800000000000006,0.025593744629160087
605196.SH,20240814,0.0,,,,0.0,0.0,0,False,未实施,20240814,0,-0.022274325908558046,0.01918465227817756,0.00972586824771815,-0.0227817745803357,-0.024810387874956152,-0.08752997601918455,-0.04433065629111077,0.3093525179856116,0.12062971426697655
605228.SH,20230407,0.01,,,,0.0,0.0,0,False,未实施,20230407,0,0.015312131919905658,0.0058004640371229765,0.009528319752135639,-0.033642691415313064,-0.03668429091378955,0.019721577726218076,0.022331473394990198,0.17053364269141524,0.21851655898613576
605228.SH,20240203,0.01,,,,0.0,0.0,0,False,未实施,20240202,1,-0.06711409395973156,-0.09952038369304561,-0.09020062452435196,-0.04076738609112707,-0.10021946435836815,0.1151079136690647,-0.00783498410326433,0.2769784172661871,0.10747212680530205
605228.SH,20250423,,,,,0.0,0.0,0,False,未实施,20250423,0,0.05056759545923639,-0.004911591355599043,-0.0051931311993344,0.006876227897839149,0.012195762927865506,0.10805500982318272,0.09134114661175174,0.220039292730845,0.12279140773985997
605266.SH,20240612,,,,,0.0,0.0,0,False,未实施,20240612,0,-0.02638522427440637,-0.053116531165311676,-0.05044405355857562,-0.170731707317073,-0.1653961203597123,-0.41226303656054186,-0.39264678755767324,-0.43340855461786554,-0.3818853879921922
605266.SH,20241030,,,,,0.0,0.0,0,False,未实施,20241030,0,-0.016736401673640322,0.001891252955082745,-0.002259059390114726,0.30969267139479895,0.26418815288318553,0.22174940898345152,0.20567694166803974,0.04160756501182039,0.05324011956656105
605268.SH,20230418,0.01,,,,0.0,0.0,0,False,未实施,20230418,0,0.0010593220338983578,-0.020105820105820182,-0.013359374676230162,-0.06666666666666665,-0.029943773900824366,0.0031746031746031633,0.03671705463646169,0.13604910714285712,0.20550586319724506
605268.SH,20231201,0.0,,,,0.0,0.0,0,False,未实施,20231201,0,-0.004854368932038944,0.0039024390243900253,0.006798994352289478,-0.04000000000000015,-0.01993192390763443,-0.04975609756097554,-0.03164485037929099,-0.23317073170731706,-0.23723593237221297
605268.SH,20241029,0.0,,,,0.0,0.0,0,False,未实施,20241029,0,-0.013259668508287303,0.0033594624860022737,0.009555262948164778,0.09518477043673013,0.06266218385924782,-0.05823068309070545,-0.050531347710214725,-0.09854423292273229,-0.07812773999858724
605268.SH,20250828,0.0,,,,0.0,0.0,0,False,未实施,20250828,0,0.017821782178217838,0.011673151750972943,0.007915362979574292,-0.0077821011673152585,0.012695648358133749,-0.0077821011673152585,-0.010281042800467044,0.03404669260700399,0.02208071364748032
605288.SH,20211125,0.01,,,,0.0,0.0,0,False,未实施,20211125,0,0.032179980065498937,-0.00013795006207739657,0.0054978874301088165,-0.08952959028831553,-0.08689460760454248,-0.10401434680645605,-0.11856330274597482,-0.2356187060284176,-0.20621359828693775
605289.SH,20260526,0.01,,,,0.0,0.0,0,False,未实施,20260526,0,-0.018840579710145078,0.09998153618906946,0.11385888852877746,-0.011539881831610033,0.005505208859590827,0.24686115214180226,0.2573435113443774,-0.030003692762186174,0.03250137995388935
605296.SH,20240426,0.01,,,,0.0,0.0,0,False,未实施,20240426,0,-0.02644360496492182,0.001662971175166339,-0.006190465927459865,0.15271618625277172,0.13803527349870048,0.19262749445676275,0.1840472571356424,-0.09866962305986682,-0.03563201510251146
605296.SH,20250429,0.01,,,,0.0,0.0,0,False,未实施,20250429,0,0.022759103641456502,0.0,0.0023248938695739074,-0.022595001711742446,-0.03878100343836355,-0.004792879150975593,-0.0228783658917463,0.18657993837726794,0.0839208019605211
605299.SH,20250312,0.4,20260309,,,0.0,0.0,0,False,未实施,20250312,0,-0.010706638115631661,0.022727272727272707,0.02674512840201282,-0.0216450216450218,-0.037208111833645696,-0.13961038961038952,-0.10003293284628167,0.21226969109322025,0.20144065979733683
605336.SH,20220310,0.03,,,,0.0,0.0,0,False,未实施,20220310,0,0.006843800322061222,0.019192323070771566,0.014987602034152614,-0.0027988804478208396,0.02233945190718356,-0.026789284286285575,0.012840142862774018,0.03158736505397841,0.03512292068965395
605336.SH,20220825,0.0,,,,0.0,0.0,0,False,未实施,20220825,0,-0.01700493691716931,-0.008928571428571508,-0.005858329410255991,-0.00837053571428592,0.010705111979683046,-0.017299107142857317,0.03293692879229737,-0.12053571428571452,-0.0795481427634892
605336.SH,20230330,0.01,,,,0.0,0.0,0,False,未实施,20230330,0,0.03470588235294114,-0.017623649801023267,-0.02110899863004001,0.008527572484366086,-0.01159578588150778,-0.044343376918703825,-0.0621798967383127,-0.02287719229163232,-0.004816273888642808
605336.SH,20240327,0.0,,,,0.0,0.0,0,False,未实施,20240327,0,-0.02489959839357425,0.009884678747940523,0.004006231545097494,0.07001647446457993,0.04346662254334732,0.11779242174629312,0.08323162484808222,-0.06836902800658984,-0.05341462133160868
605338.SH,20240606,0.09,,,,0.0,0.0,0,False,未实施,20240606,0,-0.04180714767363436,0.01688951442646003,0.016061413386248002,0.06755805770584078,0.07324696798304475,-0.041520056298381625,-0.009398685173716448,-0.00211118930330767,0.07041802793411223
605339.SH,20240312,0.29,,,,0.0,0.0,0,False,未实施,20240312,0,0.007389162561576512,0.008557457212713837,0.012566856624645295,0.0317848410757946,0.029487041804951764,0.02261613691931541,0.029925731930184662,-0.06190301940694343,-0.056199483158703045
605365.SH,20240813,0.09,,,,0.0,0.0,0,False,未实施,20240813,0,-0.0405219780219781,-0.03149606299212604,-0.025621106748180078,-0.04795991410164635,-0.04753315575443362,-0.015032211882605617,0.029386546248029832,0.12598425196850394,-0.044551492825275485
605377.SH,20220719,1.1,20230118,,,0.0,0.0,0,False,未实施,20220719,0,-0.005181347150259086,0.005208333333333481,-0.0024851176377505,-0.014062499999999978,-0.013462141759932544,0.04166666666666674,0.04215815487144314,-0.0708333333333333,0.0009067697425761967
605399.SH,20231201,0.33,20241130,,,0.0,0.0,0,False,未实施,20231201,0,0.0050215208034434244,-0.009279086366880795,-0.006420563636689636,-0.039971448965025025,-0.019902776034802616,-0.032119914346895095,-0.013672528966678699,-0.17630264097073522,-0.180669317087642
605399.SH,20250426,,,,,0.0,0.0,0,False,未实施,20250425,1,-0.010801080108010841,-0.033666969972702465,-0.03171418315282826,0.03912647861692453,0.02432759256423367,0.05368516833484982,0.039528934938293236,0.28207461328480443,0.17161196408142487
605399.SH,20251031,0.0,,,,0.0,0.0,0,False,未实施,20251031,0,0.0022761760242793194,0.005299015897047621,-0.00019469405013150531,0.0794852384557152,0.06793694611741818,0.22482967448902347,0.245679391543006,0.1392884178652536,0.0883456073509834
605399.SH,20260430,,,,,0.0,0.0,0,False,未实施,20260430,0,-0.004745762711864443,-0.021798365122615793,-0.033088221740298907,-0.04768392370572194,-0.07080661101412622,-0.09264305177111709,-0.08439183134010209,-0.2615803814713896,-0.22148081299351408
605488.SH,20250329,0.02,,,,0.0,0.0,0,False,未实施,20250328,1,-0.05451088104796098,-0.00022346368715087106,0.004440297234153512,-0.1401117318435755,-0.0693755896228716,-0.01184357541899439,0.007055267439964652,0.022783151638114507,0.0010026879967508506
605488.SH,20260428,,,,,0.0,0.0,0,False,未实施,20260428,0,-0.01070663811563144,0.01886209029066155,0.01169919864472524,0.13729128014842296,0.10972525665776378,0.05318491032776729,0.0557911783723859,-0.2555283815097047,-0.21300234007610963
605598.SH,20250829,0.1,,,,0.0,0.0,0,False,未实施,20250829,0,-0.028625235404896365,-0.004265219077161819,-0.00878793404504985,0.018999612252811104,0.031137515916857206,-0.0019387359441644936,0.0058362797371971364,0.8390849166343541,0.8127350621171465
605598.SH,20260124,0.17,,,,0.0,0.0,0,False,未实施,20260123,1,0.09996656636576406,0.01914893617021285,0.020026627333121327,-0.12127659574468086,-0.11738937950959394,-0.17644376899696057,-0.18558523154590578,-0.3189969604863222,-0.3093918100864619
688005.SH,20220624,0.05,,,,0.0,0.0,0,False,未实施,20220624,0,0.05600630169358012,-0.018126212143816267,-0.026679930046483502,-0.024019095927196754,-0.03493532041486258,0.10025361778308217,0.12709500690755537,-0.2949425630314785,-0.2419557728755417
688005.SH,20230329,0.0,,,,0.0,0.0,0,False,未实施,20230329,0,-0.02244604316546772,0.0030909626140713797,-0.0034271554479006205,0.049602590521047984,0.026608484476776884,-0.019723285251692646,-0.03339501672611678,-0.23586096023213088,-0.22201215494066062
688005.SH,20231026,1.25,20240125,,,0.0,0.0,0,False,未实施,20231026,0,0.030731707317073198,0.05324183625177481,0.0429512278173203,0.014671083767155757,0.007554643472982292,-0.02247988641741594,-0.04596349972191871,-0.1833885470894463,-0.1384044110891729
688005.SH,20231026,0.01,,,,0.0,0.0,0,False,未实施,20231026,0,0.030731707317073198,0.05324183625177481,0.0429512278173203,0.014671083767155757,0.007554643472982292,-0.02247988641741594,-0.04596349972191871,-0.1833885470894463,-0.1384044110891729
688008.SH,20250621,4.0,20260707,,,0.0,0.0,0,False,未实施,20250620,1,0.0033210332103321694,-0.04364349638347409,-0.04977664378666813,-0.017408360917003596,-0.03586841133111318,0.0501409832046098,-0.0017311843623832868,0.4490621552041194,0.25786681190805183
688023.SH,20240426,0.12,,,,0.0,0.0,0,False,未实施,20240426,0,0.038582241092855796,0.020618556701030855,0.012616500249427176,-0.0010664770707429216,-0.01378882457669317,-0.16228226093138998,-0.16830913608119946,-0.3535855768023143,-0.3083763837804949
688079.SH,20251031,0.0,,,,0.0,0.0,0,False,未实施,20251031,0,-0.002442996742671011,-0.027755102040816326,-0.033068179426300914,-0.048979591836734726,-0.059153572269174504,-0.08489795918367338,-0.06932059440885108,0.0424489795918368,-0.004163695482704455
688087.SH,20250408,0.8,20260407,,,0.0,0.0,0,False,未实施,20250408,0,0.04252126063031536,0.010076775431861806,-0.003001060122665211,0.11420345489443351,0.07256544679053145,0.12907869481765832,0.06270904886080597,0.22910669989900367,0.11317995637743339
688125.SH,20260616,0.0,,,,0.0,0.0,0,False,未实施,20260616,0,0.10960834037757139,0.02351447435246312,0.019482156254235772,-0.12381919756221438,-0.12785217806419658,-0.33834433722701884,-0.3155429506602939,,
688143.SH,20240208,0.07,,,,0.0,0.0,0,False,未实施,20240208,0,0.1998730964467006,0.05288207297726055,0.03673337429984391,0.1972501322051825,0.14187649530455815,0.40084611316763596,0.3142939092789063,0.21946060285563185,0.10806179517205838
688216.SH,20250426,,,,,0.0,0.0,0,False,未实施,20250425,1,-0.00339558573853993,-0.018739352640544937,-0.01675639976665766,0.06416808631459392,0.04901256619808114,0.06360022714366842,0.0493107851845771,0.2833617262918797,0.1727881803348228
688216.SH,20260402,,,,,0.0,0.0,0,False,未实施,20260402,0,-0.0337078651685393,-0.012003000750187676,-0.0020243524332266283,0.06451612903225801,0.04664002249482291,0.19129782445611387,0.12231754462152478,0.924231057764441,0.871876490591937
688219.SH,20260613,1.0,20270630,,,0.0,0.0,0,False,未实施,20260612,1,0.00782608695652165,0.035375323554788674,0.018957112105230545,0.06720651368145325,0.03347516130620698,-0.07601923774551755,-0.0482277906346682,-0.08562584302415577,-0.06265111522520184
688296.SH,20250416,0.4,20260413,,,0.0,0.0,0,False,未实施,20250416,0,-0.02579535683576961,0.008826125330979817,0.0074922453207546535,0.0061782877316858276,-3.3735835165860095e-05,0.04766107678729048,0.019170685726359826,0.16857899382171238,0.0922312844209836
688326.SH,20240208,1.0,20240506,,,0.0,0.0,0,False,未实施,20240208,0,0.10116731517509736,-0.028268551236749095,-0.043172592975321056,0.07583582495243268,0.02607768274544542,0.05449850502854048,-0.010654382750981739,-0.18442511552052188,-0.25892860459997846
688326.SH,20241214,0.01,,,,0.0,0.0,0,False,未实施,20241213,1,-0.03744330766796744,-0.026736795967565286,-0.025142536376900337,0.03911900065746221,0.04646453846297982,-0.17915844838921768,-0.11913623024790365,0.012491781722550943,0.0013089845995546412
688326.SH,20260425,0.01,,,,0.0,0.0,0,False,未实施,20260424,1,-0.026512013256006606,-0.17770212765957438,-0.1789988179946146,-0.24272340425531913,-0.2573355564722305,-0.23982978723404258,-0.24239719498319334,-0.4438267234042552,-0.4146861324428145
688337.SH,20250430,0.5,20260428,,,0.0,0.0,0,False,未实施,20250430,0,-0.08934793429566945,0.01667122164525825,0.005302399707115324,-0.01667122164525847,-0.043000310381499984,-0.011478546050833538,-0.035866594782451244,-0.03583263028229,-0.12415846658989593
688370.SH,20250628,0.4,20260114,,,0.0,0.0,0,False,未实施,20250627,1,0.0005268703898839711,0.006319115323854652,0.0004178297282200205,0.06161137440758302,0.04690778810604246,0.20484465508162208,0.14804033577810904,0.3117430226434965,0.1758116136430119
688450.SH,20260425,0.03,,,,0.0,0.0,0,False,未实施,20260424,1,-0.047334754797441425,0.040062667860340184,0.03842258188345182,0.05998209489704576,0.03952904008870961,0.0393912264995524,0.03588077443960591,-0.36951656222023277,-0.3287751825159343
688565.SH,20230429,0.19,,,,0.0,0.0,0,False,未实施,20230428,1,0.02096985583224109,0.020539152759948776,0.012258961637896748,0.005134788189987249,0.0063836546519355775,0.047496790757381335,0.08630036528693896,0.08600770218228515,0.1017044165765888
688565.SH,20231212,0.0,,,,0.0,0.0,0,False,未实施,20231212,0,-0.007058823529411784,0.0082938388625593,0.020071416047127366,0.0035545023696683664,0.027868975300717524,0.007109004739336511,0.05111263717393655,-0.3210900473933649,-0.3288654259124104
688565.SH,20241031,0.0,,,,0.0,0.0,0,False,未实施,20241031,0,0.07487520798668879,-0.010835913312693513,-0.008474808232573405,0.1439628482972135,0.08106132251027454,0.05572755417956676,0.05064258823402157,-0.08049535603715152,-0.07280658879769808
688581.SH,20260423,0.13,,,,0.0,0.0,0,False,未实施,20260423,0,0.035612535612535856,0.013067400275103225,0.016382222831421656,0.04195323246217342,0.037161953568071615,0.028198074277854257,0.015269764713002898,-0.12561035108072616,-0.07445967940961717
688618.SH,20240327,0.01,,,,0.0,0.0,0,False,未实施,20240327,0,0.01724137931034475,-0.0009685230024213398,-0.00678379470135404,0.13680387409200967,0.10859685556387988,0.08837772397094423,0.05472639414001579,-0.09553257570184337,-0.08101419439654367
688695.SH,20260609,0.3,20270629,,,0.0,0.0,0,False,未实施,20260609,0,0.013113161728994571,-0.020134228187919323,-0.01601060805386023,-0.010067114093959773,-0.029871376257876392,-0.13470757430488967,-0.1261761993155166,-0.09060402684563751,-0.07312361883631635
920000.BJ,20230424,0.11,,,,0.0,0.0,0,False,未实施,20230424,0,0.0,-0.008247422680412342,-0.005045348478446399,0.03298969072164959,0.00985213214407632,0.06804123711340204,0.09278084447589308,0.07366174836162953,0.11141179935811407
920000.BJ,20231030,0.08,20240114,,,0.0,0.0,0,False,未实施,20231030,0,0.005905511811023834,0.007827788649706457,0.008756836776203647,0.005870841487279677,-0.006250972177622716,1.074363992172211,1.0674213015474012,0.7534246575342465,0.9119854022628913
920026.BJ,20231113,0.18,,,,0.0,0.0,0,False,未实施,20231113,0,0.004385964912280604,0.03100436681222707,0.027786803051329745,0.03493449781659397,0.02758608025587428,0.3213973799126639,0.34573403126212665,0.35764192139738005,0.48274656332970767
920057.BJ,20240926,0.03,20241226,,,0.0,0.0,0,False,未实施,20240926,0,0.008928571428571619,0.06784660766961648,0.037903601504230666,0.23893805309734528,0.1260078161297975,0.8141592920353982,0.6599077817238592,0.7817109144542771,0.5734872364350656
920087.BJ,20221227,0.08,20230412,,,0.0,0.0,0,False,未实施,20221227,0,0.03135888501742157,-0.038851351351351315,-0.03630851302788218,-0.05405405405405417,-0.06251818917588825,0.0692567567567568,0.007621335143904062,0.028716216216216006,-0.017158960220463926
920208.BJ,20260417,,,,,0.0,0.0,0,False,未实施,20260417,0,0.030567685589519833,0.02330508474576254,0.015608801668163474,0.007627118644067732,0.0005945493677712577,-0.07415254237288127,-0.09879009295336805,-0.24999069567209886,-0.21734059234446423
920242.BJ,20220722,0.0,,,,0.0,0.0,0,False,未实施,20220722,0,-0.008620689655172264,-0.002484472049689601,0.003526268630771323,-0.003726708074534346,0.0013984410558542937,-0.0198757763975157,-0.0162972659166557,0.02608695652173898,0.1268564698935648
920242.BJ,20250611,0.0,,,,0.0,0.0,0,False,未实施,20250611,0,0.020106445890005986,0.007536231884057942,0.0074349351492914995,-0.06057971014492758,-0.05683531700299571,-0.07246376811594202,-0.0965569570184398,0.08985507246376812,-0.027671113694987315
920261.BJ,20230403,0.8,20231018,,,0.0,0.0,0,False,未实施,20230403,0,-0.4481823114487249,-0.051130776794493626,-0.05576026118012545,-0.06686332350049162,-0.07169984526773343,-0.08751229105211422,-0.09794022850273965,-0.12684365781710916,-0.11310959272231391
920429.BJ,20251212,0.0,,,,0.0,0.0,0,False,未实施,20251212,0,-0.00982318271119853,0.019179894179894408,0.024825233358579446,0.08730158730158744,0.08699365643016743,0.05224867724867743,-0.011162678811089899,-0.05753968253968256,-0.09781736224856774
920575.BJ,20231009,0.21,20240425,,,0.0,0.0,0,False,未实施,20231009,0,-0.019169329073482455,0.009771986970684043,0.01689281201596815,0.07166123778501632,0.07971815218041667,0.03127035830618885,0.04425624784327087,0.7276872964169381,0.8062169518389459
920592.BJ,20231026,0.11,20240509,,,0.0,0.0,0,False,未实施,20231026,0,-0.014925373134328512,0.02680652680652673,0.0167742022808397,0.08624708624708632,0.07862864450998908,0.590909090909091,0.5526896278265334,1.5571095571095572,1.6979713631430502
920641.BJ,20240426,0.17,,,,0.0,0.0,0,False,未实施,20240426,0,0.01870503597122286,-0.011299435028248483,-0.01905124169753858,-0.012711864406779627,-0.02528589707382456,-0.08767069415329731,-0.09423435463870589,0.4138834790428796,0.5127682328796037
920641.BJ,20250429,0.01,,,,0.0,0.0,0,False,未实施,20250429,0,0.025914634146341653,0.08841010401188698,0.09094054199028645,0.2711738484398216,0.25012298197022487,0.2852897473997027,0.2619327092538992,0.3824445804393475,0.26283985581708413
920641.BJ,20250429,,,,,0.0,0.0,0,False,未实施,20250429,0,0.025914634146341653,0.08841010401188698,0.09094054199028645,0.2711738484398216,0.25012298197022487,0.2852897473997027,0.2619327092538992,0.3824445804393475,0.26283985581708413
920665.BJ,20231113,0.1,,,,0.0,0.0,0,False,未实施,20231113,0,0.013536379018612488,0.02170283806343898,0.018514302561573714,0.02838063439065097,0.02107875168328799,0.5342237061769612,0.5624800566109065,0.5292153589315525,0.6701302326558671
920786.BJ,20231110,0.21,20240224,,,0.0,0.0,0,False,未实施,20231110,0,-0.004576659038901809,0.0,-0.0024824941165085823,-0.0022988505747126853,-0.007327786311477569,0.8344827586206898,0.8773619701014372,0.4321839080459773,0.6106831278450933
920792.BJ,20240924,0.07,20250116,,,0.0,0.0,0,False,未实施,20240924,0,0.025688073394495303,0.003577817531305927,-0.007919212185292013,0.5062611806797854,0.23578588089083508,1.894454382826476,1.5216554590034783,0.7209302325581395,0.4519517998268938
920826.BJ,20240723,0.15,20250722,,,0.0,0.0,0,False,未实施,20240723,0,-0.01980198019801982,0.010101010101010166,0.014771047081714839,0.034343434343434565,0.04730062361925369,0.034343434343434565,0.05191798634950806,0.8383838383838385,0.6338833655335006
920976.BJ,20231009,0.07,20240130,,,0.0,0.0,0,False,未实施,20231009,0,-0.009687836383207804,-0.01195652173913031,-0.0049889242650345,-0.08913043478260851,-0.0822823769695813,0.005434782608695787,0.018095347240012494,1.1336956521739134,1.2306798603047215
