ts_code,t0,final_stage,terminate_date,apply_date,list_date,raise_plan_yi,raise_act_yi,price_ratio,purpose,base_date,gap_cal_days,d0,d1,ex1,d5,ex5,d20,ex20,d60,ex60,suspended
300837.SZ,20210323,监管审批,,,,0.7,,80.0,用于建筑垃圾资源回收利用设备生产基地建设项目(一期),20210323,0,-0.11204188481675381,-0.06682389937106925,-0.05450514337482282,-0.11399371069182396,-0.12557100284412237,-0.08981918238993714,-0.10591631628490594,-0.16103125000000007,-0.19544059739214914,
600586.SH,20210210,监管审批,,,,14.0,,80.0,用于宁夏太阳能光伏轻质面板项目、马来西亚三期(太阳能电池封装玻璃)项目,20210210,0,-0.08857142857142852,0.10031347962382431,0.0942453987971088,0.07680250783699072,0.10429845435420537,0.006269592476489061,0.06746468677206474,0.10344827586206895,0.14286882811363366,
002256.SZ,20210125,董事会预案,,,,5.73,,80.0,用于支付永晟新能源股权收益权回购价款、补充流动资金,20210125,0,0.05384615384615388,-0.051094890510948954,-0.036524314926872026,0.05109489051094873,0.08676460555291698,0.007299270072992359,0.027958720023785633,0.2700729927007297,0.33708013952752514,
600966.SH,20210116,董事会预案,,,,50.0,,80.0,用于1、绿色环保能源综合利用项目;2、数字化转型项目;3、高档包装纸板5号机、6号机生产线改造项目;4、化机浆配套废液综,20210115,1,0.02586206896551735,-0.09971988795518205,-0.10719152276924493,-0.12717086834733904,-0.1369407961341903,0.05826330532212887,0.02110260103314099,-0.07058823529411773,-0.04684766159095055,
000752.SZ,20210616,董事会预案,,,,3.14,,80.0,用于偿还公司债务,20210616,0,0.05033557046979875,0.015974440894568787,0.013878001918943506,0.23482428115015974,0.21824184909057798,0.07507987220447299,0.07198065113519903,-0.07987220447284349,-0.11914334395415727,
300710.SZ,20210908,监管审批,,,,4.5,,80.0,用于补充流动资金,20210908,0,0.19994004796163067,0.060704471646265246,0.05555103040087905,0.18536097926555084,0.19150895071819796,0.3634773919560328,0.402721172306473,0.43067699225580824,0.43412597800638353,
300461.SZ,20210817,监管审批,,,,3.5,,80.0,1、高端智能装备生产基地改扩建项目；2、新能源智能制造设备创新中心项目；3、补充流动资金。,20210817,0,-0.03973214285714277,-0.020455602045560184,-0.031222652155048936,0.07484890748489081,0.05420656130798607,0.24593212459321268,0.17258132808109594,-0.0683403068340307,-0.08785215049755579,
603377.SH,20211204,监管审批,,,,15.7,,80.0,1、航培飞机及模拟器综合配置中心建设项目；2、智能驾驶培训系统升级改造及信息化建设项目；3、补充流动资金及偿还银行贷款。,20211203,1,-0.0035211267605633756,-0.030624263839811428,-0.025728888231915104,-0.025912838633686652,-0.041565752251870314,0.05653710247349841,0.04714866855729549,-0.11542991755005882,-0.05390940038381342,
000626.SZ,20210513,监管审批,,,,4.6,,80.0,1、收购凯立生物85.1166%股权;2、收购辽宁微科100%股权;3、补充流动资金。,20210513,0,0.06906558328496826,0.0005428881650380024,-0.01689738929566953,-0.034744842562432154,-0.05605078650710227,0.02062975027144409,-0.03062219452770043,0.3507057546145491,0.33949946266648023,
603779.SH,20211029,监管审批,,,,4.28,,80.0,1、社交新零售体系建设项目；2、补充流动资金。,20211029,0,0.05839416058394176,-0.009655172413793323,-0.008857024467252006,0.015172413793103523,0.03138706179817552,-0.05241379310344829,-0.05686800123863145,0.02896551724137919,0.03574851628016673,
688557.SH,20220331,监管审批,,,,3.0,,80.0,用于公司主营业务相关项目及补充流动资金,20220331,0,0.026241799437675573,0.05022831050228316,0.040466166673549075,0.028310502283105166,0.055933519291282874,-0.0736681887366818,-0.017973935514283945,-0.011567732115677298,-0.05108427987052466,
688505.SH,20220329,监管审批,,,,3.0,,80.0,用于公司主营业务相关项目及补充流动资金,20220329,0,0.014505119453924742,0.005046257359125228,-0.014231542300406463,-0.010092514718250567,-0.020110514747475494,-0.2262405382674516,-0.16683212490557586,-0.1488645920941969,-0.18876340201601982,
300087.SZ,20220329,监管审批,,,,3.0,,80.0,用于合理合法使用,20220329,0,0.03792415169660668,-0.035769230769230775,-0.05426414825057102,-0.03538461538461546,-0.04514665587319433,-0.18815936412008127,-0.1258271194554038,-0.0350036129540825,-0.08023990210897114,
300011.SZ,20220329,监管审批,,,,3.0,,80.0,用于合理合法使用,20220329,0,-0.013850415512465353,0.00983146067415741,-0.0095381240053789,-0.008426966292134908,-0.018461821900724096,-0.2373595505617978,-0.17880484292014576,-0.1530898876404494,-0.19279062771075695,
300650.SZ,20220325,监管审批,,,,3.0,,80.0,用于合理合法使用,20220325,0,-0.04430140098447555,-0.010301109350237758,-0.010997792743834611,0.06299524564183834,0.04017378215378509,-0.3360774539108107,-0.2611351495875043,-0.22395133302573778,-0.2622912492643087,
300765.SZ,20220318,监管审批,,,,3.0,,80.0,用于合理合法使用,20220318,0,0.0026578073089702503,0.03313452617627566,0.03230473168897885,0.018555334658714173,0.030868565072524223,-0.1027170311464548,-0.0866920215745649,-0.07726600802016836,-0.09517774982340088,
301007.SZ,20220316,监管审批,,,,3.0,,80.0,用于主营业务相关项目建设及补充流动资金,20220316,0,0.011261261261261257,0.02505567928730512,0.010920564362252305,0.05456570155901996,0.02222228973876339,-0.12082405345211589,-0.13192160584218748,-0.1934075723830736,-0.22156115421285005,
688018.SH,20220311,监管审批,,,,,,80.0,1、公司主营业务相关项目;2、补充流动资金。,20220311,0,0.029580341260952547,-0.06897875607883275,-0.0440784440915325,-0.1476836447402099,-0.13230131565906744,-0.24507294599436902,-0.22242106645588033,-0.3045394749024837,-0.2929620493679943,
603590.SH,20210302,监管审批,,,,3.0,,80.0,用于KC1036创新药物研发项目,20210302,0,0.01440443213296394,-0.011742217367558871,-0.03061640044465941,-0.050518842162752486,-0.008320433307501207,-0.056526488257782725,-0.042356794172807355,0.011942968575921586,-0.017973589698003334,
300359.SZ,20220228,董事会预案,,,,2.0,,80.0,用于补充流动资金,20220228,0,-0.02276422764227659,0.018302828618968592,0.010559887135254131,-0.009983361064891727,0.01627278428422141,-0.1297836938435939,-0.06269934500609242,-0.19800332778702157,-0.11822652037742643,
920185.BJ,20220623,监管审批,,,,50.0,,80.0,1、贝特瑞新材料集团股份有限公司4万吨硅基负极材料扩建项目(第一期)；2、贝特瑞(四川)新材料科技有限公司年产5万吨高端,20220623,0,0.02630940834141615,0.03484937979917291,0.02570547060301287,-0.023229481922664608,-0.04578120318067347,-0.1685400452070288,-0.15630511137711622,-0.38815983150429134,-0.3502425043241274,
300560.SZ,20220610,监管审批,,,,3.0,,80.0,1、用于合理合法使用。,20220610,0,0.01571428571428579,0.0007032348804500987,0.009704350798122041,-0.004922644163150469,-0.014508525350094836,0.1518987341772149,0.12744592564932522,-0.023179113002782414,0.006972104782614785,
688050.SH,20220608,监管审批,,,,3.0,,80.0,1、公司主营业务相关项目；2、补充流动资金。,20220608,0,0.026474065696807658,-0.04346955128205132,-0.03613404936751363,-0.06260016025641024,-0.07440149417134168,0.06896033653846145,0.039791974963447,0.030399988633161845,0.050239837355215755,
300147.SZ,20220603,监管审批,,,,3.0,,80.0,1、用于合理合法使用。,20220602,1,-0.009140767824497242,0.007380073800737907,-0.005355127491015965,0.029520295202952074,0.0015083755580334035,0.07564575645756455,0.014624805801487728,-0.023985239852398532,-0.03627946562398576,
688185.SH,20220526,监管审批,,,,3.0,,80.0,用于公司主营业务相关项目及补充流动资金,20220526,0,-0.00796314577163526,0.18482154703462905,0.1821222151999209,0.14037415417274768,0.11455432362206786,0.3201539073902082,0.23083417863684286,0.04225819291495303,-0.0009188249943851146,
688210.SH,20220511,监管审批,,,,3.0,,80.0,1、主营业务相关项目建设;2、资产收购及补充流动资金。,20220511,0,0.011516314779270731,0.017457305502846188,0.018692477784336026,0.03567362428842502,0.026520261244281418,0.1434535104364325,0.07981898345907323,0.25286034155597714,0.20165579325765837,
300409.SZ,20220511,监管审批,,,,3.0,,80.0,用于合理合法使用,20220511,0,0.0076045627376426506,-0.004312668463612002,-0.003103924483601417,0.03396226415094339,0.02482402623914859,0.2087239111083783,0.14145700989413657,0.17468296054967092,0.12667353093202016,
300149.SZ,20220509,监管审批,,,,3.0,,80.0,用于合理合法使用,20220509,0,0.006091370558375608,0.00908173562058523,-0.0014560979707763932,0.020181634712411745,-0.0029213271206756097,0.08980827447023221,0.009924879003187614,0.052472250252270536,-0.007686572253380652,
601958.SH,20220506,董事会预案,,,,19.0,,80.0,用于1、金堆城钼矿总体选矿升级改造项目;2、钼焙烧低浓度烟气制酸升级改造项目;3、补充流动资金。,20220506,0,-0.01319261213720313,-0.017379679144385207,-0.018223698636259167,0.009358288770053402,-0.017713842571985383,0.06283422459893062,-0.01427854239981552,0.15759245746067352,0.06583681829443155,
688165.SH,20220430,监管审批,,,,3.0,,80.0,用于公司主营业务相关项目及补充流动资金,20220429,1,0.08136094674556205,0.009575923392612928,0.002764929365178359,0.03283173734610134,0.028901158780152425,0.09028727770177847,0.044000590380576465,0.49384404924760616,0.38666593287080486,
688026.SH,20220430,监管审批,,,,2.0,,80.0,用于公司主营业务相关项目及补充流动资金,20220429,1,0.09306409130816484,0.05823293172690769,0.051093678491345385,0.16867469879518082,0.16422715176931724,0.19457831325301211,0.1438640895827299,0.20766840948700493,0.12102240021865018,
688366.SH,20220430,意向,,,,3.0,,80.0,用于公司主营业务相关项目及补充流动资金,20220429,1,0.06532935754947133,-0.014376590330788752,-0.021025991332743965,-0.011450381679389166,-0.015212438750884738,0.11806615776081442,0.07060015526119812,0.23409669211195938,0.14555454545748114,
688123.SH,20220430,监管审批,,,,3.0,,80.0,用于公司主营业务相关项目及补充流动资金,20220429,1,0.04071997639421654,0.14814289764672517,0.1403970766170053,0.3090445137510631,0.3040627707220931,0.46016444570456483,0.3981751181960125,0.39055742768098356,0.29078976726978967,
688010.SH,20220430,监管审批,,,,3.0,,80.0,用于公司主营业务相关项目建设及补充流动资金,20220429,1,0.045454545454545414,-0.01679841897233203,-0.02343148137108686,0.045454545454545636,0.04147592911322717,0.14179841897233225,0.09332489508217168,0.1984126984126986,0.11243075423144022,
601113.SH,20220430,监管审批,,,,8.0,,80.0,1、补充流动资金。,20220429,1,-0.05060728744939269,-0.04904051172707902,-0.055456056358129335,-0.09381663113006422,-0.09726523248274122,-0.034115138592750616,-0.0751204878090409,-0.11087420042643936,-0.16722304786949438,
688607.SH,20220429,监管审批,,,,3.0,,80.0,用于公司主营业务相关项目及补充流动资金,20220429,0,-0.04450261780104714,0.008219178082191636,0.0014173371892483022,0.045479452054794534,0.041500740928095636,0.04219178082191766,-0.002053076542019805,0.7814220482713627,0.653611210385044,
688081.SH,20220429,监管审批,,,,3.0,,80.0,用于公司主营业务相关项目及补充流动资金,20220429,0,0.08238276299112801,0.03922716627634659,0.03221613336772666,0.06908665105386413,0.0650180995910945,0.16276346604215464,0.11339989913467052,0.2775175644028103,0.1858601211376083,
300657.SZ,20220429,监管审批,,,,3.0,,80.0,用于公司主营业务相关项目及补充流动资金,20220429,0,0.10632570659488572,0.008515815085157863,0.001711972962976871,0.052311435523114236,0.04830672437452166,0.13260340632603418,0.0845202443927433,0.884428223844282,0.7492270510172818,
300302.SZ,20220429,监管审批,,,,3.0,,80.0,用于合理合法使用,20220429,0,0.05882352941176472,0.01139601139601143,0.004572738343064042,0.07977207977207978,0.07566286348892448,0.07977207977207978,0.033931801107244475,0.14814814814814814,0.06577251067647905,
300210.SZ,20220429,监管审批,,,,3.0,,80.0,用于合理合法使用,20220429,0,0.06802721088435382,0.0,-0.006746391103055083,0.009554140127388422,0.005712147554090885,0.08280254777070062,0.036833614642442836,0.15286624203821653,0.07015209773493991,
300588.SZ,20220429,监管审批,,,,3.0,,80.0,用于合理合法使用,20220429,0,0.08910891089108919,0.027272727272727115,0.020342343685043174,0.03737373737373728,0.033425873622496605,0.11818181818181817,0.0707109054738082,0.10000000000000009,0.02107882474488476,
688609.SH,20220428,监管审批,,,,3.0,,80.0,用于公司主营业务相关项目及补充流动资金,20220428,0,-0.02657342657342665,0.07902298850574718,0.05367599335984252,0.15229885057471249,0.12938856181833325,0.17672413793103448,0.09882469497164914,0.3512413793103448,0.22738050222156891,
688288.SH,20220428,监管审批,,,,3.0,,80.0,用于公司主营业务相关项目建设及补充流动资金,20220428,0,-0.02867173785839683,0.052409638554216986,0.027687809377178185,0.07951807228915686,0.05805482884190427,0.139156626506024,0.06374416254115833,0.3578313253012049,0.23336638405121146,
300649.SZ,20220428,监管审批,,,,3.0,,80.0,用于合理合法使用,20220428,0,-0.04403606102635227,0.010155966630395419,-0.013573294613838827,0.23141095393543742,0.2069277389097881,-0.07435618425825163,-0.1356340448041089,-0.18189919699153978,-0.2568900051174555,
300326.SZ,20220428,监管审批,,,,3.0,,80.0,用于主营业务相关项目建设、资产收购及补充流动资金,20220428,0,0.035007610350076046,0.026470588235294024,0.0023580852630968874,0.08823529411764719,0.06659873272501571,0.07941176470588229,0.00795442607914354,0.16005427922241866,0.05371847372154548,
300307.SZ,20220428,监管审批,,,,3.0,,80.0,用于合理合法使用,20220428,0,-0.03023255813953496,0.07673860911271002,0.051445275616282204,0.11990407673860926,0.09763786883192682,0.16067146282973632,0.08383471112320295,0.4916067146282974,0.35487931804748585,
300266.SZ,20220428,监管审批,,,,,,80.0,1、合理使用。,20220428,0,-0.0658307210031348,0.043624161073825496,0.019108708829828958,0.08724832214765099,0.06563138397413115,0.12416107382550323,0.049741319335208756,0.37248322147651014,0.24667522136296016,
300058.SZ,20220428,监管审批,,,,3.0,,80.0,用于公司主营业务相关项目建设及补充流动资金,20220428,0,-0.10356536502546676,0.08712121212121215,0.06158398411015242,0.08143939393939403,0.059937950303207144,0.1875,0.10888719217834919,0.13610234873821847,0.0319620851761635,
300043.SZ,20220428,监管审批,,,,3.0,,80.0,用于公司主营业务相关项目建设及补充流动资金,20220428,0,0.004065040650406582,0.07287449392712553,0.04767193116486701,0.09716599190283404,0.07535186818342199,0.1578947368421053,0.08124180511573109,0.24696356275303644,0.1326612604810582,
300027.SZ,20220428,监管审批,,,,3.0,,80.0,用于合理合法使用,20220428,0,-0.08270676691729317,0.03688524590163911,0.012528095428760988,-0.012295081967213184,-0.031932873731859046,0.08196721311475419,0.010340703140929275,0.1516393442622952,0.0460748896397809,
300578.SZ,20220428,监管审批,,,,3.0,,80.0,用于合理合法使用,20220428,0,-0.011643835616438225,0.03950103950103956,0.015082442230111015,0.06652806652806653,0.045323093565753814,0.10533610533610527,0.03216256863958389,0.16077616077616064,0.054374184357367294,
300513.SZ,20220428,监管审批,,,,3.0,,,用于合理合法使用,20220426,2,-0.0874882408278459,0.20000000000000018,0.15297882333015744,0.13505154639175254,0.062237272317095416,0.042268041237113474,-0.07043153460964613,0.2484536082474229,0.10540320685158822,
300807.SZ,20220427,监管审批,,,,3.0,,80.0,用于合理合法使用,20220427,0,0.02371541501976293,-0.02923331494760062,-0.03484581383504903,0.06729178157749605,0.05099932769086779,0.1047986762272477,0.03786695426572595,0.23496966354109228,0.11470947780016472,
300493.SZ,20220427,监管审批,,,,3.0,,80.0,用于合理合法使用,20220427,0,0.09729729729729741,-0.04597701149425304,-0.05149270650525317,0.0,-0.015265229403853775,0.03776683087027899,-0.025103918777878542,0.12151067323481102,0.01229901738982253,
300961.SZ,20220427,监管审批,,,,2.0,,80.0,用于合理合法使用,20220427,0,0.025064822817631782,-0.03288364249578413,-0.03847503697203003,0.07841483979763897,0.0619525898756077,0.04974704890387849,-0.013849495081036944,0.2216578647090306,0.10269396943365128,
300005.SZ,20220427,监管审批,,,,3.0,,80.0,用于合理合法使用,20220427,0,-0.06224627875507449,-0.008658008658008587,-0.014389463918226375,0.13131313131313127,0.11404337683604404,0.38528138528138545,0.3013572545657781,0.10245310245310235,-0.004902745051292956,
300477.SZ,20220427,监管审批,,,,3.0,,80.0,用于合理合法使用,20220427,0,0.10384615384615392,-0.0017421602787456303,-0.007513599596855047,0.08885017421602792,0.07222862652019413,0.13066202090592327,0.062163426868721894,0.33275261324041794,0.20297041571223873,
688561.SH,20220426,监管审批,,,,3.0,,80.0,用于公司主营业务相关项目及补充流动资金,20220426,0,-0.03369803063457344,0.00928442028985521,-0.015230972120224173,0.12567934782608714,0.08250018599473719,0.0498188405797102,-0.031951331967299934,0.14085144927536253,0.013104571845162116,
688277.SH,20220426,监管审批,,,,3.0,,80.0,用于公司主营业务相关项目及补充流动资金,20220426,0,-0.029313232830820768,0.03106125970664353,0.006016910589196511,0.08110440034512512,0.03963505834357073,0.056945642795513285,-0.025379634903327397,0.2640207075064711,0.1224819484562647,
301013.SZ,20220426,监管审批,,,,3.0,,80.0,用于合理合法使用,20220426,0,0.20014398848092152,0.02639472105578866,0.0014637215788619873,0.1109778044391121,0.06836256902455462,0.1223755248950209,0.034953927200576995,0.06403059388122356,-0.05511426581533452,
300985.SZ,20220426,监管审批,,,,3.0,,80.0,用于合理合法使用,20220426,0,-0.05031695721077656,0.02294534835210693,-0.0019018662930128105,0.07968293700458906,0.038268119940119805,0.1493533583646225,0.059830462796218065,0.2515444305381729,0.11140270299953325,
300923.SZ,20220426,监管审批,,,,3.0,,80.0,用于公司主营业务相关项目建设及补充流动资金,20220426,0,-0.1330434782608696,0.025576730190571606,0.0006655996095135119,0.06720160481444348,0.026265550608642663,0.11584754262788355,0.02893440812321524,0.15757710507267308,0.027957371800955366,
300720.SZ,20220426,监管审批,,,,3.0,,80.0,用于公司主营业务相关项目建设及补充流动资金,20220426,0,-0.07570422535211263,0.01333333333333342,-0.011280406668465193,-0.02285714285714291,-0.060338695345780735,0.005714285714285783,-0.07262059216849126,0.15409564393939412,0.024865747389147597,
300366.SZ,20220426,监管审批,,,,3.0,,80.0,用于合理合法使用,20220426,0,0.011730205278592365,0.04927536231884044,0.023788594925673756,0.10144927536231862,0.05919953825757385,0.14782608695652155,0.05842215024248265,0.22898550724637667,0.09136981586305315,
300260.SZ,20220426,监管审批,,,,3.0,,80.0,用于公司主营业务相关项目建设及补充流动资金,20220426,0,0.022580645161290214,0.08264984227129335,0.05635241293183224,0.19242902208201884,0.14668945528947552,0.18611987381703488,0.09373324195786648,0.847803993625809,0.6408960824874359,
300806.SZ,20220425,监管审批,,,,3.0,,80.0,用于合理合法使用,20220425,0,-0.038518082916789154,-0.07675840978593274,-0.06329690343574024,0.10244648318042815,0.05240595841595552,0.055963302752293664,-0.009832163507042191,0.3452971679297965,0.2048165371561501,
300348.SZ,20220425,监管审批,,,,3.0,,80.0,用于合理合法使用,20220425,0,-0.11495422177009162,-0.039080459770114984,-0.025069582628164166,0.04137931034482767,-0.005889348917602177,0.05057471264367819,-0.01488499876721483,0.10455095088460586,-0.010790118732510678,
300450.SZ,20220425,监管审批,,,,3.0,,80.0,用于合理合法使用,20220425,0,-0.08258728737690235,-0.05147596974871904,-0.03764582778817627,0.09002195657477419,0.04054538647003558,0.11393022688460586,0.04452292980599415,0.5419407663866307,0.38092592398498715,
688023.SH,20220423,监管审批,,,,3.0,,80.0,用于公司主营业务相关项目建设及补充流动资金,20220422,1,-0.0714285714285714,-0.08948666563897034,-0.040235663470293836,-0.04809619238476959,-0.035644877022885435,-0.0933405272082628,-0.09933484828074501,0.05827038692770148,-0.001591050142160988,
300783.SZ,20220423,监管审批,,,,3.0,,80.0,用于公司主营业务相关项目建设及补充流动资金,20220422,1,0.061276287164611976,-0.17936453706867095,-0.1349751608352221,-0.24291083020157156,-0.23300777494030123,-0.2661428083361803,-0.27099465818741275,-0.23885038584389462,-0.28190508178113305,
300299.SZ,20220423,监管审批,,,,3.0,,80.0,用于合理合法使用,20220422,1,-0.0579216354344122,-0.11392405063291144,-0.0659949024733012,-0.05967450271247743,-0.047374636679921256,0.03616636528028949,0.029315817677370903,0.14104882459312829,0.07650499604915861,
300191.SZ,20220423,监管审批,,,,3.0,,80.0,用于公司主营业务相关项目建设及补充流动资金,20220422,1,0.01759391345696626,-0.11074766355140175,-0.06264669995412986,-0.08644859813084105,-0.07449894889846598,-0.046261682242990654,-0.052567262085620015,0.009397436190389019,-0.04769948521209899,
300177.SZ,20220423,监管审批,,,,3.0,,80.0,用于主营业务相关项目建设、(或)股权收购及补充流动资金,20220422,1,-0.016871165644171682,-0.10296411856474263,-0.05444213159905742,0.026521060842433553,0.03994840229428265,0.18252730109204363,0.1747090975300214,0.33403201054632703,0.25857202013656355,
300084.SZ,20220423,监管审批,,,,3.0,,80.0,用于合理合法使用,20220422,1,0.008752735229759168,-0.0976138828633406,-0.0488024937986542,-0.09544468546637752,-0.08361270896473605,-0.030368763557483858,-0.03677941841475629,-0.002169197396963307,-0.05861184809779296,
300958.SZ,20220422,监管审批,,,,3.0,,80.0,用于合理合法使用,20220422,0,-0.027357107962872496,-0.073329984932195,-0.023205044198866487,-0.07785032646911094,-0.06578820810784813,0.17980914113510793,0.1720089085136618,0.040360727752498216,-0.018487643139852183,
300922.SZ,20220422,监管审批,,,,3.0,,80.0,用于主营业务相关项目建设及补充流动资金,20220422,0,0.0007757951900697613,-0.09496124031007747,-0.046006365917704795,-0.09186046511627899,-0.07998160545527988,-0.034108527131782806,-0.040494456781551946,0.025779415150817275,-0.03224415865991437,
300797.SZ,20220422,监管审批,,,,3.0,,80.0,用于合理合法使用,20220422,0,-0.005315110098709219,-0.10839694656488552,-0.06016882923682054,-0.06488549618320616,-0.052653792209183314,-0.05496183206106875,-0.061209891420039964,0.07490952221647773,0.014106886600109947,
300629.SZ,20220422,监管审批,,,,3.0,,80.0,用于合理合法使用,20220422,0,0.04648956356736256,-0.10788757932910242,-0.05963190957990594,0.01994560290117864,0.03328693450642306,0.10154125113327273,0.09425848165693895,0.2901061678826864,0.2171308582301572,
300298.SZ,20220422,监管审批,,,,3.0,,80.0,用于合理合法使用,20220422,0,-0.015345268542199642,-0.09740259740259738,-0.0485797795973395,-0.031818181818181746,-0.01915394300604223,0.13348193365912442,0.12598799040467457,0.9492785806332842,0.839016951348762,
300448.SZ,20220422,监管审批,,,,3.0,,80.0,用于合理合法使用,20220422,0,-0.04316546762589912,-0.09022556390977454,-0.04101452983268383,-0.10526315789473695,-0.09355961127813162,-0.05444288139704123,-0.06069437176511161,-0.02254790201309731,-0.07783782411165963,
688103.SH,20220420,监管审批,,,,3.0,,80.0,用于公司主营业务相关项目及补充流动资金,20220420,0,-0.029463759575721893,-0.031876138433515444,-0.009481500950757837,-0.12264723740133576,-0.06547710897204251,0.21250758955676985,0.21412299107790544,0.8721250758955679,0.7988360805044805,
688179.SH,20220420,监管审批,,,,3.0,,80.0,用于公司主营业务相关项目及补充流动资金,20220420,0,0.02115244347191836,-0.06607142857142867,-0.044467796410053384,0.08214285714285707,0.1526575335182474,0.20732142857142843,0.20892992066583815,0.2172310756972109,0.1695795358266785,
688028.SH,20220420,监管审批,,,,3.0,,80.0,1、公司主营业务相关项目；2、补充流动资金。,20220420,0,-0.01109660574412541,-0.048844884488448814,-0.026842767974880277,-0.14125412541254134,-0.08529646045588746,0.006930693069306937,0.00827220827900299,0.16992067067306937,0.12412121435208623,
301188.SZ,20220420,监管审批,,,,3.0,,80.0,用于合理合法使用,20220420,0,-0.03192106790481719,-0.0539568345323741,-0.03207296762777445,-0.10971223021582732,-0.05169922985000652,-0.016786570743405393,-0.015476653607296886,0.02595443645083928,-0.01420910333217551,
688136.SH,20220419,监管审批,,,,3.0,,80.0,1、公司主营业务相关项目;2、补充流动资金。,20220419,0,-0.08358755338621116,-0.05093209054593861,-0.03798723173296925,-0.20872170439414106,-0.12439610489464625,0.09853528628495356,0.1151050963876914,-0.08581970546257689,-0.10926598996224968,
688286.SH,20220419,监管审批,,,,3.0,,80.0,用于公司主营业务相关项目及补充流动资金,20220419,0,-0.03034276081663223,0.018929882171141443,0.03282762682527074,-0.20649024531582005,-0.12192684184067848,-0.056982808576395705,-0.042758763176498515,-0.0958727705878567,-0.11906122079988457,
688312.SH,20220419,监管审批,,,,3.0,,80.0,用于公司主营业务相关项目建设及补充流动资金,20220419,0,0.009552538964303636,-0.0029880478087649376,0.010610746152546646,-0.13496015936254968,-0.04277387855871617,-0.18974103585657365,-0.17751945559646076,-0.09147838899803529,-0.11477954336871843,
300532.SZ,20220419,监管审批,,,,3.0,,80.0,用于合理合法使用,20220419,0,-0.02857142857142847,0.03125,0.04531578551218085,0.2159926470588236,0.3455795566450415,0.15808823529411753,0.17555631518250503,0.283616216123026,0.25069488630280445,
688798.SH,20220416,监管审批,,,,3.0,,80.0,用于公司主营业务相关项目建设及补充流动资金,20220415,1,0.01623962468422957,0.0404119318181817,0.045530374958564046,-0.0003551136363637575,0.03990552755357668,0.02826704545454528,0.0700071376840139,-0.10385120738636378,-0.12310248748628239,
300475.SZ,20220416,监管审批,,,,3.0,,80.0,用于合理合法使用,20220415,1,-0.018678815489749367,0.00046425255338911064,0.00538616783912671,-0.062209842154131945,-0.024440396652506302,-0.1253481894150419,-0.08984374783649318,-0.129062209842154,-0.14777190123060358,
688003.SH,20220415,监管审批,,,,3.0,,80.0,用于公司主营业务相关项目建设及补充流动资金,20220415,0,0.043135783945986494,0.02768788205681405,0.032743727563290914,-0.028407047824523635,0.010723803304526713,-0.009708737864077666,0.03048981639117243,0.25393729252645314,0.2269999153351545,
300268.SZ,20220414,董事会预案,,,,7.73,,80.0,用于补充流动资金,20220414,0,0.047691527143582046,0.010169491525423568,0.014698203901321039,0.3099273607748183,0.37195438011357607,0.4024213075060534,0.46223391636813593,0.4760290556900726,0.4496702559836472,
688398.SH,20220413,监管审批,,,,3.0,,80.0,用于真空绝热技术产业化项目建设及补充流动资金,20220413,0,-0.042673828707848416,-0.0024937655860348684,-0.014497580517466191,-0.04738154613466339,-0.036566247645997474,-0.18391521197007477,-0.15389347530201758,-0.17737092180790626,-0.20109669913373418,
300541.SZ,20220412,监管审批,,,,3.0,,80.0,用于合理合法使用,20220412,0,0.04244031830238737,-0.03562340966921118,-0.02760260439221618,-0.07061068702290074,-0.06499459557954324,-0.2169211195928753,-0.1841574708042707,-0.24377749176479868,-0.26665746385902234,
300021.SZ,20220412,监管审批,,,,3.0,,80.0,用于合理合法使用,20220412,0,0.009999999999999787,-0.028052805280528115,-0.01996903461818511,-0.04950495049504955,-0.04376132181335202,-0.13036303630363044,-0.09397783838164964,-0.10669932813940153,-0.1337266834764167,
301028.SZ,20220408,监管审批,,,,3.0,,80.0,用于合理合法使用,20220408,0,0.0207125103562551,0.006493506493506329,0.03341837796521108,-0.07467532467532467,-0.0629748219383709,-0.17532467532467544,-0.12324901028121527,-0.13834152507571484,-0.16716622587035435,
688585.SH,20220401,监管审批,,,,3.0,,80.0,用于公司主营业务相关项目及补充流动资金,20220401,0,-0.01964839710444677,-0.00421940928270037,-0.00443458279585307,-0.09810126582278467,-0.07862609601582016,-0.21940928270042193,-0.14629136894451,-0.04641350210970474,-0.08077474515591909,
002022.SZ,20220929,董事会预案,,,,,,90.0,1、购买西安天隆38.00%股权以及苏州天隆38.00%股权。,20220929,0,0.050212765957446726,0.05024311183144259,0.05608193876422285,0.005672609400324102,0.013957259821633539,-0.007293354943273878,0.007077948846745619,-0.020259319286871857,-0.030617720018138117,
000505.SZ,20211008,监管审批,,,,5.24,,64.0903,用于偿还银行贷款,20211008,0,0.03802816901408468,0.005427408412483015,0.005555588409461132,-0.009497964721845387,-0.004007951828060352,0.0027137042062412853,0.03160384878458444,-0.005427408412483126,-0.018436564856139426,
002044.SZ,20210911,监管审批,,,,8.81,,80.0,用于补充流动资金,20210910,1,-0.03147699757869249,0.018750000000000044,0.015387776381118101,0.020000000000000018,0.045159858297516564,-0.09749999999999992,-0.06988186511552397,-0.06625000000000014,-0.05564513165455953,
603800.SH,20220823,监管审批,,,,14.88,,80.0,1、电解铜箔高端成套装备制造项目(一期);2、先进材料及高端装备研发中心建设项目;3、补充流动资金。,20220823,0,0.09992069785884228,-0.009853400624849629,0.008938208760638222,-0.07618360970920457,-0.06215609911283815,-0.0939677962028358,-0.04773982153411027,-0.2114876231675078,-0.16583144088031665,
601702.SH,20220212,监管审批,,,,10.0,,80.0,用于年产15万吨新能源汽车用高端铝板带箔项目,20220211,1,-0.029019607843137285,-0.08077544426494343,-0.07164298681743897,-0.06946688206785134,-0.07688004931663794,-0.13812600969305333,-0.09823167893843321,-0.36672051696284325,-0.2889716056036311,
002584.SZ,20220815,董事会预案,,,,10.0,,80.0,1、高端精细化学品技术改造项目；2、年产5万吨磷酸铁锂正极材料项目；3、补充流动资金项目。,20220815,0,-0.03194103194103204,-0.026649746192893398,-0.027183563551163914,-0.040609137055837685,-0.04110885359396965,-0.06218274111675137,-0.05865139837639255,-0.027918781725888353,0.01612750076975744,
601700.SH,20220726,董事会预案,,,,,,80.0,募集配套资金用于1、支付本次交易中的现金对价、支付中介机构费用及相关税费、对上市公司或标的公司补充流动资金。,20220726,0,0.09999999999999987,0.0994854202401374,0.1000494017291178,-0.03945111492281306,-0.011966761005206217,0.029159519725557637,0.029540307912899078,-0.07718696397941682,0.008320275527571086,
000688.SZ,20220723,监管审批,,,,13.0,,80.0,1、硫钛铁资源循环综合利用项目;2、偿还银行贷款。,20220722,1,-0.0350877192982455,0.011363636363636465,0.017457821748721125,0.07670454545454541,0.08224345873220318,0.08011363636363655,0.08405721603973149,-0.03409090909090906,0.060768681934668445,
920368.BJ,20220715,监管审批,,,,13.6,,80.0,1、单晶炉扩产项目；2、光伏电池片和光伏组件设备项目；3、第三代半导体材料碳化硅衬底加工装备生产项；4、电子级银粉扩产项,20220715,0,-0.047513649107274736,0.015491866769945739,-1.0283572189240253e-05,-0.024322230828814795,-0.03682801331817109,0.07637490317583295,0.06033653172893039,0.09992254066615036,0.15095084486768506,
600048.SH,20221231,监管审批,,,,125.0,,80.0,用于1、广州保利领秀海;2、西安保利天汇;3、大连保利城;4、合肥保利和光熙悦;5、中山保利天汇;6、南京保利阅云台;7,20221230,1,0.00799467021985345,0.01916721744877714,0.01025456630685495,0.04692663582286838,0.018306150367290108,-0.007270323859881023,-0.053076827797794546,-0.03370786516853941,-0.09442748649253463,
603045.SH,20211016,监管审批,,,,30.0,,80.0,募集配套资金用于1、锦鑫化工年产120万吨氧化铝项目;2、偿还银行贷款。,20210924,22,-0.05675675675675673,0.10028653295128942,0.11414115828782179,0.6117478510028651,0.6254529125979009,0.2650429799426932,0.29148234455907773,0.237106017191977,0.2438358251341699,True
688316.SH,20220428,监管审批,,,,3.97,,80.0,1、信创金融行业云建设项目;2、超级智算平台建设项目。,20220428,0,-0.047179148795777004,0.0647506925207757,0.039738963463643584,0.09833795013850422,0.07650052525761297,0.1558171745152357,0.0793017779534424,0.2119113573407203,0.10082209825461708,
003026.SZ,20221210,监管审批,,,,5.0,,80.0,1、年产250万片6英寸高端功率器件用单晶硅抛光片项目;2、补充流动资金。,20221209,1,0.006036217303822866,0.02288888888888896,0.03186873163695836,0.22222222222222232,0.23730492178688878,0.08177777777777795,0.09229066821112619,0.08533333333333348,0.0648315055348534,
300237.SZ,20221122,董事会预案,,,,8.26,,80.0,1、补充流动资金。,20221122,0,0.029661016949152907,-0.03292181069958855,-0.03540896543435279,0.012345679012345512,-0.007197435354297399,-0.06584362139917699,-0.061231230094064504,-0.05761316872428002,-0.11551255241246583,
300842.SZ,20221102,董事会预案,,,,1.86,,80.0,1、年产1000吨导电银浆研发和生产建设项目;2、补充流动资金。,20221102,0,0.0619146722164412,0.041646251837334614,0.043579642008176434,0.017965049812183498,0.0030044246444693723,-0.053731830801894476,-0.09816218645546937,-0.10191082802547757,-0.17907349911556725,
002382.SZ,20221029,监管审批,,,,13.78,,80.0,1、BA9自主生产项目;2、冠脉和结构性心脏病相关创新医疗器械临床研发项目;3、科创总部研发办公及配套项目;4、补充流动,20221028,1,-0.034482758620689835,0.013546798029556939,0.021408198585550542,0.0726600985221677,0.0185622038130957,0.0578817733990149,-0.00547718561727395,0.006157635467980427,-0.10260154946312505,
600884.SH,20221018,监管审批,,,,60.0,,80.0,1、云南杉杉新材料有限公司年产30万吨锂离子电池负极材料一体化基地项目(第一期);2、补充流动资金。,20221018,0,-0.008510638297872353,0.01812112541726285,0.030354353026118774,-0.07439198855507856,-0.041838812921850765,-0.042918454935622075,-0.05914030957702188,-0.12923223652837368,-0.15150658447816656,
002622.SZ,20221012,董事会预案,,,,6.52,,80.0,1、补充流动资金及偿还有息借款。,20221012,0,0.06940874035989708,0.03125,0.034378052006193816,0.0769230769230771,0.07024719446200556,0.12019230769230771,0.11186405497544483,-0.08173076923076916,-0.11948074804728837,
688059.SH,20230331,监管审批,,,,3.0,,80.0,1、公司主营业务相关项目;2、补充流动资金。,20230331,0,0.06913756236635771,0.015933333333333355,0.008679713396084532,0.0397333333333334,0.026405610061152496,-0.25159999999999993,-0.2689333631600951,-0.23533575638506865,-0.22852698640081592,
688160.SH,20230331,监管审批,,,,3.0,,80.0,1、公司主营业务相关项目;2、补充流动资金。,20230331,0,-0.007308970099667689,-0.03859883980365897,-0.045463107757554466,-0.14123159303882205,-0.15223963453940248,-0.23181615350290052,-0.24960772162830536,0.7603835141690842,0.7760584283973002,
688585.SH,20230331,监管审批,,,,3.0,,80.0,1、公司主营业务相关项目;2、补充流动资金。,20230331,0,-0.022012578616352196,-0.032154340836012874,-0.039064621598685845,-0.08360128617363338,-0.09534805630526355,-0.10825294748124326,-0.12890630866276653,-0.1129272359175898,-0.10502850852139423,
688356.SH,20230331,监管审批,,,,3.0,,80.0,1、公司主营业务相关项目;2、补充流动资金。,20230331,0,-0.038024049398765025,-0.022229729729729475,-0.029210870808358158,0.007567567567567712,-0.005347841882193394,-0.16081081081081072,-0.1802469024412784,-0.25793499557153976,-0.2513274551108651,
688221.SH,20230331,监管审批,,,,3.0,,80.0,1、公司主营业务相关项目。,20230331,0,0.009471191791633693,-0.006254886630179701,-0.013350085823252922,0.07114933541829549,0.05741890909843583,-0.0172009382329944,-0.039963114944656986,-0.15011727912431583,-0.14254970157854607,
300614.SZ,20230331,监管审批,,,,3.0,,80.0,1、公司业务相关项目建设；2、补充流动资金。,20230331,0,0.01674641148325362,0.0,-0.007139858196648752,-0.02549019607843117,-0.03798185771541562,0.053333333333333455,0.028937543387715925,0.0725490196078431,0.08209927598811007,
300922.SZ,20230331,监管审批,,,,3.0,,80.0,1、合理合法使用。,20230331,0,-0.022714681440443196,0.017006802721088343,0.009745518364632666,-0.014739229024943401,-0.027368700915002875,0.022108843537414824,-0.0015637697364746517,0.1267888373387478,0.1368220592113878,
603059.SH,20230331,监管审批,,,,3.0,,80.0,1、合理合法使用。,20230331,0,0.09982935153583616,0.05546935608999215,0.047933454556601474,0.015128006206361455,0.0021156839898708313,-0.1520558572536851,-0.17169471851196594,-0.11185424687634038,-0.103945965305697,
600699.SH,20230331,监管审批,,,,3.0,,80.0,1、合理合法使用。,20230331,0,0.020093770931011612,0.006565988181221227,-0.000620750239962331,-0.015101772816809023,-0.02772659747360484,0.01575837163493099,-0.007767161152956614,0.18171672053590715,0.19223903461540037,
300667.SZ,20230331,监管审批,,,,3.0,,80.0,1、公司主营业务相关项目；2、补充流动资金。,20230331,0,-0.007352941176470673,0.029059829059828957,0.0217124878044741,0.03304843304843308,0.019806399537504404,-0.05356125356125352,-0.07548130500541173,0.09778409518556752,0.10755905126453058,
300266.SZ,20230331,监管审批,,,,3.0,,80.0,1、合理合法使用。,20230331,0,-0.011111111111111072,-0.0252808988764045,-0.03224025503999195,-0.056179775280899014,-0.06827804545313265,0.053370786516853785,0.028974129134529347,-0.061797752808988915,-0.053443755151620365,
002238.SZ,20230331,监管审批,,,,3.0,,80.0,1、公司主营业务相关项目建设；2、补充流动资金。,20230331,0,0.016602809706258048,0.03015075376884413,0.022795623465763803,-0.042713567839196,-0.05498445331629198,0.0037688442211056827,-0.019479004396843802,-0.11798707037166944,-0.11013339706194902,
300748.SZ,20230331,监管审批,,,,3.0,,80.0,1、合理合法使用。,20230331,0,0.006742370475514514,0.020796616143814006,0.013508273056928255,0.005992245329573542,-0.006902971001260472,-0.033838561861120886,-0.05621540189123975,0.05563410154333148,0.06503374307876242,
603937.SH,20230330,监管审批,,,,3.0,,80.0,1、公司主营业务;2、补充流动资金。,20230330,0,-0.058871627146361405,0.005212858384013863,0.001646488470719687,0.013032145960034658,-0.0071810930881421875,-0.04604691572545616,-0.0638516404390026,0.019150250643105604,0.03798799485708071,
002662.SZ,20230330,监管审批,,,,3.0,,80.0,1、用于合理合法使用。,20230330,0,-0.005586592178770888,0.030898876404494402,0.027241375701242188,-0.0252808988764045,-0.044729669850166465,-0.0641607197084727,-0.08162736564356643,-0.044066011235955105,-0.02639674220087529,
001236.SZ,20230330,监管审批,,,,3.0,,80.0,1、补充公司资本金。,20230330,0,0.0006435006435008273,0.01800643086816711,0.014394670954525735,0.006430868167202508,-0.013650654225602521,-0.0848874598070739,-0.10196725872867385,-0.014147909967845762,0.0040743585280111905,
300365.SZ,20230330,监管审批,,,,3.0,,80.0,1、合理使用。,20230330,0,-0.0117647058823529,0.026190476190476097,0.022549680304241537,0.0535714285714286,0.03254930086800667,-0.12857142857142845,-0.14483590328991414,-0.09404761904761905,-0.07730219881968536,
688139.SH,20230329,监管审批,,,,3.0,,80.0,1、公司主营业务相关项目;2、补充流动资金。,20230329,0,0.003328290468986417,0.007991556091676566,0.0014415938121297156,0.06317852834740667,0.03988700825628699,0.06483715319662253,0.04998607349283457,-0.22692067717649,-0.21290984346761832,
688489.SH,20230328,监管审批,,,,3.0,,80.0,1、主营业务相关项目;2、补充流动资金。,20230328,0,0.03388888888888886,-0.022210281210818472,-0.020605044206274625,0.06851155292853317,0.04684112971462451,0.024180548092423537,0.01830530910903838,-0.16943166756224248,-0.15484825198287389,
688185.SH,20230328,监管审批,,,,3.0,,80.0,1、公司主营业务相关项目；2、补充流动资金。,20230328,0,-0.024590838062340747,-0.031365935919055676,-0.02977572974931819,-0.03709949409780777,-0.056628025556917705,-0.1294266441821248,-0.13442071141716871,-0.3187183811129848,-0.3067561949968184,
300857.SZ,20230328,监管审批,,,,3.0,,80.0,1、合理使用。,20230328,0,-0.0267894516534114,0.009892473118279455,0.0115504132022346,0.20903225806451609,0.1845119422666035,0.14881720430107537,0.14222698382084387,0.09614228606853481,0.11538874402695276,
002968.SZ,20230328,监管审批,,,,3.0,,80.0,1、合理使用。,20230328,0,-0.040086206896551624,-0.0071845532105973,-0.005554648474185742,-0.01302200269420739,-0.033038848413668775,-0.1594072743601258,-0.16422935691190632,-0.31374831542866755,-0.30169886312319394,
688519.SH,20230322,监管审批,,,,3.0,,80.0,1、公司主营业务相关项目建设;2、补充流动资金。,20230322,0,0.11106590724165977,0.04174295129989036,0.03511793785659645,-0.025265470523617606,-0.01753671330663953,0.028927132918345144,-0.002023975422188573,-0.045974606461481216,-0.03850145394588467,
603318.SH,20230322,监管审批,,,,3.0,,80.0,1、用于合理合法使用。,20230322,0,0.0012150668286754485,-0.013349514563106735,-0.019624164870743255,-0.040048543689320426,-0.03243700278095096,-0.05703883495145645,-0.08540400508508295,-0.0063954511284211035,0.0013877361789593756,
300087.SZ,20230318,监管审批,,,,3.0,,80.0,1、用于合理合法使用。,20230317,1,-0.007589025102159863,-0.040000000000000036,-0.03535991090695789,-0.004705882352941115,-0.00931035249047485,-0.10117647058823542,-0.13703360407179466,-0.11335573590531478,-0.11401782138574545,
300006.SZ,20230318,监管审批,,,,3.0,,80.0,1、合理使用。,20230317,1,-0.01728395061728394,-0.02010050251256279,-0.015364230668220125,-0.02010050251256279,-0.024633753432031447,-0.022613065326633097,-0.061604360764354604,-0.11306532663316582,-0.1137276289714394,
300765.SZ,20230317,监管审批,,,,3.0,,,1、公司主营业务相关项目建设；2、补充流动资金。,20230317,0,0.001676914477361624,-0.013392857142857095,-0.008624164390056088,0.06808035714285698,0.06313916034308376,0.3554687499999998,0.30139448257027257,0.27921769967415844,0.2782624671197258,
603843.SH,20230316,董事会预案,,,,5.8,,80.0,1、平安驿·贵州民俗文化体验地一期建设项目;2、平安驿·龙南客家民俗文化体验地建设项目。,20230316,0,-0.03181818181818197,0.0023474178403755097,-0.004946842169952115,-0.018779342723004633,-0.03661991046584434,-0.011737089201877882,-0.04467609249701876,-0.14084507042253513,-0.14140316387909913,
300031.SZ,20230313,监管审批,,,,3.0,,80.0,1、合理合法使用。,20230313,0,0.02322661644695545,0.07791411042944785,0.08568072235982926,0.33190184049079763,0.3458121396608702,0.23251533742331287,0.2158236371058242,0.8349693251533743,0.856144632967565,
000782.SZ,20210806,监管审批,,,,5.99,,80.0,用于补充流动资金,20210806,0,0.023522372045517992,0.10114942528735638,0.0896776522593481,0.06896551724137945,0.05131169653096501,0.1471264367816092,0.10757079561244387,0.11724137931034484,0.10170319431180253,
600178.SH,20230301,监管审批,,,,3.9,,80.0,1、偿还专项债务;2、补充流动资金。,20230301,0,-0.0014204545454544748,-0.017069701280227667,-0.01656669471013794,-0.022759601706970112,-0.014098179014432222,-0.06827880512091045,-0.04749057174827198,-0.14224751066856334,-0.11880067891863488,
000876.SZ,20220106,监管审批,,,,45.0,,80.0,用于偿还银行债务,20220106,0,0.0011695906432747094,-0.013434579439252414,-0.011633040691999774,0.0,0.008669046146714932,0.047313084112149406,0.07740899544409263,-0.06542056074766356,0.05820734434664154,
601008.SH,20220312,监管审批,,,,15.0,,80.0,用于1、连云港国际汽车绿色智能物流中心项目;2、连云港绿色低碳港口装卸工艺设备更新改造项目;3、补充流动资金及偿还债务。,20220311,1,0.021791767554479424,-0.01421800947867291,0.012146887429652864,-0.018957345971563955,-0.001251806410137779,0.17061611374407604,0.20574090501185172,0.008403361344537785,0.025190388650017326,
002355.SZ,20220111,监管审批,,,,9.74,,80.0,用于补充流动资金,20220111,0,0.10063897763578278,-0.03193033381712629,-0.0400009714734767,-0.044992743105950694,-0.04565444257132922,-0.2264150943396226,-0.1991736625233299,-0.34397677793904213,-0.2744623693019411,
300875.SZ,20230208,董事会预案,,,,,,80.0,募集配套资金用于1、支付现金对价；2、支付交易税费与中介费用；3、补充上市公司流动资金及偿还银行贷款。,20230208,0,0.19993560849967817,0.03005097933995149,0.017995343922704077,-0.02602629460692263,-0.04039191523828811,-0.017440300509793616,-0.03274516832907959,-0.10008049369466077,-0.13373413723317884,
600638.SH,20230107,监管审批,,,,17.0,,80.0,1、上海闵行星悦梦庭租赁住房项目；2、上海闵行星悦河畔家园租赁住房项目；3、上海宝山新顾城欣康苑保障住房项目；4、上海奉,20230106,1,-0.022375215146299587,-0.005281690140844897,-0.011059421615017495,-0.040492957746478764,-0.051804567873529384,0.03521126760563398,0.0024987120153820985,-0.012323943661971648,-0.05931059215719814,
002868.SZ,20230622,董事会预案,,,,13.0,,80.0,1、绿康(海宁)胶膜材料有限公司年产3.2亿平方米光伏胶膜项目;2、江西纬科新材料科技有限公司年产1.2亿平方米光伏胶膜,20230621,1,-0.022784106696304596,0.003411998862667076,0.018470477313559552,0.04805231731589421,0.04669033403942424,-0.05828831390389533,-0.04932352613158786,-0.20585726471424504,-0.18543972325390068,
300048.SZ,20230622,监管审批,,,,14.73,,80.0,1、电气设备业务能力升级项目;2、光伏产业平台项目;3、信息化系统升级项目;4、补充流动资金。,20230621,1,0.007246376811594235,0.07374100719424459,0.08985493231872077,0.07553956834532394,0.07414186435567993,-0.0017985611510791255,0.007703990622903278,-0.07374100719424459,-0.04992673483699228,
605389.SH,20230211,监管审批,,,,2.05,,80.0,募集配套资金拟用于1、支付并购对价及支付中介机构费用等;2、补充流动资金。,20230120,22,0.0018382352941177516,0.10018348623853202,0.09370260211863268,0.14385321100917436,0.158324938331595,0.11229357798165118,0.12425551240669375,-0.09394495412844028,-0.10619270149949611,True
300411.SZ,20230616,监管审批,,,,3.0,,80.0,1、合理合法使用。,20230616,0,0.00783699059561127,-0.018662519440124425,-0.013379257022392954,-0.00466562986003094,0.021514490503680372,0.054432348367029704,0.07933193679434236,0.02799377916018675,0.07265013827214206,
000712.SZ,20230610,监管审批,,,,27.56,,80.0,1、偿还公司借款和补充公司流动资金。,20230609,1,-0.002382843526608447,-0.009554140127388644,-0.008765208883918407,0.004777070063694211,-0.00809326170594482,-0.006369426751592244,-0.0032729279048656634,0.12420382165605082,0.15165919615701995,
002474.SZ,20230609,监管审批,,,,8.0,,80.0,1、政务一体化信创平台建设项目;2、聚焦行业应用场景的数智平台建设项目;3、补充流动资金。,20230609,0,0.01863354037267073,-0.012195121951219523,-0.011408294359406268,-0.013414634146341475,-0.02605194580075887,-0.12317073170731696,-0.1204382263968492,-0.03414634146341455,-0.010558204332560495,
300988.SZ,20230426,监管审批,,,,1.87,,80.0,1、浙江津荣精密部品智能制造基地项目;2、补充流动资金。,20230426,0,0.042811839323467105,-0.0040547389761784736,-0.010657366986187022,-0.0040547389761784736,-0.042455941998113644,0.033451596553472074,0.04713456729002585,0.033451596553472074,0.046621401068587254,
600222.SH,20230601,监管审批,,,,3.0,,80.0,1、合理合法使用。,20230601,0,-0.004748580527689561,-0.0050167224080267525,-0.01285138702802957,-0.04849498327759194,-0.0511452695091803,-0.02006688963210701,-0.031950784707879154,-0.15719063545150502,-0.1283597992590535,
600278.SH,20230531,监管审批,,,,3.0,,80.0,1、公司主营业务相关项目建设;2、补充流动资金。,20230531,0,0.013081395348837122,0.01865136298421799,0.01862908042421152,0.04160688665710177,0.04382370932997026,0.08751793400286956,0.08836772340973664,0.05809803596235241,0.10661247839514942,
002685.SZ,20230520,监管审批,,,,3.0,,80.0,1、合理合法使用。,20230519,1,-0.0026109660574412663,0.007853403141361293,0.003900863123861731,0.005235602094240788,0.02746431546666095,-0.041884816753926635,-0.03889702013869478,-0.05759162303664911,-0.025734909198514067,
603901.SH,20230426,监管审批,,,,3.0,,80.0,1、广东轻工机械二厂智能设备有限公司年产6万吨包装设备配套材料生产项目。,20230426,0,0.0180505415162453,0.0,-0.006629508938293616,-0.004255319148936176,-0.04264878829207541,0.047517730496454025,0.061386937820923526,0.018849818634616433,0.031833545193680424,
603616.SH,20230519,监管审批,,,,3.0,,80.0,1、合理合法使用。,20230519,0,-0.009708737864077777,0.0,-0.003921741004376145,0.12745098039215708,0.15238223494818293,0.0269408259828261,0.030143249217076118,0.10337344471055565,0.14067134331158693,
600736.SH,20230518,监管审批,,,,16.0,,80.0,1、昆山尚云庭;2、苏州雅乐云庭东区;3、补充流动资金及偿还债务。,20230518,0,-0.011857707509881354,-0.025999999999999912,-0.021912959838457313,-0.053999999999999826,-0.025613621446926693,-0.01603519816855059,-0.002621716354854864,0.0645188868221489,0.10433843173898061,
301011.SZ,20230426,监管审批,,,,1.28,,80.0,1、设备投放与运营;2、产品研发及信息化系统建设;3、补充流动资金。,20230426,0,0.07111274871039042,-0.017887856897144894,-0.024398778128251974,0.09700722394220862,0.05470931985877647,0.06123151014791883,0.07528228886507327,-0.021636322322265533,-0.00916853145264429,
603196.SH,20230516,董事会预案,,,,,,80.0,1、购买锦源晟100%股权。,20230516,0,0.10009017132551867,0.10000000000000009,0.10226261116754243,0.610655737704918,0.6328586315989739,0.7851265962617651,0.8167663857773502,0.6084220759135701,0.6264248542478428,
300369.SZ,20230515,监管审批,,,,12.0,,80.0,1、研发总部基地建设项目;2、信息技术应用创新安全研究项目;3、数据安全与隐私计算研发及产业化项目;4、5G+工业互联网,20230515,0,0.0035180299032542273,-0.007011393514461006,-0.001052443356807764,0.006134969325153561,0.010489515237197988,0.19631901840490795,0.22666503443878439,0.10697957630879262,0.12958327412344461,
002717.SZ,20220921,监管审批,,,,10.0,,80.0,1、补充流动资金。,20220921,0,-0.01650165016501659,-0.06040268456375841,-0.05790392979631076,-0.043624161073825385,-0.020976107648373432,-0.11409395973154357,-0.07933889886035728,-0.06040268456375841,-0.045469464799927084,
688625.SH,20230506,监管审批,,,,3.0,,80.0,1、公司主营业务相关项目;2、补充流动资金。,20230505,1,-0.007109531215285458,-0.025509062430073892,-0.04287501789348802,-0.08905795479973133,-0.07175951402012626,-0.09017677332736629,-0.060760475228008426,-0.10158872230924132,-0.08969885345501605,
688376.SH,20230429,监管审批,,,,3.0,,80.0,1、公司主营业务相关项目建设;2、补充流动资金。,20230428,1,0.011800219538968149,-0.02359641985353944,-0.03151851498727731,-0.09221589368049898,-0.09108798413205554,0.045565500406834714,0.08429753202598245,-0.08405180363439113,-0.0708130602908239,
688083.SH,20230429,监管审批,,,,3.0,,80.0,1、公司主营业务相关项目;2、补充流动资金。,20230428,1,0.04986298425662228,-0.03526280771789736,-0.04309024707977227,0.00875172731460161,0.01000508777478859,0.04063667536721449,0.07918612310500284,0.023420933600574623,0.0382130442528279,
688156.SH,20230429,监管审批,,,,3.0,,80.0,1、公司主营业务相关项目;2、补充流动资金。,20230428,1,0.02689486552567244,0.02678571428571419,0.01845484140084186,-0.029761904761904767,-0.028556396971820774,0.016964285714285765,0.05463681111274554,-0.18482142857142858,-0.17303916847294265,
688023.SH,20230429,监管审批,,,,3.0,,80.0,1、公司主营业务相关项目建设;2、补充流动资金。,20230428,1,0.030048017424880058,-0.031478277585544,-0.03933642290585104,-0.07833525567089583,-0.07719009961632772,-0.12437524029219538,-0.09193851024867827,-0.2069876970396003,-0.1955258191857644,
688288.SH,20230429,监管审批,,,,3.0,,80.0,1、公司主营业务相关项目建设;2、补充流动资金。,20230428,1,0.03525804803270316,0.014807502467917066,0.006573815352824974,0.0829220138203357,0.08426752986440889,0.16288252714708773,0.20596046228677056,0.1495557749259624,0.16617098736237157,
688218.SH,20230429,监管审批,,,,3.0,,80.0,1、公司主营业务相关项目;2、补充流动资金。,20230428,1,0.044417767106842865,0.03390804597701136,0.025519385728000055,-0.07931034482758625,-0.07816640030818689,0.10747126436781618,0.14849653921869965,0.00937998980805177,0.02396915835953095,
603700.SH,20230429,监管审批,,,,3.0,,80.0,1、合理合法使用。,20230428,1,0.04402985074626864,0.03145103645461034,0.023082311264806865,-0.012151536812008534,-0.01092414837648914,0.019299499642601914,0.05705853093636315,0.0625466714053533,0.07790428958628626,
002731.SZ,20230429,监管审批,,,,3.0,,80.0,1、合理合法使用。,20230428,1,0.02483069977426644,0.011013215859030812,0.0028103138619897106,-0.0565345080763584,-0.05536226488597917,-0.06020558002936849,-0.025391742756009972,0.016005788785756314,0.030690723945500098,
002495.SZ,20230429,监管审批,,,,3.0,,80.0,1、合理合法使用。,20230428,1,0.03292181069958833,0.015936254980079667,0.00769340967982135,0.003984063745020139,0.005231500447315129,-0.019920318725099473,0.016385849745123693,0.07968127490039856,0.09528654968338035,
002373.SZ,20230429,监管审批,,,,3.0,,80.0,1、合理合法使用。,20230428,1,0.07863501483679514,-0.05020632737276465,-0.05791252180401263,-0.07359009628610713,-0.07243904443479432,-0.07909215955983484,-0.044977958603155566,-0.11141678129298471,-0.09857356022596331,
002114.SZ,20230429,意向,,,,3.0,,80.0,1、公司主营业务相关项目建设;2、补充流动资金。,20230428,1,0.027480916030534486,0.002971768202080227,-0.005165889141370172,0.007429420505200568,0.008681138016952916,-0.043090638930163516,-0.007642794089076088,0.1069836552748884,0.1229835475786869,
600337.SH,20230429,监管审批,,,,3.0,,80.0,1、合理合法使用。,20230428,1,0.01872659176029967,0.07352941176470584,0.06481928175105933,0.20220588235294112,0.20369960700009138,0.1691176470588236,0.21242655659607057,0.21691176470588247,0.23450051327117594,
000751.SZ,20230429,监管审批,,,,3.0,,80.0,1、合理合法使用。,20230428,1,0.022012578616352307,0.024615384615384484,0.0163021207996199,0.036923076923076836,0.03821143990643505,-0.006153846153846176,0.03066228888538336,0.11384615384615393,0.12994523391803914,
000546.SZ,20230429,监管审批,,,,3.0,,80.0,1、合理合法使用。,20230428,1,0.018979833926453304,0.010477299185098987,0.002278745372518598,0.019790454016298087,0.021057529946014286,-0.07334109429569258,-0.03901385030960214,-0.18553991604049813,-0.1775625108707345,
603828.SH,20230429,监管审批,,,,3.0,,80.0,1、公司主营业务相关项目;2、补充流动资金。,20230428,1,0.020338983050847137,0.039867109634551534,0.031430100249831616,0.036544850498339,0.037832743540449076,-0.01661129568106312,0.019817452565482396,0.3222591362126248,0.34137053291329433,
603729.SH,20230429,监管审批,,,,3.0,,80.0,1、公司主营业务相关项目建设;2、补充流动资金。,20230428,1,0.06259314456035758,0.03576437587657777,0.02736065420996936,0.10448807854137443,0.1058603901309434,0.030154277699859566,0.06831541446359757,0.09887798036465645,0.1147607165343103,
603208.SH,20230429,监管审批,,,,3.0,,80.0,1、公司主营业务相关项目;2、补充流动资金等。,20230428,1,0.0017953321364452268,0.005734767025089571,-0.0024253080357631296,-0.03405017921146947,-0.032849999544740216,-0.1421146953405018,-0.11033510742109842,-0.017429193899782147,-0.003227514404743892,
003016.SZ,20230429,监管审批,,,,3.0,,80.0,1、公司主营业务相关项目建设;2、补充流动资金。,20230428,1,0.03614457831325324,0.008944543828264706,0.0007584260964204059,-0.03220035778175301,-0.030997879736765155,-0.10912343470482999,-0.07612171526942002,-0.05352581817230451,-0.03984586462880946,
003010.SZ,20230429,监管审批,,,,3.0,,80.0,1、公司主营业务相关项目建设;2、补充流动资金。,20230428,1,0.04875148632580273,0.03231292517006801,0.023937207006726302,0.05612244897959173,0.057434666924626177,0.3554421768707483,0.4056533106849922,0.1621315192743764,0.17892849641368413,
002599.SZ,20230429,监管审批,,,,3.0,,80.0,1、公司业务相关项目建设;2、补充流动资金。,20230428,1,0.10032362459546929,0.06470588235294117,0.056067342448995916,0.2250000000000001,0.22652204603189752,0.0117647058823529,0.049244617532197,0.03088235294117636,0.045782307919146836,
002374.SZ,20230429,监管审批,,,,3.0,,80.0,1、合理合法使用。,20230428,1,0.011037527593819041,-0.024017467248908297,-0.031936146195334136,-0.03493449781659397,-0.03373541690384341,-0.18122270742358082,-0.1508918405646701,-0.08078602620087338,-0.06750008063622959,
002094.SZ,20230429,监管审批,,,,3.0,,80.0,1、合理合法使用。,20230428,1,0.03478260869565197,0.02801120448179284,0.01967038852612868,0.0308123249299721,0.03209309538612781,0.011204481792717047,0.04866364044607718,0.10364145658263313,0.11959304210350918,
000816.SZ,20230429,监管审批,,,,3.0,,80.0,1、公司主营业务相关项目建设;2、补充流动资金。,20230428,1,0.017964071856287456,0.014705882352941124,0.006473019737302632,-0.020588235294117685,-0.019371329343044752,-0.09999999999999998,-0.0666603111486852,-0.03529411764705892,-0.021350650506475888,
601700.SH,20230429,监管审批,,,,,,,nan,20230428,1,0.013806706114398493,0.009727626459143934,0.0015351551505353722,0.0077821011673151474,0.009034256880048996,0.023346303501945442,0.06125524499738755,0.03311484564791378,0.0480470681690468,
000151.SZ,20230429,监管审批,,,,3.0,,80.0,1、合理合法使用。,20230428,1,0.036195286195286114,0.012185215272136674,0.003972804204219527,0.09017059301380992,0.09152511532008578,-0.06498781478472793,-0.03035113108776677,0.01462225832656383,0.02928719649878153,
688031.SH,20230428,监管审批,,,,3.0,,80.0,1、公司主营业务相关项目;2、补充流动资金。,20230428,0,0.02569965246021577,0.022202407489968712,0.013908721474543917,0.12376281765492636,0.12515907784872682,0.18323673651359762,0.2270686749944959,-0.13321444493981283,-0.12068627845301205,
688302.SH,20230428,监管审批,,,,3.0,,80.0,1、公司主营业务相关项目建设;2、补充流动资金。,20230428,0,0.04458687473874878,-0.023609443777510952,-0.03153143324104557,-0.1549953314659197,-0.15394542452495874,-0.10737628384687203,-0.07430984278259478,-0.290516206482593,-0.28026161579060127,
688225.SH,20230428,监管审批,,,,3.0,,80.0,1、公司主营业务相关项目;2、补充流动资金。,20230428,0,0.016577279375914244,-0.0028776978417268673,-0.010967895274723416,0.052278177458033426,0.05358561894738223,0.10983213429256566,0.15094486544201535,-0.07246111750123241,-0.05905484708626352,
688262.SH,20230428,监管审批,,,,3.0,,80.0,1、公司主营业务相关项目;2、补充流动资金。,20230428,0,0.047891467799934695,-0.05693339572609579,-0.06458500978038706,-0.12416159725471854,-0.12307337981350885,-0.07861488067384192,-0.044482999350991204,-0.18119059980087082,-0.16935586117749823,
688718.SH,20230428,监管审批,,,,3.0,,80.0,1、公司主营业务相关项目;2、补充流动资金。,20230428,0,0.06246056782334386,0.024940617577197344,0.01662471496891249,-0.016033254156769594,-0.014810688702867725,0.02078384798099764,0.05859786562114677,0.06888361045130642,0.08433282017633115,
688607.SH,20230428,监管审批,,,,3.0,,80.0,1、公司主营业务相关项目;2、补充流动资金。,20230428,0,0.011441647597254079,0.012217194570135703,0.00400452403672058,-0.07647058823529418,-0.07532311535650471,-0.048868778280543146,-0.013634979403990277,-0.09819004524886876,-0.08515565030928995,
688155.SH,20230428,监管审批,,,,3.0,,80.0,1、公司主营业务相关项目;2、补充流动资金。,20230428,0,0.008187134502923854,-0.017208043310131482,-0.025181970829325606,-0.07347254447022422,-0.07232134656236044,-0.022041763341067222,0.014185818125365346,-0.06689868522815157,-0.05341201767552639,
688312.SH,20230428,监管审批,,,,3.0,,80.0,1、公司主营业务相关项目;2、补充流动资金。,20230428,0,0.0012430080795524656,0.01800124146492843,0.009741641802318846,-0.013656114214773418,-0.0124305951964504,0.07883302296710104,0.11879741997626381,0.1088760044326289,0.12490324798283536,
688081.SH,20230428,监管审批,,,,3.0,,80.0,1、公司主营业务相关项目;2、补充流动资金。,20230428,0,0.11663179916317978,0.19999999999999996,0.19026374508063615,0.1241217798594847,0.12551848605899862,0.1540983606557378,0.19685089426470959,0.05761585583922657,0.07290220601394082,
688365.SH,20230428,监管审批,,,,3.0,,80.0,1、公司主营业务相关项目;2、补充流动资金。,20230428,0,0.04882812500000022,-0.03910614525139666,-0.04690240151829883,0.11421477343265041,0.11559917030986244,0.0024829298572313085,0.03961900647966954,-0.19615145872129125,-0.18453295827845406,
688026.SH,20230428,监管审批,,,,2.0,,80.0,1、公司主营业务相关项目;2、补充流动资金。,20230428,0,-0.026641294005708804,-0.024926686217008887,-0.03283798817372552,-0.044965786901270954,-0.043779169730354006,-0.07966764418377337,-0.04557476153631734,-0.12891479114587956,-0.11632447920885569,
688159.SH,20230428,监管审批,,,,3.0,,80.0,1、公司主营业务相关项目;2、补充流动资金。,20230428,0,0.09545227386306832,-0.056113138686131436,-0.06377140793345648,-0.07436131386861322,-0.07321122024477889,0.2016423357664232,0.2461560930831117,0.6240875912408759,0.6475614938843044,
688268.SH,20230428,监管审批,,,,3.0,,80.0,1、公司主营业务相关项目;2、补充流动资金。,20230428,0,0.05748413587159362,-0.04365219437580892,-0.05141156606508501,-0.12695611248382155,-0.1258713671902164,0.022473232144958333,0.06034983149885953,-0.13387986996205448,-0.12136132125835408,
688010.SH,20230428,监管审批,,,,3.0,,80.0,1、公司主营业务相关项目建设;2、补充流动资金。,20230428,0,0.025600630169357874,0.006144393241167334,-0.0020190053407365127,-0.0983102918586789,-0.09718995451804269,-0.05145929339477717,-0.01632145781586125,-0.1488884537622266,-0.13658683303509656,
688007.SH,20230428,监管审批,,,,3.0,,80.0,1、公司主营业务相关项目建设;2、资产收购及补充流动资金。,20230428,0,-0.028633405639913234,-0.03305046895935693,-0.04089585823299946,-0.06565430995980359,-0.06449339800066389,-0.04778919160339434,-0.01251540041139243,-0.05171756807531713,-0.03801147881909295,
002258.SZ,20230428,董事会预案,,,,20.88,,80.0,1、11000t/a农药及配套设施建设项目;2、TCPA钠盐化工中间体及其配套工程项目;3、10000t/a精草铵膦及公,20230428,0,-0.002734107997265811,-0.010281014393420218,-0.018311144678753388,-0.02467443454420848,-0.023462605640771628,-0.10555174777244691,-0.0724177184137037,-0.006168608636052175,0.008195826786446148,
600735.SH,20230428,监管审批,,,,3.0,,80.0,1、合理合法使用。,20230428,0,0.028911564625850428,0.0049586776859504855,-0.0031951005385305598,0.008264462809917328,0.009517217850507631,-0.04793388429752066,-0.012665453115964564,0.02700757886264893,0.041851529429296486,
002398.SZ,20230328,监管审批,,,,3.0,,80.0,1、年产40万吨高效混凝土减水剂项目;2、高性能烷氧基化衍生物产业化项目;3、高性能混凝土减水剂改扩建项目;4、补充外加,20230328,0,0.025796661608497695,-0.026627218934911268,-0.025029233215327018,-0.06360946745562124,-0.08260035162352619,-0.11242603550295849,-0.11751762718233905,-0.15485715409047895,-0.14001783399546142,
002969.SZ,20230428,监管审批,,,,3.0,,80.0,1、合理合法使用。,20230428,0,0.050802139037433136,0.007633587786259444,-0.0005418934437406708,-0.0025445292620865922,-0.0013052042488367332,0.007633587786259444,0.044960465889512635,0.06317608799472385,0.07854280350748821,
002989.SZ,20230428,监管审批,,,,3.0,,80.0,1、公司主营业务相关项目建设;2、补充流动资金等。,20230428,0,0.04314544189283209,0.020013342228152098,0.011737417293914199,0.03402268178785861,0.03530744106925221,0.034689793195463725,0.07301894404298359,0.20479581908360522,0.2222094486901034,
300649.SZ,20230428,监管审批,,,,3.0,,80.0,1、合理合法使用。,20230428,0,0.031736872475476074,0.017337807606264022,0.00908359074462961,0.05033557046979875,0.05164059829607992,0.18354509156537357,0.22738845278125175,0.2530502684236213,0.27116134824895544,
003002.SZ,20230428,监管审批,,,,3.0,,80.0,1、合理合法使用。,20230428,0,-0.0037817396002161052,-0.005422993492407935,-0.013492539552654281,-0.05911062906724507,-0.057941586672565326,-0.034590283491660045,0.0011724493554776672,-0.08819376916747712,-0.07501489211203405,
300686.SZ,20230428,监管审批,,,,3.0,,80.0,1、合理合法使用。,20230428,0,-0.03182751540041073,-0.02969247083775184,-0.03756510538283653,-0.02969247083775184,-0.028486876776950498,0.13467656415694584,0.17670963481902513,0.11876988335100735,0.13494012901005847,
300493.SZ,20230428,监管审批,,,,3.0,,80.0,1、合理合法使用。,20230428,0,0.039653035935563796,-0.017878426698450522,-0.02584691503134262,-0.04052443384982107,-0.03933229835744434,0.15256257449344468,0.19525821628820217,-0.007665871045431372,0.006676923554109537,
300500.SZ,20230428,监管审批,,,,3.0,,80.0,1、合理合法使用。,20230428,0,0.11368277739959143,0.0568459657701712,0.04827119765913812,0.1992665036674819,0.20075657617613052,0.0825481323110373,0.12265015219750608,0.19247055721885342,0.2097060424945727,
300483.SZ,20230428,监管审批,,,,3.0,,80.0,1、公司主营业务相关项目;2、补充流动资金。,20230428,0,-0.02886928628708907,-0.005780346820809301,-0.01384699347847107,-0.013212221304707006,-0.01198615075541054,0.01734104046242768,0.055027522400972195,0.014863748967795187,0.029532177547692884,
002645.SZ,20230428,监管审批,,,,3.0,,80.0,1、合理合法使用。,20230428,0,-0.0993006993006994,0.0031055900621117516,-0.005033153051124617,-0.020962732919254656,-0.01974629227644653,-0.06444099378881996,-0.029784053600902194,-0.16317942942516794,-0.15108436465795083,
002601.SZ,20230428,监管审批,,,,3.0,,80.0,1、合理合法使用。,20230428,0,-0.033482142857142905,0.019053117782909856,0.010784983673654214,0.0051963048498844255,0.00644524774545574,-0.06049113137118012,-0.025687872089918407,0.11675209687237031,0.13289317826490632,
002454.SZ,20230428,监管审批,,,,3.0,,80.0,1、合理合法使用。,20230428,0,0.09195402298850563,-0.0052631578947368585,-0.013334000788420064,0.00657894736842124,0.007829608178734349,0.013157894736842257,0.050689415812152694,0.07640678210418228,0.09196472869777361,
000668.SZ,20230428,监管审批,,,,3.0,,80.0,1、合理合法使用。,20230428,0,-0.010714285714285565,0.028880866425992746,0.02053299442834322,0.0,0.0012424865566509347,0.06317689530685922,0.1025613251773454,0.06588447653429608,0.08129033799537111,
002261.SZ,20230428,监管审批,,,,3.0,,80.0,1、合理合法使用。,20230428,0,0.046591889559965516,0.05193734542456707,0.04340240362935677,-0.002473206924979543,-0.0012337932946846486,0.178070898598516,0.22171147326969742,0.3990107172300079,0.4192314501205776,
603868.SH,20230428,监管审批,,,,3.0,,80.0,1、公司主营业务相关项目建设;2、补充流动资金。,20230428,0,-0.010710187428280116,-0.04369119731924209,-0.051450252556351606,-0.11199896893929628,-0.11089563959591109,-0.1482149761567212,-0.1166613676421161,-0.06708683046233432,-0.05360288228453458,
603666.SH,20230428,监管审批,,,,3.0,,80.0,1、公司主营业务相关项目;2、补充流动资金。,20230428,0,0.023555804823331528,0.0797260273972602,0.07096562085908387,0.09452054794520559,0.0958804750120057,0.07095890410958927,0.11063161148243239,0.010498265624081515,0.02510359728017142,
603359.SH,20230428,监管审批,,,,3.0,,80.0,1、合理合法使用。,20230428,0,-0.001953124999999778,0.03326810176125239,0.024884633728923466,0.06457925636007822,0.06590198177459516,0.03326810176125239,0.07154458733092883,0.03916595196239636,0.054185634717372366,
600630.SH,20230428,监管审批,,,,3.0,,80.0,1、公司主营业务相关项目建设;2、补充流动资金。,20230428,0,0.034136546184738936,0.03883495145631044,0.030406316534207445,0.03495145631067964,0.03623736958193202,0.042718446601941684,0.08134501167886943,0.15533980582524265,0.1720386182958793,
300720.SZ,20230428,监管审批,,,,3.0,,80.0,1、公司主营业务相关项目建设;2、补充流动资金。,20230428,0,0.010657193605683846,-0.020210896309314608,-0.028160460043270885,-0.041300527240773266,-0.040109356034001564,0.06823052852672618,0.10780216568512224,0.11270307342792218,0.1287856318795475,
300440.SZ,20230428,监管审批,,,,3.0,,80.0,1、合理合法使用。,20230428,0,0.02761627906976738,0.0014144271570013522,-0.006710594628606348,-0.031117397454031304,-0.029913573845394947,0.016973125884016893,0.05464597875859689,-0.032531824611032656,-0.01854843240843329,
300081.SZ,20230428,监管审批,,,,3.0,,80.0,1、公司主营业务相关项目;2、补充流动资金。,20230428,0,0.13813813813813813,0.03298153034300788,0.024600387420996128,0.03957783641160928,0.04086949789794314,0.06860158311345654,0.10818696565459551,0.15831134564643778,0.17505310754716685,
300027.SZ,20230428,监管审批,,,,3.0,,80.0,1、合理合法使用。,20230428,0,0.1529850746268655,0.03559870550161803,0.027196328009178927,0.025889967637540368,0.02716462213093318,-0.06472491909385114,-0.03007849666296314,-0.06472491909385114,-0.05120683280809768,
002995.SZ,20230428,监管审批,,,,3.0,,80.0,1、公司主营业务相关项目建设;2、补充流动资金。,20230428,0,0.054574638844301804,-0.0247336377473365,-0.03264650601164698,-0.045281582952815924,-0.0440953581542477,0.3356164383561644,0.38509314555560414,0.37626312785388105,0.39615507632342073,
688113.SH,20230427,监管审批,,,,3.0,,80.0,1、公司主营业务相关项目建设;2、补充流动资金。,20230427,0,-0.005046257359125228,-0.012045646661031362,-0.02316113223126237,-0.04437869822485219,-0.06480968255444164,0.03275570583262888,0.05250972781683649,-0.02189669368900904,-0.0008507255760275001,
688112.SH,20230427,监管审批,,,,3.0,,80.0,1、公司主营业务相关项目;2、补充流动资金。,20230427,0,0.04604651162790696,-0.03234771009337478,-0.04323477691898925,-0.10993775011116047,-0.12896709557055752,-0.05524677634504227,-0.03717602074976345,-0.20510885374266785,-0.188005084018671,
688561.SH,20230427,监管审批,,,,3.0,,80.0,1、公司主营业务相关项目;2、补充流动资金。,20230427,0,-0.08334648776637732,0.01756500774926817,0.006116372372357848,-0.031341484415360776,-0.05205120165991195,-0.025486481832271313,-0.006846486571947197,-0.15911830549337014,-0.14102495153455064,
688165.SH,20230427,监管审批,,,,3.0,,80.0,1、公司主营业务相关项目;2、补充流动资金。,20230427,0,0.009111617312072884,0.03273137697516937,0.0211121046070728,0.07223476297968401,0.04931060714579316,0.22009029345372477,0.24342755544461547,0.14446952595936802,0.16909521630741975,
688098.SH,20230427,监管审批,,,,3.0,,80.0,1、公司主营业务相关项目;2、补充流动资金。,20230427,0,0.008021390374331583,0.019893899204243892,0.008419061443311726,0.010610079575596787,-0.01099655336653127,0.03050397877984068,0.05021493088270845,0.02918550509481066,0.05133061510804815,
688108.SH,20230427,监管审批,,,,3.0,,80.0,1、公司主营业务相关项目;2、补充流动资金。,20230427,0,0.10223642172523961,0.1072463768115941,0.09478873534005827,0.41594202898550714,0.38566948341534046,0.5115942028985507,0.5405072023103381,0.4956521739130435,0.5278343041207467,
002529.SZ,20221112,监管审批,,,,9.58,,80.0,1、2.7GWN型高效光伏电池项目;2、补充流动资金。,20221111,1,-0.007177033492822837,-0.024698795180723043,-0.023467950016873074,-0.048795180722891685,-0.05185114309442851,0.23313253012048163,0.18712193755308082,0.16626506024096366,0.09635389254965365,
300816.SZ,20230427,监管审批,,,,3.0,,80.0,1、合理合法使用。,20230427,0,-0.01511535401750197,0.021809369951534707,0.010312981207624583,-0.014539579967689953,-0.03560851842867896,0.10662358642972536,0.12779051538602815,0.06825525040387714,0.09124102889114138,
300819.SZ,20230427,监管审批,,,,3.0,,80.0,1、合理合法使用。,20230427,0,-0.006139677666922583,0.027027027027027195,0.015471934364523099,0.04478764478764474,0.02245030262213099,0.0471042471042471,0.06713272063408171,0.10590117339303018,0.12969698379584083,
301168.SZ,20230427,监管审批,,,,3.0,,80.0,1、公司主营业务相关项目;2、补充流动资金。,20230427,0,-0.00019496977968413987,-0.029641185647425905,-0.040558703610102276,-0.09925897035881437,-0.11851662590440781,0.0364664586583463,0.05629145802131186,0.10008750999390625,0.1237582270924329,
300712.SZ,20230427,监管审批,,,,3.0,,80.0,1、合理合法使用。,20230427,0,-0.02181340341655702,-0.022031166039763517,-0.03303430441886124,-0.07442235357334759,-0.09421101081113992,-0.04137560451370226,-0.023039528250858532,-0.07513982506553063,-0.055239495902908886,
300640.SZ,20230427,监管审批,,,,3.0,,80.0,1、公司主营业务相关项目;2、补充流动资金。,20230427,0,0.0,0.030741410488245746,0.019144527255533728,0.02169981916817365,-0.0001439100959119699,0.054249547920433905,0.07441469310321569,0.1497339170844192,0.1744728819782546,
002885.SZ,20230427,监管审批,,,,3.0,,80.0,1、合理合法使用。,20230427,0,-0.04963870562362549,0.01719008264462807,0.005745665554298007,-0.017520661157024664,-0.03852586472328978,-0.06712181731034572,-0.04927820141419148,-0.1797510493979576,-0.16210165270571464,
002826.SZ,20230427,监管审批,,,,3.0,,80.0,1、公司主营业务相关项目建设;2、补充流动资金。,20230427,0,0.036503362151776964,0.009267840593141896,-0.0020874432625305195,-0.03521779425393878,-0.05584463680176488,0.020389249304912038,0.0399067320449058,0.012506640753868314,0.03429286960924105,
300647.SZ,20230427,监管审批,,,,3.0,,80.0,1、公司主营业务相关项目建设;2、补充流动资金。,20230427,0,-0.07630522088353398,0.02318840579710124,0.011676501505341719,-0.0391304347826088,-0.059673625891125126,0.03478260869565197,0.05457540023929175,-0.01594202898550745,0.005232066374018185,
300566.SZ,20230427,监管审批,,,,3.0,,80.0,1、合理合法使用。,20230427,0,0.015006002400960394,0.026020106445890256,0.014476342658199082,-0.014192785334121716,-0.035269138192122296,0.07924305144884691,0.09988625956110408,0.005381609049502023,0.02701452772885693,
300510.SZ,20230427,监管审批,,,,3.0,,80.0,1、公司主营业务相关项目建设;2、补充流动资金。,20230427,0,-0.016064257028112428,0.03469387755102038,0.023052525066814322,0.04897959183673439,0.026552626716697558,0.693877551020408,0.7262771729178596,0.287755102040816,0.3154638856018268,
300405.SZ,20230427,监管审批,,,,3.0,,80.0,1、合理合法使用。,20230427,0,0.035196687370600444,0.02200000000000002,0.010501466475264953,0.03200000000000003,0.009936055015758338,0.06000000000000005,0.08027513688377885,0.16799999999999993,0.1931319984273181,
300056.SZ,20230427,监管审批,,,,3.0,,80.0,1、公司主营业务相关项目建设;2、补充流动资金。,20230427,0,-0.018072289156626398,0.012269938650306678,0.0008808781555396106,-0.03220858895705536,-0.05289976768716509,0.08895705521472386,0.10978606781381361,0.06748466257668717,0.09045386023170732,
300034.SZ,20230427,监管审批,,,,3.0,,80.0,1、合理合法使用。,20230427,0,0.0484391819160388,-0.0231006160164271,-0.03409172200177757,-0.06955852156057496,-0.08945116651342777,-0.021817248459958916,-0.003107069983708244,0.0013796372165379989,0.022926444979957772,
300477.SZ,20230427,监管审批,,,,3.0,,80.0,1、合理合法使用。,20230427,0,-0.06586826347305397,0.0064102564102566095,-0.004912876733550231,-0.038461538461538325,-0.05901903043403556,-0.010683760683760535,0.008239373442165965,-0.008547008547008517,0.012786206369050035,
301107.SZ,20230427,监管审批,,,,3.0,,80.0,1、合理合法使用。,20230427,0,-0.004369992716678817,0.02633504023408917,0.014787733122795688,0.001097293343087058,-0.020305958211365716,0.07717629846378937,0.09777997478389833,0.14162289685442575,0.16618733593690505,
301257.SZ,20230427,监管审批,,,,3.0,,80.0,1、公司主营业务相关项目建设;2、补充流动资金。,20230427,0,0.19996983863670614,0.05680532864144783,0.044915199971680364,-0.09702149051149933,-0.1163269829100525,-0.19693351765740852,-0.18157287345337947,-0.31772828955636545,-0.3030477659657207,
301188.SZ,20230427,监管审批,,,,3.0,,80.0,1、合理合法使用。,20230427,0,-0.032786885245901676,0.01641949152542388,0.004983744364465803,-0.04872881355932179,-0.0690667933294008,-0.05927021923360343,-0.041276421992390344,-0.17759764185703764,-0.1599019100321476,
300513.SZ,20230427,监管审批,,,,3.0,,80.0,1、公司主营业务相关项目建设;2、偿还银行贷款及补充流动资金。,20230427,0,0.03675856307435277,0.03948428686543104,0.02778903743200889,0.10153102336825137,0.07798051959108787,0.17647058823529393,0.19897351485436032,0.07574536663980647,0.09889231087147277,
002513.SZ,20230427,监管审批,,,,3.0,,80.0,1、合理合法使用。,20230427,0,0.013274336283185972,0.03493449781659397,0.02329043811106657,0.013100436681222627,-0.008559439576961259,0.02183406113537112,0.04137917949577408,0.40829694323144117,0.4187432069598631,
300419.SZ,20230427,监管审批,,,,3.0,,80.0,1、公司主营业务相关项目建设;2、补充流动资金。,20230427,0,0.056360708534621384,0.018292682926829285,0.006835860468290544,0.0,-0.02137979165139703,-0.057926829268292734,-0.03990733635214094,-0.057926829268292734,-0.03765612597612855,
300792.SZ,20230427,监管审批,,,,3.0,,80.0,1、合理合法使用。,20230427,0,-0.06710097719869712,0.048533519553072724,0.03673645710063678,0.07856145251396662,0.05550203337598991,0.04748603351955327,0.06752180966432264,-0.05491103682673426,-0.034575442360855635,
603906.SH,20230427,监管审批,,,,3.0,,80.0,1、公司主营业务相关项目;2、补充流动资金。,20230427,0,-0.014213197969543012,-0.00720906282183309,-0.018378964851379354,-0.06900102986611756,-0.08890559387524521,-0.011328527291452173,0.007582274069163786,-0.19708695012505528,-0.17981057212271767,
603709.SH,20230427,监管审批,,,,3.0,,80.0,1、公司主营业务相关项目建设;2、补充流动资金。,20230427,0,0.04511784511784511,0.040592783505154495,0.028885062363538605,0.06121134020618535,0.03852286285447715,0.08311855670103085,0.10383589349204447,0.32328170328953343,0.3517549170617691,
603060.SH,20230427,监管审批,,,,3.0,,80.0,1、合理合法使用。,20230427,0,-0.001677852348993314,-0.006722689075630228,-0.017898063301679645,-0.010924369747899232,-0.03207060065016343,0.015966386554621792,0.035399271042086955,0.04988066304244909,0.0724710732928382,
301060.SZ,20230427,监管审批,,,,3.0,,80.0,1、合理合法使用。,20230427,0,-0.04618376276130287,0.023445463812436174,0.011930667358047486,0.02650356778797147,0.0045571353792488445,-0.125382262996942,-0.10865302305475533,-0.14711664482306686,-0.12876504966810753,
301013.SZ,20230427,监管审批,,,,3.0,,80.0,1、合理合法使用。,20230427,0,-0.037735849056603765,0.05411764705882338,0.04225775752485017,-0.11372549019607847,-0.1326738545616304,0.0337254901960784,0.053498061718697976,-0.0023529411764706687,0.019113552242511656,
300843.SZ,20230427,监管审批,,,,3.0,,80.0,1、合理合法使用。,20230427,0,0.009977827050997812,0.02140504939626786,0.009913209667484546,-0.014818880351262331,-0.03588184742824241,0.13556531284302986,0.15728582431318405,0.058571647706318286,0.08134906293350896,
300560.SZ,20230427,监管审批,,,,3.0,,80.0,1、合理合法使用。,20230427,0,0.020436927413671757,0.058011049723756924,0.046107355472496,0.0662983425414363,0.0435011061396704,0.2914364640883975,0.3161383990752802,0.12707182320441968,0.15132316506079646,
300123.SZ,20230427,监管审批,,,,3.0,,80.0,1、合理合法使用。,20230427,0,0.029717682020802494,0.04329004329004338,0.03155197524817166,0.05627705627705626,0.033694072887701765,-0.02886002886002892,-0.010284561078734655,0.0028860028860029363,0.024465223303220762,
002213.SZ,20230427,监管审批,,,,3.0,,80.0,1、合理合法使用。,20230427,0,-0.0185185185185186,0.022798742138364636,0.01129122195682375,-0.055031446540880546,-0.07523467733095857,0.14465408805031443,0.16654844495578347,0.16116352201257844,0.18614841910939295,
688498.SH,20230426,监管审批,,,,3.0,,80.0,1、公司主营业务相关项目;2、补充流动资金。,20230426,0,-0.0687809393488148,-0.01365718731091714,-0.020196155803861027,-0.025283084104071207,-0.06286577427898721,0.09940357852882697,0.11395975807592995,0.2292433226726598,0.24490820171982453,
688319.SH,20230426,监管审批,,,,3.0,,80.0,1、公司主营业务相关项目;2、补充流动资金。,20230426,0,0.0010288065843622185,-0.0015416238437822027,-0.008160912573023982,0.06372045220966083,0.022706004285186987,0.1310380267214799,0.1460130485543083,0.004624871531346386,0.017427322282997038,
688682.SH,20230426,监管审批,,,,3.0,,80.0,1、公司主营业务相关项目;2、补充流动资金。,20230426,0,0.0076566125290022935,-0.027285286668201847,-0.03373390755464467,-0.03626525443242001,-0.07342449909390802,-0.026824775500805864,-0.013939868106236264,-0.08251216174794784,-0.07082014296828565,
688179.SH,20230426,监管审批,,,,3.0,,80.0,1、公司主营业务相关项目;2、补充流动资金。,20230426,0,-0.024078478002378167,0.03929332927200724,0.032403324856089544,-0.01370697532744436,-0.051736011823520944,0.021017362168748166,0.03453570278059659,-0.10564021677830271,-0.09424293068334522,
688277.SH,20230426,监管审批,,,,3.0,,80.0,1、公司主营业务相关项目;2、补充流动资金。,20230426,0,0.09379042690814998,-0.021289178001182685,-0.027777550143628482,0.008279124778237668,-0.030597641735602088,-0.0005913660555885158,0.012640873497503202,-0.06445890005913657,-0.05253681929292875,
688622.SH,20230426,监管审批,,,,3.0,,80.0,1、公司主营业务相关项目;2、补充流动资金。,20230426,0,-0.0011444921316167145,0.05643082211400752,0.04942720453611393,0.03437410484101977,-0.005508820009488047,0.07877399026067033,0.09305703262987186,-0.10913778287023768,-0.09778506805647336,
688505.SH,20230426,监管审批,,,,3.0,,80.0,1、公司主营业务相关项目;2、补充流动资金。,20230426,0,-0.010090817356205761,0.024464831804281273,0.017673133044867395,-0.022426095820591296,-0.060118944446376776,-0.032619775739041734,-0.019811594549107636,-0.0033810720521595394,0.009319354848247752,
002975.SZ,20230426,监管审批,,,,3.0,,80.0,1、合理合法使用。,20230426,0,-0.10000000000000009,-0.041871921182266125,-0.04822383984481837,-0.10043787629994527,-0.13512278228316954,0.1836343732895458,0.19930577439484387,0.013409961685823868,0.026324365353670887,
300811.SZ,20230426,监管审批,,,,3.0,,80.0,1、合理合法使用。,20230426,0,0.1341490299823631,0.0026241617261153483,-0.004022744115797061,-0.10263388084361935,-0.13723411428547116,0.025172514335698448,0.03874586945010883,-0.04749510161281312,-0.03535684244974857,
300731.SZ,20230426,监管审批,,,,3.0,,80.0,1、合理合法使用。,20230426,0,0.07997962302598083,-0.042924528301886755,-0.049269468696131025,-0.1943396226415095,-0.2254039079274981,-0.1622641509433962,-0.15117247026301273,-0.06320754716981136,-0.051269519770992145,
603676.SH,20230426,监管审批,,,,3.0,,80.0,1、公司主营业务相关项目建设;2、补充流动资金。,20230426,0,0.10038910505836585,0.06647807637906644,0.05940785043921726,0.02970297029702973,-0.00999984707871382,0.07284299858557275,0.08704751421409296,-0.1031139136968452,-0.09168443362411494,
300598.SZ,20230426,监管审批,,,,3.0,,80.0,1、公司主营业务相关项目建设;2、补充流动资金。,20230426,0,-0.04602420051858269,-0.010645526613816458,-0.017204460938270882,-0.005436013590033983,-0.04378395805554891,0.05368063420158564,0.0676314387980812,0.14292185730464335,0.15748669758062017,
300806.SZ,20230426,监管审批,,,,3.0,,80.0,1、合理合法使用。,20230426,0,0.045454545454545414,-0.004347826086956608,-0.010948511073344602,-0.0073913043478262,-0.045663857604310576,0.19130434782608696,0.2070772999256294,0.16392836102274044,0.1787608979653399,
300293.SZ,20230426,监管审批,,,,3.0,,80.0,1、合理合法使用。,20230426,0,0.010999999999999899,-0.00494559841740827,-0.011542320466788492,0.04055390702274986,0.0004327041789593533,0.11572700296735916,0.13049930578492552,0.028684470820969477,0.04179352540429737,
002357.SZ,20230426,监管审批,,,,3.0,,80.0,1、合理合法使用。,20230426,0,0.055846422338568846,0.006611570247933907,-6.177015441455325e-05,0.05950413223140494,0.01865225524915748,0.05950413223140494,0.07353204034527083,0.1815507416322082,0.19660784962244238,
002326.SZ,20230426,监管审批,,,,3.0,,80.0,1、合理合法使用。,20230426,0,-0.022148394241417457,-0.04190260475651175,-0.048254320002034334,-0.05492638731596822,-0.09136610452898608,-0.06471636112991808,-0.05233314095423114,-0.13078999213413833,-0.11971320254442597,
002227.SZ,20230426,监管审批,,,,3.0,,80.0,1、合理合法使用。,20230426,0,0.031932773109243584,0.026058631921824116,0.019256367050284995,0.055374592833876246,0.014681940747812927,0.10342019543973957,0.11802955527301662,0.08469055374592838,0.09851332261083345,
001268.SZ,20230426,监管审批,,,,3.0,,80.0,1、合理合法使用。,20230426,0,0.010451306413301609,-0.00705218617771497,-0.013634942584708876,0.0032910202162670377,-0.03539341723745748,0.03432063939821339,0.048015116322239315,0.05976256009035752,0.07326765872813956,
301279.SZ,20230426,监管审批,,,,3.0,,80.0,1、合理合法使用。,20230426,0,-0.017097415506958202,0.013754045307443397,0.00703335380284642,-0.007686084142394689,-0.045947271414039315,0.07794700647249186,0.09221909951904395,0.08330582524271835,0.09711094780105767,
301089.SZ,20230426,监管审批,,,,3.0,,80.0,1、合理合法使用。,20230426,0,0.09760023412350027,0.14651379816024512,0.13891297468746489,0.04479402746300498,0.004509335989632435,0.022530329289428108,0.0360687016907737,-0.15256720349374664,-0.14176793209399785,
300992.SZ,20230426,监管审批,,,,3.0,,80.0,1、合理合法使用。,20230426,0,0.021590909090908994,0.0016685205784205959,-0.004972049831961423,0.02725250278086766,-0.012355830586296856,0.05895439377085654,0.07297502330941863,0.1558349471967524,0.17056434560988065,
300985.SZ,20230426,监管审批,,,,3.0,,80.0,1、合理合法使用。,20230426,0,0.014425116673737692,-0.006691760769552468,-0.013276906620011464,-0.014638226683396094,-0.052631356414528985,0.05813467168548714,0.07214444804684805,0.018402342116269343,0.03138036625221896,
300407.SZ,20230426,监管审批,,,,3.0,,80.0,1、合理合法使用。,20230426,0,0.0384615384615381,0.01433691756272415,0.007612361901300879,0.09557945041816018,0.05333659777491473,0.13978494623655924,0.15487577788975937,0.02937689886088002,0.04249477741037788,
300967.SZ,20230426,监管审批,,,,3.0,,80.0,1、合理合法使用。,20230426,0,-0.049353701527614535,-0.016687268232385644,-0.023206148776776958,-0.03770086526576022,-0.07480475629966543,-0.07416563658838071,-0.06190752547441558,-0.024721878862793645,-0.012293408825028163,
920223.BJ,20230426,监管审批,,,,1.0,,80.0,1、公司主营业务相关项目建设;2、补充流动资金。,20230426,0,0.0,-0.009868421052631637,-0.016432507205349944,0.019736842105263275,-0.019581705846233755,-0.019736842105263164,-0.0067580899814799755,-0.042763157894736836,-0.0305645971423657,
605089.SH,20230426,监管审批,,,,3.0,,80.0,1、合理合法使用。,20230426,0,-0.09977892409727329,0.02079240340536992,0.0140250510428519,0.07432874918140153,0.03290527138182209,-0.007531106745252147,0.005609250160318657,-0.0571116172416658,-0.045095906276669706,
603759.SH,20230426,监管审批,,,,3.0,,80.0,1、公司主营业务相关项目;2、补充流动资金。,20230426,0,-0.019565217391304346,-0.0022172949002217113,-0.008832104262155527,0.014412416851441234,-0.02470083434013448,0.029933481152993213,0.04356987179790739,0.0199556541019954,0.0329534728904195,
603800.SH,20230426,监管审批,,,,3.0,,80.0,1、合理合法使用。,20230426,0,0.0048406615570795175,0.004014452027298221,-0.0026416707565927178,-0.020072260136491438,-0.057855866884758966,-0.014452027298273773,-0.001403303860310734,0.21959052589321537,0.2351323943929744,
301169.SZ,20230426,监管审批,,,,3.0,,80.0,1、合理合法使用。,20230426,0,0.009163533834586568,-0.0034924330616998844,-0.010098788883794563,0.08894062863795105,0.04695375265626045,0.007916181606518968,0.021261061680065252,-0.015366705471478559,-0.002819017654012934,
300783.SZ,20230426,监管审批,,,,3.0,,80.0,1、公司主营业务相关项目建设;2、补充流动资金。,20230426,0,0.15280777537796997,0.0037470725995316645,-0.002907277590052937,-0.009367681498829161,-0.047564030506753174,-0.024824355971896916,-0.011912962884174205,-0.04312446225551325,-0.0309305057901913,
300733.SZ,20230426,监管审批,,,,3.0,,80.0,1、合理合法使用。,20230426,0,-0.0013471037269870978,0.026079136690647653,0.019276735882560514,0.012140287769784264,-0.026885355705211667,0.045863309352518256,0.059710612026422805,-0.09555315825236588,-0.0840273275895137,
300472.SZ,20230426,监管审批,,,,3.0,,80.0,1、合理合法使用。,20230426,0,0.0020408163265304147,-0.024439918533604832,-0.030907402813528773,0.012219959266802416,-0.026808756145429213,0.07637474541751543,0.0906260216187722,-0.0478615071283095,-0.035727917258928876,
300331.SZ,20230426,监管审批,,,,3.0,,80.0,1、合理合法使用。,20230426,0,-0.019706691109074193,-0.007012622720897865,-0.013595641414182458,0.03693314633006062,-0.003048448874740761,0.14539504441327722,0.16056015415500835,0.07713884992987352,0.09086538355420704,
300745.SZ,20230426,监管审批,,,,3.0,,80.0,1、合理合法使用。,20230426,0,0.09538635720350985,0.028423772609819098,0.02160582801694866,0.04521963824289399,0.004918536263235129,0.0656330749354006,0.07974213067528457,0.06718346253229979,0.08078312954155864,
688129.SH,20230425,监管审批,,,,3.0,,80.0,1、公司主营业务相关项目建设;2、补充流动资金。,20230425,0,-0.017870439314966458,0.010614101592115288,0.010852845622779439,0.029567854435178287,0.008068414629951226,0.057619408642911374,0.07485995087351394,0.12357846853677046,0.13517418085873123,
688056.SH,20230425,监管审批,,,,3.0,,80.0,1、公司主营业务相关项目;2、补充流动资金。,20230425,0,-0.03133102852203973,0.003792103502119115,0.004029235927207386,-0.031898282400178446,-0.052114186105032156,-0.045728306937318774,-0.030172463985432607,-0.11567399118069455,-0.10654744569744878,
300900.SZ,20230425,监管审批,,,,3.0,,80.0,1、合理合法使用。,20230425,0,-0.0913317834606443,0.008040935672514626,0.008279071827232753,0.0025584795321638154,-0.018376950404842662,0.07711988304093564,0.09467830781948372,0.012131733454606941,0.02257727752804528,
603992.SH,20230425,监管审批,,,,3.0,,80.0,1、公司主营业务相关项目建设;2、补充流动资金。,20230425,0,-0.03796693202694401,-0.01400381922342464,-0.013770890846463324,-0.06238064926798237,-0.0819600200733559,-0.031190324633991184,-0.01539749407030444,-0.040566078081488044,-0.030664393364277176,
300981.SZ,20230425,监管审批,,,,3.0,,80.0,1、合理合法使用。,20230425,0,-0.11323896752706075,0.029107981220657386,0.02935109418240822,0.04366197183098586,0.021868218613336543,0.07862753741535933,0.09621053887877062,-0.03471335968607947,-0.024751272922447276,
300650.SZ,20230425,监管审批,,,,3.0,,80.0,1、合理合法使用。,20230425,0,0.0017167381974247942,-0.0017137960582689349,-0.001477964328125858,0.07455012853470433,0.05211136871269639,0.09340188517566417,0.1112257273086108,0.0856898029134534,0.09689449130683792,
300583.SZ,20230425,监管审批,,,,3.0,,80.0,1、公司主营业务相关项目;2、补充流动资金。,20230425,0,-0.032217041119118384,0.0332895313184407,0.03353363211533389,0.08453788874288248,0.06189056447467545,0.14016644765659225,0.15875261166805155,0.18353044240035055,0.1957448795034662,
300865.SZ,20230425,监管审批,,,,3.0,,80.0,1、合理合法使用。,20230425,0,-0.02266872746007209,-0.014760147601475926,-0.014527397896952676,-0.027411702688455497,-0.047721295167709066,0.12282551396942543,0.1411289986946418,0.1578766973440484,0.1698263790642658,
300515.SZ,20230425,监管审批,,,,3.0,,80.0,1、合理合法使用。,20230425,0,-0.05300859598853869,0.012102874432677657,0.012341970165963279,0.07564296520423608,0.05318138476278844,0.1679273827534038,0.18696608533401782,0.07115851906782966,0.08221323966469529,
300665.SZ,20230425,监管审批,,,,3.0,,80.0,1、合理合法使用。,20230425,0,0.024691358024691468,0.002677376171351886,0.0029142452570551924,0.0535475234270415,0.031547340083815545,0.12315930388219543,0.1414682298077532,0.1713520749665327,0.18344082717155885,
300385.SZ,20230425,监管审批,,,,3.0,,80.0,1、合理合法使用。,20230425,0,-0.01358234295415961,0.0223752151462997,0.02261673758234206,0.05679862306368344,0.0347305502456281,0.08261617900172125,0.10026420039872153,0.09810671256454384,0.10943954769291286,
300366.SZ,20230425,监管审批,,,,3.0,,80.0,1、合理合法使用。,20230425,0,0.017746228926353247,-0.04010462074978216,-0.03987785833720836,0.023539668700959027,0.0021661094928866476,-0.07236268526591116,-0.05724101657426217,0.06800348735832595,0.07902564695380665,
601137.SH,20230425,监管审批,,,,3.0,,80.0,1、合理合法使用。,20230425,0,-0.024827586206896513,0.026166902404526127,0.02640932057584222,0.008486562942008558,-0.012572657255038866,-0.0028288543140029265,0.013426304307185388,0.10149724434904606,0.11286507091975095,
600110.SH,20230425,监管审批,,,,3.0,,80.0,1、合理合法使用。,20230425,0,-0.03978052126200271,0.0257142857142858,0.02595659696097785,0.014285714285714235,-0.006894603811484545,-0.012857142857142678,0.0032345418993302566,0.007232149163076462,0.01762712785854359,
301368.SZ,20230425,监管审批,,,,3.0,,80.0,1、公司主营业务相关项目建设;2、补充流动资金。,20230425,0,-0.0913223140495868,0.005911778080945895,0.006149411250731873,0.025466120964074745,0.004052333572604594,1.94724874943156,1.995292654557947,1.2578035470668487,1.281104848350581,
300946.SZ,20230425,监管审批,,,,3.0,,80.0,1、合理合法使用。,20230425,0,-0.012525389302640466,0.00959890298251631,0.00983740718612136,0.007541995200548435,-0.013497500529372375,0.14672608844703472,0.16541918295082514,0.23052714132083518,0.24322660035701937,
301024.SZ,20230425,监管审批,,,,3.0,,80.0,1、合理合法使用。,20230425,0,0.007999999999999785,0.022486772486772555,0.022728321276740626,0.09126984126984117,0.06848194034366872,0.10185185185185186,0.11981343919459464,0.47530864197530875,0.49053432943506126,
300460.SZ,20230425,监管审批,,,,3.0,,80.0,1、合理合法使用。,20230421,4,-0.0491803278688524,-0.16551724137931023,-0.1777715494546338,-0.2362068965517241,-0.24032440371735575,-0.16120689655172404,-0.13589752675686695,-0.036206896551724044,-0.028754159104738775,
603297.SH,20230425,监管审批,,,,3.0,,80.0,1、公司主营业务相关项目建设;2、补充流动资金。,20230425,0,0.01668087178862776,0.0147305389221557,0.014970255405943877,-0.024071856287425142,-0.04445119145177545,-0.03640718562874257,-0.020699396537967707,0.024289104447930754,0.03486011672904432,
300848.SZ,20230425,监管审批,,,,3.0,,80.0,1、公司及子公司主营业务相关项目建设;2、补充流动资金。,20230425,0,-0.001814882032667886,0.03212121212121222,0.032365036918360346,0.026666666666666616,0.0052278094753235305,0.06575757575757568,0.08313078046834232,-0.01445998959209005,-0.004288881153749258,
300525.SZ,20230425,监管审批,,,,3.0,,80.0,1、合理合法使用。,20230425,0,-0.08185538881309673,-0.07379891035165931,-0.07358010776321344,-0.033184744923229315,-0.053373784712842376,-0.03714710252600295,-0.021451375022231933,-0.051810132400569864,-0.04202449015201404,
300532.SZ,20230425,监管审批,,,,3.0,,80.0,1、合理合法使用。,20230425,0,0.16392443631931752,-0.011518324607329933,-0.011284809065592372,0.0,-0.02088200375780158,0.02303664921465942,0.03971344845841718,0.025549069133365743,0.0361330846789929,
300489.SZ,20230425,监管审批,,,,3.0,,80.0,1、合理合法使用。,20230425,0,-0.027332144979203665,0.007330482590103715,0.007568450909807067,-0.005497861942577842,-0.0262650593266347,0.1270616982284667,0.1454342381478464,0.3457544288332315,0.35964307270612195,
300254.SZ,20230425,监管审批,,,,3.0,,80.0,1、公司主营业务相关项目建设;2、补充流动资金。,20230425,0,-0.049099836333879154,0.03270223752151469,0.03294619957812306,0.08261617900172147,0.06000898388355069,0.11015490533562855,0.1282518430161772,0.31153184165232384,0.32506729677429425,
002360.SZ,20230425,监管审批,,,,3.0,,80.0,1、合理合法使用。,20230425,0,-0.0482758620689655,0.026086956521739202,0.026329355806912424,-0.004347826086956608,-0.025139038524072066,0.12608695652173907,0.14444360691089497,0.11449275362318834,0.12599469827397392,
000065.SZ,20230425,监管审批,,,,3.0,,80.0,1、公司主营业务相关项目建设;2、补充流动资金。,20230425,0,0.024173027989822016,-0.037267080745341685,-0.037039648001989,0.24782608695652142,0.22176897791961236,-0.10372670807453432,-0.08911631286683874,-0.05044830752839613,-0.04064861078352089,
300121.SZ,20230425,监管审批,,,,3.0,,80.0,1、公司主营业务相关项目建设;2、补充流动资金。,20230425,0,-0.14862385321100924,0.00969827586206895,0.009936803541184203,0.010775862068965525,-0.010331163281053768,0.0269396551724137,0.043680078380038845,0.11081952806423456,0.12228356377668792,
300606.SZ,20230425,监管审批,,,,3.0,,80.0,1、合理合法使用。,20230425,0,0.03564356435643545,-0.01210962396430837,-0.011876248109115362,0.030592734225621587,0.009071892876759025,0.03505417463352467,0.05192687483446812,0.1395793499043978,0.15134019676963484,
300923.SZ,20230424,监管审批,,,,3.0,,80.0,1、公司主营业务相关项目建设;2、补充流动资金。,20230424,0,-0.08154706430568492,-0.027904616945713,-0.02476600997950673,0.05124302384576329,0.02769661553020275,0.12937595129375956,0.15553628727026347,0.2081707349893691,0.25065013497535715,
688121.SH,20230422,监管审批,,,,3.0,,80.0,1、公司主营业务相关项目;2、补充流动资金。,20230421,1,-0.036666666666666625,0.050572265105137015,0.0588617586454967,0.06734096353473529,0.06026969932796744,0.011711471919084282,0.04217823849469049,-0.10593558690444493,-0.06825307502169053,
688076.SH,20230422,监管审批,,,,3.0,,80.0,1、公司主营业务相关项目。,20230421,1,0.025231555413606,-0.020872274143302172,-0.013146510549244317,-0.039563862928349014,-0.045926869606617626,0.09470404984423664,0.12767006207370213,0.06476746994667493,0.10964467594094551,
688228.SH,20230422,监管审批,,,,3.0,,80.0,1、公司主营业务相关项目;2、补充流动资金。,20230421,1,-0.09913043478260875,-0.02374517374517371,-0.016042078637123813,-0.08610038610038606,-0.092155082630486,-0.0988416988416988,-0.07170413999107061,-0.0924750092558313,-0.05422516869992644,
300873.SZ,20230422,监管审批,,,,3.0,,80.0,1、公司主营业务相关项目;2、补充流动资金。,20230421,1,-0.023745691306013117,-0.07100823852491156,-0.06367807051878738,-0.0702236171047469,-0.07638349916801157,-0.15496273048254217,-0.12951520522196558,-0.17139186079915703,-0.1364681622442906,
300978.SZ,20230422,监管审批,,,,3.0,,80.0,1、公司主营业务相关项目建设;2、补充流动资金。,20230421,1,-0.02789171452009842,0.05063291139240489,0.05892288345958585,0.06751054852320681,0.060438160795183826,0.1071729957805907,0.14051449892404788,0.05173984257886377,0.09606796763903036,
300578.SZ,20230422,监管审批,,,,3.0,,80.0,1、合理合法使用。,20230421,1,-0.0816231343283581,0.04367699339766373,0.05191208010455117,0.04367699339766373,0.03676250588244723,-0.003555104113763363,0.026451923473691297,-0.01066531234129009,0.031032596196017836,
300490.SZ,20230422,监管审批,,,,3.0,,80.0,1、合理合法使用。,20230421,1,-0.015460295151089265,-0.005710206995003575,0.002135192212765924,-0.0007137758743753775,-0.007334169123009215,0.1641684511063526,0.1992263203101714,0.08298142400907249,0.12862630124753438,
300164.SZ,20230422,监管审批,,,,3.0,,80.0,1、公司业务相关项目建设;2、补充流动资金。,20230421,1,-0.03703703703703709,-0.014423076923077094,-0.006646426226367463,0.05769230769230771,0.05068496700860603,0.06490384615384603,0.09697245247763542,0.09855769230769229,0.14485906913013769,
300131.SZ,20230422,监管审批,,,,3.0,,80.0,1、公司主营业务相关项目;2、补充流动资金。,20230421,1,-0.06956521739130439,-0.013084112149532645,-0.005296896411074115,-0.016822429906542036,-0.023336101355330707,-0.0224299065420559,0.007008723616186208,0.0037383177570093906,0.04604330219889863,
300173.SZ,20230422,监管审批,,,,3.0,,80.0,1、用于公司主营业务相关项目建设;2、补充流动资金。,20230421,1,-0.02358490566037741,0.004830917874396157,0.01275949135719201,0.02898550724637672,0.022168352620757004,0.12077294685990325,0.15452400010383238,0.04106280193236689,0.08494091723357089,
301230.SZ,20230422,监管审批,,,,3.0,,80.0,1、合理合法使用。,20230421,1,-0.017054772056411927,-0.09125792459125792,-0.08408753582871054,-0.01851851851851849,-0.025020953173158778,-0.04437771104437771,-0.015600018965003848,0.15664330997664333,0.2053928459540304,
301079.SZ,20230422,监管审批,,,,3.0,,80.0,1、合理合法使用。,20230421,1,-0.05127100387763894,0.03224341507720263,0.040388285644963995,0.030426884650317954,0.02360018072340364,0.1011933193655894,0.13435475001744202,0.06917154271198589,0.11423436902832784,
301040.SZ,20230422,监管审批,,,,2.0,,80.0,1、合理合法使用。,20230421,1,-0.02650260293421669,-0.005347593582887611,0.002500666809816199,-0.014584346135148363,-0.021112845162194693,0.016528925619834656,0.04714076541192935,-0.034060072443792944,0.006651807220601436,
300191.SZ,20230422,监管审批,,,,3.0,,80.0,1、公司主营业务相关项目建设;2补充流动资金。,20230421,1,-0.01639344262295095,-0.02083333333333326,-0.013107262478553428,-0.0630208333333333,-0.06922843471855034,-0.07395833333333313,-0.04607143466636299,-0.01883396433805573,0.022519656560212375,
605305.SH,20230422,监管审批,,,,3.0,,80.0,1、公司主营业务相关项目建设;2、补充流动资金。,20230421,1,0.020887055183084202,-0.009850972467794983,-0.002038245785066284,-0.04369790351098768,-0.05003352166562591,-0.058600656731497835,-0.030251275665979627,-0.19754405735714153,-0.1637226065185714,
600366.SH,20230422,监管审批,,,,3.0,,80.0,1、合理合法使用。,20230421,1,-0.03598691384950925,-0.039592760180995445,-0.03201470974598086,-0.04751131221719462,-0.05382166607353345,-0.07918552036199089,-0.05145603365630558,-0.09985624759414113,-0.061917507219966694,
300326.SZ,20230422,监管审批,,,,3.0,,80.0,1、主营业务相关项目建设;2、补充流动资金。,20230421,1,-0.009831460674157189,-0.031205673758865293,-0.023561445392995317,0.005673758865248235,-0.0009889525809596567,-0.004255319148936287,0.02573062210252086,-0.07943262411347518,-0.04063308062128557,
300043.SZ,20230422,监管审批,,,,3.0,,80.0,1、公司主营业务相关项目建设;2、补充流动资金。,20230421,1,0.04859335038363177,0.20000000000000018,0.20946854640926227,0.23170731707317072,0.2235471057049221,-0.09756097560975607,-0.07038484894919528,-0.1634146341463414,-0.12815471603756678,
003001.SZ,20230422,监管审批,,,,3.0,,80.0,1、公司主营业务相关项目;2、补充流动资金。,20230421,1,-0.03014416775884643,0.035135135135135,0.04330282269087227,0.04594594594594592,0.03901642634305591,0.06756756756756754,0.09971638942788763,0.1699840536451731,0.21929586760214503,
300237.SZ,20230422,监管审批,,,,3.0,,80.0,1、合理合法使用。,20230421,1,-0.019801980198019598,-0.030303030303030498,-0.022651679669283387,0.005050505050504972,-0.0016080772630804319,-0.005050505050505194,0.02491148990408787,0.06060606060606055,0.10530787391650454,
688395.SH,20230421,监管审批,,,,3.0,,80.0,1、公司主营业务相关项目;2、补充流动资金。,20230421,0,-0.04838709677419384,-0.031843862352336716,-0.024204669585062732,0.0888546481766821,0.08164085318231984,0.23369286081150498,0.27084439408910943,0.26593072587964617,0.31928644491060276,
688613.SH,20230421,监管审批,,,,3.0,,80.0,1、用于公司主营业务相关项目;2、补充流动资金。,20230421,0,0.046494188226471556,0.025797205302758863,0.033891212340176,0.036904335363669105,0.030034717534875854,-0.1297026155499822,-0.10349440500839013,-0.13403585073663238,-0.09753769258751865,
688329.SH,20230421,监管审批,,,,3.0,,80.0,1、公司主营业务相关项目;2、补充流动资金。,20230421,0,-0.004739336492890933,-0.04033613445378159,-0.03276394958026807,-0.07310924369747895,-0.07925000813222904,-0.031932773109243584,-0.0027803130948986787,-0.1976490302866014,-0.16383200378659546,
688377.SH,20230421,监管审批,,,,3.0,,80.0,1、公司主营业务相关项目;2、补充流动资金。,20230421,0,0.030292716133424102,-0.02841096795507103,-0.020744688087864782,-0.01651800462504127,-0.023033692928490557,-0.12058143376280128,-0.0940985471657163,-0.10638967394341137,-0.06872630065961138,
688299.SH,20230421,监管审批,,,,3.0,,80.0,1、公司主营业务相关项目建设;2、补充流动资金。,20230421,0,-0.05748578648136449,0.002010723860589758,0.009917044728466662,0.02479892761394087,0.018009509589571593,0.057640750670241214,0.08949063550983549,0.04597183009482242,0.09005684828731142,
920781.BJ,20230421,监管审批,,,,1.0,,80.0,1、公司主营业务相关项目建设;2、补充流动资金。,20230421,0,-0.024834437086092676,0.013582342954159499,0.021579969165717916,0.039049235993208864,0.032165407935850654,0.04753820033955858,0.07908385610664914,-0.009527522627519103,0.03221834081525343,
920092.BJ,20230421,监管审批,,,,1.0,,80.0,1、公司主营业务。,20230421,0,-0.03691915977084659,-0.031064111037673592,-0.02341876567747403,-0.038334434897554504,-0.044705586686641374,0.06278916060806328,0.09479408510883047,0.005639873651259508,0.04802500377564245,
301316.SZ,20230421,监管审批,,,,3.0,,80.0,1、合理合法使用。,20230421,0,-0.09707298999629488,0.004924086992203369,0.012853395621762465,0.006565449322938122,-0.00010316968142831673,-0.03200656544932301,-0.002856327623875554,-0.10647804677882655,-0.068818398182389,
300774.SZ,20230421,监管审批,,,,3.0,,80.0,1、合理合法使用。,20230421,0,-0.005221932114882533,0.002624671916010568,0.0105358371136004,-0.04111986001749768,-0.047472558025061895,-0.04811898512685908,-0.019453958098075375,0.05303602628306492,0.09741878214736643,
600831.SH,20230421,监管审批,,,,3.0,,80.0,1、公司主营业务相关项目建设;2、补充流动资金。,20230421,0,-0.10029498525073766,0.03770491803278708,0.045892882345714536,0.04590163934426239,0.03897241327801848,-0.06885245901639347,-0.0408118016096084,-0.037571792628656064,0.0029920770762132953,
301045.SZ,20230421,监管审批,,,,3.0,,80.0,1、合理合法使用。,20230421,0,-0.056324110671936656,-0.008900523560209539,-0.0010802974028215617,0.014659685863874117,0.007937441554110025,0.3068062827225131,0.34615955989720026,0.49109947643979046,0.5539454782672963,
300197.SZ,20230421,监管审批,,,,3.0,,80.0,1、合理合法使用。,20230407,14,0.14830508474576276,-0.05904059040590415,-0.044035200076957715,-0.03690036900368998,-0.035633604952038045,-0.07380073800738018,-0.03828268397119772,-0.05166051660516613,-0.003790518233903306,True
002228.SZ,20230421,监管审批,,,,3.0,,80.0,1、公司主营业务相关项目建设;2、补充流动资金。,20230421,0,-0.042424242424242364,0.009493670886075778,0.017459035613276663,0.02215189873417711,0.015380017599340823,0.034810126582278444,0.06597248803781541,0.06714720710338606,0.11212471288855785,
688238.SH,20230420,监管审批,,,,3.0,,80.0,1、公司主营业务相关项目建设及补充流动资金。,20230420,0,-0.027214250371103477,-0.027975584944048837,-0.008609192633336149,-0.1510681586978636,-0.13010335161170805,-0.1561546286876908,-0.1247550166022775,-0.29181078331637833,-0.24767991942019285,
688210.SH,20230420,监管审批,,,,3.0,,80.0,1、主营业务相关项目建设；2、资产收购及补充流动资金。,20230420,0,0.08796296296296302,-0.11162029459901801,-0.09392042036830706,-0.11522094926350246,-0.09337087696074753,-0.17610474631751216,-0.14544748108370342,-0.0758428108291449,-0.01825388660778071,
688306.SH,20230420,监管审批,,,,3.0,,80.0,1、合理使用。,20230420,0,-0.01764705882352935,-0.031936127744511045,-0.012648644383459584,-0.059880239520958,-0.03666350001676588,0.001996007984031989,0.039280428840548165,0.09181636726546905,0.15985298568371498,
688087.SH,20230420,监管审批,,,,3.0,,80.0,1、公司主营业务相关项目建设;2、补充流动资金。,20230420,0,-0.020778537611783388,-0.024174053182916877,-0.0047319200221521696,-0.022831050228310334,0.0013006380013618202,-0.09589041095890405,-0.06224835834629794,-0.14156590127549118,-0.08807251634079782,
688345.SH,20230420,监管审批,,,,3.0,,80.0,1、公司主营业务相关项目建设;2、补充流动资金。,20230420,0,-0.10586280560170902,0.03397929386779919,0.05458006102553026,0.03397929386779919,0.05951394267278243,0.04672152906822391,0.08567019323293956,-0.038557806802581474,0.02135453522761388,
688028.SH,20230420,监管审批,,,,3.0,,80.0,1、公司主营业务相关项目；2、补充流动资金。,20230420,0,0.009597523219814219,-0.01931922723091073,0.00021963237265776314,-0.07513032812020848,-0.05229019737301577,-0.0355719104569151,0.00031460255296833495,-0.08326551553322492,-0.026139137709518923,
688097.SH,20230420,监管审批,,,,3.0,,80.0,1、公司主营业务相关项目;2、补充流动资金。,20230420,0,-0.07616099071207427,-0.025134048257372643,-0.005711041819085549,-0.0740616621983915,-0.051195140198332045,-0.06166219839142095,-0.026746508885689968,-0.01608579088471851,0.045226896494687585,
605388.SH,20230420,监管审批,,,,3.0,,80.0,1、合理合法使用。,20230420,0,-0.009167842031029494,0.017793594306049876,0.03807188128459926,-0.007117437722420017,0.01740230622478456,-0.04056939501779355,-0.004868839153554405,-0.062308796903290276,-0.0038764995939710722,
300797.SZ,20230420,监管审批,,,,3.0,,80.0,1、合理合法使用。,20230420,0,-0.10467706013363054,-0.01243781094527352,0.007238152423773236,-0.011815920398009716,0.01258779211051042,0.042288557213930655,0.08107226983498395,0.11832635242758549,0.18801494254988782,
300395.SZ,20230420,监管审批,,,,3.0,,80.0,1、主营业务相关项目建设;2、补充流动资金。,20230420,0,0.04791074163202791,-0.022964509394572064,-0.0034982775597830473,-0.013569937369519836,0.010790458790567392,-0.003340292275574086,0.03374556405263007,-0.09479537757887846,-0.038387483969124836,
300448.SZ,20230420,监管审批,,,,3.0,,80.0,1、合理合法使用。,20230420,0,0.06240713224368499,-0.09090909090909105,-0.07279657138915341,-0.2153846153846154,-0.19600813617273838,-0.1930069930069931,-0.16297866289265572,-0.18195452969438808,-0.1309779651541857,
002691.SZ,20230420,意向,,,,3.0,,80.0,1、合理合法使用。,20230420,0,-0.003629764065335661,-0.041894353369763326,-0.02280527542033539,-0.04371584699453546,-0.020099919529079413,0.06739526411657559,0.10711320104493205,0.109393039488209,0.17852494954792042,
603065.SH,20230420,监管审批,,,,3.0,,80.0,1、合理合法使用。,20230420,0,-0.02937420178799499,-0.03881578947368425,-0.019665374920729062,-0.0625,-0.03934795682404402,0.04078947368421049,0.07951740518360673,-0.04498092105263163,0.01453116413365696,
300058.SZ,20230420,监管审批,,,,3.0,,80.0,1、合理合法使用。,20230420,0,0.19999999999999996,-0.02011494252873547,-0.0005919365749175176,0.07279693486590055,0.09929020521795229,-0.027777777777777568,0.008398756071215985,-0.1321839080459769,-0.07810588350292369,
002829.SZ,20230420,监管审批,,,,3.0,,80.0,1、合理合法使用。,20230420,0,-0.012807109252482851,-0.012708498808578494,0.006962071437339512,-0.047921630924013914,-0.024409567449090175,-0.025152237225311347,0.01112199337911246,0.03919318002371042,0.10395058060124329,
002031.SZ,20230420,监管审批,,,,3.0,,80.0,1、合理合法使用。,20230420,0,-0.020134228187919545,-0.04109589041095896,-0.021990904068010964,-0.07534246575342463,-0.05250757385385163,0.0547945205479452,0.09404358192931905,0.5205479452054798,0.6153010039031601,
603070.SH,20230419,监管审批,,,,3.0,,80.0,1、合理合法使用。,20230419,0,-0.023068050749711633,-0.024793388429752095,-0.023896305083024205,-0.06375442739079118,-0.03334238534192269,0.10566706021251471,0.1303728843730274,0.25585423874671864,0.3231032085720915,
300972.SZ,20230419,监管审批,,,,3.0,,80.0,1、合理合法使用。,20230419,0,0.19987269255251428,0.03713527851458864,0.03808932945684096,0.053050397877983935,0.08725660821080483,0.2352785145888594,0.2628804707915031,0.15251989389920428,0.21423547615126282,
300858.SZ,20230419,监管审批,,,,3.0,,80.0,1、公司主营业务相关项目建设;2、补充流动资金。,20230419,0,-0.17839559803069793,-0.05463517800493489,-0.05376554583844606,-0.049347902714134806,-0.018467893876356944,-0.05604511808248147,-0.03495270774728598,-0.19252830356108486,-0.14928949600420338,
002858.SZ,20230419,监管审批,,,,3.0,,80.0,1、公司主营业务相关项目建设;2、补充流动资金。,20230419,0,-0.021286031042128672,0.0276393294064341,0.028584645114834384,-0.03760761214318087,-0.006346243733774015,0.18758495695514288,0.2141212138248776,-0.032170367014046186,0.0196553495195273,
001216.SZ,20230418,监管审批,,,,3.0,,80.0,1、公司主营业务相关项目建设;2、补充流动资金。,20230418,0,-0.017080745341614967,-0.01500789889415477,-0.008226354932534985,-0.04028436018957349,-0.002523430339794963,0.03791469194312791,0.07261872359014188,0.10261120852305416,0.17002360931779315,
603520.SH,20230418,监管审批,,,,,,80.0,1.用于公司主营业务相关项目。,20230418,0,-0.02891434806328419,0.019662921348314377,0.026683169449181365,-0.06011235955056182,-0.023131581301813364,-0.06404494382022474,-0.032750065597588085,-0.06081875584212415,-0.003398278015783851,
300692.SZ,20230418,监管审批,,,,3.0,,80.0,1、合理合法使用。,20230418,0,0.0014084507042253502,0.005625879043600568,0.012549483913142367,-0.03797468354430378,-0.00012287725763093782,0.02812939521800284,0.06250624270444916,0.035559098349309703,0.09887200905159776,
603066.SH,20230418,监管审批,,,,3.0,,80.0,1、公司主营业务相关项目;2、补充流动资金。,20230418,0,-0.06820119352088672,0.010064043915827936,0.01701820497983686,-0.05763952424519658,-0.020561449926005393,0.06038426349496784,0.09583959457755498,0.026690655775261307,0.08946135994037152,
300465.SZ,20230418,监管审批,,,,3.0,,80.0,1、合理合法使用。,20230418,0,-0.007590132827324347,0.06596558317399603,0.07330461914773867,0.2093690248565967,0.2569528059431754,-0.007648183556405397,0.02553239391317086,-0.08604206500956024,-0.03016371174518817,
002634.SZ,20230418,监管审批,,,,3.0,,80.0,1、合理合法使用。,20230418,0,-0.021158129175946727,0.0022753128555177415,0.009175849507684797,-0.07849829351535831,-0.04224092742524099,-0.07281001137656418,-0.0418082046213849,-0.061433447098976024,-0.004050550800060448,
002438.SZ,20230418,监管审批,,,,3.0,,80.0,1、合理合法使用。,20230418,0,-0.03149606299212593,-0.001626016260162677,0.00524766024269252,-0.0682926829268291,-0.03163376732608414,-0.051219512195122,-0.019495798935791786,-0.07407104272385001,-0.01746079471180162,
001298.SZ,20230418,监管审批,,,,3.0,,80.0,1、公司主营业务相关项目;2、补充流动资金。,20230418,0,-0.012606122974015865,-0.002605523710265789,0.004261409009744588,-0.1211568525273582,-0.08657792824596555,-0.09796769150599283,-0.06780706460321806,-0.018059405940594075,0.0419753301220156,
301363.SZ,20230418,监管审批,,,,3.0,,80.0,1、合理合法使用。,20230418,0,0.05238208106186293,-0.021171171171171066,-0.014432060546678671,-0.022297297297297347,0.016171350747230084,-0.06936936936936933,-0.03825252026048742,-0.035135135135135,0.023855610179487785,
300839.SZ,20230418,监管审批,,,,3.0,,80.0,1、合理合法使用。,20230418,0,0.05685441020191284,-0.042735042735042805,-0.03614439659349289,-0.13222724987430867,-0.09808390096575248,-0.06640848520606801,-0.035192635072820666,-0.1275477109009595,-0.07420696582925534,
002902.SZ,20230418,监管审批,,,,3.0,,80.0,1、合理合法使用。,20230418,0,-0.04048582995951411,0.0319469559975889,0.03905177809748239,0.039783001808318286,0.08069425860312451,-0.09282700421940926,-0.06249449173136834,0.578335741235078,0.6748334012936241,
002167.SZ,20230418,监管审批,,,,3.0,,80.0,1、合理合法使用。,20230418,0,-0.008313539192399189,-0.01916167664670665,-0.012408730910802634,-0.18922155688622744,-0.157320703504095,-0.14850299401197598,-0.12003208086994943,-0.10419161676646693,-0.04942290654564807,
300475.SZ,20230417,监管审批,,,,3.0,,80.0,1、合理合法使用。,20230417,0,-0.012765957446808529,-0.008620689655172264,-0.010876624360481757,-0.009099616858237458,0.02423778336301141,-0.04741379310344829,-0.021907182364097832,1.2797933516235083,1.4047913654382786,
002413.SZ,20230417,监管审批,,,,3.0,,80.0,1、合理合法使用。,20230417,0,-0.008016032064128265,-0.01212121212121231,-0.014369181207272486,-0.024242424242424288,0.008585518278708015,0.012121212121211977,0.03922194231414755,0.14949494949494957,0.21252021688361733,
600095.SH,20230417,监管审批,,,,3.0,,80.0,1、公司主营业务相关项目;2、补充资本金及营运资金;3、偿还债务。,20230417,0,0.0032223415682062218,-0.035331905781584516,-0.03752705773820053,-0.12419700214132756,-0.09473188581751335,-0.1231263383297645,-0.09964701961416134,-0.1545615913445283,-0.10820733655674342,
688038.SH,20230415,监管审批,,,,3.0,,80.0,1、合理使用。,20230414,1,-0.023852116875372587,-0.05314599877825299,-0.06641830627147705,-0.15699450213805755,-0.14757303536558786,-0.14538790470372653,-0.13135688878145835,-0.08857666463042169,-0.060299299539347095,
688239.SH,20230415,监管审批,,,,3.0,,80.0,1、补充流动资金。,20230414,1,-0.012772751463544285,0.01725067385444734,0.0029915972453136153,0.01549865229110492,0.026847910195488378,-0.0727762803234503,-0.05755312721586847,-0.07102425876010776,-0.04220232149300873,
002669.SZ,20230415,监管审批,,,,3.0,,80.0,1、合理合法使用。,20230414,1,0.032137518684604016,-0.04344677769732075,-0.056855041784132365,-0.08761766835626361,-0.07742084301743568,-0.12961622013034046,-0.11532626479147823,-0.05286024619840701,-0.023474761351611972,
300634.SZ,20230415,监管审批,,,,3.0,,80.0,1、主营业务相关项目建设及补充流动资金。,20230414,1,-0.017014694508894035,-0.007474429583005482,-0.02138692775956108,0.11054287962234466,0.12295435601994953,0.03855232100708106,0.055603266380265026,0.10544509052649209,0.13974207766724622,
300338.SZ,20230415,董事会预案,,,,3.01,,80.0,1、补充流动资金及偿还银行贷款。,20230414,1,0.010729613733905463,0.02972399150743099,0.015290073046082098,0.0573248407643312,0.06914155000315914,-0.06369426751592355,-0.048322005980073524,0.11040339702760082,0.14485421810887877,
688123.SH,20230414,监管审批,,,,3.0,,80.0,1、公司主营业务相关项目；2、补充流动资金。,20230414,0,0.04307278146332072,-0.007926997879988962,-0.021833152284863266,-0.15024426214397646,-0.14074735439043162,-0.3780071896027283,-0.3677953156142201,-0.18530549454740775,-0.1600291898113283,
300830.SZ,20230414,监管审批,,,,3.0,,80.0,1、合理合法使用。,20230414,0,0.0009794319294809117,-0.024461839530332652,-0.038136220607479676,-0.12035225048923681,-0.11052126828981745,-0.10078277886497078,-0.0860194362715695,-0.11402659818967853,-0.08653883002340379,
688315.SH,20230413,监管审批,,,,3.0,,80.0,1、公司主营业务相关项目建设;2、补充流动资金。,20230413,0,0.19993622448979598,0.05633802816901401,0.050076014573760874,0.05368057401009829,0.03845063308247876,-0.13101249003454696,-0.1237837325899519,-0.33830452302941294,-0.3215634524536133,
688369.SH,20230413,监管审批,,,,3.0,,80.0,1、公司主营业务相关项目;2、补充流动资金。,20230413,0,-0.04699654278305976,-0.022446434644597946,-0.028241410829403346,-0.08287042285455148,-0.09612665024207856,-0.13841968030835505,-0.13125254029924815,-0.12976693644047865,-0.107749809768942,
688019.SH,20230412,监管审批,,,,3.0,,80.0,1、公司主营业务相关项目及补充流动资金。,20230412,0,0.0011882233859965563,-0.03296703296703285,-0.030397361945216805,0.12439560439560449,0.11006704583500104,0.02857142857142847,0.03368048912756216,-0.11725054162918924,-0.08105604114704978,
603150.SH,20230412,监管审批,,,,3.0,,80.0,1、用于公司主营业务相关项目及补充流动资金。,20230412,0,-0.038700255567725605,-0.0007595898214962649,0.001895665183657691,-0.011773642233193993,-0.024366949413547778,0.0,0.004967142207352282,0.028768158710995584,0.07094971913380976,
300658.SZ,20230412,监管审批,,,,3.0,,80.0,1、合理合法使用。,20230412,0,-0.02043269230769229,-0.012269938650306678,-0.009645269789415267,-0.041717791411042926,-0.053929510035407247,-0.03558282208588959,-0.030792424815976882,-0.03431140522200016,0.005283766406648516,
002270.SZ,20230412,监管审批,,,,3.0,,80.0,1、合理合法使用。,20230412,0,0.039870689655172376,-0.015544041450777257,-0.012928072776307253,0.11606217616580294,0.1018398133373195,0.053220928508194154,0.05845242663585393,0.22626534069716753,0.27654468218439887,
002367.SZ,20230412,监管审批,,,,3.0,,80.0,1、合理合法使用。,20230412,0,0.017262638717632672,-0.01696969696969708,-0.014357516651776425,0.030303030303030276,0.017173525663247036,0.04298442421366011,0.04816507616878285,0.11293308020882775,0.15856557142842176,
688768.SH,20230411,监管审批,,,,3.0,,80.0,1、公司主营业务相关项目;2、补充流动资金。,20230411,0,0.04738885226690104,0.0488811188811189,0.04459027229877344,0.033776223776224024,0.00947717650027613,-0.16769230769230759,-0.15721112137571147,-0.277624538970501,-0.25694827232912654,
002172.SZ,20230411,监管审批,,,,2.75,,80.0,1、澳洋顺康骨科二级专科医院异地新建项目;2、澳洋医药智能仓储中心建设项目;3、补充流动资金及偿还银行贷款。,20230411,0,-0.002702702702702897,-0.008130081300812941,-0.012187701915932547,-0.04065040650406493,-0.06320004596217366,-0.024390243902438935,-0.01210446579362956,-0.051490514905149,-0.024341703679274462,
301007.SZ,20230411,监管审批,,,,3.0,,80.0,1、主营业务相关项目建设；2、补充流动资金。,20230411,0,-0.007772020725388629,0.03394255874673635,0.029712824018292894,0.009573542210617791,-0.014156617824511941,-0.02175805047867707,-0.00943912536191538,1.0025123410970207,1.0598294585114982,
603201.SH,20230411,监管审批,,,,3.0,,80.0,1、公司主营业务相关项目及补充流动资金。,20230411,0,0.05499999999999994,-0.010663507109004766,-0.014710763783659542,-0.02251184834123221,-0.04548783701513759,-0.1084123222748814,-0.09718462769247505,-0.019813981042654083,0.00824149506284133,
300021.SZ,20230411,监管审批,,,,3.0,,80.0,1、合理合法使用。,20230411,0,0.0064239828693790635,0.012765957446808418,0.008622853648865947,0.019148936170212627,-0.00480629477016592,0.0787234042553191,0.09230768455041582,0.10904415373780907,0.14078788518607888,
920271.BJ,20230410,监管审批,,,,1.0,,80.0,1、公司主营业务。,20230410,0,0.012716763005780285,0.004566210045662045,0.005108060954587934,-0.03767123287671237,-0.057639640883989984,0.07420091324200895,0.07608559628387623,0.1140162966461975,0.15284435507674754,
000628.SZ,20230408,监管审批,,,,3.0,,80.0,1、合理合法使用。,20230407,1,-0.005201560468140354,-0.028758169934640643,-0.025158400858838248,-0.04313725490196085,-0.046148970361394315,-0.07058823529411773,-0.06820948035532315,0.024818897637795212,0.0668286251579171,
688103.SH,20230407,监管审批,,,,3.0,,80.0,1、公司主营业务相关项目;2、补充流动资金。,20230407,0,0.13130304543185223,0.032656663724624835,0.03648405810666766,0.05913503971756384,0.055801423282932694,-0.21579876434245382,-0.21379166411716288,-0.08180791684140543,-0.044169072247949526,
688418.SH,20230407,监管审批,,,,3.0,,80.0,1、公司主营业务相关项目;2、补充流动资金。,20230407,0,-0.00998824911868379,-0.043323442136498524,-0.039777657161081725,-0.027893175074184096,-0.030952871115072278,0.09910979228486627,0.10192287572749148,0.23382789317507413,0.2844053890804339,
605166.SH,20230407,监管审批,,,,3.0,,80.0,1、公司主营业务相关项目建设及补充流动资金。,20230407,0,0.009883198562443907,-0.030249110320284656,-0.02665486720200183,-0.02313167259786464,-0.0262063554178823,-0.07562277580071164,-0.07325690636493021,-0.14582101269587644,-0.11080621486889253,
300886.SZ,20230407,监管审批,,,,3.0,,80.0,1、合理合法使用。,20230407,0,-0.007089241034195171,-0.0243595128097438,-0.020743440739771413,-0.023939521209575876,-0.027011661334556902,-0.06005879882402354,-0.05765309463629842,-0.022542760153971275,0.01752550205621195,
300298.SZ,20230407,监管审批,,,,3.0,,80.0,1、公司主营业务相关项目及补充流动资金。,20230407,0,0.013284623048821054,-0.007210750573582447,-0.003531119066531585,-0.017699115044247815,-0.02079089678221613,-0.12192723697148478,-0.1196798800937331,-0.19854397964529236,-0.16569041975088616,
300011.SZ,20230404,监管审批,,,,3.0,,80.0,1、合理合法使用。,20230404,0,-0.034482758620689724,-0.004870129870129913,-0.004891218298073929,0.038961038961039085,0.034394543870552186,0.2581168831168832,0.2275642047862687,0.19155844155844148,0.22468856366831846,
000573.SZ,20230401,监管审批,,,,3.0,,80.0,1、公司主营业务相关项目建设；2、补充流动资金。,20230331,1,0.011173184357541999,0.01933701657458542,0.012059094821647909,-0.019337016574585753,-0.03190755216034358,-0.005524861878453136,-0.028557463057964805,-0.029766574757236097,-0.02112736313112229,
601595.SH,20230830,董事会预案,,,,14.2,,80.0,1、经典IP开发焕新项目;2、“电影+”场景融合及沉浸体验项目;3、IP数字资产库及系统平台建设项目;4、补充流动资金。,20230830,0,0.007846556233652935,-0.029844290657439432,-0.02447678484389737,-0.07179930795847744,-0.07795367537458886,-0.05536332179930792,-0.046297341969762096,-0.14403114186851218,-0.11366927401878424,
600665.SH,20230112,监管审批,,,,12.5,,80.0,1、平江观棠项目;2、棠樾坊项目;3、偿还金融机构借款。,20230112,0,-0.016949152542372947,0.017241379310344973,0.007100183083113221,0.03735632183908044,0.012760131099351701,0.09770114942528729,0.06878798394426977,0.3045977011494254,0.23632181928149798,
603778.SH,20230810,董事会预案,,,,7.87,,80.0,1、用于补充公司流动资金。,20230810,0,0.10080645161290325,0.10073260073260082,0.12327418965866332,0.0641025641025641,0.09464939851234622,-0.049450549450549275,-0.009202153576524652,0.023809523809523947,0.09644034864138229,
920090.BJ,20230808,董事会预案,,,,1.28,,80.0,1、用于补充流动资金。,20230801,7,0.0,0.038732394366197465,0.05360753863677781,-0.09859154929577452,-0.06601847735910726,-0.06338028169014065,-0.022825892219395794,-0.12323943661971815,-0.054710895280627225,
300781.SZ,20230622,监管审批,,,,6.45,,80.0,1、营销AIGC大模型研发与应用项目;2、补充流动资金。,20230621,1,-0.04977375565610853,-0.015476190476190532,-0.000701172251464377,-0.043650793650793496,-0.04489360529673203,-0.11111111111111116,-0.10264917912098626,-0.23571428571428565,-0.21606437321667604,
300147.SZ,20230803,监管审批,,,,9.6,,80.0,1、梅州五华产业园建设项目;2、公司主要产品研发项目;3、数字化平台升级建设项目;4、补充流动资金项目。,20230803,0,0.024621212121212155,-0.007393715341959317,-0.009694522620297796,0.001848428835489857,0.009822097183709966,-0.05360443622920519,-0.004891587450064683,0.003696857670979492,0.08637735977138017,
002733.SZ,20230731,监管审批,,,,12.24,,80.0,1、湖北雄韬新能源锂电池(5GWh)生产基地建设项目;2、通信基站储能项目(一期);3、补充流动资金。,20230731,0,-0.00059382422802845,-0.028520499108734332,-0.028493783748874346,-0.03208556149732611,-0.025509473368950708,-0.16577540106951882,-0.11397592637146514,-0.14616755793226388,-0.06915863385706955,
300459.SZ,20230715,监管审批,,,,23.0,,80.0,1、汤姆猫家族IP系列AI交互终端产品项目;2、垂直领域模型开发项目;3、高密度大数据算力基础设施项目;4、补充流动资金,20230714,1,0.03140495867768611,-0.030448717948718063,-0.02196902915128285,-0.07852564102564119,-0.05817594236414203,-0.075320512820513,-0.061272160316033886,-0.20032051282051289,-0.15768355613812224,
002805.SZ,20230715,监管审批,,,,20.0,,80.0,1、年产10万吨锂电池磷酸铁锂正极材料生产线项目;2、年产5万吨锂离子电池高能正极材料项目;3、补充流动资金。,20230714,1,-0.008996851102114234,-0.03903767589650475,-0.030633106065791282,-0.06581933726736289,-0.0451890345390612,-0.1874716295960056,-0.17512715226565734,-0.26690876078075376,-0.22782212680809122,
600365.SH,20230711,董事会预案,,,,3.39,,80.0,1、葡萄酒厂房建设项目;2、电子商务网络营销平台升级项目;3、补充流动资金及偿还负债。,20230711,0,0.04871060171919783,0.002732240437158362,0.01064863090284085,-0.05737704918032782,-0.0504362361835381,-0.002732240437158584,-0.014737857825375289,0.44535519125683054,0.5122072361976788,
002789.SZ,20230708,董事会预案,,,,4.85,,80.0,1、建筑装饰工程项目;2、补充流动资金。,20230707,1,0.0,-0.0059880239520957446,-0.008186786165868098,0.001996007984031989,-0.010721045695930909,0.06520292747837675,0.035568820848417504,-0.015302727877578137,0.01639368144369291,
600936.SH,20231228,监管审批,,,,3.0,,80.0,1、用于偿还借款。,20231228,0,-0.008130081300813052,0.002732240437158584,-0.004086926415155623,-0.02732240437158462,-0.018848053594029524,-0.08743169398907114,-0.07348370014447247,-0.18579234972677594,-0.2182495212031853,
603089.SH,20230421,监管审批,,,,2.5,,80.0,1、正裕智造园项目。,20230421,0,-0.0803167420814479,-0.029520295202952074,-0.02186276843285384,-0.004920049200491938,-0.011512575374750256,0.03198031980319804,0.0630574642131787,0.1029452912913531,0.14943159410841012,
300716.SZ,20230118,监管审批,,,,3.5,,100.0,1、补充流动资金和偿还有息借款。,20230118,0,-0.009523809523809601,-0.03393665158371051,-0.03866917864750363,0.06391402714932126,0.04431444754077796,0.17590497737556565,0.1520586160504549,-0.16233031674208143,-0.19781339918909802,
688520.SH,20231216,监管审批,,,,9.0,,80.0,1、补充流动资金。,20231215,1,-0.018058690744920836,0.030651340996168397,0.034784491146862884,0.016283524904214364,0.025970029158634667,-0.04022988505747127,-0.021519911243552126,-0.13218390804597713,-0.16624167603282802,
000659.SZ,20231208,监管审批,,,,4.11,,80.0,1、产能扩建项目;2、技术改造项目;3、研发中心建设项目;4、信息化建设项目;5、补充流动资金及偿还借款。,20231208,0,-0.03731343283582078,-0.015503875968992387,-0.022704388079566207,-0.03488372093023262,-0.026027256770489116,-0.09689922480620161,-0.07124633892284804,-0.18604651162790697,-0.20905279969693735,
600094.SH,20221209,监管审批,,,,25.5,,80.0,1、松江区永丰街道H单元H24-07号地块项目;2、青浦区朱家角镇D06-01地块项目;3、上海大名城临港奉贤B10-0,20221209,0,0.023323615160349753,-0.03703703703703687,-0.02858327820403639,-0.045584045584045496,-0.03380617995662538,-0.10256410256410264,-0.09384267617274333,-0.08831908831908808,-0.10554064089136383,
688177.SH,20230302,监管审批,,,,16.4,,80.0,1、新药研发项目;2、百奥泰永和2期扩建项目;3、补充流动资金。,20230302,0,-0.02896341463414631,0.0007849293563579884,-0.004548883549897131,-0.007849293563579218,0.002617021609082615,-0.022370486656201005,-0.007560243318503357,0.15149136577708,0.18961224042768698,
002480.SZ,20231124,董事会预案,,,,8.95,,80.0,1、全部用于偿还金融机构贷款。,20231124,0,-0.015999999999999903,0.012195121951219523,0.015290601864824005,-0.00203252032520318,0.0010407131395473446,-0.014227642276422925,0.028451814218700022,-0.2032520325203253,-0.19651682030721962,
600012.SH,20230418,监管审批,,,,14.66,,80.0,募集配套资金用于1、支付本次重组现金对价、补充流动资金、偿还债务等用途。,20230418,0,-0.04927211646136609,0.02473498233215521,0.03179015092070858,0.06595995288574796,0.10790116685986106,0.22497055359246154,0.26592904198127654,0.19624559426938326,0.26938269538578474,
688737.SH,20240330,监管审批,,,,3.0,,80.0,1、用于公司主营业务相关项目及补充流动资金。,20240329,1,0.020091324200913308,0.02820053715308868,0.01610163928227548,0.12085944494180834,0.11814970765464583,-0.08728737690241717,-0.10600054251808944,-0.2788719785138766,-0.2676900922910863,
688221.SH,20240330,监管审批,,,,3.0,,80.0,1、用于公司主营业务相关项目。,20240329,1,0.004398826979472137,0.021897810218978186,0.00987307691697037,0.018978102189781243,0.016514668464200133,-0.039416058394160514,-0.05911072014433927,-0.20875912408759123,-0.19649006064024366,
688123.SH,20240330,监管审批,,,,3.0,,80.0,1、用于公司主营业务相关项目及补充流动资金。,20240329,1,0.010562739027499601,-0.04703550189223271,-0.058249092743916986,-0.04397188682645525,-0.04628313560749797,-0.007028293386195705,-0.027386995049023644,0.13133061056991058,0.14887314087081638,
688321.SH,20240330,监管审批,,,,3.0,,80.0,1、用于公司主营业务相关项目及补充流动资金。,20240329,1,0.12373587150505672,0.05452620434092115,0.04211753075303948,0.09475913181577544,0.09211249342295091,0.1598729486500794,0.13609230397403183,-0.09793541556379048,-0.0839479081473028,
002660.SZ,20240330,监管审批,,,,3.0,,80.0,1、合理合法使用。,20240329,1,0.10048426150121048,0.02970297029702973,0.017586393204596318,-0.020902090209020785,-0.02326911144965571,-0.1243124312431243,-0.1422664795240811,-0.18084748332883338,-0.16814561907225833,
603682.SH,20240330,监管审批,,,,3.0,,80.0,1、用于公司主营业务相关项目建设及补充流动资金。,20240329,1,0.0,0.018907563025210017,0.006918016142678285,0.014705882352941346,0.012252776945904653,-0.044117647058823484,-0.06371591307050573,-0.1386554621848739,-0.1252993640531972,
002059.SZ,20240330,监管审批,,,,3.0,,80.0,1、合理合法使用。,20240329,1,0.028735632183908066,0.009310986964618406,-0.0025656364273380916,0.040968342644320366,0.03845174634355453,-0.029795158286778256,-0.049687075440821515,-0.10800744878957158,-0.09417611936951054,
301051.SZ,20240330,监管审批,,,,3.0,,80.0,1、合理合法使用。,20240329,1,0.00510915002322343,0.015480591497227358,0.003531369995810607,-0.020332717190388316,-0.022701114920560705,-0.09958410351201485,-0.11804515178455766,-0.16389422529513098,-0.15092948205342405,
300975.SZ,20240330,监管审批,,,,3.0,,80.0,1、合理合法使用。,20240329,1,-0.07687165775401072,-0.027516292541636567,-0.03895956710959836,-0.17958001448225924,-0.18156342340647647,-0.1542360608254889,-0.17157659087296673,-0.34352090852294337,-0.333341475343507,
000978.SZ,20240330,监管审批,,,,3.0,,80.0,1、用于公司主营业务相关项目及补充流动资金。,20240329,1,0.02865329512893977,0.009749303621169991,-0.002132477469378502,0.03760445682451263,0.035095992896522654,-0.04874651810584962,-0.06824987929390558,-0.14763231197771587,-0.13441540981406674,
002671.SZ,20240330,监管审批,,,,3.0,,80.0,1、合理合法使用。,20240329,1,0.011494252873563315,0.045454545454545414,0.0331526186251212,0.013636363636363669,0.011185843847674182,-0.059090909090909194,-0.07838218128534546,-0.17727272727272725,-0.16451543247635536,
300907.SZ,20240330,监管审批,,,,3.0,,80.0,1、用于公司主营业务相关项目和偿还银行贷款及补充流动资金。,20240329,1,0.04232164449818643,0.008120649651972123,-0.003741966968875965,-0.01392111368909521,-0.016305011811539205,0.06960556844547572,0.04767565793559836,0.12215012118525248,0.13955029786140627,
002162.SZ,20240330,监管审批,,,,3.0,,80.0,1、合理合法使用。,20240329,1,0.005181347150259086,0.020618556701030855,0.008608876452493863,0.01030927835051565,0.007866801967355341,-0.09793814432989678,-0.11643293937660726,-0.26546391752577314,-0.25407412451255174,
605488.SH,20240330,监管审批,,,,3.0,,80.0,1、用于公司主营业务相关项目及补充流动资金。,20240329,1,0.03091190108191655,0.025487256371814038,0.01342028583995969,0.10194902548725637,0.09928500514430394,0.01874062968515733,-0.0021464070888200792,-0.03597516310337967,-0.021026893557693493,
000151.SZ,20240330,监管审批,,,,3.0,,80.0,1、合理合法使用。,20240329,1,0.041041041041041115,0.0038461538461538325,-0.00796616452417298,0.011538461538461497,0.009093013539607231,0.017307692307692246,-0.003549965235864927,-0.0019230769230769162,0.013553207818208124,
002616.SZ,20240330,监管审批,,,,3.0,,80.0,1、用于公司主营业务相关项目建设及补充流动资金。,20240329,1,0.015521064301552201,0.01091703056768556,-0.0009784912364264597,0.015283842794760139,0.012829340137634038,-0.0021834061135369565,-0.022641441537757268,-0.007332860144494746,0.00805953993460884,
603937.SH,20240330,监管审批,,,,3.0,,80.0,1、用于公司主营业务相关项目及补充流动资金。,20240329,1,0.04999999999999982,0.010912698412698374,-0.00098277241468403,0.06051587301587302,0.05795201952138962,-0.10416666666666663,-0.12253375955710222,-0.20488029465930024,-0.19255108567877077,
603090.SH,20240330,监管审批,,,,3.0,,80.0,1、合理合法使用。,20240329,1,-0.00045977011494247044,0.056577736890524255,0.04414492279512561,-0.0022999080036797404,-0.0047119010085906465,-0.02483900643974246,-0.04483253859064551,-0.15821792983793959,-0.1451651693675602,
002715.SZ,20240330,监管审批,,,,3.0,,80.0,1、用于公司主营业务相关项目建设及补充流动资金。,20240329,1,-0.01856763925729432,0.020945945945945788,0.008932413288374574,0.11959459459459443,0.116887915150379,-0.02972972972972987,-0.0644485653147534,-0.2364864864864865,-0.2192455713088053,
300142.SZ,20240330,监管审批,,,,3.0,,80.0,1、合理合法使用。,20240329,1,-0.009020618556700999,0.043563068920676296,0.03128339920995726,-0.0006501950585177108,-0.0030661763321635505,-0.043563068920676185,-0.06317270533776687,-0.25170371000034375,-0.2401005497757993,
003027.SZ,20240330,监管审批,,,,3.0,,80.0,1、合理合法使用。,20240329,1,0.02261904761904754,0.028521536670547354,0.01641886157900907,0.01571594877764837,0.01326040148134,-0.10884749708963903,-0.1271186198436841,-0.2761632307877028,-0.2649393424404938,
002114.SZ,20240330,监管审批,,,,3.0,,80.0,1、用于公司主营业务相关项目建设及补充流动资金。,20240329,1,0.04235727440147352,0.042402826855123754,0.030136809782921548,0.09540636042402828,0.09275815732164006,-0.10600706713780939,-0.12433642666295108,-0.23321554770318031,-0.22132570810810015,
300119.SZ,20240330,监管审批,,,,3.0,,80.0,1、合理合法使用。,20240329,1,0.03962536023054741,0.10810810810810834,0.09506893301981134,0.13305613305613329,0.13031690962714237,0.1358281358281359,0.11254047717326077,-0.006661273894204234,0.008741539871257142,
688076.SH,20240329,监管审批,,,,3.0,,80.0,1、用于公司主营业务相关项目。,20240329,0,-0.04739592719408914,-0.0005675368898978572,-0.01232791909454567,0.013810064320847637,0.011359124601520554,0.05996973136587225,0.03823738250963382,0.49362274159426067,0.5167830114196656,
688191.SH,20240329,监管审批,,,,1.7,,80.0,1、公司主营业务相关项目及补充流动资金。,20240329,0,0.05634674922600613,0.002930832356389468,-0.008870715370640214,-0.10082063305978894,-0.10299444697503113,0.03399765533411503,0.012797806793820143,-0.02446744631572928,-0.009340736914747572,
688179.SH,20240329,监管审批,,,,3.0,,80.0,1、用于公司主营业务相关项目及补充流动资金。,20240329,0,0.046961325966850875,0.009894459102902431,-0.001989030040973616,0.061345646437994894,0.05877978692215713,0.05738786279683383,0.03570844947901963,-0.08467450516143615,-0.07048137268682886,
688177.SH,20240329,监管审批,,,,3.0,,80.0,1、用于公司主营业务相关项目及补充流动资金。,20240329,0,-0.032432432432432545,-0.0008379888268155167,-0.012595188607174013,-0.03938547486033506,-0.041707811536095485,-0.0748603351955307,-0.09382828997888704,-0.4111731843575419,-0.4020427744146958,
688505.SH,20240329,监管审批,,,,3.0,,80.0,1、用于公司主营业务相关项目及补充流动资金。,20240329,0,-0.013333333333333197,0.0662162162162161,0.053669985551988875,0.02297297297297285,0.020499881434927092,0.04459459459459447,0.0231774791135535,-0.12162162162162171,-0.1080013949837153,
300748.SZ,20240329,监管审批,,,,3.0,,80.0,1、合理合法使用。,20240329,0,-0.00194678780012969,0.021456436931079237,0.009436897295229008,0.10598179453836165,0.1033080247618674,-0.03185955786736028,-0.051709149046862635,-0.1025916503603832,-0.0886763430057026,
603058.SH,20240329,监管审批,,,,3.0,,80.0,1、合理合法使用。,20240329,0,0.09975369458128092,-0.06606942889137746,-0.07705904637354688,0.043673012318029114,0.04114987733456088,-0.10078387458006732,-0.11922032418471706,-0.08911313509803565,-0.07498882848160793,
000034.SZ,20240329,监管审批,,,,3.0,,80.0,1、合理合法使用。,20240329,0,-0.05049855258925706,0.016260162601626105,0.004301767839902215,-0.04573170731707299,-0.04803870163853685,0.04471544715447151,0.02329585385740085,-0.21918743627675952,-0.2070800753245594,
301281.SZ,20240329,监管审批,,,,3.0,,80.0,1、合理合法使用。,20240329,0,-0.03142761618187906,0.025888850535036312,0.013817154420388889,-0.07628581290990666,-0.07851894105700363,-0.07528492382745822,-0.09424417335443191,-0.2079134685005557,-0.19563129222958164,
002787.SZ,20240329,监管审批,,,,3.0,,80.0,1、用于公司主营业务相关项目建设及补充流动资金。,20240329,0,0.016371077762619368,0.024161073825503365,0.01210970856383331,0.00805369127516764,0.005616667893657112,0.06308724832214763,0.041290981634999335,-0.09261744966442964,-0.07854748131472122,
002549.SZ,20240329,监管审批,,,,3.0,,80.0,1、合理合法使用。,20240329,0,0.0013986013986013734,0.06564245810055858,0.0531029788827595,0.0405027932960893,0.03798732248561887,-0.06005586592178769,-0.07932735379799372,-0.2723463687150838,-0.2610632957069652,
605128.SH,20240329,监管审批,,,,3.0,,80.0,1、用于合理合法使用。,20240329,0,0.01988519885198836,-0.031356783919598064,-0.042754867193374846,-0.059296482412060425,-0.061570683168699736,-0.08582914572864331,-0.10457220916841725,-0.19113305318013074,-0.17859067804114226,
300657.SZ,20240329,监管审批,,,,3.0,,80.0,1、合理合法使用。,20240329,0,-0.0056468172484598345,-0.0077439339184307565,-0.01941987102546261,-0.062467733608673415,-0.06473426769697788,-0.09086215797625208,-0.10950203056564034,-0.2225090345895716,-0.21045317868682878,
688373.SH,20240328,监管审批,,,,3.0,,80.0,1、用于公司主营业务相关项目。,20240328,0,-0.005376344086021501,0.021621621621621623,0.011374623730512345,-0.01621621621621616,-0.02796491661873246,-0.08288288288288292,-0.11304439288171741,-0.21621621621621623,-0.204789687430332,
688185.SH,20240328,监管审批,,,,3.0,,80.0,1、用于公司主营业务相关项目及补充流动资金。,20240328,0,0.005113520147269401,0.008343508343508388,-0.0017703083424666088,-0.00712250712250706,-0.01897980787547704,0.04578754578754585,0.011394412206003901,-0.1638176638176636,-0.15162723358381847,
600699.SH,20240328,监管审批,,,,3.0,,80.0,1、合理合法使用。,20240328,0,0.033169533169533194,0.027348394768133222,0.017043956596676235,0.00356718192627814,-0.008417778944799559,0.046373365041617154,0.011960965443816862,-0.10377358490566047,-0.0907077915802268,
600222.SH,20240328,监管审批,,,,3.0,,80.0,1、用于合理合法使用。,20240328,0,0.011538461538461497,0.0038022813688214363,-0.006265986219280317,-0.017110266159695797,-0.02884828949566154,-0.03422053231939148,-0.0659824158645198,-0.20152091254752846,-0.18988014571046008,
300700.SZ,20240328,监管审批,,,,3.0,,80.0,1、合理合法使用。,20240328,0,0.041050903119868476,-0.0134069400630914,-0.023302596919403396,-0.06230283911671919,-0.07350115646358146,-0.13643533123028395,-0.16483564554740493,-0.13414294941314742,-0.12151990117243416,
920961.BJ,20240328,监管审批,,,,1.0,,80.0,1、用于公司主营业务相关项目及补充流动资金。,20240328,0,0.03397612488521573,0.056838365896980436,0.04623813947518629,-0.02930728241563052,-0.04089964458889195,-0.05417406749555942,-0.08527973305119052,-0.17034999700848774,-0.15825479953498833,
002870.SZ,20240328,监管审批,,,,3.0,,80.0,1、合理合法使用。,20240328,0,0.04534005037783362,-0.010843373493975683,-0.020764743256780127,-0.04457831325301209,-0.055988303273872386,0.031024096385542155,-0.0028835071383387367,-0.09891172002736637,-0.08577504715564155,
688160.SH,20240327,监管审批,,,,3.0,,80.0,1、用于公司主营业务相关项目及补充流动资金。,20240327,0,-0.011394360757049138,0.06661457315882013,0.06040590638127208,0.00976753272123454,-0.015287388495779597,-0.04082828677476069,-0.07048472219726754,-0.22273430808300887,-0.21025775073265973,
688589.SH,20240327,监管审批,,,,3.0,,80.0,1、用于公司主营业务相关项目及补充流动资金。,20240327,0,-0.04631714377613394,0.026644182124789362,0.020668179371476025,0.038111298482293554,0.012353095772139167,-0.01483979763912302,-0.04529976587974016,0.015480142343084147,0.03178048386830512,
603933.SH,20240327,监管审批,,,,3.0,,80.0,1、合理合法使用。,20240327,0,0.100280504908836,-0.018483110261312885,-0.02419643113492098,-0.053537284894837445,-0.07702145129291438,-0.088591459528362,-0.11677111511175309,-0.19370330269452574,-0.18076074381158047,
002243.SZ,20240327,监管审批,,,,3.0,,80.0,1、合理合法使用。,20240327,0,-0.0910344827586207,0.0212443095599395,0.015299738975508959,0.04248861911987856,0.01662180386261558,-0.09408194233687406,-0.12209183879725938,-0.1244335455002149,-0.1103790784148787,
603577.SH,20240327,监管审批,,,,3.0,,80.0,1、用于公司主营业务相关项目及补充流动资金。,20240327,0,-0.07980652962515111,0.024967148488830526,0.019000907596345318,0.06570302233902758,0.03926019822338089,-0.04993429697766083,-0.07930918551985888,-0.10643889618922464,-0.09209558157534992,
688516.SH,20240326,监管审批,,,,3.0,,80.0,1、公司主营业务相关项目及补充流动资金。,20240326,0,-0.02469577666428069,-0.034862385321100864,-0.022498975065692872,-0.020000000000000018,-0.033856494198003295,-0.1944954128440367,-0.20014682078492974,-0.4147967810654508,-0.4031901090360501,
688189.SH,20240326,监管审批,,,,3.0,,80.0,1、公司主营业务相关项目及补充流动资金。,20240326,0,0.00536193029490617,-0.022666666666666613,-0.010147029288005927,0.05600000000000005,0.04106892053766176,-0.09466666666666668,-0.10101847157347654,-0.22000000000000008,-0.20452981137148352,
300615.SZ,20240326,监管审批,,,,3.0,,80.0,1、合理合法使用。,20240326,0,-0.05324074074074081,-0.05867970660146693,-0.04662139616777916,0.02444987775061125,0.009964894294288262,-0.11491442542787289,-0.12112417236695305,-0.21923927669195598,-0.2037540002005297,
002451.SZ,20240326,监管审批,,,,3.0,,80.0,1、合理合法使用。,20240326,0,0.0245499181669393,-0.03833865814696491,-0.026019778937132476,0.030351437699680517,0.015783010436017264,-0.11022364217252378,-0.11646629957562982,-0.20317381151620484,-0.18736989941365845,
300783.SZ,20240326,监管审批,,,,3.0,,80.0,1、用于公司主营业务相关项目建设及补充流动资金。,20240326,0,0.05981669078629981,0.04551661356395087,0.058909678579489144,0.04915794264906692,0.034323604949979325,0.10013654984069209,0.09241800852761517,0.04881279717779252,0.06961450462438545,
300532.SZ,20240326,监管审批,,,,3.0,,80.0,1、合理合法使用。,20240326,0,-0.06388206388206397,-0.05905511811023623,-0.047001616696968895,0.036745406824147064,0.02208657344203968,-0.05708661417322847,-0.06370208015716572,-0.16563074792816257,-0.1490822226520272,
002943.SZ,20240326,监管审批,,,,3.0,,80.0,1、合理合法使用。,20240326,0,0.019062748212867353,-0.03234606391270467,-0.019950419586804213,-0.03897116134060785,-0.05255941698040145,-0.02611067809820733,-0.03294347077885418,0.09730734937616292,0.119070877168864,
601969.SH,20240326,监管审批,,,,3.0,,80.0,1、合理合法使用。,20240326,0,0.015822784810126445,0.0015576323987538387,0.014387582983469871,0.0981308411214954,0.08260406190858882,0.1230529595015577,0.115173637006599,0.03636911776797236,0.05692402256366447,
603267.SH,20240326,监管审批,,,,3.0,,80.0,1、公司主营业务相关项目及补充流动资金。,20240326,0,0.009507346585998055,-0.0547945205479452,-0.042686440891332444,-0.007990867579908634,-0.022017162261281364,-0.06963470319634701,-0.07616213197841226,-0.0708881726206464,-0.052460563355846035,
300857.SZ,20240326,监管审批,,,,3.0,,80.0,1、合理合法使用。,20240326,0,-0.016528925619834767,-0.03697478991596648,-0.024638439557753022,-0.003865546218487337,-0.017950169972828833,-0.04621848739495793,-0.05291020399119062,-0.04600819473767659,-0.027087126561436636,
688323.SH,20240323,监管审批,,,,3.0,,80.0,1、用于公司主营业务相关项目建设及补充流动资金。,20240322,1,0.009071877180739873,0.05809128630705396,0.06568811130638363,0.04011065006915615,0.042459132752178164,-0.1839557399723375,-0.17691964164145746,-0.3153526970954357,-0.2957278667267941,
603477.SH,20240323,监管审批,,,,3.0,,80.0,1、合理合法使用。,20240322,1,-0.018939393939394034,0.001654715940430318,0.008846340789086637,0.008273579702151146,0.01055017694834004,-0.048538334252619886,-0.040334639715224885,-0.19994484280198555,-0.17701194482815608,
603813.SH,20240323,监管审批,,,,3.0,,80.0,1、公司主营业务相关项目。,20240322,1,-0.007874015748031482,0.10000000000000009,0.1078977188522443,0.059523809523809534,0.06191612549399084,-0.15396825396825398,-0.14667359747998499,-0.25964458247066935,-0.2384229265613007,
000608.SZ,20240323,监管审批,,,,3.0,,80.0,1、合理合法使用。,20240322,1,-0.022222222222222143,-0.018181818181818188,-0.01113261457816217,-0.027272727272727337,-0.025076390608785526,-0.21818181818181825,-0.21144082400589437,-0.3363636363636364,-0.3173410666294484,
300006.SZ,20240323,监管审批,,,,3.0,,80.0,1、合理合法使用。,20240322,1,-0.019230769230769273,0.02287581699346397,0.030219803923803967,0.006535947712418277,0.008808621531193772,-0.11764705882352955,-0.11003923365918322,-0.24836601307189554,-0.22682106660063783,
600354.SH,20240322,意向,,,,3.0,,80.0,1、合理合法使用。,20240322,0,-0.026446280991735516,-0.03395585738539875,-0.027019907351555572,-0.025466893039049032,-0.023266478952742697,-0.10865874363327666,-0.10097341940104221,-0.2173174872665533,-0.194882561313099,
300548.SZ,20240322,监管审批,,,,3.0,,80.0,1、合理合法使用。,20240322,0,0.06985769728331181,-0.098851269649335,-0.09238125208900194,-0.19679564691656593,-0.19498207879857876,-0.3298065296251511,-0.3240279862430663,-0.4157847131032524,-0.39903868072208903,
603725.SH,20240322,监管审批,,,,3.0,,80.0,1、用于公司主营业务相关项目建设及补充流动资金。,20240322,0,0.005976095617529875,-0.016831683168316847,-0.009772785940343365,-0.008910891089108919,-0.006673094937849178,-0.13366336633663356,-0.12619363700860375,-0.18467307796353405,-0.1613024278900279,
002290.SZ,20240320,监管审批,,,,3.0,,80.0,1、公司主营业务相关项目建设及补充流动资金。,20240320,0,0.012212643678161106,0.05039034776437168,0.05126862208376237,-0.053229240596167515,-0.025853208588831555,-0.018452803406671436,-0.013833712191881231,-0.03406671398154737,-0.010203434551663504,
603615.SH,20240320,监管审批,,,,2.5,,80.0,1、合理合法使用。,20240320,0,0.0010040160642570406,0.009528585757271557,0.01037269388664308,-0.06820461384152476,-0.041261597211158074,-0.18756268806419274,-0.18373941592490584,-0.46454641702886446,-0.4513180930264461,
603083.SH,20240319,监管审批,,,,3.0,,80.0,1、公司主营业务相关项目。,20240319,0,-0.009205523313988384,-0.02342961017976153,-0.028798155834594663,-0.15188850737224802,-0.14313878966141447,-0.2819632397495456,-0.28464197050850193,-0.27792365178751766,-0.2672274538109404,
002234.SZ,20240319,监管审批,,,,3.0,,80.0,1、合理合法使用。,20240319,0,0.03289473684210509,-0.005459508644222066,-0.010926842170898454,0.0027297543221109777,0.013074623324402346,-0.14376706096451308,-0.14696135078029626,-0.113739763421292,-0.10061149108183498,
300554.SZ,20240319,监管审批,,,,3.0,,80.0,1、公司主营业务相关项目及补充流动资金。,20240319,0,-0.017889740781307117,0.039776951672862326,0.03406093765678464,-0.09851301115241629,-0.08921263409000124,-0.24721189591078074,-0.25002027113755443,-0.050641682207141936,-0.03657873090987185,
300254.SZ,20240319,监管审批,,,,3.0,,80.0,1、公司主营业务相关项目建设及补充流动资金。,20240319,0,-0.10818181818181816,-0.01121304791029576,-0.01664875223896578,-0.09683995922528033,-0.08752232177645947,-0.15086646279306837,-0.15403426735475156,-0.12945973496432228,-0.11656432432740771,
002629.SZ,20240318,监管审批,,,,3.0,,80.0,1、合理合法使用。,20240318,0,0.02970297029702973,-0.009615384615384581,-0.0024462779314879946,-0.04807692307692302,-0.029637807424063523,-0.2596153846153846,-0.25635009282896326,-0.4198717948717948,-0.4094035721454947,
000571.SZ,20240316,董事会预案,,,,4.0,,80.0,1、偿还银行贷款和补充流动资金。,20240315,1,0.1015625,0.09929078014184411,0.08849705434129485,0.07801418439716334,0.08034925480112642,-0.021276595744680993,-0.005794499030962852,0.05319148936170226,0.06672185864650992,
300179.SZ,20240315,监管审批,,,,3.0,,80.0,1、合理合法使用。,20240315,0,0.05626598465473154,-0.006053268765133013,-0.015812641509000636,-0.037530266343825724,-0.035445475046735675,-0.17917675544794187,-0.16619242831141856,-0.1072139579097573,-0.09574432018117673,
001376.SZ,20240315,监管审批,,,,3.0,,80.0,1、合理合法使用。,20240315,0,0.01899827288428302,0.02824858757062154,0.018152411463689067,-0.01412429378531066,-0.011988803161079642,0.023728813559322104,0.039922835722514094,0.1303371721718516,0.14485863337839766,
603868.SH,20240312,监管审批,,,,3.0,,80.0,1、公司主营业务相关项目建设;2、补充流动资金。,20240312,0,0.044855967078189174,-0.021662071681764483,-0.01777280638862999,-0.024419062623079912,-0.026591695014359762,-0.02697912564001581,-0.02002403440693601,-0.07783985464612142,-0.07223321276951777,
001207.SZ,20240308,监管审批,,,,3.0,,80.0,1、合理合法使用。,20240308,0,-0.0186513629842181,0.016812865497076057,0.009378044442526878,0.038742690058479745,0.03581254243027088,0.12207602339181278,0.12114933268844852,0.1186820217530391,0.11675374555414253,
002514.SZ,20230314,监管审批,,,,30.0,,80.0,1、宝馨科技怀远2GW高效异质结电池及组件制造项目；2、宝馨科技鄂托克旗2GW切片、2GW高效异质结电池及组件制造项目；,20230314,0,-0.03125,0.016129032258064502,0.010523424456075459,0.008960573476702427,0.005756655795514876,-0.12813620071684584,-0.14958945681283176,-0.24731182795698925,-0.2434704028118082,
002286.SZ,20240207,监管审批,,,,3.0,,80.0,1、用于合理合法使用。,20240207,0,-0.0955056179775281,0.08488612836438936,0.07117976068896792,0.19461697722567273,0.13119065064457347,0.2490368739680795,0.16330548036648174,0.4024322849189448,0.2709631036926661,
002479.SZ,20230103,监管审批,,,,8.8,,80.0,1、偿还银行贷款。,20230103,0,0.020737327188939947,0.013544018058690988,0.01127114090187753,-0.009029345372460473,-0.025598731027486887,0.05191873589164797,0.009304921051939363,0.09932279909706576,0.03426197886337712,
000605.SZ,20230429,监管审批,,,,3.0,,80.0,1、宝坻新城第二水厂工程(一期)项目;2、补充流动资金。,20230428,1,0.02086956521739114,0.04258943781942093,0.034130340700382567,0.08177172061328797,0.08311580743351521,0.11925042589437829,0.16071204916773385,0.1346521184288625,0.1510519194653379,
920906.BJ,20240112,监管审批,,,,1.0,,80.0,1、汽车智能化及高端制造装备项目(一期);2、智能座舱系列产品研发项目;3、工业机器人研发项目。,20240112,0,-0.18918918918918914,-0.1060109289617488,-0.10734710044299789,0.04426229508196711,0.06258581629545246,-0.18087431693989076,-0.18891406665696997,-0.3136612021857924,-0.3559858518106428,
603887.SH,20240608,监管审批,,,,3.0,,80.0,1、用于公司主营业务相关项目及补充流动资金。,20240607,1,0.028571428571428692,0.01851851851851838,0.0263334126400927,0.0347222222222221,0.04686349445068849,0.3541666666666663,0.41386172185061953,0.34259259259259234,0.4573365968604286,
300086.SZ,20240608,监管审批,,,,3.0,,80.0,1、用于公司主营业务相关项目及补充流动资金。,20240607,1,0.033802816901408406,-0.0027247956403269047,0.004927102671230976,-0.013623978201634745,-0.0020499928912915966,-0.013623978201634745,0.029857945037785605,0.013623978201634968,0.10025284441350357,
000534.SZ,20240607,监管审批,,,,3.0,,80.0,1、用于公司主营业务相关项目建设及补充流动资金。,20240607,0,0.015518913676042523,0.01623686723973261,0.0240342546956529,-0.0162368672397325,-0.004693541169553561,-0.07449856733524363,-0.03370014831068946,-0.11656223830669432,-0.04105967196051996,
688260.SH,20240606,监管审批,,,,3.0,,80.0,1、用于公司主营业务相关项目及补充流动资金。,20240606,0,-0.048844884488448814,0.017349063150589705,0.0165205878782011,0.0985426786953505,0.10439670292351022,-0.07286606523247752,-0.041795187436197145,-0.03747397640527428,0.032484979255559265,
600819.SH,20240606,监管审批,,,,3.0,,80.0,1、用于公司主营业务相关项目建设及补充流动资金。,20240606,0,-0.05752212389380529,0.04460093896713624,0.043750271208355285,0.03286384976525847,0.03836787807310449,-0.014084507042253391,0.018956306857877303,0.030516431924882736,0.10541711159642642,
603900.SH,20240605,监管审批,,,,3.0,,80.0,1、用于公司主营业务相关项目。,20240605,0,-0.04400000000000004,-0.03138075313807531,-0.026103820059472205,0.023012552301255207,0.0353352026473821,0.0648535564853554,0.1036793798931015,0.058374928910915225,0.14921157957167663,
001914.SZ,20240605,监管审批,,,,3.0,,80.0,1、合理合法使用。,20240605,0,-0.026956521739130435,-0.0071492403932083,-0.0017402966493595962,-0.016979445933869464,-0.005138517351357064,-0.11349419124218052,-0.08117113820719202,-0.2438038502083676,-0.1789021564765264,
002184.SZ,20240605,监管审批,,,,3.0,,80.0,1、合理合法使用。,20240605,0,-0.02494802494802484,-0.05330490405117272,-0.048147411379673266,-0.00533049040511735,0.006650755132016517,-0.07249466950959493,-0.038676725293658176,-0.11357026863586361,-0.037491078130006295,
603778.SH,20240601,监管审批,,,,5.63,,80.0,1、用于补充流动资金。,20240531,1,-0.024193548387096864,0.02203856749311295,0.024802314672958126,0.011019283746556585,0.022793451390485275,-0.17906336088154262,-0.1538208905884385,-0.2837465564738292,-0.22573104198463334,
688195.SH,20240525,监管审批,,,,4.85,,80.0,1、光电子关键与核心元器件建设项目(三期);2、泰国生产基地建设项目;3、研发中心建设项目(二期)。,20240524,1,-0.03033586132177679,-0.025325884543761612,-0.03629930463294606,-0.013035381750465591,-0.012377653325352123,-0.07188081936685287,-0.03248590266700191,-0.16811449770060705,-0.11199853023161177,
600207.SH,20240524,监管审批,,,,3.0,,80.0,1、用于公司主营业务相关项目及补充流动资金。,20240524,0,-0.048638132295719894,-0.02862985685071573,-0.03956607899290199,-0.08793456032719826,-0.08732674586845879,-0.22699386503067487,-0.19418287164638115,-0.2658486707566462,-0.21632549479641316,
688216.SH,20240523,监管审批,,,,3.0,,80.0,1、合理合法使用。,20240523,0,-0.0096735187424426,-0.023809523809523725,-0.015113353077181535,-0.001831501831501714,0.006146025792801657,0.3901098901098903,0.4449370988230097,0.05982905982905984,0.1470456769855979,
000782.SZ,20240522,监管审批,,,,3.0,,80.0,1、合理合法使用。,20240522,0,0.024608501118568382,-0.008733624454148492,0.0046744511159737545,-0.01965065502183405,-0.004675344153500793,-0.06113537117903933,-0.013307718811300218,-0.08951965065502177,-0.0005454269098560394,
002703.SZ,20240521,监管审批,,,,3.0,,80.0,1、合理合法使用。,20240521,0,-0.021565495207667706,0.004897959183673528,0.004715275910252448,-0.03510204081632651,-0.020085541961853415,-0.036734693877550906,0.00792223583595586,-0.12816326530612243,-0.0341758064129547,
000159.SZ,20240518,监管审批,,,,3.0,,80.0,1、用于公司主营业务相关项目及补充流动资金。,20240517,1,0.01565217391304352,0.006849315068493178,0.0014140380593161694,-0.03424657534246578,-0.013875233459955227,-0.1455479452054792,-0.10641182954310646,0.051369863013698724,0.16018573302016348,
002753.SZ,20240518,监管审批,,,,3.0,,80.0,1、合理合法使用。,20240517,1,0.01327433628318575,-0.0029112081513829047,-0.00829379490526494,-0.042212518195050897,-0.022009207759412064,-0.1324599708879185,-0.09272439212658767,-0.15426357509018418,-0.06673058778453644,
688022.SH,20240517,监管审批,,,,3.0,,80.0,1、用于公司主营业务相关项目及补充流动资金。,20240517,0,0.009392611145898622,-0.00992555831265507,-0.01527027948367854,-0.09367245657568246,-0.07455462818053082,-0.11290322580645162,-0.07227189750224927,-0.28411910669975193,-0.21002605442015032,
603203.SH,20240517,监管审批,,,,3.0,,80.0,1、合理合法使用。,20240517,0,0.005062126092959085,-0.0013736263736265908,-0.006764513458810795,-0.011446886446886628,0.009405385914821096,0.08974358974358987,0.13965666670469612,-0.05027604213967851,0.04801956474058766,
002568.SZ,20240517,监管审批,,,,3.0,,80.0,1、合理合法使用。,20240517,0,0.062146892655367214,0.03191489361702127,0.02634430503662144,-0.020390070921985748,0.0002735563220250814,-0.12987588652482263,-0.09002195001135349,-0.18572695035460984,-0.10145039513169696,
603166.SH,20240419,监管审批,,,,3.0,,80.0,1、新能源汽车混合动力曲轴智能制造项目。,20240419,0,-0.01446654611211573,-0.005504587155963359,0.0012457497370172987,0.05504587155963292,0.0470613168470313,0.0034080798997426776,-0.026224853324928632,-0.15985210129052618,-0.13498246731365804,
300159.SZ,20240515,监管审批,,,,6.0,,80.0,1、用于偿还银行贷款及补充流动资金。,20240515,0,0.19999999999999996,-0.03174603174603163,-0.03252093856974514,0.1865079365079365,0.17199361729695983,-0.12301587301587291,-0.09667280952623636,0.023809523809523947,0.11299485178596491,
603636.SH,20240515,监管审批,,,,3.0,,80.0,1、合理合法使用。,20240515,0,-0.022123893805309658,0.0011312217194570096,0.00033000278250594484,0.06221719457013597,0.04922329966307393,-0.06787330316742068,-0.039873853691078875,-0.13472485768500964,-0.059349657940744316,
600110.SH,20240515,董事会预案,,,,,,80.0,募集配套资金1、拟用于上市公司及其子公司或标的公司项目建设、补充流动资金或偿还债务等。,20240515,0,-0.009389671361502483,-0.011848341232227444,-0.012639172448363656,0.0,-0.01223280415105732,-0.18957345971563966,-0.16522966927804628,-0.2582938388625592,-0.19368288760176933,
603668.SH,20240515,监管审批,,,,3.0,,80.0,1、公司主营业务相关项目。,20240515,0,-0.040264026402640374,0.03163686382393416,0.0308112308065831,0.06258596973865194,0.04958756367717765,-0.10554913562431611,-0.07868140200906981,-0.14716909970271097,-0.07287793344314819,
688590.SH,20240514,监管审批,,,,3.0,,80.0,1、公司主营业务相关项目及补充流动资金。,20240514,0,-0.007638446849140834,0.011545862732520895,0.019934240326096253,0.0660679923027585,0.061952412034942395,-0.053239255933290375,-0.01948066376547808,-0.2979423939654857,-0.23043809220488654,
688550.SH,20240511,董事会预案,,,,8.15,,80.0,1、OLED升华前材料及高端精细化学品产业基地项目;2、补充流动资金。,20240430,11,0.015748031496062742,0.03266888150609093,0.01849890748421945,-0.0202104097452932,-0.03549481351256478,-0.11987818383167204,-0.10443324045623203,-0.22635208656956085,-0.16033039351702705,True
301017.SZ,20240510,监管审批,,,,3.0,,80.0,1、合理合法使用。,20240510,0,-0.022710068130204486,-0.022463206816421444,-0.020436570244205643,-0.021688613477923946,-0.021527041457665486,-0.1014717273431448,-0.07106163503500373,-0.1403038601584562,-0.051996316846906865,
002785.SZ,20240509,监管审批,,,,3.0,,80.0,1、合理合法使用。,20240509,0,0.008610086100860892,-0.008536585365853666,-0.008607962120483759,0.022357723577235644,0.03280889189758729,-0.058943089430894435,-0.026370812322855985,0.12926829268292694,0.22604471043465324,
002134.SZ,20240417,监管审批,,,,0.9,,80.0,1、PCB智能制造技改项目。,20240417,0,0.05637982195845681,-0.012640449438202195,-0.013553866942504822,0.03651685393258419,0.04555781686884419,0.17696629213483162,0.13993883046122813,0.2752808988764044,0.31601900126930915,
688168.SH,20240508,监管审批,,,,3.0,,80.0,1、用于公司主营业务相关项目及补充流动资金。,20240508,0,0.0009377930603315932,0.031230480949406614,0.022782604972305665,-0.015927545284197486,-0.013221986576180345,-0.09306683322923193,-0.0744049895056621,-0.2093958441467041,-0.15652707264225518,
300542.SZ,20240508,监管审批,,,,3.0,,80.0,1、合理合法使用。,20240508,0,-0.006015037593984918,0.06051437216338873,0.05182660153065766,-0.009077155824508298,-0.006352763004462969,-0.0022692889561272134,0.018260883817246665,0.06063068434635577,0.13155649581112616,
000559.SZ,20240506,董事会预案,,,,,,80.0,募集配套资金1、支付本次交易的现金对价、标的公司项目建设、补充上市公司及/或标的公司流动资金或偿还债务等。,20240506,0,0.10039370078740162,0.007155635062611632,0.004910271762166962,-0.05545617173524142,-0.057646580873745856,-0.10017889087656529,-0.0819889922692918,-0.17613333960433575,-0.10133185612760309,
000701.SZ,20240506,监管审批,,,,3.0,,80.0,1、合理合法使用。,20240506,0,0.00917431192660545,-0.002272727272727426,-0.004497070883628607,-0.03409090909090917,-0.036330864544938946,-0.07727272727272749,-0.0586197801892504,-0.15000000000000002,-0.07282578721575206,
002606.SZ,20240506,监管审批,,,,3.0,,80.0,1、合理合法使用。,20240506,0,0.030303030303030276,0.001400560224089853,-0.0008319726523530191,0.03361344537815136,0.03121648266590049,0.001400560224089853,0.021643889115859904,0.07144896374485299,0.16872923470427326,
300249.SZ,20240501,监管审批,,,,3.0,,80.0,1、合理合法使用。,20240430,1,-0.0053835800807536804,-0.0013531799729363803,-0.012766907341666633,-0.05006765899864685,-0.06504071148995472,-0.06224627875507438,-0.05677462437884462,-0.12043301759133962,-0.055654492868799754,
688525.SH,20240430,监管审批,,,,3.0,,80.0,1、用于主营业务相关项目及补充流动资金。,20240430,0,-0.007990867579908745,0.011699271192942007,0.00013636483909573727,-0.021097046413502185,-0.036526740377280986,-0.07710011507479864,-0.0717151306382997,-0.00019179133103175428,0.07344228322881774,
688071.SH,20240430,监管审批,,,,3.0,,80.0,1、用于公司主营业务相关项目及补充流动资金。,20240430,0,0.0059880239520957446,0.06197478991596639,0.04983727494922685,-0.02906162464985984,-0.04436577909586803,-0.02906162464985984,-0.023396342721166308,-0.34663865546218486,-0.2985197687186276,
688227.SH,20240430,监管审批,,,,3.0,,80.0,1、用于公司主营业务相关项目及补充流动资金。,20240430,0,-0.04996481351161153,0.032592592592592506,0.020790892433468322,-0.001481481481481417,-0.01722036050054976,-0.005925925925926001,-0.00012565061431957236,-0.19925925925925925,-0.14028614532042905,
688786.SH,20240430,监管审批,,,,3.0,,80.0,1、用于主营业务相关项目及补充流动资金。,20240430,0,-0.0002754062241807631,-0.009641873278236623,-0.02096086757043525,-0.004407713498622345,-0.020100468574223096,0.015032380524031996,0.02095494445642143,-0.19456424836758768,-0.13524535532926707,
688113.SH,20240430,监管审批,,,,3.0,,80.0,1、用于主营业务相关项目及补充流动资金。,20240430,0,-0.026613816534541312,0.012216404886561616,0.0006475881118601645,-0.010471204188481797,-0.026068385126366445,-0.04246655031995361,-0.03687948415147957,-0.2701826019492407,-0.21643286451241017,
688239.SH,20240430,监管审批,,,,3.0,,80.0,1、用于公司主营业务相关项目及补充流动资金。,20240430,0,0.010227936879018129,0.04888631761643025,0.03689839332729972,0.15041943881978592,0.1322862624860779,0.1301706682094299,0.13676504703459225,-0.016453847955149925,0.055982555411790536,
688112.SH,20240430,监管审批,,,,3.0,,80.0,1、用于主营业务相关项目及补充流动资金。,20240430,0,-0.025110782865583436,0.030000000000000027,0.018227931082308357,-0.00969696969696976,-0.025306354297348732,-0.027272727272727226,-0.02159700739221282,-0.25045514275474856,-0.195252513464652,
688155.SH,20240430,监管审批,,,,3.0,,80.0,1、用于公司主营业务相关项目及补充流动资金。,20240430,0,0.015476784822765932,0.014913143231727322,0.0033135049136741035,-0.013110455588331793,-0.028666036037379494,-0.0254015077023928,-0.01971486953222623,-0.22679068167201322,-0.16984520742757825,
688418.SH,20240430,监管审批,,,,3.0,,80.0,1、用于主营业务相关项目及补充流动资金。,20240430,0,-0.03979328165374696,0.019375672766415608,0.007725031336488941,-0.01399354144241105,-0.029535202488700563,0.04897739504843934,0.05509802312396772,-0.15823466092572647,-0.09624015917842765,
688356.SH,20240430,监管审批,,,,3.0,,80.0,1、用于公司主营业务相关项目及补充流动资金。,20240430,0,-0.04131736526946128,0.05121798875702699,0.0392034153481291,0.001374141161774034,-0.014409748839537273,-0.154153653966271,-0.14921826554173967,-0.32334704602726727,-0.2735127741819685,
688165.SH,20240430,监管审批,,,,3.0,,80.0,1、用于公司主营业务相关项目及补充流动资金。,20240430,0,-0.0574948665297742,-0.0010893246187363426,-0.012506067641266494,-0.04466230936819171,-0.059720562226154406,-0.07189542483660127,-0.06648007180174476,-0.2265795206971678,-0.1696184948271,
688159.SH,20240430,监管审批,,,,3.0,,80.0,1、用于公司主营业务相关项目及补充流动资金。,20240430,0,-0.04059449866903275,0.012716763005780285,0.0011422275415029493,-0.03768786127167634,-0.05285604698794866,-0.1421965317919075,-0.13719137532658865,-0.33063583815028896,-0.28133837272244533,
688005.SH,20240430,监管审批,,,,3.0,,80.0,1、用于主营业务相关项目及补充流动资金。,20240430,0,-0.03228869895536557,0.030749100425253584,0.01896846989413259,0.040889761203794395,0.02448301689215171,-0.05789990186457317,-0.052402887021522626,-0.2923090974455641,-0.24018893656651508,
603299.SH,20240430,监管审批,,,,3.0,,80.0,1、合理合法使用。,20240430,0,0.0707070707070705,0.03773584905660399,0.025875365626066626,0.05031446540880524,0.03375916673735646,0.05660377358490587,0.06276890045211969,0.003692996611110333,0.07761317880890539,
603188.SH,20240430,监管审批,,,,3.0,,80.0,1、用于主营业务相关项目及补充流动资金。,20240430,0,0.05904059040590415,0.03832752613240431,0.026460280310300455,0.024390243902439046,0.008243568785170963,-0.08710801393728218,-0.0817814241116146,-0.1324041811846689,-0.06850731110844643,
605287.SH,20240430,监管审批,,,,3.0,,80.0,1、用于主营业务相关项目及补充流动资金。,20240430,0,-0.041260315078769816,0.009389671361502483,-0.0021468381298311856,0.026604068857590146,0.010422498921154988,0.029733959311424307,0.03574230478334495,-0.1215466507967995,-0.05685014315490777,
605318.SH,20240430,监管审批,,,,3.0,,80.0,1、用于公司主营业务相关项目。,20240430,0,0.011273209549071739,0.015081967213114611,0.0034803993731740146,0.023606557377049198,0.007472234907411668,-0.11147540983606563,-0.10629100016429804,-0.003934426229508348,0.06942401000813558,
603690.SH,20240430,监管审批,,,,3.0,,80.0,1、合理合法使用。,20240430,0,-0.030397505845674244,0.016881028938906972,0.0052588992750604024,0.03536977491961424,0.019050037903983075,-0.008440514469453264,-0.002654911410376437,-0.1539389067524115,-0.09162803044412593,
600880.SH,20240430,监管审批,,,,3.0,,80.0,1、用于与公司主营业务相关项目及补充流动资金。,20240430,0,-0.004524886877827927,0.004545454545454408,-0.006935689456354255,0.02499999999999991,0.008843713766590433,-0.020454545454545503,-0.014739042490756415,-0.1999394368268207,-0.14101641674128107,
600338.SH,20240430,监管审批,,,,3.0,,80.0,1、合理合法使用。,20240430,0,0.09989258861439332,-0.03808593750000011,-0.049079839088977506,0.005859375,-0.009995212290788591,0.004882812499999778,0.010746155202937091,-0.1328125,-0.0689457018694083,
603616.SH,20240430,监管审批,,,,3.0,,80.0,1、合理合法使用。,20240430,0,0.008547008547008517,0.0028248587570620654,-0.008636620223192781,-0.008474576271186418,-0.024103228518469577,-0.07909604519774016,-0.0737227067185372,-0.20903954802259894,-0.15078673474320758,
603033.SH,20240430,监管审批,,,,3.0,,80.0,1、合理合法使用。,20240430,0,-0.01630434782608703,-0.018646408839778972,-0.029862488556053002,-0.04903314917127077,-0.06402250784490282,-0.09323204419889497,-0.08794118718475552,-0.2819739283277122,-0.22909260085009542,
600778.SH,20240430,监管审批,,,,3.0,,80.0,1、用于公司主营业务相关项目及补充流动资金。,20240430,0,-0.027459954233409523,0.05176470588235271,0.039743883937845226,0.06352941176470561,0.04676581606312502,0.0117647058823529,0.01766820341612596,-0.10823529411764721,-0.042558429021488986,
603378.SH,20240430,监管审批,,,,,,80.0,1、合理合法使用。,20240430,0,-0.08346456692913384,0.027491408934708028,0.015748011188770672,0.04123711340206171,0.02482489404501531,-0.04810996563573877,-0.04255582796161228,0.008573036596683847,0.08285262495361723,
603666.SH,20240430,监管审批,,,,3.0,,80.0,1、用于公司主营业务相关项目及补充流动资金。,20240430,0,-0.10004257130693905,0.06007568590350032,0.04795987616328179,-0.0018921475875117721,-0.017624553592770043,-0.0681173131504258,-0.06267991539223394,-0.36423841059602646,-0.31741571413228864,
002224.SZ,20240430,监管审批,,,,3.0,,80.0,1、合理合法使用。,20240430,0,0.008333333333333304,0.012396694214876103,0.0008258168786230424,-0.012396694214875992,-0.027963525135193845,-0.0950413223140496,-0.08976102217032544,-0.2402367446073741,-0.18428154869045654,
000980.SZ,20240430,监管审批,,,,3.0,,80.0,1、合理合法使用。,20240430,0,-0.03846153846153855,0.10000000000000009,0.08742788756363051,-0.025000000000000133,-0.040368174709828564,-0.05500000000000005,-0.049486064658135764,-0.30500000000000005,-0.25381450124596916,
301152.SZ,20240430,监管审批,,,,3.0,,80.0,1、合理合法使用。,20240430,0,-0.009559434746467144,0.04196391103650843,0.03005510426906266,0.1624003357112882,0.14407831371951962,0.01846412085606386,0.02440670848612636,0.019723038187159148,0.09482380408728219,
300152.SZ,20240430,监管审批,,,,3.0,,80.0,1、用于公司业务相关项目建设及补充流动资金。,20240430,0,-0.03375527426160341,-0.008733624454148492,-0.020062999297562167,0.08296943231441056,0.06589941852855241,-0.20087336244541487,-0.19621057661532237,-0.2707423580786026,-0.21703384567294037,
002256.SZ,20240430,监管审批,,,,2.55,,80.0,1、合理合法使用。,20240430,0,0.025252525252525304,0.009852216748768461,-0.0016895792631248518,0.019704433497536922,0.0036316172038171057,-0.08866995073891615,-0.08335247458365314,-0.2660098522167488,-0.21195279927454647,
002693.SZ,20240430,监管审批,,,,3.0,,80.0,1、合理合法使用。,20240430,0,0.005736137667303742,0.024714828897338448,0.013003165220872415,0.07414448669201534,0.0572135737329571,-0.0209125475285169,-0.015199716939143015,-0.21292775665399244,-0.15496130294015154,
002583.SZ,20240430,监管审批,,,,3.0,,80.0,1、用于公司主营业务相关项目建设及补充流动资金。,20240430,0,0.01918465227817756,0.04470588235294137,0.032765737065779676,-0.0117647058823529,-0.027341498348423365,-0.030588235294117583,-0.02493186091292099,-0.0776470588235294,-0.009717425267608548,
002628.SZ,20240430,监管审批,,,,3.0,,80.0,1、合理合法使用。,20240430,0,-0.02399999999999991,0.00819672131147553,-0.003326153723349101,-0.004098360655737543,-0.019795991822144865,-0.05327868852459006,-0.04775470958465322,-0.2213114754098361,-0.16396246748870225,
002599.SZ,20240430,监管审批,,,,3.0,,80.0,1、用于公司业务相关项目建设及补充流动资金。,20240430,0,-0.018425460636515956,-0.0017064846416382506,-0.013116174023078297,-0.061433447098976024,-0.07622734941875486,-0.06676161835301442,-0.06131631031603291,-0.20009720544154497,-0.1411858047304404,
002846.SZ,20240430,监管审批,,,,3.0,,80.0,1、合理合法使用。,20240430,0,-0.011435832274459767,0.03856041131105381,0.026690503799267518,0.04241645244215908,0.025985644071358394,0.04370179948586084,0.04979164524094282,-0.10817784990111234,-0.0424967541418263,
300572.SZ,20240430,监管审批,,,,3.0,,80.0,1、合理合法使用。,20240430,0,-0.023462783171521062,0.010770505385252704,-0.0007817859248104853,0.09527754763877394,0.07801353050250204,0.12663327507734468,0.13320701373635968,-0.056394068815661225,0.013100809191435525,
300081.SZ,20240430,监管审批,,,,3.0,,80.0,1、用于主营业务相关项目及补充流动资金。,20240430,0,0.0031152647975078995,0.0,-0.011429193123972392,-0.05590062111801242,-0.07078173311606262,-0.09627329192546585,-0.091000180142356,-0.3276397515527951,-0.27812162974106225,
002548.SZ,20240430,监管审批,,,,3.0,,80.0,1、合理合法使用。,20240430,0,0.006864988558352492,0.020454545454545503,0.008791573380310114,0.03409090909090895,0.01779132985321219,0.011363636363636243,0.017264793716040172,-0.1681818181818182,-0.10691990665802709,
603520.SH,20240430,监管审批,,,,3.0,,80.0,1、用于公司主营业务相关项目。,20240430,0,0.015347334410339197,0.029435163086714233,0.01766954979918811,0.005568814638027053,-0.01028119277337014,-0.11217183770883055,-0.10699149159077792,-0.29037390612569614,-0.23811122188996803,
002632.SZ,20240430,监管审批,,,,3.0,,80.0,1、合理合法使用。,20240430,0,0.012228260869565188,0.0469798657718119,0.03501373068899505,0.028187919463087185,0.011981384508375603,0.1067130266030567,0.11317053355616591,-0.06451427185251069,0.004382567820161221,
002851.SZ,20240430,监管审批,,,,3.0,,80.0,1、合理合法使用。,20240430,0,0.0009178522257915489,0.016047684548372354,0.0044350793385039555,0.06373223292067864,0.04696544030529304,0.25951398441082074,0.2668630623708368,0.1956927475254202,0.28375336571055154,
000803.SZ,20240430,监管审批,,,,3.0,,80.0,1、合理合法使用。,20240430,0,-0.007194244604316613,0.048309178743961345,0.036327850686463714,0.07971014492753636,0.06269150478064356,-0.019323671497584627,-0.013601570051384404,-0.21014492753623182,-0.15197352346794513,
000605.SZ,20240430,监管审批,,,,3.0,,80.0,1、合理合法使用。,20240430,0,0.01851851851851838,0.054545454545454675,0.042492850887447364,0.06868686868686869,0.051841979960633555,0.03232323232323231,0.0383466858205177,-0.05233465574969742,0.01745919072132729,
300762.SZ,20240430,监管审批,,,,3.0,,80.0,1、合理合法使用。,20240430,0,-0.006696428571428492,0.02921348314606753,0.017450403481394705,0.1977528089887639,0.17887355316545417,0.38127340823970046,0.3893329344433727,0.3565543071161048,0.4564620895573519,
002157.SZ,20240430,监管审批,,,,3.0,,80.0,1、用于公司主营业务相关项目及补充流动资金。,20240430,0,-0.010344827586206806,-0.0034843205574913716,-0.014873690708906429,0.0034843205574912606,-0.012332830577791887,0.17770034843205562,0.18457205591707715,-0.05574912891986061,0.018210553245643135,
002752.SZ,20240430,监管审批,,,,3.0,,80.0,1、用于公司主营业务相关项目建设及补充流动资金。,20240430,0,0.061895551257253434,0.049180327868852514,0.0371890432797668,0.08743169398907091,0.0702913450062721,0.032786885245901676,0.03881304408946917,-0.16506537138231125,-0.10357393916244362,
603992.SH,20240430,监管审批,,,,3.0,,80.0,1、用于公司主营业务相关项目建设及补充流动资金。,20240430,0,-0.017951425554382228,0.02419354838709653,0.01248784252625379,0.011827956989247213,-0.004120708466444634,-0.04479947194074019,-0.039226018025149356,-0.10955396105562976,-0.043974213405386764,
603990.SH,20240430,监管审批,,,,3.0,,80.0,1、用于公司主营业务相关项目及补充流动资金。,20240430,0,-0.007751937984496138,-0.00390625,-0.015290797838331871,0.06250000000000022,0.04575263012390507,-0.0068359375,-0.0010409719714410404,-0.2333984375,-0.17693961257599722,
002887.SZ,20240430,监管审批,,,,3.0,,80.0,1、合理合法使用。,20240430,0,0.0058651026392961825,0.05102040816326525,0.039008092941130945,0.07142857142857117,0.0545404673518366,0.05424135542021169,0.06039269792656765,-0.056225566239509916,0.013281721678956027,
002795.SZ,20240430,监管审批,,,,3.0,,80.0,1、合理合法使用。,20240430,0,-0.04629629629629639,0.09951456310679618,0.08694799882242843,0.08980582524271852,0.07262805465592992,0.043689320388349495,0.04977909332974173,-0.12621359223300965,-0.0618607964257486,
600405.SH,20240430,监管审批,,,,3.0,,80.0,1、合理合法使用。,20240430,0,0.004728132387706641,-0.0023529411764705577,-0.013755242081327723,-0.0023529411764705577,-0.018078084046979748,-0.04235294117647059,-0.036765212115434154,-0.19294117647058828,-0.13350274710915755,
300027.SZ,20240430,监管审批,,,,3.0,,80.0,1、合理合法使用。,20240430,0,-0.01477832512315258,0.004999999999999893,-0.006486339089592397,-0.020000000000000018,-0.03544698586218653,-0.08999999999999986,-0.084690284485612,-0.20499999999999996,-0.14644968128136027,
600525.SH,20240430,监管审批,,,,3.0,,80.0,1、用于主营业务相关项目及补充流动资金。,20240430,0,-0.006465517241379226,0.013015184381778733,0.0014372382019629537,0.008676789587852562,-0.007222206441003798,-0.03253796095444694,-0.026892962934335518,-0.18438177874186568,-0.12431296514765966,
688152.SH,20240429,监管审批,,,,3.0,,80.0,1、用于主营业务相关项目及补充流动资金。,20240429,0,-0.0004323389537396194,0.009948096885813218,0.012621504166603126,-0.011678200692041507,-0.024611212810201177,-0.040657439446366905,-0.03402779079952134,-0.2538927335640139,-0.19655943770498707,
688244.SH,20240429,监管审批,,,,3.0,,80.0,1、用于公司主营业务相关项目建设及补充流动资金。,20240429,0,0.10329670329670337,0.004426737494466426,0.0070855293287377386,0.07414785303231519,0.06009173567287851,0.06551571491810537,0.07287908553049949,-0.1933114530281419,-0.13132289560455035,
688079.SH,20240429,监管审批,,,,3.0,,80.0,1、用于主营业务相关项目及补充流动资金。,20240429,0,0.05504587155963314,-0.01739130434782621,-0.01479026648338122,-0.013664596273292084,-0.02657161475441805,-0.029813664596273437,-0.0231090787786844,-0.17142857142857149,-0.10775846259617339,
688529.SH,20240429,监管审批,,,,3.0,,80.0,1、用于主营业务相关项目及补充流动资金。,20240429,0,0.027301587301587382,-0.03584672435105074,-0.03329453934781601,0.011742892459826848,-0.0014966041270209063,-0.12299134734239803,-0.11693067676815816,-0.27733823715484274,-0.22180656963319678,
301257.SZ,20240429,监管审批,,,,3.0,,80.0,1、用于主营业务相关项目及补充流动资金。,20240429,0,-0.0058759521218716415,-0.012478108581436054,-0.009864065124550958,0.0376532399299474,0.024074684912888555,-0.07736869469967111,-0.07099274346365825,-0.24668008158945454,-0.18879254222123232,
300583.SZ,20240429,监管审批,,,,3.0,,80.0,1、用于主营业务相关项目及补充流动资金。,20240429,0,0.0445255474452555,0.02795248078266943,0.0306735469987498,0.16701607267645002,0.15174469748207486,-0.08874912648497557,-0.08245182105004378,-0.2299091544374564,-0.1707328827763177,
300493.SZ,20240429,监管审批,,,,3.0,,80.0,1、合理合法使用。,20240429,0,0.04281767955801086,-0.0026490066225164366,-8.944806052624266e-06,0.005298013245033317,-0.00785714674108029,0.054304635761589504,0.061590530903994356,0.019867549668874274,0.09823747125065685,
300423.SZ,20240429,监管审批,,,,3.0,,80.0,1、合理合法使用。,20240429,0,0.02941176470588225,-0.012499999999999734,-0.009886014491318096,0.0071428571428571175,-0.006036444158871945,0.1339285714285714,0.14176471706444582,-0.09999999999999987,-0.030841088682050266,
603709.SH,20240429,监管审批,,,,3.0,,80.0,1、用于公司主营业务相关项目建设及补充流动资金。,20240429,0,0.06923682140047194,-0.005150846210448812,-0.002517406948342349,0.04782928623988214,0.03411756919975195,-0.009565857247976317,-0.0027213465963313865,-0.16127117915197375,-0.09682054343993252,
001239.SZ,20240429,监管审批,,,,3.0,,80.0,1、合理合法使用。,20240429,0,0.03317249698431857,-0.014594279042615343,-0.011985837245395481,0.02626970227670755,0.012840110310468722,-0.07180385288966717,-0.0653894451653334,-0.11908931698774072,-0.05139729053720821,
603906.SH,20240429,监管审批,,,,3.0,,80.0,1、用于主营业务相关项目及补充流动资金。,20240429,0,0.05717488789237657,0.02969247083775195,0.03241814293615053,0.0890774125132554,0.07482592946035638,0.006362672322375307,0.013317258935261256,-0.25450689289501593,-0.19722079102566448,
300635.SZ,20240429,监管审批,,,,3.0,,80.0,1、用于公司主营业务相关项目及补充流动资金。,20240429,0,0.05860805860805862,-0.018454440599769306,-0.015856216935583922,0.03690888119953861,0.023340066735088705,-0.03460207612456756,-0.027930581183287395,-0.1349261273136706,-0.06845105259746054,
002975.SZ,20240429,监管审批,,,,3.0,,80.0,1、合理合法使用。,20240429,0,0.06341789052069413,0.006277463904582614,0.008941154748490998,-0.0006277463904583724,-0.01370536288696289,0.017576898932831098,0.024608982766553877,-0.17231638418079087,-0.10871449775216802,
300992.SZ,20240429,监管审批,,,,3.0,,80.0,1、合理合法使用。,20240429,0,0.03743961352656999,0.01396973224679865,0.016653785093720064,0.03899883585564612,0.025402672597601983,-0.0360884749708964,-0.0294272519621932,-0.1371805972858211,-0.07087876333502541,
300781.SZ,20240429,监管审批,,,,3.0,,80.0,1、合理合法使用。,20240429,0,0.048257372654155306,0.0639386189258313,0.06675494311013397,-0.025575447570332366,-0.03832660266336951,-0.17975886006576536,-0.17409048800864124,-0.14330807051081307,-0.07747709142376213,
002529.SZ,20240429,监管审批,,,,3.0,,80.0,1、合理合法使用。,20240429,0,0.06466876971608837,0.01925925925925931,0.02195731387525246,0.06814814814814807,0.05417054191335402,0.14962962962962956,0.15757427925931888,-0.3155555555555556,-0.26296063040511486,
000885.SZ,20240429,监管审批,,,,3.0,,80.0,1、合理合法使用。,20240429,0,-0.03322784810126589,0.0073649754500817455,0.010031545017453958,0.059738134206219096,0.045870579993247285,0.011456628477904962,0.018446417468879872,-0.047964097343740075,0.025193421059935828,
300252.SZ,20240429,监管审批,,,,3.0,,80.0,1、合理合法使用。,20240429,0,0.02896551724137919,-0.014745308310991856,-0.012137266299411364,0.0013404825737264314,-0.011762889834529666,-0.06702412868632712,-0.060576690120456744,-0.029490616621983823,0.04508646379832526,
001210.SZ,20240429,监管审批,,,,3.0,,80.0,1、合理合法使用。,20240429,0,0.08484848484848473,0.005586592178770999,0.008248454234142999,0.0527622594661703,0.038985990371680046,0.06765983860955926,0.07503802643877888,-0.09031806331471137,-0.020415160662757503,
002862.SZ,20240429,监管审批,,,,3.0,,80.0,1、合理合法使用。,20240429,0,0.09999999999999987,0.03104212860310418,0.03377137334539149,0.15521064301552134,0.14009375167951288,0.08351810790835201,0.091005886157012,0.008130081300813163,0.08559805784485786,
301188.SZ,20240429,监管审批,,,,3.0,,80.0,1、合理合法使用。,20240429,0,0.0242587601078168,0.1690789473684211,0.17217358577543473,0.1835526315789473,0.16806486176813418,0.16710526315789465,0.17517068019115523,-0.18471986417657038,-0.12207110127357201,
300578.SZ,20240429,监管审批,,,,3.0,,80.0,1、合理合法使用。,20240429,0,0.19966859983429996,0.05939226519337004,0.062196554843217955,-0.024861878453038777,-0.03762237119100853,-0.10013812154696133,-0.09391952109063284,-0.060082872928176934,0.012143399557803303,
001324.SZ,20240429,监管审批,,,,3.0,,80.0,1、合理合法使用。,20240429,0,0.0368448365334717,-0.02902902902902904,-0.026458797082225316,0.010010010010010228,-0.0032068103698181805,-0.11217265852863267,-0.10603722414362904,-0.16707212914451375,-0.10306725719479914,
001314.SZ,20240429,监管审批,,,,3.0,,80.0,1、用于主营业务相关项目及补充流动资金。,20240429,0,0.032590051457976,-0.01233981964878983,-0.009725410130875911,-0.004034171808258269,-0.017067212397159803,-0.0023730422401518902,0.004521175198457739,-0.22649140546006064,-0.16705250291177232,
300255.SZ,20240429,监管审批,,,,3.0,,80.0,1、合理合法使用。,20240429,0,0.01754385964912264,-0.041871921182266014,-0.039335685320503466,-0.026272577996716007,-0.03901461055875288,-0.15681444991789828,-0.15098751783858388,-0.2668308702791461,-0.2104917826975652,
002952.SZ,20240429,监管审批,,,,3.0,,80.0,1、合理合法使用。,20240429,0,0.0306291390728477,-0.02168674698795181,-0.019097079477749523,-0.015261044176706817,-0.028147171810241067,-0.06867469879518062,-0.06223866668654321,-0.26397827562797016,-0.20741998544582618,
002099.SZ,20240429,监管审批,,,,3.0,,80.0,1、合理合法使用。,20240429,0,0.05227655986509294,0.016025641025640747,0.018715136015099,0.028846153846153744,0.015382846869891997,-0.06410256410256421,-0.05763493572391398,-0.20512820512820518,-0.14404768516078525,
002731.SZ,20240429,监管审批,,,,3.0,,80.0,1、合理合法使用。,20240429,0,0.04028925619834722,-0.013902681231380387,-0.01129240872362236,0.002979145978152964,-0.010145669702609994,-0.07050645481628603,-0.06408308127125872,-0.2296360160954244,-0.17043875560053667,
301024.SZ,20240429,监管审批,,,,3.0,,80.0,1、用于公司主营业务相关项目及补充流动资金。,20240429,0,0.07550000000000012,-0.04323570432357049,-0.040703078496611256,0.01859600185960031,0.005266826640776268,0.016271501627149965,0.02329456436055155,0.0,0.0768432347977217,
002688.SZ,20240429,监管审批,,,,3.0,,80.0,1、用于主营业务相关项目及补充流动资金。,20240429,0,0.060209424083769614,0.05679012345679024,0.059587525045077694,0.1753086419753087,0.15992875161987175,0.16049382716049387,0.16851355509424382,-0.08423853188303576,-0.013868458369817427,
300182.SZ,20240429,监管审批,,,,3.0,,80.0,1、合理合法使用。,20240429,0,0.05273833671399619,-0.009633911368015613,-0.007012339110826993,-0.028901734104046395,-0.0416093619733805,-0.1502890173410406,-0.14441699049888335,-0.3063583815028902,-0.253056715747245,
301408.SZ,20240429,监管审批,,,,3.0,,80.0,1、用于公司主营业务相关项目及补充流动资金。,20240429,0,0.07794508414526136,0.028759244042728005,0.03148244582080384,0.06327033689400152,0.04935656087331797,0.007395234182415722,0.014356956434456558,-0.12779950698438802,-0.0607767997089006,
300334.SZ,20240429,监管审批,,,,3.0,,80.0,1、合理合法使用。,20240429,0,0.05313092979127143,0.007207207207207134,0.009873359150376126,0.06846846846846844,0.05448667057607115,-0.04504504504504503,-0.03844571745838821,-0.11891891891891904,-0.05121379852957497,
301500.SZ,20240429,监管审批,,,,3.0,,80.0,1、用于公司主营业务相关项目及补充流动资金。,20240429,0,-0.06074967686342092,-0.03899082568807344,-0.03644696335353015,0.035779816513761276,0.022225776799067454,-0.053669724770642246,-0.04712999903907178,-0.23211009174311936,-0.17310294722413488,
300899.SZ,20240429,监管审批,,,,3.0,,80.0,1、合理合法使用。,20240429,0,0.07907196969696972,-0.04563405002193943,-0.04310777279336031,-0.013163668275559592,-0.02607724181584703,-0.1071745177887925,-0.10100454316930418,-0.11119625419514922,-0.04289769926717246,
688648.SH,20240427,监管审批,,,,3.0,,80.0,1、合理合法使用。,20240426,1,-0.016293279022403295,-0.031746031746031855,-0.03933752894406595,-0.1080055210489993,-0.11936590036766126,-0.21325051759834368,-0.2189107068046554,-0.2213719116632159,-0.16691590592668737,
688184.SH,20240427,监管审批,,,,3.0,,80.0,1、用于公司主营业务相关项目及补充流动资金。,20240426,1,0.006142506142505777,-0.004884004884004645,-0.012686111083749618,-0.009768009768009733,-0.022379535161909603,-0.04884004884004878,-0.0556830724574231,-0.2661782661782661,-0.21485594536147445,
688506.SH,20240427,监管审批,,,,3.0,,80.0,1、用于公司主营业务相关项目及补充流动资金。,20240426,1,0.042060457398455986,0.05926336194959836,0.05095831481540336,0.2807394073663805,0.2644279998191599,0.21773746884519518,0.20897658036486422,0.11963445029077824,0.19793989670498147,
688207.SH,20240427,监管审批,,,,3.0,,80.0,1、用于公司主营业务相关项目及补充流动资金。,20240426,1,0.037156704361873905,0.03660436137071654,0.028476969836234822,0.025700934579439227,0.012637679190199647,-0.054517133956386354,-0.06131931436176308,-0.11137071651090347,-0.04922140275740505,
688225.SH,20240427,监管审批,,,,3.0,,80.0,1、用于公司主营业务相关项目及补充流动资金。,20240426,1,0.05678466076696154,0.026517794836008468,0.018469486005131985,0.047452896022330826,0.03411260917297887,0.025819958129797538,0.0184398006787867,-0.2833217027215632,-0.23319836649411485,
688210.SH,20240427,监管审批,,,,3.0,,80.0,1、用于主营业务相关项目建设、资产收购及补充流动资金。,20240426,1,0.03510696653867251,0.042925278219395846,0.03474832817638318,0.05246422893481717,0.039060118099867314,0.11689562071241455,0.108860228661523,0.023778579458866966,0.09538001926183592,
688102.SH,20240427,监管审批,,,,3.0,,80.0,1、用于公司主营业务相关项目及补充流动资金。,20240426,1,0.017119838872104554,0.024752475247524774,0.016718007226135256,0.06930693069306959,0.055688312386111605,0.23960396039603982,0.2306857556641897,0.09984158415841593,0.17676274910654888,
688718.SH,20240427,监管审批,,,,3.0,,80.0,1、用于公司主营业务相关项目及补充流动资金。,20240426,1,0.06703910614525155,-0.04275741710296688,-0.05026258064906208,-0.01308900523560208,-0.025658234663419544,-0.13001745200698078,-0.13627645304603797,-0.2826259162303666,-0.2324539178062629,
688655.SH,20240427,监管审批,,,,3.0,,80.0,1、用于公司主营业务相关项目及补充流动资金。,20240426,1,0.013215859030836885,0.04565217391304355,0.037453843920455254,0.035869565217391486,0.022676802859303624,-0.01304347826086949,-0.020144036667840037,-0.061107168967444836,0.0045574970760173805,
688685.SH,20240427,监管审批,,,,3.0,,80.0,1、用于公司主营业务相关项目建设和偿还银行贷款及补充流动资金。,20240426,1,0.13782991202346007,0.002577319587629079,-0.00528328637114317,0.038659793814433074,0.025431495300016538,0.030927835051546504,0.02351092949905431,-0.2495691758677483,-0.19708524178426845,
688456.SH,20240427,监管审批,,,,3.0,,80.0,1、用于公司主营业务相关项目及补充流动资金。,20240426,1,0.07793764988009588,0.0938079347423062,0.08523204438292309,0.17982944011865043,0.16480321485901106,0.3637374860956619,0.3539262153268803,0.08102370757680322,0.15662878027187288,
688136.SH,20240427,监管审批,,,,3.0,,80.0,1、公司主营业务相关项目;2、补充流动资金。,20240426,1,0.007251153592616966,0.07722513089005245,0.06877925632518966,0.2526178010471205,0.23666454831181372,0.21335078534031404,0.2046214564087101,-0.0215968586387435,0.0468310954470339,
688669.SH,20240427,监管审批,,,,3.0,,80.0,1、用于公司主营业务相关项目及补充流动资金。,20240426,1,0.011119936457506086,0.01492537313432818,0.006967953512018843,0.04320502749410848,0.029918841201335145,0.003142183817753219,-0.004074820690350811,-0.20471803300720204,-0.1490972815785877,
688070.SH,20240427,监管审批,,,,3.0,,80.0,1、用于公司主营业务相关项目及补充流动资金。,20240426,1,0.047254725472547277,-0.05500644606789862,-0.06241557234266348,-0.25762784701332186,-0.2670826468495927,-0.2475290073055435,-0.2529425834008341,-0.4398366996132359,-0.4006597724561203,
688129.SH,20240427,监管审批,,,,3.0,,80.0,1、用于公司主营业务相关项目及补充流动资金。,20240426,1,0.03069838833461236,0.03201787043931503,0.023926438822578167,0.11243484735666409,0.09826695491843784,0.0424422933730455,0.034942548220190384,-0.1439100567577668,-0.0840364925253666,
688519.SH,20240427,监管审批,,,,3.0,,80.0,1、用于公司主营业务相关项目及补充流动资金。,20240426,1,0.06783042394014949,0.05885100420364342,0.050549190118602594,0.09574964969640365,0.08179425876900548,0.19383465670247535,0.18524573457524296,-0.07473143390938819,-0.010019627210390847,
688398.SH,20240427,监管审批,,,,3.0,,80.0,1、用于真空绝热技术产业化项目建设及补充流动资金。,20240426,1,0.024201355275895287,-0.016383112791430232,-0.024095061399963313,0.04379332073093911,0.03049964197663302,-0.051354757403906715,-0.05817968920604821,-0.36355095342865307,-0.31903872294242597,
688339.SH,20240427,监管审批,,,,3.0,,80.0,1、用于公司主营业务相关项目及补充流动资金。,20240426,1,0.02911534154535267,-0.004080522306855183,-0.011888928130390108,0.020130576713819348,0.007138265012895717,-0.09140369967355821,-0.09794050343007721,-0.2474977237902778,-0.19486891565472686,
688051.SH,20240427,监管审批,,,,3.0,,80.0,1、用于公司主营业务相关项目及补充流动资金。,20240426,1,0.017381228273464444,0.0825740318906607,0.0740862198091028,0.10592255125284766,0.09183759896248156,0.031321184510250566,0.023901449045047762,-0.0865603644646924,-0.022675854288676356,
688098.SH,20240427,监管审批,,,,3.0,,80.0,1、用于公司主营业务相关项目及补充流动资金。,20240426,1,0.012024048096192397,0.06138613861386144,0.0530644480641711,0.09306930693069293,0.07914805266135816,0.023762376237623783,0.016397021850456994,-0.22722485014458904,-0.17317818958362186,
688058.SH,20240427,监管审批,,,,3.0,,80.0,1、用于公司主营业务相关项目及补充流动资金。,20240426,1,0.047272727272727355,0.02719907407407396,0.019145423742313872,0.005497685185185119,-0.0073082630323124675,-0.10416666666666674,-0.11061164855405103,-0.23025595582561742,-0.17642128595805906,
688033.SH,20240427,监管审批,,,,3.0,,80.0,1、用于公司主营业务相关项目及补充流动资金。,20240426,1,0.006105006105006083,0.024271844660194164,0.016241144974258548,-0.012135922330096971,-0.024717290155162552,-0.13106796116504849,-0.1373194044227145,-0.37378640776699024,-0.3299900286204638,
688108.SH,20240427,监管审批,,,,3.0,,80.0,1、公司主营业务相关项目;2、补充流动资金。,20240426,1,0.026459854014598605,-0.033777777777777906,-0.04135334527677348,0.07111111111111112,0.05746951488849139,-0.008888888888888946,-0.016019337066931483,-0.30666666666666675,-0.25817603995683824,
688010.SH,20240427,监管审批,,,,3.0,,80.0,1、公司主营业务相关项目建设;2、补充流动资金。,20240426,1,0.02941176470588247,0.04425770308123256,0.036070306296004606,0.030252100840336027,0.01713088211580005,-0.036974789915966366,-0.043903176932992616,-0.19383753501400558,-0.1374558189220184,
688288.SH,20240427,监管审批,,,,3.0,,80.0,1、用于公司主营业务相关项目建设及补充流动资金。,20240426,1,0.024812030075187952,0.0660308143800441,0.057672707720303196,0.052090975788701366,0.038691618679723705,-0.021276595744680882,-0.02831792182451487,0.005135730007336692,0.07543331867536085,
300491.SZ,20240427,监管审批,,,,3.0,,80.0,1、合理合法使用。,20240426,1,0.013591217982226844,-0.0293965961835998,-0.037006513893270254,-0.10830324909747302,-0.11965983657252577,-0.14130995358432186,-0.14748771186825815,-0.2640845514210828,-0.21261579953593424,
603070.SH,20240427,监管审批,,,,3.0,,80.0,1、合理合法使用。,20240426,1,0.012406947890818865,0.02287581699346397,0.014856062721095409,0.03676470588235281,0.023560543075341167,0.05800653594771221,0.0503948154331999,-0.04010136860547053,0.027032409588126693,
600735.SH,20240427,监管审批,,,,3.0,,80.0,1、用于公司主营业务相关项目。,20240426,1,0.0020703933747410197,0.016528925619834878,0.00855893350662984,0.03305785123966953,0.019900898674216183,-0.06198347107438007,-0.0687319356760463,-0.2568229179000211,-0.20484629895664175,
603297.SH,20240427,监管审批,,,,3.0,,80.0,1、公司主营业务相关项目建设;2、补充流动资金。,20240426,1,0.038576512455515966,0.019051535087719396,0.011061764710406985,0.027275219298245723,0.014191913928896183,-0.08155153508771917,-0.08815921924123238,-0.24169053994395173,-0.18865558663898607,
600278.SH,20240427,监管审批,,,,3.0,,80.0,1、公司主营业务相关项目建设;2、补充流动资金。,20240426,1,0.02772963604852685,0.021922428330522825,0.013910149005430972,0.03709949409780777,0.023891067451491388,0.001686340640809636,-0.0055201899514920605,-0.0809443507588532,-0.016667065547923077,
001283.SZ,20240427,监管审批,,,,3.0,,80.0,1、用于公司主营业务相关的产能提升及补充流动资金。,20240426,1,-0.01883239171374762,0.08884014258294481,0.08030320169497585,0.12585686865917212,0.11151803429605978,0.29585961063888133,0.2865366803477254,0.0927072606859527,0.1691294624374553,
002076.SZ,20240427,监管审批,,,,3.0,,80.0,1、合理合法使用。,20240426,1,0.022727272727272707,0.061111111111110894,0.05279157688670799,0.0277777777777779,0.014688071858770302,0.03333333333333344,0.02589912166788544,-0.18888888888888888,-0.13216107238540353,
002995.SZ,20240427,监管审批,,,,3.0,,80.0,1、用于公司主营业务相关项目建设及补充流动资金。,20240426,1,0.017437961099932897,0.035596572181938235,0.02747708211654798,0.014502307185234153,0.001581676731516879,-0.04746209624258402,-0.05431503339990151,-0.03427818061964405,0.033262862047340525,
603041.SH,20240427,监管审批,,,,3.0,,80.0,1、合理合法使用。,20240426,1,0.008174386920980714,0.027927927927928087,0.019868563091326674,0.0990990990990992,0.08510104981829048,0.0504504504504506,0.04289309142524367,-0.1481510195986514,-0.08857406153837755,
601595.SH,20240427,监管审批,,,,3.0,,80.0,1、合理合法使用。,20240426,1,0.056984016678248706,0.047337278106508895,0.03912573622511606,-0.08185404339250502,-0.09354748610217667,-0.14003944773175547,-0.14622634654094668,-0.4040105193951349,-0.3623279663754304,
600478.SH,20240427,监管审批,,,,3.0,,80.0,1、用于公司主营业务相关项目及补充流动资金。,20240426,1,0.036553524804177506,0.10075566750629705,0.09212530415166698,0.08060453400503764,0.06684203021218904,0.13853904282115836,0.130347939369182,-0.1234256926952142,-0.06211948473520035,
300609.SZ,20240427,监管审批,,,,3.0,,80.0,1、合理合法使用。,20240426,1,-0.029333333333333322,0.03571428571428581,0.027593872727864177,0.0071428571428571175,-0.005684043869668476,-0.05109890109890125,-0.057925673633230534,0.003338360296133658,0.073510243795323,
000510.SZ,20240427,监管审批,,,,3.0,,80.0,1、合理合法使用。,20240426,1,-0.01388888888888895,0.04788732394366191,0.03967146948357758,0.09859154929577474,0.08459996413377491,-0.005633802816901512,-0.012787669380926348,-0.22816901408450696,-0.17418838684252558,
605199.SH,20240427,监管审批,,,,3.0,,80.0,1、用于公司主营业务相关项目建设和偿还银行贷款及补充流动资金。,20240426,1,0.012601260126012592,0.027555555555555555,0.019499110266835373,0.08711111111111114,0.07326574000715746,-0.011555555555555652,-0.018666818671235763,-0.16853280265339954,-0.11038131396878215,
300084.SZ,20240427,监管审批,,,,3.0,,80.0,1、合理合法使用。,20240426,1,0.012367491166077826,0.017452006980802626,0.009474777541653046,-0.005235602094240899,-0.017904851915383158,0.022687609075043635,0.015329986991016398,-0.13438045375218166,-0.07384040429569017,
601678.SH,20240427,监管审批,,,,3.0,,80.0,1、合理合法使用。,20240426,1,0.012658227848101111,0.007500000000000062,-0.0003992017361018618,0.04249999999999998,0.02922279288809837,-0.02749999999999997,-0.03449655243030458,-0.13289278489548229,-0.07224869025360892,
000593.SZ,20240427,监管审批,,,,3.0,,80.0,1、合理合法使用。,20240426,1,-0.0039525691699604515,0.0714285714285714,0.06302814420123859,0.09126984126984139,0.07737150486935063,0.10317460317460325,0.09523792559013877,-0.10912698412698407,-0.04682074731175678,
603936.SH,20240427,监管审批,,,,3.0,,80.0,1、合理合法使用。,20240426,1,0.03698630136986303,0.05019815059445176,0.04196417833199351,0.036988110964332854,0.023781102885816807,-0.019815059445178362,-0.026866900399406424,-0.042532374479916424,0.024431383042930133,
300031.SZ,20240427,监管审批,,,,3.0,,80.0,1、合理合法使用。,20240426,1,0.026211278792692694,0.0975232198142415,0.0889182001384412,0.08746130030959764,0.0736114692204961,0.08281733746130038,0.07502711815642549,0.1844257460152472,0.26726259223957727,
603232.SH,20240427,监管审批,,,,3.0,,80.0,1、合理合法使用。,20240426,1,0.10033444816053505,0.10030395136778103,0.09167712964779673,0.03419452887537977,0.02102309966303073,-0.14665653495440722,-0.15279582780196432,-0.21059699872786575,-0.15538741277838686,
603569.SH,20240427,监管审批,,,,3.0,,80.0,1、用于公司主营业务相关项目。,20240426,1,-0.0010845986984815426,-0.005428881650380135,-0.01322671579900958,0.030401737242127913,0.017278612758840683,-0.12052117263843654,-0.12684849369445506,-0.2879197999168639,-0.23811804726827057,
603158.SH,20240427,监管审批,,,,3.0,,80.0,1、合理合法使用。,20240426,1,0.0,0.03430749682337986,0.026198113622813546,0.03430749682337986,0.02113462885914341,-0.003811944091486774,-0.010978917832985102,-0.15580998683497627,-0.09676868471879774,
300964.SZ,20240427,监管审批,,,,3.0,,80.0,1、合理合法使用。,20240426,1,0.03578595317725752,0.06038101388440431,0.05206720391338182,0.035841136583790734,0.02264873629079278,0.0487568614788505,0.04121168680740728,0.03208514394024964,0.10426753160500879,
300513.SZ,20240427,监管审批,,,,3.0,,80.0,1、用于公司主营业务相关项目建设和偿还银行贷款及补充流动资金。,20240426,1,0.02678571428571419,-0.01413043478260867,-0.021860045284976204,-0.05652173913043479,-0.0685378122960385,0.0728260869565216,0.0651077486881515,-0.20968110044672472,-0.15440745803332034,
603901.SH,20240427,监管审批,,,,3.0,,80.0,1、合理合法使用。,20240426,1,0.019583843329253448,0.025210084033613134,0.017172028176871246,0.07683073229291715,0.06311629137482244,0.0012004801920766361,-0.006002554926596959,-0.2591590511440872,-0.20734581763111526,
002587.SZ,20240427,监管审批,,,,3.0,,80.0,1、合理合法使用。,20240426,1,0.018416206261510082,0.041591320072332794,0.033424828793102934,0.010849909584086825,-0.0020242041891456175,0.041591320072332794,0.034097697160418994,0.032677095378894405,0.1049008831824636,
301060.SZ,20240427,监管审批,,,,3.0,,80.0,1、合理合法使用。,20240426,1,-0.002042900919305368,0.0491299897645856,0.040904392308957815,0.13203684749232347,0.11761930535087539,0.016376663254861645,0.009064444629256707,-0.22006141248720568,-0.1655137525299838,
000526.SZ,20240427,监管审批,,,,3.0,,80.0,1、合理合法使用。,20240426,1,-0.01393939393939403,-0.02151198524892428,-0.029183721452275768,-0.011985248924400782,-0.02456853571542672,-0.09956976029502151,-0.1060478141581862,-0.25122925629993853,-0.19886142559224562,
002852.SZ,20240427,监管审批,,,,3.0,,80.0,1、合理合法使用。,20240426,1,0.006435006435006496,0.0421994884910486,0.03402822892891155,0.0997442455242965,0.08573797970372299,0.0817018577918005,0.07391966369205938,-0.1436102131529272,-0.08371567833738247,
300624.SZ,20240427,监管审批,,,,3.0,,80.0,1、合理合法使用。,20240426,1,0.05764090644973874,0.022085485111526193,0.014071927356253289,-0.054279749478079564,-0.06632437646714329,-0.13053510603230423,-0.13679038286207723,-0.29592352488737506,-0.24668153998854114,
000723.SZ,20240427,监管审批,,,,3.0,,80.0,1、用于公司主营业务相关项目建设及补充流动资金。,20240426,1,0.018062397372742067,-0.006451612903225712,-0.014241428431023273,-0.001612903225806317,-0.014328291486449984,-0.09193548387096773,-0.09846846176011526,-0.2983870967741935,-0.24931741016103726,
603256.SH,20240427,监管审批,,,,3.0,,80.0,1、用于公司主营业务相关项目。,20240426,1,0.010954616588419341,0.10061919504643968,0.09198990169031274,0.11145510835913308,0.0972996938082793,0.09907120743034059,0.09116405130959548,-0.01393188854489158,0.05503214131525547,
300723.SZ,20240427,监管审批,,,,3.0,,80.0,1、用于公司主营业务相关项目建设及补充流动资金。,20240426,1,-0.012669287898645631,-0.01592920353982319,-0.02364471097788312,0.046017699115044275,0.03269569083315926,-0.05575221238938055,-0.0625455071484724,-0.170072082376166,-0.11202824845852755,
003042.SZ,20240427,监管审批,,,,3.0,,80.0,1、合理合法使用。,20240426,1,0.011659807956104329,0.0013559322033898091,-0.006495097591267207,0.021016949152542264,0.008013348674211107,-0.06440677966101693,-0.07113781001529895,-0.23322033898305083,-0.17959299334209633,
003025.SZ,20240427,监管审批,,,,3.0,,80.0,1、用于公司主营业务相关项目及补充流动资金。,20240426,1,0.01891659501289733,0.10042194092827006,0.09179419412308376,0.09620253164556969,0.08224137284533084,0.09113924050632916,0.08328915011561944,0.04467669461340362,0.11773971523497506,
002205.SZ,20240427,监管审批,,,,3.0,,80.0,1、合理合法使用。,20240426,1,-0.0014388489208633226,0.06628242074927959,0.057922341395276966,0.07925072046109505,0.06550545874288805,0.05907780979827071,0.051458382112897105,-0.15129682997118166,-0.09193988486736104,
600163.SH,20240427,监管审批,,,,3.0,,80.0,1、合理合法使用。,20240426,1,0.006880733944953921,0.05011389521640108,0.04188058354970314,0.04555808656036464,0.032241931871841434,0.17312072892938524,0.16468083105068954,0.24413927485919018,0.3311523899826043,
001267.SZ,20240427,监管审批,,,,3.0,,80.0,1、合理合法使用。,20240426,1,-0.019073569482288777,0.05277777777777759,0.044523580209587355,0.0888888888888888,0.0750208761314537,0.4888888888888887,0.47817722906985627,0.46412760416666665,0.5665263519203225,
002654.SZ,20240427,监管审批,,,,3.0,,80.0,1、用于与公司主营业务相关项目及补充流动资金。,20240426,1,0.03296703296703307,0.01837524177949712,0.010390773811390197,-0.030947775628626717,-0.04328955700534387,-0.11315280464216637,-0.11953313667300414,-0.025145067698259194,0.04303473030916227,
002377.SZ,20240427,监管审批,,,,3.0,,80.0,1、合理合法使用。,20240426,1,-0.0043290043290044045,0.10000000000000009,0.09426451317940843,0.021739130434782705,0.000462811097651894,-0.09565217391304348,-0.09654201971836607,-0.25217391304347825,-0.20102234362832005,
001269.SZ,20240427,监管审批,,,,3.0,,80.0,1、合理合法使用。,20240426,1,0.029654036243822013,-0.05508571428571418,-0.062494219066043466,-0.09508571428571422,-0.10661063936000392,-0.18399999999999994,-0.18987062908290853,-0.3563061688311687,-0.3112872496735334,
300459.SZ,20240427,监管审批,,,,3.0,,80.0,1、合理合法使用。,20240426,1,0.026109660574412663,0.040712468193384144,0.03255286746332353,0.0025445292620864812,-0.01022380776804932,-0.025445292620865145,-0.03245662743462174,-0.15267175572519087,-0.09341097073409832,
300214.SZ,20240427,监管审批,,,,3.0,,80.0,1、合理合法使用。,20240426,1,-0.016216216216216273,0.03296703296703307,0.024868159537604573,0.08241758241758257,0.06863198776691393,0.0787545787545787,0.07099358855438576,-0.02186805602954678,0.04654093094357359,
603313.SH,20240427,监管审批,,,,3.0,,80.0,1、用于公司主营业务相关项目建设及补充流动资金。,20240426,1,0.011820330969267046,0.029205607476635365,0.02113622512290303,-0.004672897196261849,-0.017349313587642246,-0.04672897196261694,-0.0535871835080709,-0.24065420560747675,-0.1875467727331026,
000668.SZ,20240427,监管审批,,,,3.0,,80.0,1、合理合法使用。,20240426,1,-0.012139605462822445,0.09984639016897079,0.09122315591123575,0.16743471582181257,0.15256634890422016,0.09984639016897079,0.09193365707478218,-0.10138248847926268,-0.0385346139993582,
603151.SH,20240427,监管审批,,,,3.0,,80.0,1、合理合法使用。,20240426,1,0.006993006993007089,0.03009259259259256,0.022016255921869954,0.10339506172839519,0.08934229936789895,0.016203703703703498,0.008892729418014333,-0.23129841295575748,-0.1775366508760241,
603439.SH,20240427,监管审批,,,,3.0,,80.0,1、合理合法使用。,20240426,1,0.007838014369693003,-0.025275437459494565,-0.032917666696855474,0.04147764095917039,0.028213454540533034,-0.027867790019442618,-0.03486169642182502,-0.176684553561124,-0.11910318532405184,
603922.SH,20240427,监管审批,,,,3.0,,80.0,1、用于公司主营业务相关项目及补充流动资金。,20240426,1,-0.02010050251256279,0.048717948717948545,0.04049558182842583,-0.00219780219780219,-0.01490574122603272,-0.03663003663003661,-0.0435609039395467,-0.2045183007097069,-0.14888358032299676,
301272.SZ,20240427,监管审批,,,,3.0,,80.0,1、合理合法使用。,20240426,1,0.0,0.0005091649694499711,-0.007335225832448389,-0.01120162932790214,-0.023794896243321095,0.14994908350305503,0.14167589167281358,-0.14361303462321795,-0.08371869713680202,
300774.SZ,20240427,监管审批,,,,3.0,,80.0,1、合理合法使用。,20240426,1,0.006180469715698633,-0.012285012285012553,-0.02002909163561517,0.011056511056511065,-0.0018202339786292931,-0.04054054054054068,-0.04744327412702898,-0.19834272775449246,-0.14227609765207472,
603065.SH,20240427,监管审批,,,,3.0,,80.0,1、合理合法使用。,20240426,1,-0.003988035892322883,0.04304304304304307,0.034865169676854935,0.08108108108108114,0.0673125080179906,-0.023023023023022948,-0.030051784609264498,-0.2866311523764633,-0.23673927377569381,
002685.SZ,20240427,监管审批,,,,3.0,,80.0,1、合理合法使用。,20240426,1,0.0072727272727273196,0.057761732851985714,0.0494684590886838,0.04332129963898912,0.03003363251230806,-0.025270758122743597,-0.032283348607211715,-0.0036101083032491488,0.06607581039249166,
002175.SZ,20240427,监管审批,,,,3.0,,80.0,1、用于公司主营业务以及补充流动资金。,20240426,1,0.014285714285714235,0.06572769953051649,0.057371969412061574,0.05164319248826321,0.03824953831609257,-0.018779342723004633,-0.025838635035946966,-0.2441314553990609,-0.19126721582510098,
000507.SZ,20240427,监管审批,,,,3.0,,80.0,1、用于公司主营业务相关项目建设、补充流动资金或偿还贷款。,20240426,1,0.008146639511201537,0.0060606060606061,-0.0018273102530590446,0.0060606060606061,-0.0067525114778033135,-0.0059995676445528945,-0.013150802750692026,-0.09305052200562058,-0.029619923089131195,
300490.SZ,20240427,监管审批,,,,3.0,,80.0,1、合理合法使用。,20240426,1,0.018726591760299893,0.07352941176470562,0.06511251311143695,0.0588235294117645,0.04533842697056101,0.07965686274509798,0.07188938115442012,-0.14093137254901966,-0.0808494838973125,
300649.SZ,20240427,监管审批,,,,3.0,,80.0,1、合理合法使用。,20240426,1,-0.020446096654275214,0.06925996204933593,0.060876537584259705,0.07020872865275152,0.05657862511002976,0.13851992409867186,0.1303289581944016,-0.10242937832229948,-0.039654721647084834,
300571.SZ,20240427,监管审批,,,,3.0,,80.0,1、合理合法使用。,20240426,1,0.01693515076414709,0.053614947197400564,0.045354185887142906,0.038992688870836734,0.02576015062825676,-0.07432981316003251,-0.08098945325812579,-0.2339561332250203,-0.18038024785895412,
300199.SZ,20240427,监管审批,,,,3.0,,80.0,1、用于公司主营业务相关项目及补充流动资金。,20240426,1,-0.06027820710973719,0.005756578947368363,-0.002128953672499656,0.12911184210526327,0.11473155262791823,0.01069078947368407,0.003419477289233086,-0.2615131578947367,-0.20986456685053512,
300712.SZ,20240427,监管审批,,,,3.0,,80.0,1、合理合法使用。,20240426,1,-0.006437768240343478,0.049244060475162055,0.041017568659678094,0.06997840172786174,0.056351231612751684,0.13650107991360705,0.12832463837868335,-0.10397631805359553,-0.04130985187413028,
300807.SZ,20240427,监管审批,,,,3.0,,80.0,1、合理合法使用。,20240426,1,0.018653321201091977,0.11299687360428767,0.10427053431272348,0.12728896828941472,0.11293189480553911,0.14113443501563205,0.13292465927824093,0.5649843680214381,0.6744368768624638,
688031.SH,20240426,监管审批,,,,3.0,,80.0,1、用于公司主营业务相关项目及补充流动资金。,20240426,0,0.05606097860831083,0.07054714784633287,0.062153631331348436,0.033993015133876536,0.02082415238645008,0.008847497089639056,0.001589446284940621,-0.280558789289872,-0.23024221930687405,
688073.SH,20240426,监管审批,,,,3.0,,80.0,1、用于公司主营业务相关项目建设和偿还银行贷款及补充流动资金。,20240426,0,0.0340241261985772,0.04995513012264441,0.041723063237588454,0.11426862099910262,0.10007737374797743,-0.019742746036494174,-0.026795107242193028,-0.08739947025890271,-0.023573645802844045,
688455.SH,20240426,监管审批,,,,3.0,,80.0,1、合理合法使用。,20240426,0,-0.008938547486033399,0.021420518602029315,0.013412174449343173,0.02367531003382184,0.010637852857170449,-0.013528748590755257,-0.020625815769647837,-0.07891770011273957,-0.014498674190340233,
688170.SH,20240426,监管审批,,,,3.0,,80.0,1、用于公司主营业务相关项目及补充流动资金。,20240426,0,-0.0347752332485155,0.057117750439366954,0.04882952575496513,0.06195079086115984,0.0484258598367846,0.12478031634446385,0.1166881986520436,-0.09895274800369736,-0.03593494135302011,
688711.SH,20240426,监管审批,,,,3.0,,80.0,1、用于公司主营业务相关项目建设和补充流动资金。,20240426,0,-0.05110602593440117,0.036977491961414755,0.028847174934317765,-0.03416398713826363,-0.04646480707006073,-0.061093247588424604,-0.06784811681250136,-0.1801611465604852,-0.12282292568882747,
688768.SH,20240426,监管审批,,,,3.0,,80.0,1、用于公司主营业务相关项目及补充流动资金。,20240426,0,0.004773269689737347,0.07046714172604895,0.062074252490949666,0.10609659540775929,0.09200942650320498,0.007917656373713333,0.0006662952135607636,-0.09116084737509245,-0.02759808763103766,
688376.SH,20240426,监管审批,,,,3.0,,80.0,1、用于公司主营业务相关项目及补充流动资金。,20240426,0,0.010312499999999947,0.03526136715125272,0.027144505226964544,0.012991030003093096,8.964706990410853e-05,-0.057531704299412345,-0.06431219668477894,-0.1958976149189302,-0.1396599775274172,
688621.SH,20240426,监管审批,,,,3.0,,80.0,1、用于公司主营业务相关项目及补充流动资金。,20240426,0,-0.018140981340704965,0.015132852366707583,0.00717380602448503,0.015660742565546393,0.002725358359819241,-0.1409466830899172,-0.147127054886512,-0.33244781266543233,-0.285760278157687,
688663.SH,20240426,监管审批,,,,3.0,,80.0,1、用于公司主营业务相关项目及补充流动资金。,20240426,0,-0.02377240841777073,0.013972055888223478,0.006022110653254753,0.050698602794411185,0.03731697885053875,0.05948103792415149,0.051858709255000024,-0.1544748497219638,-0.09534017024710228,
688613.SH,20240426,监管审批,,,,3.0,,80.0,1、用于公司主营业务相关项目及补充流动资金。,20240426,0,0.015873015873015817,0.02911931818181812,0.021050612370564714,0.0703125,0.056681074832655165,-0.04616477272727271,-0.053027043346794756,-0.14415871305418704,-0.0843025394462803,
688683.SH,20240426,监管审批,,,,3.0,,80.0,1、用于公司主营业务相关项目及补充流动资金。,20240426,0,0.04906832298136665,0.011841326228537508,0.003908086763719565,0.08052101835405545,0.06675957821069867,0.027827116637063165,0.02043251888812736,-0.17083488301766137,-0.1128443981593894,
688083.SH,20240426,监管审批,,,,3.0,,80.0,1、用于公司主营业务相关项目及补充流动资金。,20240426,0,-0.00322773460848802,0.0015591268889425525,-0.006293496033072166,-0.06008635164307963,-0.07205702615294807,-0.09666586711441594,-0.10316481274199207,-0.24804967809005163,-0.19545947275725728,
688056.SH,20240426,监管审批,,,,3.0,,80.0,1、用于公司主营业务相关项目及补充流动资金。,20240426,0,0.08576642335766405,0.05798319327731094,0.049688183175968126,0.04621848739495804,0.03289392188757856,-0.005042016806722671,-0.01220014091506394,-0.09693112539133308,-0.03377192968184195,
688060.SH,20240426,监管审批,,,,3.0,,80.0,1、用于公司主营业务相关项目及补充流动资金。,20240426,0,0.02512908777969014,0.0396239086635326,0.03147284267424433,0.07118871725990594,0.05754613265080111,0.002014775016789816,-0.0051941184632563475,-0.05809267965077236,0.007782814964096829,
688286.SH,20240426,监管审批,,,,3.0,,80.0,1、用于公司主营业务相关项目及补充流动资金。,20240426,0,0.02715466351829976,0.08218390804597675,0.07369915469092136,0.07902298850574696,0.06528062716580085,0.055172413793103336,0.047581083082445685,0.2732758620689657,0.36232674359716954,
688156.SH,20240426,监管审批,,,,3.0,,80.0,1、用于公司主营业务相关项目建设及补充流动资金。,20240426,0,0.03170227429359063,0.0794923179692717,0.07102866775367711,0.16633266533066138,0.15147833405107258,0.11957247828991324,0.11151782785918685,-0.2092102572491923,-0.15390368481406136,
688277.SH,20240426,监管审批,,,,3.0,,80.0,1、用于公司主营业务相关项目及补充流动资金。,20240426,0,0.04181600955794518,0.020642201834862428,0.01263995999598122,0.0366972477064218,0.02349394404202232,-0.06880733944954143,-0.0755067104235837,-0.1972477064220184,-0.1411044922753617,
688622.SH,20240426,监管审批,,,,3.0,,80.0,1、用于公司主营业务相关项目及补充流动资金。,20240426,0,0.025610482430017845,0.059233449477351874,0.05092863686886684,0.09523809523809534,0.08128921943251188,0.07897793263646924,0.0712153355394689,-0.132404181184669,-0.07172591437911768,
688365.SH,20240426,监管审批,,,,3.0,,80.0,1、用于公司主营业务相关项目及补充流动资金。,20240426,0,0.02545968882602545,0.06068965517241387,0.05237342533062406,0.0234482758620691,0.01041371017675563,-0.0675862068965517,-0.0742943631846622,-0.24413793103448267,-0.19127414435612844,
688369.SH,20240426,监管审批,,,,3.0,,80.0,1、用于公司主营业务相关项目及补充流动资金。,20240426,0,0.023084994753410415,0.014871794871794686,0.006914795324427736,0.008717948717948731,-0.0041290125507521536,-0.0953846153846154,-0.10189277884756831,-0.24845821804095203,-0.19589658534025656,
688006.SH,20240426,监管审批,,,,3.0,,80.0,1、用于公司主营业务相关项目及补充流动资金。,20240426,0,0.006760019314340893,0.03597122302158273,0.027848795544219263,0.020143884892086295,0.007151403699134695,-0.038915988833383874,-0.04583041009205191,-0.19293135723784394,-0.13648626451853474,
688023.SH,20240426,监管审批,,,,3.0,,80.0,1、用于公司主营业务相关项目建设及补充流动资金。,20240426,0,0.038582241092855796,0.020618556701030855,0.012616500249427176,-0.0010664770707429216,-0.01378882457669317,-0.16228226093138998,-0.16830913608119946,-0.3535855768023143,-0.3083763837804949,
301037.SZ,20240426,监管审批,,,,3.0,,80.0,1、用于公司主营业务相关项目及补充流动资金。,20240426,0,-0.006033182503770718,0.03338391502276172,0.025281773071786473,0.11911987860394535,0.10486684607514851,0.04628224582701068,0.03875487452641879,-0.09404754862239428,-0.03068668015613618,
300805.SZ,20240426,监管审批,,,,3.0,,80.0,1、合理合法使用。,20240426,0,0.017216642754662947,0.03385049365303239,0.025744693539549557,0.015514809590973178,0.0025812839774070895,-0.0253878702397744,-0.03239961817301684,0.07600549622763997,0.15125960323047405,
000756.SZ,20240426,监管审批,,,,3.0,,80.0,1、用于公司主营业务相关项目。,20240426,0,0.0038363171355497716,0.019108280254777066,0.011118064972728048,0.10509554140127397,0.09102112185055589,-0.007643312101910715,-0.014782721455579018,-0.08726114649681527,-0.02342564789761359,
603729.SH,20240426,监管审批,,,,3.0,,80.0,1、用于公司主营业务相关项目建设及补充流动资金。,20240426,0,0.025513033832501142,0.04002163331530584,0.03186744900615657,-0.006489994591670989,-0.019143268557668902,-0.16170903190914,-0.16774003109690194,-0.37479718766901016,-0.3310715008555337,
603022.SH,20240426,监管审批,,,,3.0,,80.0,1、合理合法使用。,20240426,0,0.023407022106631814,0.04828462515883114,0.04006565569879772,0.053367217280813284,0.03995160604942272,-0.016518424396442133,-0.023593982656543777,-0.13771027532698166,-0.07740310827673136,
300149.SZ,20240426,监管审批,,,,3.0,,80.0,1、合理合法使用。,20240426,0,0.026970954356846377,0.04646464646464632,0.03825994636328378,0.1212121212121211,0.1069324420277491,-0.03232323232323231,-0.03928508449869572,-0.21818181818181814,-0.1635027023988821,
605333.SH,20240426,监管审批,,,,3.0,,80.0,1、合理合法使用。,20240426,0,0.10008169934640532,0.028221314519123686,0.020159649414660752,0.12365391756405497,0.109343139832067,0.014481990345339923,0.007183402751457235,-0.1137226067878504,-0.05173778048648936,
301041.SZ,20240426,监管审批,,,,3.0,,80.0,1、用于公司主营业务相关项目投建及补充流动资金。,20240426,0,0.04317868626550303,0.011448701012769735,0.0035185398862009887,-0.007045354469396692,-0.019691555410820794,-0.001761338617349173,-0.008943065231560854,-0.05933827121547697,0.006450108713434988,
000755.SZ,20240426,监管审批,,,,3.0,,80.0,1、用于公司主营业务相关项目建设及补充流动资金。,20240426,0,-0.02092050209205043,0.014957264957265126,0.006999595290347438,-0.012820512820512775,-0.025393161748956672,-0.05341880341880345,-0.06022888565162687,-0.09594666360346138,-0.032718616207817686,
300429.SZ,20240426,监管审批,,,,3.0,,80.0,1、合理合法使用。,20240426,0,0.03833865814696491,0.07487179487179496,0.06644437139969739,0.17743589743589738,0.16244015616851692,0.2482051282051283,0.23922504324547567,0.1579487179487178,0.2389338030898367,
301499.SZ,20240426,监管审批,,,,3.0,,80.0,1、合理合法使用。,20240426,0,0.018552036199094957,0.03509551310528658,0.026979951542852154,0.0577521101732561,0.04428065325256436,0.08440693025322066,0.07660527478452939,0.0843014215904041,0.16013573237205314,
605108.SH,20240426,监管审批,,,,3.0,,80.0,1、用于公司主营业务相关项目。,20240426,0,-0.014440433212996373,0.012087912087911823,0.004152739291631402,-0.03882783882783902,-0.05106926027059855,-0.09230769230769242,-0.0988379923810635,-0.34385315989231646,-0.29796329716564063,
605005.SH,20240426,监管审批,,,,3.0,,80.0,1、合理合法使用。,20240426,0,0.0,0.020322773460848875,0.012323036067790616,0.031081888822474646,0.01795010197621405,-0.014943215780035879,-0.022030106718464948,-0.09992660800351061,-0.03697691156685057,
002779.SZ,20240426,监管审批,,,,3.0,,80.0,1、合理合法使用。,20240426,0,0.030169704588309143,0.028981086028065706,0.020913464012017213,0.057352043929225216,0.04388568222424616,0.0799267846247711,0.07215736110855775,-0.08874903597742301,-0.02501759799368719,
002989.SZ,20240426,监管审批,,,,3.0,,80.0,1、用于公司主营业务相关项目及补充流动资金等。,20240426,0,0.023987206823027574,-0.0036439354502864063,-0.011455764288863857,0.018219677251431587,0.0052517026324572225,-0.08901613742842274,-0.09557011825890449,-0.1598125976054139,-0.10105123169798635,
301125.SZ,20240426,监管审批,,,,3.0,,80.0,1、合理合法使用。,20240426,0,-0.023151605675877596,0.02828746177370034,0.020225278048385587,0.050458715596330306,0.037080146839040484,0.019113149847094668,0.011781243846767486,-0.04309651898411393,0.02382778317253531,
002171.SZ,20240426,监管审批,,,,3.0,,80.0,1、用于公司主营业务相关项目建设及补充流动资金。,20240426,0,-0.030637254901960675,-0.01137800252844512,-0.019129193197205296,-0.04045512010113783,-0.052675816603374614,-0.050568900126422345,-0.05739948569889253,-0.2439979860450997,-0.19112441183755302,
301066.SZ,20240426,监管审批,,,,3.0,,80.0,1、合理合法使用。,20240426,0,0.027663934426229275,0.032901296111665035,0.02480293808539491,0.03688933200398825,0.023683581967404832,-0.022931206380857216,-0.029960628532600952,-0.21770356544004343,-0.16299100142368284,
002453.SZ,20240426,监管审批,,,,3.0,,80.0,1、合理合法使用。,20240426,0,0.035580524344569264,0.054249547920433905,0.04598381108746352,0.07233273056057854,0.058675575878061714,-0.08499095840867998,-0.09157389798060434,-0.30560578661844495,-0.25704096365130547,
002338.SZ,20240426,监管审批,,,,3.0,,80.0,1、合理合法使用。,20240426,0,-0.01262626262626243,0.020460358056265893,0.012459541945118335,0.0646693459992691,0.05110979164672713,0.024844720496894457,0.017471579293935724,0.034643238382043196,0.10700453508910823,
002009.SZ,20240426,监管审批,,,,3.0,,80.0,1、合理合法使用。,20240426,0,0.07017543859649145,0.09985096870342769,0.09122769854815682,0.05141579731743651,0.0380250392342627,-0.06333830104321914,-0.07007701845834435,-0.25186289120715366,-0.1995393759135321,
600180.SH,20240426,监管审批,,,,3.0,,80.0,1、合理合法使用。,20240426,0,-0.05133470225872683,0.03463203463203479,0.026520106925640663,0.04329004329004338,0.03000277424203701,-0.03896103896103886,-0.045875136111141246,-0.18614409708004132,-0.12922431421838432,
300880.SZ,20240426,监管审批,,,,3.0,,80.0,1、合理合法使用。,20240426,0,0.06299212598425186,0.04876543209876538,0.04054269292060342,0.09753086419753099,0.083552787846783,0.3320987654320988,0.3225151162241917,-0.00916106059485966,0.060136633357434244,
603918.SH,20240426,监管审批,,,,3.0,,80.0,1、用于公司主营业务相关项目建设及补充流动资金。,20240426,0,0.014771048744461002,0.031295487627365226,0.023209719779920812,-0.01819505094614271,-0.03069925013278829,-0.12081513828238721,-0.12714034443245137,-0.33324740626801275,-0.28661579406060733,
603878.SH,20240426,监管审批,,,,3.0,,80.0,1、合理合法使用。,20240426,0,-0.04293785310734444,0.01298701298701288,0.005044790881171046,0.011806375442739103,-0.001079919812796315,0.021251475796930208,0.013904185827841031,-0.2502324496686724,-0.19779490389618348,
300189.SZ,20240426,监管审批,,,,3.0,,80.0,1、合理合法使用。,20240426,0,0.0,0.0370370370370372,0.02890625315280393,0.07818930041152261,0.06445755686485599,-0.09876543209876554,-0.10524927261940709,-0.25514403292181065,-0.2030499954427094,
301226.SZ,20240426,监管审批,,,,3.0,,80.0,1、用于公司主营业务相关项目及补充流动资金。,20240426,0,-0.005098789037603524,0.03139013452914807,0.02330362461225377,0.10506085842408708,0.09098688059334159,0.1204356181934656,0.11237475799041019,1.0147210237490643,1.1556273964707846,
000816.SZ,20240426,监管审批,,,,3.0,,80.0,1、用于公司主营业务相关项目建设及补充流动资金。,20240426,0,0.0,0.03153153153153143,0.0234439130057571,0.13963963963963955,0.12512526886896502,0.009009009009009139,0.0017497962232186914,-0.2567567567567569,-0.20477551060861687,
002955.SZ,20240426,监管审批,,,,3.0,,80.0,1、合理合法使用。,20240426,0,0.03165892781764468,0.018412438625204475,0.010427679018994995,-0.011865793780687528,-0.024450601944071892,0.004909983633387904,-0.0023197391308563686,-0.19309779597505294,-0.13666434371537273,
300380.SZ,20240426,监管审批,,,,3.0,,80.0,1、合理合法使用。,20240426,0,0.11051212938005373,0.05885922330097082,0.05055734477492968,0.01092233009708754,-0.0019527060187350953,-0.04126213592232997,-0.04815967806416821,0.056432038834951515,0.1303172094687719,
300789.SZ,20240426,监管审批,,,,3.0,,80.0,1、合理合法使用。,20240426,0,-0.009518477043672813,0.01921989824759751,0.011228807835977683,0.017524024872809463,0.004564910033891589,0.00847936687394002,0.0012239645446712188,-0.04756966724189171,0.019041790065162933,
300753.SZ,20240426,监管审批,,,,3.0,,80.0,1、合理合法使用。,20240426,0,0.012875536480686511,0.02203389830508473,0.014020745010944191,0.14322033898305087,0.12866036467588904,0.013559322033898313,0.006267372483426126,-0.11936110671101963,-0.057770628094722776,
300472.SZ,20240426,监管审批,,,,3.0,,80.0,1、合理合法使用。,20240426,0,0.030476190476190546,0.060998151571164394,0.05267950299459678,0.05730129390018468,0.0438355785440272,-0.049907578558225585,-0.05674292194151853,-0.2051756007393717,-0.14958685086762524,
003002.SZ,20240426,监管审批,,,,3.0,,80.0,1、合理合法使用。,20240426,0,-0.06586826347305386,-0.008814102564102644,-0.016585395230926836,0.05608974358974361,0.04263945845363226,-0.009374162953222909,-0.016501119876320303,-0.20153499159909416,-0.14569162333482233,
002657.SZ,20240426,监管审批,,,,3.0,,80.0,1、用于公司主营业务相关项目及补充流动资金。,20240426,0,0.04517133956386288,0.037257824143070106,0.02912530919988776,-0.01713859910581228,-0.029656253189232706,-0.07749627421758565,-0.08413313353335738,-0.19523099850968695,-0.13894673903049237,
002645.SZ,20240426,监管审批,,,,3.0,,80.0,1、合理合法使用。,20240426,0,-0.021321961620469065,0.10021786492374729,0.0915917181558108,0.11873638344226567,0.10448823508103544,-0.042483660130719136,-0.04937241414076421,-0.36274509803921573,-0.3181765073132704,
300318.SZ,20240426,监管审批,,,,3.0,,80.0,1、合理合法使用。,20240426,0,0.0,0.08158995815899583,0.07310986160788913,0.18619246861924688,0.17108520427350538,0.11715481171548103,0.1091175549412553,-0.029288702928870425,0.03860129584414351,
002634.SZ,20240426,监管审批,,,,3.0,,80.0,1、合理合法使用。,20240426,0,-0.024742268041237137,0.05073995771670203,0.04250173747036223,0.05496828752642724,0.04153228517633001,-0.038054968287526414,-0.04497558407101987,-0.3044397463002114,-0.25579337233432187,
000600.SZ,20240426,监管审批,,,,3.0,,80.0,1、合理合法使用。,20240426,0,0.0,0.04532163742690054,0.03712589897216367,0.01023391812865504,-0.002632350420469054,-0.049707602339181256,-0.0565443844310618,-0.22986829955775856,-0.1760065176295611,
002826.SZ,20240426,监管审批,,,,3.0,,80.0,1、用于公司主营业务相关项目建设及补充流动资金。,20240426,0,0.012925969447708408,0.030162412993039567,0.02208552890253679,0.0754060324825987,0.0617097364416781,0.03596287703016254,0.0285097473797864,-0.06692431648134145,-0.001666492450300927,
002213.SZ,20240426,监管审批,,,,3.0,,80.0,1、合理合法使用。,20240426,0,0.019056261343012748,0.0017809439002669514,-0.006073418155565058,-0.006233303650935107,-0.01888984681480721,-0.06678539626001778,-0.0734993138988792,-0.18878005342831705,-0.13204462514643067,
002953.SZ,20240426,监管审批,,,,3.0,,80.0,1、合理合法使用。,20240426,0,0.0009074410163338875,0.01994560290117864,0.011948822675703186,0.0389845874886674,0.025752152424724395,0.04895738893925672,0.04141077159337603,-0.14661160481122448,-0.08692698253776499,
002771.SZ,20240426,监管审批,,,,3.0,,80.0,1、合理合法使用。,20240426,0,0.10017371163867983,0.024736842105263168,0.016702496653942633,0.01473684210526316,0.0018132246312023703,-0.04421052631578948,-0.05108685656253997,-0.2221052631578947,-0.16770054685440794,
300440.SZ,20240426,监管审批,,,,3.0,,80.0,1、合理合法使用。,20240426,0,-0.055837563451776706,0.037634408602150504,0.029498941086647523,0.03584229390681015,0.022649878874227092,-0.0036983931031485673,-0.01086618377569415,-0.12983566389180667,-0.06897775908638137,
300266.SZ,20240426,监管审批,,,,3.0,,80.0,1、合理合法使用。,20240426,0,0.07499999999999996,0.05232558139534893,0.044074929227108095,0.01744186046511631,0.0044837920663500785,-0.05232558139534882,-0.05914352870293327,-0.2848837209302325,-0.23486962976317427,
300340.SZ,20240426,监管审批,,,,3.0,,80.0,1、用于主营业务相关项目建设及补充流动资金。,20240426,0,0.04868421052631566,0.021329987452948673,0.013322353100570172,0.03638644918444167,0.023187103828288258,0.007528230865746499,0.0002796713878399082,-0.18695106649937265,-0.13008772179090655,
300640.SZ,20240426,监管审批,,,,3.0,,80.0,1、用于公司主营业务相关项目及补充流动资金。,20240426,0,-0.010940919037199404,0.05973451327433654,0.05142577212588617,0.07964601769911517,0.06589572150292256,0.03332930623093411,0.025895123538065112,-0.1755829230722763,-0.11792450855711722,
300543.SZ,20240426,监管审批,,,,3.0,,80.0,1、用于公司主营业务相关项目及补充流动资金。,20240426,0,-0.007936507936507797,0.033333333333333215,0.025231587962972313,0.03866666666666663,0.025438280620084575,0.045333333333333226,0.03781278888725437,-0.07886440920131454,-0.014441656197627384,
300293.SZ,20240426,监管审批,,,,3.0,,80.0,1、合理合法使用。,20240426,0,0.03277378097521977,0.04024767801857587,0.032091721428818776,0.047987616099071095,0.034640519092207445,0.20743034055727572,0.1987436056640628,0.20433436532507754,0.2885635886079574,
301227.SZ,20240426,监管审批,,,,3.0,,80.0,1、合理合法使用。,20240426,0,-0.056217423678331935,0.03708086785009845,0.028949740314813566,-0.042209072978303785,-0.054407431259327454,-0.08154745972173982,-0.08815517319505939,-0.3220370064524949,-0.274621356774817,
300410.SZ,20240426,监管审批,,,,3.0,,80.0,1、用于公司业务相关项目建设及补充流动资金。,20240426,0,0.05333333333333323,0.04339963833634708,0.03521896912086864,0.05424954792043413,0.040822699387706995,0.27486437613019876,0.26569249392030403,-0.17179023508137437,-0.11386656602160905,
605286.SH,20240426,监管审批,,,,3.0,,80.0,1、用于公司主营业务相关项目建设及补充流动资金。,20240426,0,-0.02426504899673343,0.025824964131994088,0.01778208737010023,0.05882352941176472,0.04533842697056123,0.18603538976566236,0.17750257867189134,0.010435443720953064,0.08110368590727912,
300875.SZ,20240426,监管审批,,,,3.0,,80.0,1、用于公司主营业务相关项目及补充流动资金。,20240426,0,-0.005035971223021574,0.025668835864063766,0.01762718321004586,-0.021691973969631295,-0.034151636589142775,-0.13232104121475063,-0.1385634693153297,-0.3459869848156183,-0.30024635839829816,
002858.SZ,20240426,监管审批,,,,3.0,,80.0,1、用于公司主营业务相关项目建设及补充流动资金。,20240426,0,0.04046762589928066,0.030250648228176136,0.022173072338246502,0.0648228176318062,0.051261308675282447,-0.025064822817632004,-0.03207889488272686,-0.14347450302506493,-0.08357047685978325,
002734.SZ,20240426,监管审批,,,,3.0,,80.0,1、合理合法使用。,20240426,0,0.006211180124223503,0.07561728395061729,0.06718401554688147,0.16049382716049387,0.1457138589156084,0.07870370370370372,0.07094307951889478,0.05097059779077329,0.1244738039549238,
002357.SZ,20240426,监管审批,,,,3.0,,80.0,1、合理合法使用。,20240426,0,0.0,0.029360967184801412,0.021290366749008083,0.0345423143350605,0.02136645575141305,0.0,-0.007194398385917289,0.07425815727933549,0.14939005818503825,
002358.SZ,20240426,监管审批,,,,3.0,,80.0,1、合理合法使用。,20240426,0,0.010752688172043001,0.018617021276595924,0.010630657660823273,0.037234042553191626,0.024023902307154676,0.05585106382978733,0.04825485064040125,-0.16534199981479003,-0.10696735147245395,
603255.SH,20240426,监管审批,,,,3.0,,80.0,1、用于公司主营业务相关项目。,20240426,0,-0.015432098765432056,0.017241379310344973,0.009265801276118646,0.047021943573667624,0.033687145304571064,0.013479623824451448,0.006188247654648649,-0.25165205638878974,-0.19931379564448348,
001268.SZ,20240426,监管审批,,,,3.0,,80.0,1、合理合法使用。,20240426,0,0.018675721561969283,0.032777777777777795,0.024680388184497692,0.0555555555555558,0.04211207380089932,0.011666666666666936,0.004388333632913799,-0.12871548323471382,-0.0677792347820424,
002326.SZ,20240426,监管审批,,,,3.0,,80.0,1、合理合法使用。,20240426,0,0.10033444816053483,0.033434650455927084,0.02533211071892527,0.03850050658561299,0.025274236742205858,-0.045592705167173175,-0.05245909146862615,-0.22087132725430592,-0.16638031144319687,
300752.SZ,20240426,监管审批,,,,3.0,,80.0,1、合理合法使用。,20240426,0,-0.00351185250219499,0.06872246696035256,0.06034325667109752,0.08105726872246688,0.06728899893191076,0.22819383259911885,0.219357716872274,0.05374449339207055,0.12744170138718447,
300745.SZ,20240426,监管审批,,,,3.0,,80.0,1、合理合法使用。,20240426,0,0.046621621621621756,0.061329890251775376,0.05300864071167255,0.032278889606197625,0.01913185784164595,0.1936733376371853,0.18508557610357568,-0.10522918011620408,-0.042650337109715,
603676.SH,20240426,监管审批,,,,3.0,,80.0,1、用于公司主营业务相关项目建设及补充流动资金。,20240426,0,0.03301886792452824,0.06278538812785395,0.05445272690402936,0.10730593607305927,0.09320336509034455,0.033105022831050546,0.02567245372231164,-0.08660754785448577,-0.02272633760944287,
301317.SZ,20240426,监管审批,,,,3.0,,80.0,1、合理合法使用。,20240426,0,-0.005184331797234876,0.026056745801968706,0.018012051779360272,0.046323103647944563,0.03299720575528142,0.022582513028372997,0.015225647047174329,-0.11772321716927192,-0.05601818717264695,
603012.SH,20240426,监管审批,,,,3.0,,80.0,1、用于公司主营业务相关项目建设及补充流动资金。,20240426,0,-0.016513761467889854,0.018656716417910335,0.01067004157640139,0.016791044776119257,0.0038412651204653425,-0.018656716417910557,-0.025716890953344396,-0.19924991854475882,-0.14324673591825265,
002261.SZ,20240426,监管审批,,,,3.0,,80.0,1、合理合法使用。,20240426,0,0.038548752834467015,0.03056768558951961,0.02248762400025983,-0.06550218340611358,-0.07740388226130479,-0.14264919941775844,-0.14881732263363223,-0.2569141193595341,-0.20494387890066723,
600774.SH,20240426,监管审批,,,,3.0,,80.0,1、用于公司主营业务相关项目。,20240426,0,-0.011611030478955064,0.0587371512481647,0.05043622981569307,0.20411160058737154,0.1887761194297295,0.2276064610866373,0.21877457114445398,0.002936857562408468,0.07308066060123619,
300843.SZ,20240426,监管审批,,,,3.0,,80.0,1、合理合法使用。,20240426,0,-0.007676767676767726,0.0008143322475568926,-0.007032451187485855,-0.06758957654723141,-0.07946469050932081,0.2789087947882736,0.2697078154193133,0.14262804006643393,0.22254162144967116,
300731.SZ,20240426,监管审批,,,,3.0,,80.0,1、合理合法使用。,20240426,0,0.037834311806914656,0.032055311125078534,0.02396358595843595,0.01194217473287229,-0.0009458500529275771,0.0511103247081357,0.04354821828463451,-0.1005832879977887,-0.03767951871180708,
300702.SZ,20240426,监管审批,,,,3.0,,80.0,1、用于公司主营业务相关项目。,20240426,0,0.012863534675615407,0.018774157923798995,0.010786562294054614,0.135284373274434,0.12082547087168094,0.08117062396466035,0.0733922517727077,-0.10982852211590999,-0.04757134974790933,
300032.SZ,20240426,监管审批,,,,3.0,,80.0,1、合理合法使用。,20240426,0,0.013927576601671321,0.04120879120879106,0.033045299108383164,0.021978021978022122,0.00896218134338067,-0.013736263736263798,-0.02083183796852839,-0.2005494505494505,-0.14463715511718045,
688361.SH,20240425,监管审批,,,,3.0,,80.0,1、用于公司主营业务相关项目及补充流动资金。,20240425,0,-0.043713733075435246,0.0908171521035599,0.07819633233435663,0.08394012944983831,0.051282165541544966,0.046925566343042124,0.027845297907282296,-0.01901294498381878,0.0320141706898438,
688238.SH,20240425,监管审批,,,,3.0,,80.0,1、用于公司主营业务相关项目及补充流动资金。,20240425,0,0.011406844106463865,0.03195488721804507,0.02001510737830614,0.17481203007518786,0.1394161923948376,0.022556390977443774,0.0039202519263144,-0.20112781954887216,-0.15957360845922797,
688395.SH,20240425,监管审批,,,,3.0,,80.0,1、用于公司主营业务相关项目及补充流动资金。,20240425,0,-0.015247776365946653,0.018709677419354698,0.006923145450124846,0.07741935483870965,0.044957854938084685,0.004516129032257954,-0.013791225383524397,-0.14285463494153416,-0.09826928035572802,
688131.SH,20240425,监管审批,,,,3.0,,80.0,1、用于公司主营业务相关项目及补充流动资金。,20240425,0,0.04023944130362489,0.03452685421994883,0.02255731656798554,0.11732736572890046,0.08366347988103207,-0.05274936061381086,-0.07001304874645065,-0.07371756750803937,-0.025535972666842155,
688677.SH,20240425,监管审批,,,,2.0,,80.0,1、用于公司主营业务相关项目及补充流动资金。,20240425,0,0.03002196729314144,0.028199052132701352,0.01630272752980355,0.0914691943127961,0.05858438768332541,0.013270142180094702,-0.005196754543298265,-0.22555173249816518,-0.18526795798043527,
688316.SH,20240425,监管审批,,,,3.0,,80.0,1、用于公司主营业务相关项目及补充流动资金。,20240425,0,-0.005961251862891093,0.05367316341829076,0.041482101822400086,0.1475262368815593,0.11295249114624917,0.027286356821589086,0.008564013917101265,-0.19730134932533738,-0.15554810019770915,
688312.SH,20240425,监管审批,,,,3.0,,80.0,1、用于公司主营业务相关项目建设及补充流动资金。,20240425,0,-0.011318242343542062,0.048484848484848575,0.036353816003420025,0.11851851851851847,0.08481874450325444,0.22558922558922556,0.20325280343277696,0.36673854651382753,0.4378309483472689,
688388.SH,20240425,监管审批,,,,3.0,,80.0,1、用于公司主营业务相关项目及补充流动资金。,20240425,0,0.026030368763557243,0.011980267794221344,0.00027159549731892163,0.0599013389711065,0.0279676382675087,-0.1508104298801971,-0.16628695034318497,-0.3736042219276585,-0.34102155973884496,
300475.SZ,20240425,监管审批,,,,3.0,,80.0,1、合理合法使用。,20240425,0,0.04077615298087722,0.04215077006214529,0.030093023247359296,-0.0172926236152392,-0.046900552280705665,-0.08646311807619556,-0.10311237136930096,-0.2389738419019406,-0.19938823309967946,
603650.SH,20240425,监管审批,,,,3.0,,80.0,1、用于公司主营业务相关项目及补充流动资金。,20240425,0,0.0027238678924070836,-0.007809847198641751,-0.01928954668002225,0.007470288624787935,-0.022883720264324725,0.049235993208828654,0.03011361713312044,-0.020692965429564336,0.030246762141288297,
300663.SZ,20240425,监管审批,,,,3.0,,80.0,1、合理合法使用。,20240425,0,-0.013026052104208485,0.04162436548223347,0.02957270919995869,0.07411167512690353,0.04174983210004246,0.0010152284263960087,-0.01722832190868162,-0.034517766497461855,0.015702848910136513,
300517.SZ,20240425,监管审批,,,,3.0,,80.0,1、合理合法使用。,20240425,0,0.05424200278164104,0.00923482849604218,-0.0024420789037803425,0.12796833773087068,0.09398385070757964,0.2849604221635884,0.26154195711468464,0.3746701846965699,0.446175159373825,
301139.SZ,20240425,监管审批,,,,1.6,,80.0,1、合理合法使用。,20240425,0,-0.019607843137254943,0.04826086956521758,0.03613242853330134,0.08130434782608709,0.048725797216369715,-0.03869565217391313,-0.0562154698139139,-0.1502454529707259,-0.10604453987634421,
600505.SH,20240425,监管审批,,,,1.6,,80.0,1、合理合法使用。,20240425,0,0.009271523178808083,0.006561679790026309,-0.005084299119196389,0.18897637795275601,0.15315378352708153,0.7506561679790025,0.7187503757263249,0.1717903330062276,0.232742290080322,
603081.SH,20240425,监管审批,,,,1.6,,80.0,1、合理合法使用。,20240425,0,-0.04150579150579148,0.00805639476334341,-0.003606878087625831,0.07351460221550865,0.04117074836079948,0.05770059816853035,0.038423954263259175,-0.020575506363134877,0.030370330969654802,
300588.SZ,20240425,监管审批,,,,3.0,,80.0,1、合理合法使用。,20240425,0,0.017177914110429127,0.033775633293124496,0.021814787312268713,0.056694813027744484,0.02485772154239041,-0.03498190591073569,-0.0525694067537088,-0.06513872135102516,-0.016510888434654425,
002809.SZ,20240425,监管审批,,,,3.0,,80.0,1、用于公司主营业务相关项目及补充流动资金。,20240425,0,0.02067183462532296,-0.005063291139240422,-0.016574768438695098,0.1126582278481012,0.0791350181614443,0.015189873417721378,-0.003312010499141649,-0.1576167612396333,-0.1137992748151353,
603359.SH,20240425,监管审批,,,,3.0,,80.0,1、用于公司主营业务相关项目建设及补充流动资金。,20240425,0,0.007025761124121566,-0.004651162790697438,-0.01616740843982345,0.09534883720930254,0.062347141063290534,0.016279069767441978,-0.0022426648049022058,-0.2258525444133167,-0.18558441695668915,
301072.SZ,20240425,监管审批,,,,1.6,,80.0,1、合理合法使用。,20240425,0,0.018526886579304014,-0.016415261756876354,-0.027795396076516155,0.021739130434782927,-0.009044783490764208,-0.12511091393078955,-0.14105580929906947,-0.1822798319692729,-0.13974522217046925,
300603.SZ,20240425,监管审批,,,,3.0,,80.0,1、合理合法使用。,20240425,0,-0.0373493975903616,0.02252816020025028,0.010697448156590461,0.025031289111389077,-0.005851814055629845,-0.006257822277847325,-0.024368820916562672,-0.1101376720901126,-0.0638505088623128,
002208.SZ,20240425,监管审批,,,,3.0,,80.0,1、合理合法使用。,20240425,0,-0.008350730688935326,0.021052631578947212,0.009238991489792125,0.056842105263157805,0.02500057601931749,0.15999999999999992,0.13885894461170412,-0.13514847444698697,-0.09016227548617672,
002591.SZ,20240425,监管审批,,,,3.0,,80.0,1、合理合法使用。,20240425,0,0.028846153846153744,0.01635514018691575,0.004595850354457642,0.08878504672897192,0.055981110613042784,0.014018691588784993,-0.004461847483323456,-0.16355140186915884,-0.1200426122743854,
002985.SZ,20240425,监管审批,,,,3.0,,80.0,1、合理合法使用。,20240425,0,-0.10003547357218878,0.027591643673630317,0.01570234682297622,0.1143082380764684,0.08073531533553635,0.006700827749310134,-0.011646342904906626,-0.22502186199114826,-0.18471052567888158,
002849.SZ,20240425,监管审批,,,,3.0,,80.0,1、合理合法使用。,20240425,0,-0.029496402877697836,0.002965159377316562,-0.008639207575367402,0.03409933283914013,0.0029430191536305994,-0.10452186805040764,-0.12084199976295429,-0.2637347981303366,-0.22543715757515492,
300067.SZ,20240425,监管审批,,,,3.0,,80.0,1、用于公司主营业务相关项目建设及补充流动资金。,20240425,0,0.04260089686098656,0.11612903225806459,0.10321535251976965,0.13548387096774195,0.10127294891678384,-0.077763335827852,-0.09457114306783532,-0.21022700119474313,-0.16914609400040048,
301078.SZ,20240425,监管审批,,,,3.0,,80.0,1、用于公司主营业务相关项目建设及补充流动资金。,20240425,0,0.01153212520593061,0.02442996742671011,0.012577251359557673,0.06026058631921827,0.028316061874889664,0.0228013029315961,0.004160700348408097,-0.16453839320288832,-0.1210809430429195,
300840.SZ,20240425,监管审批,,,,3.0,,80.0,1、合理合法使用。,20240425,0,0.028189910979228516,0.0,-0.011570059881131245,0.045454545454545636,0.013956111283144335,-0.12770562770562766,-0.14360323429146737,-0.41657562014704863,-0.3862281622826832,
301030.SZ,20240425,监管审批,,,,3.0,,80.0,1、合理合法使用。,20240425,0,-0.0029093931837074205,0.00041684035014588616,-0.011158042398797474,0.0837849103793249,0.051131623056633435,9.670696123365019e-05,-0.018130103276283394,-0.3728853689037098,-0.34026531478783884,
300858.SZ,20240425,监管审批,,,,3.0,,80.0,1、合理合法使用。,20240425,0,0.021854304635761768,0.007777057679844379,-0.003882983224341774,0.11406351263771874,0.08049796321412117,0.016850291639662895,-0.0016818534785775219,-0.07812124205265858,-0.030168709164143048,
002972.SZ,20240425,监管审批,,,,3.0,,80.0,1、合理合法使用。,20240425,0,0.023489932885906173,0.005464480874316724,-0.006168803377749721,0.12131147540983611,0.0875275525722563,0.07735083126016229,0.057716060918526324,-0.005555012366601941,0.046172132406196775,
300629.SZ,20240425,监管审批,,,,3.0,,80.0,1、合理合法使用。,20240425,0,0.005499999999999838,0.03779214321233226,0.02578482597119791,0.015912481352560848,-0.014695881829671631,-0.06742072328899118,-0.08441702513633975,-0.16505415864916884,-0.12162353659356007,
300375.SZ,20240425,监管审批,,,,3.0,,80.0,1、合理合法使用。,20240425,0,0.016431924882629012,0.04849884526558901,0.03636765084056903,0.06466512702078542,0.03258789844699783,-0.04618937644341803,-0.06357262060079283,-0.07640926582732888,-0.0283676826211422,
300889.SZ,20240425,监管审批,,,,3.0,,80.0,1、合理合法使用。,20240425,0,-0.03027522935779825,0.010406811731314969,-0.0012836555847193232,0.07947019867549665,0.04694690903004761,0.022705771050142154,0.004066909540055175,-0.06819872602882004,-0.01973006260592769,
300981.SZ,20240425,监管审批,,,,3.0,,80.0,1、合理合法使用。,20240425,0,0.0071428571428571175,0.019503546099290947,0.007707829021896373,0.09308510638297895,0.06015161404049407,0.02039007092198597,0.0017934131573058565,-0.17956166875579938,-0.1368856707215398,
605055.SH,20240425,监管审批,,,,3.0,,80.0,1、用于公司主营业务相关项目及补充流动资金。,20240425,0,-0.09927797833935015,-0.018036072144288595,-0.029397453590690015,0.04208416833667328,0.010687280045235559,-0.0360721442885773,-0.05363977548505705,-0.18188577154308616,-0.13933066425978802,
603327.SH,20240425,监管审批,,,,3.0,,80.0,1、合理合法使用。,20240425,0,-0.03774879890185323,0.09985734664764623,0.08713193128623087,0.108416547788873,0.07502113541363675,0.024964336661911446,0.006284312685706839,-0.05451795119361591,-0.005337667289646242,
300404.SZ,20240425,监管审批,,,,3.0,,80.0,1、合理合法使用。,20240425,0,0.04154727793696256,0.005502063273727709,-0.006131655808950365,0.11004126547455328,0.07659690208246794,0.037069269751109246,0.018168632791361272,-0.033170481586615175,0.017120214320659244,
300686.SZ,20240425,监管审批,,,,3.0,,80.0,1、合理合法使用。,20240425,0,0.023738872403560984,0.06376811594202891,0.051460255140941324,0.09855072463768111,0.06545255902695102,0.02608695652173898,0.007386472744985495,-0.08260869565217399,-0.034889582575603706,
300385.SZ,20240425,监管审批,,,,3.0,,80.0,1、合理合法使用。,20240425,0,0.004950495049504955,-0.014778325123152691,-0.026177398897666238,0.08128078817733986,0.04870294739479619,0.0024630541871923928,-0.01580688284150733,-0.20935960591133007,-0.16823358020167656,
603215.SH,20240425,监管审批,,,,3.0,,80.0,1、合理合法使用。,20240425,0,-0.09999999999999998,-0.06066066066066056,-0.07152887306551903,-0.03903903903903905,-0.06799177132349721,-0.10030030030030024,-0.11669737028666616,-0.28280341703160483,-0.24549765156533143,
002044.SZ,20240425,监管审批,,,,3.0,,80.0,1、合理合法使用。,20240425,0,0.02232142857142838,0.05021834061135366,0.038067251522218015,-0.01091703056768556,-0.04071704907463303,-0.08296943231441045,-0.09968235819734272,-0.2559533397277387,-0.21725093809442786,
603150.SH,20240425,监管审批,,,,3.0,,80.0,1、用于公司主营业务相关项目建设及补充流动资金。,20240425,0,0.006857142857142895,0.017782822550132416,0.006007014347240602,0.09458948164964043,0.061610664079471356,0.05372682557699582,0.034522603866947055,-0.039727582292849006,0.010222038842327308,
301046.SZ,20240425,监管审批,,,,3.0,,80.0,1、合理合法使用。,20240425,0,-0.010396039603960405,0.00500250125062518,-0.006625437869531292,0.038019009504752344,0.006744600127792877,0.19309654827413714,0.17135230671323365,-0.021681126841802012,0.029207200431331293,
300382.SZ,20240425,监管审批,,,,3.0,,80.0,1、合理合法使用。,20240425,0,-0.01278409090909094,0.02302158273381294,0.011185161761892992,0.08057553956834518,0.04801894717673494,-0.0028776978417267562,-0.02105029940968639,-0.2626307919122537,-0.22427572526494732,
300397.SZ,20240425,监管审批,,,,3.0,,80.0,1、合理合法使用。,20240425,0,0.015677491601343796,0.19955898566703434,0.18568001637191767,0.2965821389195147,0.2575174972972294,0.1444321940463067,0.12357486266485673,-0.061742006615215006,-0.012937489863060425,
301380.SZ,20240425,监管审批,,,,1.6,,80.0,1、合理合法使用。,20240425,0,0.025166767738023177,0.03135167110322379,0.019418870510054642,0.025436261461106335,-0.005459043092337579,-0.016519133533330566,-0.034443119284452206,0.030699978404060024,0.0843129662145854,
300687.SZ,20240425,监管审批,,,,3.0,,80.0,1、合理合法使用。,20240425,0,-0.04436660828955041,0.05681124007330496,0.04458387074260428,0.06902871105681108,0.03682001233436161,-0.04592886991690959,-0.06331686181816876,-0.23046874033917075,-0.19044072936754297,
300328.SZ,20240425,监管审批,,,,3.0,,80.0,1、用于公司主营业务相关项目及补充流动资金。,20240425,0,-0.004032258064516014,0.014170040485829816,0.002436032387759468,0.05668016194331971,0.024843511879565794,-0.010121457489878694,-0.028162041192371867,-0.1497975708502024,-0.10557336067697021,
603208.SH,20240425,监管审批,,,,3.0,,80.0,1、用于公司主营业务相关项目及补充流动资金。,20240425,0,-0.09945820433436536,-0.016330038676407366,-0.027711159032191457,0.0008594757198108205,-0.029295356403547412,0.053287494628276866,0.034091279745745995,-0.2793341142548207,-0.24184788920634104,
301279.SZ,20240425,监管审批,,,,1.6,,80.0,1、合理合法使用。,20240425,0,0.01292596944770863,0.0023201856148493682,-0.009276718952781038,0.09396751740139209,0.06100743895289562,0.025928472707649863,0.007230877305975492,0.08495772890486775,0.14139299301031505,
603982.SH,20240425,监管审批,,,,3.0,,80.0,1、用于公司主营业务相关项目及补充流动资金。,20240425,0,-0.016129032258064613,0.02841530054644803,0.016516473936454057,0.12240437158469941,0.088587520947083,-0.029508196721311553,-0.047195456175623485,-0.17595628415300557,-0.1330927480913744,
603002.SH,20240425,监管审批,,,,1.6,,80.0,1、用于公司主营业务相关项目。,20240425,0,0.006564551422319376,0.03043478260869592,0.01851259047031273,0.11521739130434772,0.08161707674305907,0.04565217391304355,0.026595113115123192,0.038402620607504545,0.0924162697852704,
300658.SZ,20240424,监管审批,,,,3.0,,80.0,1、合理合法使用。,20240424,0,0.008752735229759168,0.00433839479392617,0.0016810053440172723,0.1193058568329719,0.08512920583622785,0.09110629067245113,0.0634376942126178,-0.12630176297135653,-0.08750613324679224,
600800.SH,20240424,监管审批,,,,3.0,,,1、合理合法使用。,20240424,0,-0.012448132780083165,0.0126050420168069,0.009925779758659159,0.09663865546218475,0.06315412005260845,0.02941176470588247,0.003307636306899342,-0.19327731092436973,-0.15745565831096642,
600874.SH,20240424,监管审批,,,,3.0,,,1、合理合法使用。,20240424,0,0.015332197614991605,-0.011744966442953086,-0.014359800759361718,0.030201342281878985,-0.0012546100984355268,0.005033557046979942,-0.020452381542362952,-0.05548265384486961,-0.013542377812629791,
300486.SZ,20240424,监管审批,,,,3.0,,80.0,1、合理合法使用。,20240424,0,0.05934065934065935,0.0,-0.0026459104458056437,0.06846473029045641,0.03584045162118432,-0.004149377593360981,-0.02940245260648522,0.0705394190871369,0.11807556961171795,
300978.SZ,20240424,监管审批,,,,3.0,,80.0,1、用于公司主营业务相关项目建设及补充流动资金。,20240424,0,0.0453172205438066,0.009633911368015502,0.006962510455487125,0.07803468208092479,0.045118196504664754,-0.0009633911368015502,-0.026297257338049884,0.0495754625660314,0.09618073116790127,
300950.SZ,20240424,监管审批,,,,3.0,,80.0,1、用于公司主营业务相关项目。,20240424,0,0.20017256255392568,0.05607476635513997,0.05328048709928912,0.30984902947519766,0.26985437308569016,0.1826024442846872,0.15261366126414422,-0.003906362921635265,0.0403241027898571,
300725.SZ,20240424,监管审批,,,,3.0,,80.0,1、合理合法使用。,20240424,0,0.0215660252156602,0.030204611886976318,0.027478782743067365,0.13380967846703462,0.09919017081312176,0.016888600194868486,-0.008897962089596367,-0.0751111698314072,-0.03404247692247342,
300647.SZ,20240424,监管审批,,,,3.0,,80.0,1、合理合法使用。,20240424,0,0.20104438642297628,-0.03695652173913033,-0.03950464853802582,0.026086956521739202,-0.005243368064052678,0.1130434782608698,0.08481859210127363,-0.05434782608695643,-0.012357159249709482,
301285.SZ,20240424,监管审批,,,,3.0,,80.0,1、合理合法使用。,20240424,0,0.012603215993046701,-0.020600858369098862,-0.023192260788553187,0.02145922746781115,-0.009729795006660491,0.05622317596566506,0.029439155859515287,-0.015825376340397934,0.027875838410432063,
301013.SZ,20240424,监管审批,,,,3.0,,80.0,1、合理合法使用。,20240424,0,0.03257042253521125,-0.017902813299232823,-0.02050135450432078,0.04859335038363177,0.016575820273525554,-0.04688832054560954,-0.07105760878582756,-0.1687979539641944,-0.13188932185572855,
300405.SZ,20240424,监管审批,,,,3.0,,80.0,1、合理合法使用。,20240424,0,0.03007518796992481,0.03406326034063256,0.03132722155847345,0.1046228710462287,0.07089454726742983,0.06082725060827254,0.033926479013797195,-0.17274939172749393,-0.1360162189593902,
300250.SZ,20240424,监管审批,,,,3.0,,80.0,1、合理合法使用。,20240424,0,0.035059760956175356,0.003079291762894343,0.0004252337868475564,0.06081601231716682,0.0284252780032197,-0.06851424172440346,-0.09213513345065816,-0.15550423402617397,-0.11800530859385816,
300915.SZ,20240424,监管审批,,,,3.0,,80.0,1、合理合法使用。,20240424,0,0.0705009276437849,-0.001386481802426509,-0.004028723741548279,0.14211438474870008,0.10724130292961487,0.0648180242634313,0.03781605344870487,-0.09873836886473386,-0.058718816295424525,
300929.SZ,20240424,监管审批,,,,3.0,,80.0,1、用于公司主营业务相关项目建设及补充流动资金。,20240424,0,0.059479553903345694,0.01754385964912264,0.014851529721811696,0.04444444444444429,0.012553596160789882,-0.002339181286549752,-0.02763815979372808,-0.20002783366142451,-0.16450593074357356,
300534.SZ,20240424,监管审批,,,,3.0,,80.0,1、合理合法使用。,20240424,0,0.001273885350318693,0.0050890585241729624,0.0024296828852587993,0.06870229007633588,0.036070757806233145,0.003816793893129722,-0.02163828965580239,-0.0545728856870773,-0.012592212379108791,
300903.SZ,20240424,监管审批,,,,3.0,,80.0,1、合理合法使用。,20240424,0,-0.04236006051437213,0.011058451816745807,0.008383281697763811,0.11058451816745674,0.0766741627019798,0.09162717219589278,0.06394536706812426,0.06161137440758302,0.10875108471874406,
300515.SZ,20240424,监管审批,,,,3.0,,80.0,1、合理合法使用。,20240424,0,0.05587229190421894,-0.003239740820734416,-0.005877079202460833,0.08639308855291583,0.053221389141100195,0.20194384449244063,0.17146459651729962,-0.010467316247277592,0.033471817394314485,
300489.SZ,20240424,监管审批,,,,3.0,,80.0,1、合理合法使用。,20240424,0,0.00852557673019061,-0.04127299850820476,-0.04380970429612785,0.042764793635007514,0.010925231457969975,-0.01044256588761816,-0.03553605636819224,-0.002983590253605173,0.04128785018489434,
300823.SZ,20240424,监管审批,,,,3.0,,80.0,1、合理合法使用。,20240424,0,0.0919899874843555,0.002865329512893977,0.00021183766179944108,0.09169054441260749,0.05835709359121788,0.08080229226361024,0.05339498764705031,-0.08665381995340193,-0.04609766599807308,
300582.SZ,20240424,监管审批,,,,3.0,,80.0,1、合理合法使用。,20240424,0,0.03887399463806962,0.023225806451612874,0.02051844260190472,0.1870967741935483,0.1508502095005273,0.22967741935483854,0.1984948951747887,0.22451612903225815,0.2788894496140357,
300816.SZ,20240424,监管审批,,,,3.0,,80.0,1、合理合法使用。,20240424,0,0.19573537452159662,-0.059899405578418,-0.0623868275613062,0.03703703703703698,0.005372364982344724,0.1321444901691815,0.10343523489267747,-0.1316872427983541,-0.09313074950831879,
300111.SZ,20240424,监管审批,,,,3.0,,80.0,1、合理合法使用。,20240424,0,0.022727272727272707,0.008888888888888946,0.006219459239120484,0.08888888888888902,0.05564098323146216,0.022222222222222143,-0.0036995916292126285,-0.057777777777777706,-0.015939414253197226,
300131.SZ,20240424,监管审批,,,,3.0,,80.0,1、用于公司主营业务相关项目及补充流动资金。,20240424,0,0.04861111111111094,0.01986754966887405,0.017169071465866992,0.0927152317880795,0.05935049337661913,0.05298013245033095,0.02627835040209958,-0.0573951434878589,-0.015539789499520396,
300949.SZ,20240424,监管审批,,,,3.0,,80.0,1、用于公司主营业务相关项目建设及补充流动资金。,20240424,0,0.04142011834319548,0.01647727272727262,0.01378776489343947,0.05624999999999991,0.023998683351437178,-0.01732954545454546,-0.04224839386762025,-0.20340909090909098,-0.16803732907957525,
300813.SZ,20240424,监管审批,,,,3.0,,80.0,1、用于主营业务相关项目建设及补充流动资金。,20240424,0,0.021596858638743388,0.018577834721332565,0.01588276898857721,0.18257527226137094,0.14646676616294552,0.31165604225958576,0.27839467988120936,0.02768927022400547,0.07332270601427493,
688143.SH,20240423,监管审批,,,,3.0,,80.0,1、公司主营业务相关项目及补充流动资金。,20240423,0,0.042786069651741254,0.024809160305343525,0.017120186040624263,0.0982824427480915,0.06897662996081433,0.04914122137404564,0.026420876276582295,-0.07347328244274798,-0.05541857749314427,
688117.SH,20240423,监管审批,,,,3.0,,80.0,1、用于公司主营业务相关项目及补充流动资金。,20240423,0,0.029576937476600618,0.003636363636363882,-0.0038937546237393095,0.05527272727272714,0.02711455613089142,-0.07272727272727264,-0.09280841712793764,-0.17256193700888012,-0.15643811693085508,
688393.SH,20240423,监管审批,,,,3.0,,80.0,1、公司主营业务相关项目及补充流动资金。,20240423,0,0.009047044632086942,0.016138673042438656,0.008514752014955551,0.12372982665869703,0.0937449933938237,0.032277346084877534,0.009922207366159563,-0.1196610773796416,-0.10250640800813426,
920130.BJ,20240423,意向,,,,1.0,,80.0,1、用于公司主营业务相关领域项目及补充流动资金。,20240423,0,0.03592814371257491,-0.011560693641618491,-0.018976790885091632,-0.018497109826589586,-0.04468685740884326,0.005780346820809079,-0.01600096927511796,0.5566538728323698,0.5869875111938665,
301368.SZ,20240423,监管审批,,,,3.0,,80.0,1、公司业务相关项目建设及补充流动资金。,20240423,0,0.2000548847420418,0.015321289732449062,0.007703501397254842,0.0324719871941459,0.00492221530749859,-0.004116167390807224,-0.02568316322787023,-0.08347037915935795,-0.06561048200984332,
301040.SZ,20240423,监管审批,,,,3.0,,80.0,1、合理合法使用。,20240423,0,0.04037558685446019,0.06859205776173272,0.06057458763181578,0.0893501805054151,0.060282710056011934,0.05776173285198549,0.03485470078454611,-0.12274368231046928,-0.10564908192720335,
300886.SZ,20240423,监管审批,,,,3.0,,80.0,1、合理合法使用。,20240423,0,0.08005822416302766,0.05929919137466322,0.051351444089997145,0.16172506738544445,0.13072639526800844,0.189353099730458,0.1635963071098967,0.08153638814016184,0.10261167934343374,
301099.SZ,20240423,监管审批,,,,3.0,,80.0,1、合理合法使用。,20240423,0,0.13217544892552247,0.06864274570982842,0.06062489527658932,0.060322412896516076,0.032029499419043095,0.012740509620384977,-0.009191536708535675,0.3341415430016217,0.3601392087606934,
603178.SH,20240423,监管审批,,,,3.0,,80.0,1、合理合法使用。,20240423,0,0.0,0.018046292663789876,0.010408059080619703,0.06786975284425267,0.03937545134222309,-0.04433111023930947,-0.06502720580005306,-0.23248191104866922,-0.21752571779820995,
300332.SZ,20240423,监管审批,,,,3.0,,80.0,1、合理合法使用。,20240423,0,-0.011456628477905073,-0.05960264900662271,-0.06665829537520496,-0.004966887417218513,-0.03151766614179574,-0.023178807947019875,-0.044332980645422015,-0.11250134411152635,-0.09520715704535987,
300123.SZ,20240423,监管审批,,,,3.0,,80.0,1、合理合法使用。,20240423,0,0.026666666666666616,-0.0037105751391467434,-0.011185570528224331,0.020408163265306145,-0.006819705846793811,-0.06307977736549175,-0.08336984923891277,-0.17625231910946193,-0.16020041143149477,
300083.SZ,20240423,监管审批,,,,3.0,,80.0,1、合理合法使用。,20240423,0,-0.0035087719298245723,0.07218309859154926,0.06413868547400758,0.021126760563380254,-0.006120283104432467,0.10915492957746475,0.08513491944618057,-0.028169014084507005,-0.009231490342238358,
002902.SZ,20240423,监管审批,,,,3.0,,80.0,1、合理合法使用。,20240423,0,-0.01053595968850174,0.10000000000000009,0.09174688125477815,0.15555555555555545,0.1247215064454974,0.124074074074074,0.09973097291880162,-0.13842592592592606,-0.12163691660232367,
600556.SH,20240423,监管审批,,,,3.0,,80.0,1、合理合法使用。,20240423,0,0.004784688995215447,0.03571428571428559,0.027943492090537703,0.09285714285714275,0.0636960950380836,-0.014285714285714457,-0.035632477030959175,-0.17159605710796444,-0.15545341547164282,
300345.SZ,20240423,监管审批,,,,3.0,,80.0,1、合理合法使用。,20240423,0,-0.020143884892086517,0.029368575624082238,0.021645392817513764,0.06754772393538921,0.03906201523112074,0.027900146842878337,0.005639801346762452,-0.06901615271659312,-0.050874594187267475,
301057.SZ,20240423,监管审批,,,,3.0,,80.0,1、合理合法使用。,20240423,0,0.03867403314917128,0.03812056737588665,0.030331719817331848,0.08244680851063846,0.05356354288815912,0.11170212765957444,0.08762695505990359,-0.02627242386316231,-0.007297942334131724,
300407.SZ,20240423,监管审批,,,,3.0,,80.0,1、合理合法使用。,20240423,0,0.05169867060561306,0.0196629213483146,0.012012558466507839,0.0926966292134832,0.06353986443001469,0.11235955056179758,0.0882701407222688,0.174926018402922,0.1978211407970225,
300767.SZ,20240423,监管审批,,,,3.0,,80.0,1、用于公司主营业务相关的项目建设、并购及补充流动资金。,20240423,0,0.024439918533604832,0.022862823061630122,0.015188451844538875,0.08946322067594425,0.060392733940432874,0.060636182902584324,0.03766690135358375,-0.1968190854870776,-0.18116795081616877,
300909.SZ,20240423,监管审批,,,,3.0,,80.0,1、合理合法使用。,20240423,0,0.023244312561820246,0.044949250845819355,0.03710916880040016,0.0710488158530691,0.042469686421766406,0.19043015949734143,0.164650041923861,-0.04012140723702451,-0.02141679305658617,
300240.SZ,20240423,监管审批,,,,3.0,,80.0,1、合理合法使用。,20240423,0,0.024640657084188833,0.02605210420841697,0.01835380434040168,0.08016032064128242,0.05133806608738767,0.07214428857715416,0.04892578592520058,0.3994930778177006,0.4267642121737911,
301022.SZ,20240423,监管审批,,,,3.0,,80.0,1、合理合法使用。,20240423,0,0.06400701446733881,0.042851256695509043,0.03502691555449822,0.03502266172229107,0.007404829392087864,-0.055212196126905644,-0.07567264941055185,-0.1870195820682975,-0.17117748998674298,
300272.SZ,20240423,监管审批,,,,3.0,,80.0,1、合理合法使用。,20240423,0,-0.04933586337760898,0.05988023952095789,0.05192813272779362,0.08383233532934131,0.05491209926284846,0.17367223301985146,0.14825502738322904,-0.0659244862420193,-0.04772268214724662,
300881.SZ,20240423,监管审批,,,,3.0,,80.0,1、合理合法使用。,20240423,0,-0.059272727272727366,-0.015075376884422065,-0.02246510403866364,-0.010823347506764613,-0.03721785648113907,0.07073830691921135,0.047550252397422055,-0.02016538737644291,-0.0010719014627629253,
301096.SZ,20240423,监管审批,,,,3.0,,80.0,1、用于公司主营业务相关项目建设及补充流动资金。,20240423,0,-0.08420633868187233,-0.0030408340573416792,-0.010520854403398117,-0.002896032435563356,-0.029502068429163475,-0.09759629307848261,-0.11713887058929151,-0.2632756114319462,-0.24891947769859657,
300464.SZ,20240423,监管审批,,,,3.0,,80.0,1、合理合法使用。,20240423,0,0.058651026392961825,0.06094182825484773,0.05298175653633863,0.09972299168975085,0.07037874028600122,0.06648199445983383,0.043386115220027,-0.049861495844875314,-0.0313466812920844,
300187.SZ,20240423,监管审批,,,,3.0,,80.0,1、合理合法使用。,20240423,0,0.013513513513513375,0.006666666666666599,-0.0008861874577485995,0.0016666666666667052,-0.02506111724940774,-0.035024875621890494,-0.05592250826625833,-0.3264583333333334,-0.3133334057597478,
300956.SZ,20240423,监管审批,,,,3.0,,80.0,1、合理合法使用。,20240423,0,0.08284600389863539,0.034203420342034274,0.026443962492218365,0.12961296129612965,0.09947114651577693,1.1134113411341136,1.0676430174564184,1.0273522927513992,1.0668581664417252,
300112.SZ,20240423,监管审批,,,,3.0,,80.0,1、合理合法使用。,20240423,0,0.029045643153526868,0.040322580645161255,0.03251721174388833,0.053763440860215006,0.025645542478214045,0.0026881720430107503,-0.019026179495026496,-0.09727369197735058,-0.07968277221999676,
300395.SZ,20240423,监管审批,,,,3.0,,80.0,1、用于主营业务相关项目建设及补充流动资金。,20240423,0,-0.03759662684469445,0.021540708287696386,0.013876256679899779,-0.017524644030668113,-0.04374034022090101,0.09200438116100762,0.06835578564073463,0.1775999931572998,0.20054722179325823,
300170.SZ,20240423,监管审批,,,,3.0,,80.0,1、用于公司主营业务相关项目建设及补充流动资金。,20240423,0,0.019642857142857073,0.08756567425569184,0.07940584820763785,0.16112084063047294,0.1301382912838953,0.11908931698774072,0.09485416641044697,0.057634374755735296,0.07824390086969046,
300757.SZ,20240423,监管审批,,,,3.0,,80.0,1、合理合法使用。,20240423,0,-0.00801266198437045,0.13891104906262464,0.13036598712793457,0.30634224172317515,0.27148470446139417,0.20213402473075393,0.17610044665866775,0.18947039474880678,0.21264893522316863,
300883.SZ,20240423,监管审批,,,,3.0,,80.0,1、合理合法使用。,20240423,0,0.036951501154734556,0.022271714922048824,0.014601778691927692,0.09131403118040082,0.062194158691246226,0.09131403118040082,0.0676803859732773,-0.09807185511850158,-0.08049648871729187,
300891.SZ,20240423,监管审批,,,,3.0,,80.0,1、用于公司主营业务相关项目建设及补充流动资金。,20240423,0,0.006702412868632601,0.025299600532623145,0.017606946575692062,0.27430093209054607,0.24029836308192531,0.22370173102529956,0.19720107976993773,-0.009427167717263707,0.009875567842386301,
002825.SZ,20240423,监管审批,,,,3.0,,80.0,1、合理合法使用。,20240423,0,0.0769230769230771,-0.005830903790087438,-0.013289990702678667,0.08892128279883371,0.05986525676063548,0.07288629737609331,0.04965172568058884,-0.11738858808829655,-0.10018963599630326,
300535.SZ,20240423,监管审批,,,,3.0,,80.0,1、主营业务相关项目建设及补充流动资金。,20240423,0,0.032579185520361875,0.05083260297984227,0.042948379112802915,0.12094653812445211,0.09103597221517212,0.14723926380368102,0.12239449414641657,-0.02639433421110693,-0.007422228280449028,
002378.SZ,20240423,监管审批,,,,3.0,,80.0,1、公司主营业务相关项目及补充流动资金。,20240423,0,-0.06033182503770729,0.04012841091492758,0.032324498837146054,0.1075441412520064,0.07799119567640123,0.043338683788122,0.02074399923445136,-0.1284063222627143,-0.11142206655881515,
300444.SZ,20240423,监管审批,,,,3.0,,80.0,1、主营业务相关项目建设及补充流动资金。,20240423,0,-0.004983388704318803,0.016694490818029983,0.009066399581362683,0.04674457429048395,0.01881396251315337,0.1769616026711185,0.15147316199758465,0.0,0.01948643747392853,
300034.SZ,20240423,监管审批,,,,3.0,,80.0,1、合理合法使用。,20240423,0,-0.017553793884484747,0.04438040345821315,0.03654458938101013,0.026512968299711837,-0.0008777972281712731,-0.03170028818443804,-0.05266991854688874,-0.08880156422522212,-0.07104555288015535,
301089.SZ,20240423,监管审批,,,,3.0,,80.0,1、合理合法使用。,20240423,0,-0.13144536468073753,-0.01322669947708377,-0.020630296953292993,0.030452168563519066,0.0029562921270305242,0.12775607199619876,0.10333323299273722,-0.032378475991176936,-0.01352297966515148,
301049.SZ,20240423,监管审批,,,,3.0,,80.0,1、合理合法使用。,20240423,0,-0.005424954792043413,0.07545454545454544,0.06738558721025001,0.28181818181818197,0.24761502769172772,0.08454545454545448,0.06105839055526485,-0.18227272727272736,-0.1663381359020012,
301263.SZ,20240423,监管审批,,,,3.0,,80.0,1、合理合法使用。,20240423,0,-0.02437223042836023,0.025738077214231714,0.01804213343900929,0.08099924299772887,0.052154603217079876,0.09204814241725212,0.06839859919725733,0.039493808599578184,0.05974983970538972,
300972.SZ,20240423,监管审批,,,,3.0,,80.0,1、合理合法使用。,20240423,0,-0.0019091256204657459,0.058148431522570654,0.050209318199456066,0.04973221117061977,0.02172187934708103,0.009946442234123776,-0.01192509539115616,-0.2280030604437644,-0.2129595903510375,
300923.SZ,20240423,监管审批,,,,3.0,,80.0,1、用于公司主营业务相关项目建设及补充流动资金。,20240423,0,0.017758726270667546,0.03128760529482566,0.02355002432484965,0.07099879663056563,0.04242100187776954,0.03850782190132396,0.01601775515024295,0.24695426263304698,0.2712529589046946,
920781.BJ,20240422,监管审批,,,,1.0,,80.0,1、用于公司主营业务相关项目建设及补充流动资金。,20240422,0,0.0,0.024886877828054432,0.03255754511020714,0.04751131221719462,0.02447916981112641,0.00452488687782826,-0.018616221647446585,0.012382739212007499,0.03352672099987575,
920593.BJ,20240422,监管审批,,,,1.0,,80.0,1、公司主营业务相关项目及补充流动资金。,20240422,0,0.019865319865319808,0.0838560581049852,0.09196807454633893,0.08715747771541782,0.06325361572125576,0.03849714325749165,0.014573420302251172,-0.16853748706454785,-0.15117209001670184,
300667.SZ,20240422,监管审批,,,,3.0,,80.0,1、用于公司主营业务相关项目及补充流动资金。,20240422,0,0.0880609652836577,0.038132295719844445,0.04590209705850534,0.0357976653696499,0.013023076633065234,0.011669801728946494,-0.011635903265896586,0.005395880477914394,0.02639393917947741,
300791.SZ,20240422,监管审批,,,,3.0,,80.0,1、合理合法使用。,20240422,0,0.02994505494505484,0.0421445718858362,0.04994440271963363,0.001600426780474784,-0.020422250583035595,0.056815150706855055,0.03246943820820958,-0.2045847010953562,-0.18797216322561516,
300487.SZ,20240422,监管审批,,,,3.0,,80.0,1、合理合法使用。,20240422,0,-0.0847597442771707,0.02703920684993233,0.03472598303167751,0.08066696710229837,0.056905815132348714,0.08720144209103209,0.06215572456932805,-0.08404686795853988,-0.0649168535950988,
300326.SZ,20240422,监管审批,,,,3.0,,80.0,1、用于主营业务相关项目建设、资产收购及补充流动资金。,20240422,0,0.024390243902439046,0.01298701298701288,0.020568616875075163,0.06277056277056281,0.039402907776080465,0.006493506493506551,-0.016692952864551525,-0.16429596648205025,-0.14684198373388013,
300581.SZ,20240422,监管审批,,,,3.0,,80.0,1、合理合法使用。,20240422,0,0.19999999999999996,-0.037878787878787845,-0.030677884185959514,-0.08658008658008665,-0.10666389596434644,0.025974025974025983,0.002338796434844248,-0.23170675902463989,-0.2156606752010758,
300692.SZ,20240422,监管审批,,,,3.0,,80.0,1、合理合法使用。,20240422,0,-0.008264462809917328,0.014583333333333393,0.02217688472752255,0.07916666666666661,0.0554385025345403,0.07499999999999996,0.05023536550499008,-0.11752647762213864,-0.09909569708556332,
300827.SZ,20240422,监管审批,,,,3.0,,80.0,1、合理合法使用。,20240422,0,0.05525709900230247,-0.013818181818181619,-0.006437198833003532,0.047272727272727355,0.02424583075026221,0.016363636363636358,-0.007050199886191044,0.06993684374878018,0.09228286394663732,
300058.SZ,20240422,监管审批,,,,3.0,,80.0,1、主营业务相关项目及补充流动资金。,20240422,0,-0.027508090614886793,0.0033277870216306127,0.010837097361803272,0.10149750415973391,0.07727834100622366,0.016638935108153285,-0.0067812431628694325,-0.13658164049878796,-0.11854883397068139,
300779.SZ,20240422,监管审批,,,,3.0,,80.0,1、合理合法使用。,20240422,0,-0.06032738642633795,0.00019573302016051564,0.007681601803343208,-0.0066549226854570875,-0.02849608565165873,0.4098649442160891,0.3773860697687972,0.16017632458631037,0.18440702916831708,
301459.SZ,20240422,监管审批,,,,3.0,,80.0,1、合理合法使用。,20240422,0,-0.02875647668393777,0.041877834089090404,0.04967566854949812,0.07655374766604428,0.05288303505908609,0.2203254201120297,0.19221294290826818,-0.061245132035209426,-0.04163889512231045,
300364.SZ,20240422,监管审批,,,,3.0,,80.0,1、合理合法使用。,20240422,0,-0.022943722943722933,0.06734603455914923,0.07533448331690762,0.12317235268054949,0.09847661405531039,-0.012848914488258645,-0.03558978502225907,-0.10412051395657951,-0.08540974499209597,
300951.SZ,20240422,监管审批,,,,3.0,,80.0,1、合理合法使用。,20240422,0,0.03164556962025311,0.016271005601493638,0.023877188216484324,0.08668978394238458,0.06279620535944419,0.10723193896637828,0.08172478150618923,0.16268915179889132,0.18697233769133637,
301220.SZ,20230424,监管审批,,,,1.8,,80.0,1、年产432吨香精、香料、食品添加剂系列产品项目;2、补充流动资金。,20230424,0,-0.03696953918250445,-0.016220600162206056,-0.013044268979724993,-0.021357123546904555,-0.04327738769265754,0.0002703433360367047,0.023440137432526376,-0.05440389294403891,-0.02115664229185621,
301220.SZ,20240422,监管审批,,,,3.0,,80.0,1、主营业务相关项目建设及补充流动资金。,20240422,0,-0.004096681687832948,0.01192924722336497,0.019502934365285718,0.17605923488276431,0.15020064656980558,0.12299465240641716,0.09712437137693297,0.018716577540107027,0.03999284384554902,
300872.SZ,20240422,监管审批,,,,3.0,,80.0,1、合理合法使用。,20240422,0,-0.006505576208178376,0.025257249766136525,0.03293068906144425,0.2067352666043032,0.18020218941201382,0.20668893152859935,0.17889059633001358,0.13907678906162735,0.16286682216871973,
301070.SZ,20240422,监管审批,,,,3.0,,80.0,1、合理合法使用。,20240422,0,-0.04099378881987592,0.07772020725388606,0.08578630050957914,0.16483160621761672,0.1392198852551889,0.40932642487046644,0.376859956222954,0.2932443987499618,0.32025427846770116,
300483.SZ,20240422,监管审批,,,,3.0,,80.0,1、用于公司主营业务相关项目及补充流动资金。,20240422,0,-0.09726775956284162,0.002421307506053072,0.009923833387460057,0.04721549636803868,0.02418985820940356,0.08111380145278435,0.05620832411279486,-0.1610169491525425,-0.14349448293462141,
301446.SZ,20240422,监管审批,,,,3.0,,80.0,1、合理合法使用。,20240422,0,-0.03547671840354771,0.0055172413793103114,0.013042938480081201,0.07586206896551717,0.05220656463568596,0.16913495443513304,0.14220174529845764,0.058045977011494276,0.08014365213194452,
688035.SH,20240420,监管审批,,,,3.0,,80.0,1、用于主营业务相关项目及补充流动资金。,20240419,1,-0.03790726817042611,0.00651253663301854,0.013344442161724146,0.12634321068055998,0.11781907989793172,0.068381634646695,0.03682988389627839,-0.06720192589640528,-0.039589708198880635,
688121.SH,20240420,监管审批,,,,3.0,,80.0,1、用于公司主营业务相关项目及补充流动资金。,20240419,1,-0.020408163265305923,-0.044642857142857206,-0.03815817909999064,0.010119047619047361,0.0024744977284982816,-0.080952380952381,-0.10809395701807545,-0.3416666666666667,-0.3221790156710256,
688038.SH,20240420,监管审批,,,,3.0,,80.0,1、合理合法使用。,20240419,1,-0.021067415730337102,-0.0057388809182209455,0.0010098656589003774,0.16212338593974174,0.15332847189101617,0.44045911047345765,0.3979190617250019,0.1822094691535152,0.21720463706025828,
688345.SH,20240420,监管审批,,,,3.0,,80.0,1、公司主营业务相关项目建设及补充流动资金。,20240419,1,-0.010460251046025104,-0.04862579281183932,-0.042168149742931926,0.008985200845665897,0.0013492318726313624,0.12315010570824514,0.08998091687027965,-0.18604651162790697,-0.16195227136246904,
688607.SH,20240420,监管审批,,,,3.0,,80.0,1、公司主营业务相关项目建设及补充流动资金。,20240419,1,-0.019392917369308482,0.02149613069647449,0.028429740372318157,0.15305245055889927,0.14432618507019845,0.18056749785038684,0.1457026422330061,-0.028876961126388934,-0.00013026716882635903,
688092.SH,20240420,监管审批,,,,3.0,,80.0,1、公司主营业务相关项目及补充流动资金。,20240419,1,-0.01618533798794053,0.07612903225806456,0.08343347370067034,0.1706451612903226,0.1617857547077941,0.09096774193548396,0.05874897183122596,-0.16903225806451594,-0.14443437045417462,
688377.SH,20240420,监管审批,,,,3.0,,80.0,1、公司主营业务相关项目建设及补充流动资金。,20240419,1,0.03395061728395077,-0.08716417910447771,-0.0809681230549042,-0.06865671641791049,-0.07570509374863488,-0.010746268656716462,-0.03996119162811762,-0.24550580431177438,-0.22317164801231748,
688360.SH,20240420,监管审批,,,,3.0,,80.0,1、用于公司主营业务相关项目及补充流动资金。,20240419,1,-0.01304631441617743,0.0006609385327163153,0.007453125166765107,0.03370786516853941,0.025884795832147534,0.16655651024454698,0.13210543110400796,0.02127729450353666,0.05150862941754819,
688228.SH,20240420,监管审批,,,,3.0,,80.0,1、公司主营业务相关项目建设及补充流动资金。,20240419,1,-0.021755438859715093,0.052402862985685195,0.05954625830007343,0.17689161554192223,0.1679849359857002,0.26482617586912083,0.22747296897239044,-0.11389862693543662,-0.08766870140879268,
688026.SH,20240420,监管审批,,,,2.0,,80.0,1、公司主营业务相关项目及补充流动资金。,20240419,1,-0.0219560878243511,0.12244897959183665,0.1300678269586224,0.14183673469387736,0.13319534939795252,0.2091836734693875,0.173473716802643,0.13457725947521837,0.16816244275660175,
688028.SH,20240420,监管审批,,,,3.0,,80.0,1、公司主营业务相关项目及补充流动资金。,20240419,1,0.0018867924528300772,-0.028876333961079692,-0.022284637482800185,0.06591337099811678,0.057846571383947554,0.13057124921531726,0.09718289705347494,-0.04302411485623758,-0.014696197801665867,
688003.SH,20240420,监管审批,,,,3.0,,80.0,1、公司主营业务相关项目及补充流动资金。,20240419,1,-0.008146067415730318,0.018974794675729045,0.02589129027810322,0.07108467856131395,0.0629787426505275,-0.04899461908807734,-0.07707998087994361,-0.08193991445508242,-0.054763963254888304,
688218.SH,20240420,监管审批,,,,3.0,,80.0,1、公司主营业务相关项目建设及补充流动资金。,20240419,1,-0.018650575973669703,0.01788708775852421,0.024796200332241725,0.06707657909446607,0.059000976357193036,0.07937395192845154,0.04749757293303691,-0.1384897039203008,-0.11298771104057526,
002228.SZ,20240420,监管审批,,,,3.0,,80.0,1、用于公司主营业务相关项目建设及补充流动资金。,20240419,1,0.0,-0.027237354085602905,-0.020634532702997643,0.015564202334630295,0.007878443680635838,0.10894941634241251,0.07619960630769929,-0.04954928180832374,-0.02141451945185413,
300599.SZ,20240420,监管审批,,,,3.0,,80.0,1、合理合法使用。,20240419,1,-0.007181328545781018,-0.019891500904159254,-0.013238818071113156,0.030741410488245968,0.022940791189654197,0.1397753139487854,0.10611514472556394,-0.12259796171445958,-0.0966255495043743,
603507.SH,20240420,监管审批,,,,3.0,,80.0,1、用于公司主营业务相关项目及补充流动资金。,20240419,1,-0.036243822075782584,0.09999999999999987,0.1074664704194499,0.1038461538461537,0.09549228009784883,0.45170940170940166,0.40883710615565194,0.18715021264296627,0.22229163394431417,
300466.SZ,20240420,监管审批,,,,1.6,,80.0,1、公司主营业务相关项目建设及补充流动资金。,20240419,1,-0.022503516174402383,-0.04604316546762577,-0.039567992298109256,0.04028776978417281,0.032414903931986316,-0.018705035971222972,-0.0476849183593302,-0.1553956834532374,-0.13039413284522428,
300946.SZ,20240420,监管审批,,,,3.0,,80.0,1、合理合法使用。,20240419,1,-0.017916666666666692,-0.02163767501060687,-0.014996844684208921,0.06703436571913435,0.0589590824513877,0.06067034365719115,0.029346324948747782,0.12186934804745442,0.15507835814991955,
300040.SZ,20240420,监管审批,,,,3.0,,80.0,1、合理合法使用。,20240419,1,-0.014354066985645675,-0.019417475728155442,-0.012761575354241494,0.055825242718446466,0.04783478974888111,0.4684466019417475,0.4250800186233401,0.20007170782037975,0.2355956246989821,
002921.SZ,20240420,监管审批,,,,3.0,,80.0,1、合理合法使用。,20240419,1,-0.03660714285714295,-0.03429101019462455,-0.027736066916280167,0.0676552363299352,0.05957525433249811,0.06209453197405024,0.030728453730570093,-0.1657984947368899,-0.1411048828969821,
002562.SZ,20240420,监管审批,,,,3.0,,80.0,1、合理合法使用。,20240419,1,0.04166666666666652,-0.055384615384615365,-0.0489728491782625,-0.024615384615384706,-0.03199706539089042,0.10153846153846158,0.0690075139319426,-0.021538461538461395,0.007425462979305575,
300460.SZ,20240420,监管审批,,,,3.0,,80.0,1、合理合法使用。,20240419,1,-0.023225806451612763,-0.047556142668428,-0.041091239134834256,0.07397622192866571,0.065848402906592,0.1466314398943196,0.11276879360678715,0.036988110964332854,0.06768450953613359,
002908.SZ,20240420,监管审批,,,,3.0,,80.0,1、合理合法使用。,20240419,1,-0.026285714285714357,-0.0035211267605633756,0.003242673267299434,0.055164319248826255,0.04717886812775518,0.04225352112676073,0.01147339326710295,-0.1653113260036878,-0.14060329324087062,
300580.SZ,20240420,监管审批,,,,3.0,,80.0,1、用于公司主营业务相关项目建设及补充流动资金。,20240419,1,0.004016064257028384,-0.02320000000000011,-0.01656977426752848,0.13280000000000003,0.12422700443435275,0.05239999999999978,0.021320223436151364,-0.19350567685589515,-0.16963223903402458,
002374.SZ,20240420,监管审批,,,,3.0,,80.0,1、合理合法使用。,20240419,1,-0.012048192771084376,0.008130081300812941,0.014972966238076868,0.04878048780487809,0.04084334932386757,0.032520325203251765,0.0020276408579942284,-0.3333333333333335,-0.3135990032111652,
001296.SZ,20240420,监管审批,,,,3.0,,80.0,1、合理合法使用。,20240419,1,0.009029345372460584,0.008501118568232657,0.015346521995298179,0.04295302013422808,0.0350599837493506,0.05055928411633093,0.019533868098265517,-0.10405219083923034,-0.07753079608191227,
603657.SH,20240420,监管审批,,,,3.0,,80.0,1、合理合法使用。,20240419,1,0.09994926433282592,-0.10009225092250906,-0.09398394675094457,-0.25276752767527677,-0.2584225600479352,-0.3491697416974169,-0.36839024626700634,-0.5313641354804353,-0.51749181319416,
603800.SH,20240420,监管审批,,,,3.0,,80.0,1、合理合法使用。,20240419,1,0.0688153310104529,-0.06071719641401785,-0.05434162616995164,-0.0851670741646291,-0.09209050161563082,-0.025672371638141733,-0.05444649268476931,-0.18521766780409477,-0.16109889252219856,
603168.SH,20240420,监管审批,,,,3.0,,80.0,1、合理合法使用。,20240419,1,-0.011574074074074181,-0.040983606557376984,-0.034474090617916064,0.0187353629976581,0.011025605097281233,0.003512880562061005,-0.026123147665621183,-0.21347966483293268,-0.19019748691995475,
002676.SZ,20240420,监管审批,,,,3.0,,80.0,1、合理合法使用。,20240419,1,0.002538071065989911,0.10126582278481,0.10874088523005909,0.10632911392405076,0.09795644921022895,0.22278481012658236,0.1866731808179527,0.0303797468354432,0.060880527948313334,
300958.SZ,20240420,监管审批,,,,3.0,,80.0,1、合理合法使用。,20240419,1,0.043512658227848,-0.09476876421531466,-0.08862432581099777,-0.06747536012130395,-0.07453267792015361,-0.019711902956785488,-0.048662050262280765,-0.2444622803643567,-0.22209723419579674,
301168.SZ,20240420,监管审批,,,,3.0,,80.0,1、用于公司主营业务相关项目及补充流动资金。,20240419,1,-0.03380197427460363,-0.025077399380804888,-0.01845991687282622,-0.009907120743034015,-0.017400113207236778,0.1083591331269349,0.07562675550427644,-0.158463309761119,-0.1335525654784826,
300436.SZ,20240420,监管审批,,,,3.0,,80.0,1、合理合法使用。,20240419,1,0.03706070287539953,-0.030807147258164025,-0.024228556562037373,0.04004929143561298,0.03217823038023515,0.102895871842267,0.0703248368080136,-0.07085643869377711,-0.04335240003922103,
300164.SZ,20240420,监管审批,,,,3.0,,80.0,1、公司业务相关项目建设及补充流动资金。,20240419,1,0.19999999999999996,-0.08835341365461846,-0.08216542977285446,-0.06024096385542177,-0.06735303134274917,-0.13453815261044189,-0.1600972184042493,-0.3313253012048193,-0.31153153032927106,
300822.SZ,20240420,监管审批,,,,3.0,,80.0,1、合理合法使用。,20240419,1,-0.020697167755991175,0.13459399332591748,0.14229527740705716,0.1568409343715238,0.14808599775382758,0.2936596218020022,0.2554548973671116,0.44424092436754603,0.48699261513366787,
003040.SZ,20240420,监管审批,,,,3.0,,80.0,1、合理合法使用。,20240419,1,-0.02478632478632481,0.006134969325153339,0.01296431204009929,0.0999123575810692,0.09158825468193155,0.13935144609991235,0.1057037946627375,-0.09122392853904826,-0.06432279803704188,
002437.SZ,20240420,监管审批,,,,3.0,,80.0,1、合理合法使用。,20240419,1,0.0,0.0,0.006787700381318151,0.05025125628140703,0.042302987069793296,0.05025125628140703,0.01923493702910073,-0.06030150753768826,-0.03248502713935564,
300566.SZ,20240420,监管审批,,,,3.0,,80.0,1、合理合法使用。,20240419,1,-0.014251781472684244,0.09558232931726929,0.10301881391174161,0.1389558232931729,0.13033624064613858,0.24979919678714868,0.21288977091692662,0.1710128514056226,0.20567658268603273,
300792.SZ,20240420,监管审批,,,,3.0,,80.0,1、合理合法使用。,20240419,1,-0.021673690547862723,-0.0012307692307690354,0.005548577057772119,0.058461538461538565,0.0504511340868572,0.10952351743942912,0.07675675288759276,-0.09006674659157443,-0.0631313617737238,
301180.SZ,20240420,监管审批,,,,3.0,,80.0,1、合理合法使用。,20240419,1,-0.0016353229762877675,-0.012285012285012331,-0.005580698886265556,0.08599508599508598,0.0777763085793457,0.15233415233415237,0.11830309191849575,0.054597446836252894,0.08581510807904658,
688306.SH,20240419,监管审批,,,,3.0,,80.0,1、公司主营业务相关项目建设及补充流动资金。,20240419,0,0.020618556701030855,-0.010101010101010055,-0.0033818723498061365,0.07070707070707072,0.06260399252091342,0.18181818181818166,0.14691639064562123,-0.0505050505050505,-0.022398580331053353,
688258.SH,20240419,监管审批,,,,3.0,,80.0,1、用于公司主营业务相关项目及补充流动资金。,20240419,0,-0.026047904191616844,-0.003996311097448579,0.0027642635215097133,0.07931140485705512,0.0711432093346398,0.1878266215800799,0.15274738745303718,-0.12208952589080002,-0.09610206322012971,
920706.BJ,20240419,意向,,,,1.0,,80.0,1、公司主营业务及相关业务领域。,20240419,0,-0.0018450184501844769,-0.026802218114602705,-0.020196443159401167,-0.03327171903881687,-0.04058788894159404,-0.0508317929759704,-0.07886289882528186,-0.12807696489657994,-0.10226673937279929,
002324.SZ,20240419,监管审批,,,,3.0,,80.0,1.合理合法使用。,20240419,0,-0.0290644868301545,-0.04022450888680995,-0.033709840419801074,-0.04677268475210483,-0.0539866797615276,-0.04957904583723105,-0.07764714817187413,-0.23031472974684508,-0.20753089492682597,
300221.SZ,20240419,监管审批,,,,3.0,,80.0,1、合理合法使用。,20240419,0,-0.05555555555555558,-0.02287581699346397,-0.01624339080387527,0.12418300653594772,0.11567522411185815,-0.0702614379084966,-0.09771874194935326,-0.30718954248366015,-0.2866813170625834,
603602.SH,20240419,监管审批,,,,3.0,,,nan,20240419,0,-0.05301794453507347,-0.0482342807924202,-0.04177398025722934,0.06287683031869085,0.054833011151007804,0.09819121447028434,0.06575911871760698,0.11313575993449643,0.14608624277050342,
920799.BJ,20240419,监管审批,,,,1.0,,80.0,1、公司主营业务相关项目建设及补充流动资金。,20240419,0,-0.0193133047210301,-0.021881838074398363,-0.015242665053721627,0.20897155361050346,0.19982209406945772,0.04704595185995619,0.0161242925708176,0.08947208633588044,0.12172208905184001,
301141.SZ,20240419,监管审批,,,,3.0,,80.0,1、合理合法使用。,20240419,0,-0.03311567164179108,0.0028943560057885787,0.009701702408470902,0.06536420646406182,0.057301562910199166,0.07694163048721636,0.04513708350142265,0.16747689435120594,0.20203595601590152,
300471.SZ,20240419,监管审批,,,,3.0,,80.0,1、合理合法使用。,20240419,0,-0.01300108342361872,-0.01207464324917662,-0.00536890192844508,0.004390779363337094,-0.003210419169200729,0.027442371020856227,-0.0029003497350909013,-0.16136114160263437,-0.13653617747529645,
300967.SZ,20240419,监管审批,,,,3.0,,80.0,1、合理合法使用。,20240419,0,0.007134363852556502,0.07083825265643462,0.0781067818723209,0.07792207792207795,0.0697643967831838,0.3837072018890202,0.3428431666699985,0.27981109799291604,0.31769542004562634,
001338.SZ,20240419,监管审批,,,,3.0,,80.0,1、合理合法使用。,20240419,0,0.002014098690835908,0.031155778894472297,0.038154955368072896,0.09447236180904528,0.08618942863062684,0.18090452261306544,0.14602971388439556,-0.0032254993812532717,0.02628051619760141,
300556.SZ,20240419,监管审批,,,,3.0,,80.0,1、合理合法使用。,20240419,0,-0.017680707228289183,0.000529380624669118,0.007320674283055384,0.05293806246691379,0.04496945958870935,0.008470089994706331,-0.021312335953943884,-0.13755244884885454,-0.11202271181764611,
920826.BJ,20240419,监管审批,,,,1.0,,80.0,1、用于公司主营业务相关项目。,20240419,0,-0.016260162601625994,0.019283746556473913,0.026202339231646832,-0.0013774104683195176,-0.008934955517587051,-0.020733454296532172,-0.04965343285688506,-0.09179913031771347,-0.06491502664838766,
300656.SZ,20240419,监管审批,,,,3.0,,80.0,1、合理合法使用。,20240419,0,-0.013385387618516376,0.002826455624646451,0.009633341139885898,0.06161673261729783,0.05358244983027016,0.06161673261729783,0.03026476488051677,-0.010041245315411618,0.019263013993002787,
002167.SZ,20240419,监管审批,,,,3.0,,80.0,1、公司业务相关项目建设及补充流动资金。,20240419,0,0.039946737683089095,-0.012804097311139517,-0.006103307306022487,0.03713188220230479,0.029282900010292323,-0.11779769526248396,-0.14385114501101504,-0.3367477592829705,-0.317114501274104,
300867.SZ,20240419,监管审批,,,,3.0,,80.0,1、合理合法使用。,20240419,0,-0.034111310592459754,-0.004646840148698761,0.002109318873970256,0.07342007434944264,0.06529646423514657,0.16914498141263956,0.13461745880426879,-0.0288909053654538,-0.00014462417821670126,
300650.SZ,20240419,监管审批,,,,3.0,,80.0,1、合理合法使用。,20240419,0,-0.01396973224679865,0.0,0.006787700381318151,0.09208972845336483,0.08382482697091453,0.15584415584415567,0.12170943700505821,0.08581741822570099,0.11795923730120061,
603496.SH,20240419,监管审批,,,,3.0,,80.0,1、公司主营业务相关项目建设及补充流动资金。,20240419,0,-0.002341006632851972,-0.01798983183418079,-0.011324241041263283,0.11419632381697298,0.10576412030060345,0.050840829096597595,0.01980709841198003,-0.06797712575225778,-0.040387855129532246,
001360.SZ,20240419,监管审批,,,,3.0,,80.0,1、公司业务相关项目建设及补充流动资金。,20240419,0,0.10007880220646181,0.032951289398280625,0.039962653259212555,-0.0007163323782236608,-0.00827888044614844,0.14547134670487094,0.11164296061984835,-0.012148997134670547,0.01709286956841849,
300928.SZ,20240419,监管审批,,,,3.0,,80.0,1、合理合法使用。,20240419,0,-0.02350215160542868,-0.016271186440678043,-0.009593929997767647,0.1494915254237288,0.1407922089069502,0.32135593220338965,0.2823332724407548,0.2149339383424529,0.2508977994662669,
301511.SZ,20240419,监管审批,,,,3.0,,80.0,1、合理合法使用。,20240419,0,-0.04893893460372456,-0.05555555555555569,-0.049144949639866264,-0.06375227686703111,-0.07083777084546183,0.0005737704918031827,-0.0289754591001129,-0.04418032786885251,-0.01588663644820454,
301007.SZ,20240419,监管审批,,,,3.0,,80.0,1、主营业务相关项目建设及补充流动资金。,20240419,0,-0.018333333333333424,-0.015280135823429464,-0.008596152425866532,0.09762308998302216,0.08931631219066993,0.10016977928692716,0.06767925199451352,0.1715572116131039,0.2062370567695737,
300780.SZ,20240419,监管审批,,,,3.0,,80.0,1、主营业务相关项目建设及补充流动资金。,20240419,0,-0.02469959946595468,-0.019849418206707714,-0.01319644972892009,0.049965776865160905,0.04201966815299074,0.005475701574264358,-0.0242182932426368,-0.13004791238877478,-0.10429602985769071,
002857.SZ,20240419,监管审批,,,,3.0,,80.0,1、合理合法使用。,20240419,0,-0.029918404351767958,-0.02710280373831775,-0.020499069068268927,0.05046728971962611,0.04251738557359519,0.13551401869158886,0.10197969525368311,0.020565334556504666,0.05077559439157331,
300806.SZ,20240419,监管审批,,,,3.0,,80.0,1、合理合法使用。,20240419,0,0.01595092024539868,-0.02415458937198056,-0.01753084310615316,0.050724637681159424,0.04277278593366929,0.13164251207729483,0.09822252307547585,0.23789239550109142,0.2745358612839017,
002762.SZ,20240419,监管审批,,,,3.0,,80.0,1、合理合法使用。,20240419,0,-0.02950819672131144,-0.01858108108108114,-0.011919503510902318,0.057432432432432234,0.04942981630053356,0.10304054054054035,0.07046523310908226,-0.15400813376055145,-0.1289655096069937,
002909.SZ,20240419,意向,,,,3.0,,80.0,1、合理合法使用。,20240419,0,-0.013618677042801397,-0.03550295857988173,-0.02895624164405408,0.023668639053254337,0.015921546271390197,0.07692307692307665,0.045119077866423885,-0.2772892734547161,-0.255895955364001,
688800.SH,20240418,监管审批,,,,3.0,,80.0,1、公司主营业务相关项目建设及补充流动资金。,20240418,0,0.0271212708252615,-0.01546586193889099,-0.0125868346064959,0.09204073934364376,0.09966867735347296,0.16220294228592969,0.1313843197751594,-0.014634332431464836,0.022404227501864327,
002199.SZ,20240418,监管审批,,,,3.0,,80.0,1、公司业务相关项目建设及补充流动资金。,20240418,0,0.0053859964093356805,0.0,0.002924253432252666,0.025000000000000133,0.0321596563922828,0.010714285714285676,-0.016087248599854775,0.021428571428571352,0.05982268704031757,
300810.SZ,20240418,监管审批,,,,3.0,,80.0,1、合理合法使用。,20240418,0,-0.006147540983606481,0.03986254295532654,0.042903364565634705,0.1470790378006872,0.15509142001087572,0.22817869415807568,0.1956105649838542,-0.05854685662719794,-0.023158908961759983,
300797.SZ,20240418,监管审批,,,,3.0,,80.0,1、合理合法使用。,20240418,0,-0.004863813229571856,0.022482893450635366,0.025472892561227978,0.004887585532746597,0.01190675609400027,0.03128054740957964,0.003933648914551613,-0.13806584678059097,-0.10566691017934193,
002219.SZ,20240418,监管审批,,,,3.0,,80.0,1、合理合法使用。,20240418,0,-0.008888888888888835,0.004484304932735661,0.007421671609079139,0.04484304932735417,0.05214131002691391,0.058295964125560484,0.03023268650305977,-0.20627802690582953,-0.17644309370444122,
603889.SH,20240418,监管审批,,,,3.0,,80.0,1、公司主营业务相关项目。,20240418,0,0.07038123167155419,-0.005479452054794498,-0.002571221929019929,0.00410958904109604,0.011123325273028284,0.09315068493150691,0.06416315006945394,-0.059225107048055836,-0.023862653896674524,
301085.SZ,20240418,监管审批,,,,3.0,,80.0,1、合理合法使用。,20240418,0,-0.030562884784520516,-0.016330233613064404,-0.013453733922504263,0.06146518484917185,0.06887955167443138,0.057557699263755424,0.02951399852000902,-0.04258635379422315,-0.0065984724592836885,
600961.SH,20240418,监管审批,,,,3.0,,80.0,1、公司主营业务相关项目建设及补充流动资金。,20240418,0,-0.023423423423423184,-0.013837638376383965,-0.010953849705647722,-0.05996309963099644,-0.05339691309176853,0.023062730627306127,-0.004066252575942175,-0.20295202952029512,-0.172992076585059,
300846.SZ,20240418,监管审批,,,,3.0,,80.0,1、合理合法使用。,20240418,0,-0.02521823472356932,-0.020895522388059806,-0.018032372758869153,0.03383084577114426,0.041052185891597315,0.07164179104477597,0.043224616536496896,-0.06268656716417909,-0.027454225607089766,
301045.SZ,20240418,监管审批,,,,3.0,,80.0,1、合理合法使用。,20240418,0,0.0034924330616996624,0.006960556844547661,0.009905164709043346,0.0678654292343388,0.0753245019626465,0.1326252900232019,0.10259099051375453,0.024089327146171735,0.06258345695910017,
600257.SH,20240418,监管审批,,,,3.0,,80.0,1、公司主营业务相关项目。,20240418,0,0.058252427184465994,0.01987767584097866,0.022860056635034542,-0.08562691131498468,-0.07923998728636517,-0.14831804281345562,-0.17090245022008266,-0.35015290519877673,-0.3257260336723027,
603516.SH,20240418,监管审批,,,,3.0,,80.0,1、用于公司主营业务相关项目及补充流动资金。,20240418,0,0.0029325513196480912,-0.04158544509421713,-0.038782798042513056,-0.03801169590643294,-0.03129217813989171,0.20825211176088332,0.17621238412350615,0.09215722623882794,0.1332099361231529,
603221.SH,20240418,监管审批,,,,3.0,,80.0,1、公司主营业务相关项目及补充流动资金。,20240418,0,0.020547945205479534,-0.02684563758389269,-0.023999887599485792,0.005592841163310824,0.012616937956743568,0.21029082774049224,0.17819703861703884,0.017662465215256162,0.055915017998817707,
688217.SH,20240417,监管审批,,,,3.0,,80.0,1、公司主营业务相关项目建设及补充流动资金。,20240417,0,0.05938349954669109,-0.011981172443303545,-0.012895199852221984,0.008985879332477298,0.01778670481220268,0.1223979450624686,0.08708720832254935,-0.22861895613937133,-0.20397763988000683,
688020.SH,20240417,监管审批,,,,3.0,,80.0,1、公司主营业务相关项目建设及补充流动资金。,20240417,0,0.15164644714038134,-0.012415349887132998,-0.013328975633580042,0.02332580887885638,0.03225171362868284,0.27953348382242305,0.23927924939877498,0.32136301386586097,0.36357318246831705,
603161.SH,20240417,监管审批,,,,3.0,,80.0,1、合理合法使用。,20240417,0,0.09984025559105425,0.10021786492374729,0.09920004091445289,0.08278867102396514,0.09223323741513223,0.19970951343500376,0.16196654804591226,0.012392025837135279,0.044732296946544015,
300085.SZ,20240417,监管审批,,,,3.0,,80.0,1、合理合法使用。,20240417,0,0.06562847608453848,-0.0052192066805847315,-0.006139489660624831,0.006263048016701411,0.01504012374560082,0.007306889352818313,-0.024383072788251692,-0.1492693110647182,-0.12209321680566765,
603618.SH,20240417,监管审批,,,,3.0,,80.0,1、合理合法使用。,20240417,0,0.08064516129032273,-0.002132196162046962,-0.0030553349704850463,0.004264392324093702,0.013024034885388946,0.13646055437100202,0.10070740672205147,-0.044600254541247386,-0.014080568493298529,
603969.SH,20240417,监管审批,,,,3.0,,80.0,1、合理合法使用。,20240417,0,0.08241758241758235,0.006768189509306355,0.0058368168532667575,-0.02030456852791873,-0.011759227416332396,-0.015228426395939021,-0.04620942554820828,-0.24421300850687377,-0.2200698351293069,
600468.SH,20240417,监管审批,,,,3.0,,80.0,1、合理合法使用。,20240417,0,0.09223300970873782,-0.011111111111111072,-0.012025943423623286,0.011111111111111072,0.019930473811595295,0.08666666666666667,0.052480039045411875,-0.08481108334900544,-0.055575908707694355,
300283.SZ,20240417,监管审批,,,,3.0,,80.0,1、合理合法使用。,20240417,0,0.11161731207289294,-0.049180327868852514,-0.05005994191772223,-0.04508196721311475,-0.03675274563911224,-0.002049180327868716,-0.0334447997049766,-0.0635995881334217,-0.03368682468421713,
003001.SZ,20240417,监管审批,,,,3.0,,80.0,1、合理合法使用。,20240417,0,0.10000000000000009,0.054239877769289624,0.05326458851671645,0.06951871657754016,0.07884753649930754,0.11000763941940428,0.0750867027700981,0.24861453917808074,0.28850080030778336,
688766.SH,20240416,监管审批,,,,3.0,,80.0,1、公司主营业务相关项目及补充流动资金。,20240416,0,-0.06912751677852369,0.11151165585195888,0.08823740147691361,0.1761595770247537,0.17035680926831187,0.40447007930785883,0.33903042371305925,0.5651122280478063,0.5825091193795919,
688488.SH,20240416,监管审批,,,,3.0,,80.0,1、用于公司主营业务相关项目。,20240416,0,-0.0292553191489362,-0.001369863013698569,-0.02228045959848246,0.07054794520547958,0.06526622900003254,0.0547945205479452,0.005647592347128194,-0.3356164383561644,-0.328231531116024,
688090.SH,20240416,监管审批,,,,3.0,,80.0,1、主营业务相关项目及补充流动资金。,20240416,0,-0.161849710982659,0.07438423645320191,0.05188740352832877,0.0684729064039411,0.06320142772789583,0.18275862068965543,0.12764935355036933,1.1906147725240146,1.2149643919726723,
600262.SH,20240416,监管审批,,,,3.0,,80.0,1、合理合法使用。,20240416,0,-0.05636604774535792,0.09978917779339413,0.07676038367493243,0.13070976809557266,0.12513123410038451,0.32536893886155993,0.26361490922933895,0.18060435699226995,0.19372727900154052,
920175.BJ,20240416,监管审批,,,,1.0,,80.0,1、公司主营业务相关项目建设及补充流动资金。,20240416,0,-0.05964912280701773,0.03482587064676612,0.013157361440850668,0.06343283582089576,0.058186223123617875,0.09534369308130697,0.04430742318191494,0.024977268911925643,0.03637032932335238,
002360.SZ,20240416,监管审批,,,,3.0,,80.0,1、合理合法使用。,20240416,0,0.011824324324324342,0.020033388981636202,-0.001325376300947534,-0.06510851419031738,-0.06972094797532424,-0.018363939899833093,-0.06410213442516477,-0.1499215864825213,-0.14047260159924135,
002837.SZ,20240416,监管审批,,,,3.0,,80.0,1、用于公司主营业务相关项目建设及补充流动资金。,20240416,0,-0.04879725085910658,0.06755780346820806,0.04520391113863198,0.136921965317919,0.13131278247333777,0.1643786127167628,0.11012574074694048,0.14212753655062826,0.15482277225599028,
605218.SH,20240416,监管审批,,,,3.0,,80.0,1、合理合法使用。,20240416,0,-0.011027278003482466,0.06514084507042273,0.042837562110768834,0.010563380281690238,0.00557760733600432,0.09432376679230825,0.043335019176279355,-0.08617035022942632,-0.0760127431084009,
600506.SH,20240416,监管审批,,,,3.0,,80.0,1、合理合法使用。,20240416,0,-0.10009017132551834,0.07715430861723438,0.05459947237422824,0.06813627254509025,0.0628664547049893,0.3927855711422845,0.3278903416633667,0.2004008016032064,0.21374376955517715,
002788.SZ,20240416,监管审批,,,,3.0,,80.0,1、合理合法使用。,20240416,0,0.006234413965087393,0.040892193308550207,0.0190966596706299,0.05080545229244127,0.04562113877243368,0.11152416356877315,0.059733983399834045,-0.008714290498677113,0.0023042738303851173,
300620.SZ,20240416,监管审批,,,,3.0,,80.0,1、公司主营业务相关项目建设及补充流动资金。,20240416,0,-0.06797020484171334,0.08591408591408589,0.06317582623687445,0.031968031968031996,0.026876655815885275,0.057419442374242236,0.00815020898315666,-0.09782565690873901,-0.08779760350284327,
920344.BJ,20240415,监管审批,,,,1.0,,80.0,1、公司主营业务及相关业务领域。,20240415,0,-0.004415011037527727,-0.027716186252771613,-0.011449473660623877,-0.0022172949002217113,0.001971786672811948,-0.03728153752721719,-0.05732996425804149,-0.21179918322193003,-0.18896389570238736,
300670.SZ,20240415,监管审批,,,,3.0,,80.0,1、合理合法使用。,20240415,0,-0.08022388059701502,-0.15212981744421905,-0.1379445966474936,-0.1075050709939146,-0.10375802863487549,0.09939148073022319,0.07649686469336148,0.1480730223123734,0.1813343143586046,
300631.SZ,20240305,监管审批,,,,2.44,,80.0,1、班戈错盐湖年产2000吨氯化锂中试生产线BOT项目;2、补充流动资金。,20240305,0,0.03146067415730336,0.04139433551198257,0.044087702833148334,0.061002178649237626,0.05817536013433333,0.04793028322440107,0.03867241870910898,-0.10716105144984056,-0.11969814601322659,
688302.SH,20240413,监管审批,,,,3.0,,80.0,1、公司主营业务相关项目建设及补充流动资金。,20240412,1,-0.022543148996125417,-0.037837837837837895,-0.04976632544460613,-0.10306306306306301,-0.11646110649231756,-0.027027027027026973,-0.058346700010840635,-0.08288288288288292,-0.06772738413463131,
688314.SH,20240413,监管审批,,,,3.0,,80.0,1、合理合法使用。,20240412,1,0.0014374700527071127,-0.07464114832535884,-0.08611336374610401,-0.0942583732057416,-0.10778793716027668,0.039712918660287144,0.006244909256092557,-0.09502233186443709,-0.08006743934238125,
688315.SH,20240413,监管审批,,,,3.0,,80.0,1、公司主营业务相关项目建设及补充流动资金。,20240412,1,0.0015094339622641062,0.006028636021100153,-0.006443689943022579,-0.03466465712132616,-0.04908440539465675,0.07686510926902779,0.04220118333598788,-0.18974891691710916,-0.1763593955067655,
688313.SH,20240413,监管审批,,,,3.0,,80.0,1、公司主营业务相关项目建设和补充流动资金。,20240412,1,0.013485477178422967,0.008188331627430934,-0.004310769347482757,-0.004094165813715356,-0.018970562434689753,0.03172978505629476,-0.0014812499603182872,-0.025588536335721557,-0.009486239865378665,
300098.SZ,20240413,监管审批,,,,3.0,,80.0,1、合理合法使用。,20240412,1,-0.006116207951070263,-0.04923076923076941,-0.0610180119972501,-0.05230769230769239,-0.06646389680005427,-0.009230769230769265,-0.041123297771722744,0.47999999999999976,0.5044572233237992,
300352.SZ,20240413,监管审批,,,,3.0,,80.0,1、合理合法使用。,20240412,1,-0.023310023310023187,-0.011933174224343923,-0.02418281711139947,-0.04057279236276867,-0.054904287550189834,0.031026252983293423,-0.0021621355723467905,-0.08114558472553712,-0.06596137686308667,
605305.SH,20240413,监管审批,,,,3.0,,80.0,1、公司主营业务相关项目建设及补充流动资金。,20240412,1,-0.02506203473945412,0.0885721557648258,0.07507648946265699,0.006108424535505197,-0.00892037382405364,0.17918045304148644,0.14122303058059504,-0.050554515648542186,-0.03486478575357155,
002990.SZ,20240413,监管审批,,,,3.0,,80.0,1、合理合法使用。,20240412,1,-0.0004370629370628043,-0.041101880192391915,-0.05298990155520933,-0.05334499344118948,-0.06748570319243474,-0.03716659379099263,-0.06815987752858232,-0.12830562018486613,-0.1139007390245691,
301021.SZ,20240413,监管审批,,,,2.0,,80.0,1、合理合法使用。,20240412,1,-0.00815850815850816,-0.0499412455934195,-0.06171968016849538,-0.08401880141010587,-0.0977013195155576,-0.06110458284371334,-0.09132731075925327,-0.04465334900117501,-0.02886610143690327,
300830.SZ,20240413,监管审批,,,,3.0,,80.0,1、合理合法使用。,20240412,1,-0.018394648829431537,-0.03747870528109021,-0.049411645264412885,-0.10732538330494035,-0.12065975809779661,0.10562180579216363,0.07003221146316885,-0.026087920728203873,-0.009993876660301049,
688268.SH,20240412,监管审批,,,,3.0,,80.0,1、公司主营业务相关项目及补充流动资金。,20240412,0,0.019204389574759784,-0.006056527590847738,-0.018379026706607515,-0.006056527590847738,-0.020903611327904525,0.13458950201884257,0.0980674472843528,0.10141940362836399,0.11962052547140778,
603038.SH,20240412,监管审批,,,,3.0,,80.0,1、合理合法使用。,20240412,0,-0.019134775374376023,-0.06955046649703134,-0.08108579408066052,-0.13061916878710778,-0.1436055914144666,-0.04749787955894824,-0.07815860268001218,-0.23443376936931637,-0.22178267188844203,
002160.SZ,20240412,监管审批,,,,3.0,,80.0,1、合理合法使用。,20240412,0,0.007575757575757791,-0.03759398496240618,-0.049525495756030935,-0.11528822055137866,-0.12850365003731934,-0.17042606516290737,-0.19712977130553933,-0.29323308270676696,-0.28155365275128463,
000536.SZ,20240412,监管审批,,,,3.0,,80.0,1、合理合法使用。,20240412,0,-0.03358208955223896,-0.050193050193050204,-0.06196836299908948,-0.1003861003861003,-0.11382413108840317,-0.10424710424710415,-0.13308108889886905,-0.22007722007721997,-0.20718887845297007,
002976.SZ,20240412,监管审批,,,,3.0,,80.0,1、公司主营业务相关项目建设及补充流动资金。,20240412,0,-0.06482919254658392,-0.04939809049398092,-0.061183258880806,-0.04732254047322548,-0.0615532109375293,-0.04275633042756344,-0.07356968242153217,-0.023119113471780417,-0.006976009415988638,
603703.SH,20240412,监管审批,,,,3.0,,80.0,1、公司主营业务相关项目建设及补充流动资金。,20240412,0,-0.00481695568400764,-0.02613746369796721,-0.038211007692744325,-0.08518877057115204,-0.09885381219973555,0.06485963213939971,0.030582158480122246,-0.09779121423903192,-0.0828820779160252,
300307.SZ,20240412,监管审批,,,,3.0,,80.0,1、合理合法使用。,20240412,0,-0.06055045871559639,-0.0546875,-0.06640709248057874,-0.09179687499999989,-0.10536320771552976,0.3125,0.27025106613120986,0.138671875,0.1574885995536517,
002270.SZ,20240411,监管审批,,,,3.0,,80.0,1、合理合法使用。,20240411,0,0.07330415754923414,0.04026503567787976,0.04535457574026669,0.08664627930682967,0.07251518352307174,0.1095820591233434,0.07024377699302597,-0.011463801533958096,0.020446195042107984,
688135.SH,20240410,监管审批,,,,3.0,,80.0,1、公司主营业务相关项目及补充流动资金。,20240410,0,-0.04667046101309058,0.04477611940298498,0.042396296146293144,-0.07044776119402973,-0.08377817652737407,-0.08059701492537319,-0.11584420525551287,-0.09120594591319453,-0.07033533297483152,
600110.SH,20240410,监管审批,,,,3.0,,80.0,1、合理合法使用。,20240410,0,-0.029880478087649376,-0.03696098562628325,-0.03915462558506966,-0.10677618069815198,-0.119585621630944,-0.1190965092402464,-0.15286774286178317,-0.3860369609856261,-0.3719371934001021,
002941.SZ,20240410,监管审批,,,,3.0,,80.0,1、公司主营业务相关项目及补充流动资金。,20240410,0,-0.02910958904109584,0.023809523809523725,0.021477458910704295,0.010582010582010692,-0.003910427139153572,-0.0017636684303350414,-0.040033096031160675,-0.22045855379188728,-0.20255624939183314,
002907.SZ,20240410,监管审批,,,,3.0,,80.0,1、合理合法使用。,20240410,0,-0.030726256983240163,-0.01729106628242072,-0.019529510989939936,-0.0641210374639769,-0.0775421823459147,0.09798270893371752,0.055889300331342984,-0.11107073128572209,-0.09065631658583717,
300922.SZ,20240410,监管审批,,,,3.0,,80.0,1、合理合法使用。,20240410,0,0.11182622687047483,-0.04341534008683079,-0.045594278118030185,0.005788712011577379,-0.008634986527329969,0.06222865412445722,0.021505950202614033,-0.10730106826040375,-0.08680008259589189,
920271.BJ,20240410,监管审批,,,,1.0,,80.0,1、公司主营业务。,20240410,0,0.02657218777679371,0.0025884383088869978,0.00030471145289667767,0.0017256255392579245,-0.012639805558670614,-0.022433132010353796,-0.05991015352956586,-0.15210870287918132,-0.13263673230847062,
002474.SZ,20240410,监管审批,,,,3.0,,80.0,1、用于公司主营业务相关项目建设及补充流动资金。,20240410,0,-0.05072463768115931,0.022900763358778775,0.020570768462532252,-0.0877862595419846,-0.10086802894174307,-0.07442748091603058,-0.10991119292709339,-0.20038167938931295,-0.18201830608945258,
000721.SZ,20240410,监管审批,,,,3.0,,80.0,1、合理合法使用。,20240410,0,-0.003929273084479323,0.06015779092702167,0.05774293082469373,-0.15680473372781056,-0.1688967309682845,-0.1745562130177516,-0.20620128567784635,-0.26232741617357,-0.2453866374536281,
300021.SZ,20240410,监管审批,,,,3.0,,80.0,1、用于公司主营业务相关项目及补充流动资金。,20240410,0,-0.024038461538461675,0.0024630541871921707,0.00017961293502000153,-0.08128078817733997,-0.09445585048911509,-0.024630541871921152,-0.06202332119823051,-0.1834980873735832,-0.1647469794572991,
002457.SZ,20240410,监管审批,,,,3.0,,80.0,1、合理合法使用。,20240410,0,0.0012484394506866447,-0.012468827930174564,-0.014718256880888902,-0.0723192019950124,-0.08562277958636932,0.012468827930174342,-0.026346231473283743,-0.007978687161876774,0.014803254196284366,
002644.SZ,20240410,监管审批,,,,3.0,,80.0,1、用于公司主营业务相关项目建设及补充流动资金。,20240410,0,-0.0367197062423501,-0.008894536213468918,-0.011152106796055938,-0.07878017789072433,-0.09199110066554372,-0.008894536213468918,-0.046890587440657105,-0.18421120657189338,-0.16547647556157596,
300606.SZ,20240410,监管审批,,,,3.0,,80.0,1、合理合法使用。,20240410,0,-0.03754578754578752,-0.01902949571836332,-0.021263980577715058,-0.07469077069457652,-0.08796033836756956,-0.06565176022835384,-0.10147190740700263,0.0322803152800053,0.055986811605786,
688299.SH,20240409,监管审批,,,,3.0,,80.0,1、公司主营业务相关项目建设及补充流动资金。,20240409,0,0.0,-0.018563357546408477,-0.011689846560458017,-0.07183212267958028,-0.05903227685266832,-0.013720742534301777,-0.04686520141819983,-0.06089984016205363,-0.02038300536013382,
000551.SZ,20240409,监管审批,,,,3.0,,80.0,1、合理合法使用。,20240409,0,-0.021714285714285464,-0.02453271028037396,-0.017701005774659717,-0.010514018691588856,0.003131430928152934,0.15420560747663536,0.11541789090346755,0.0008891567409656798,0.04407183559995387,
300465.SZ,20240409,监管审批,,,,3.0,,80.0,1、合理合法使用。,20240409,0,0.008997429305912519,-0.030573248407643194,-0.0237838489304788,-0.16178343949044582,-0.15022406213399064,-0.054777070063694255,-0.08654180839743242,-0.12993630573248405,-0.09239800207180937,
300988.SZ,20240409,监管审批,,,,3.0,,80.0,1、用于主营业务相关项目建设及补充流动资金。,20240409,0,-0.015544041450777368,0.07607655502392352,0.08361287851413857,-0.20382775119617202,-0.19284818350656885,-0.12822966507177036,-0.1575259884036393,-0.08354553344949012,-0.04400573161289356,
688557.SH,20240403,监管审批,,,,3.0,,80.0,1、用于公司主营业务相关项目建设及补充流动资金。,20240403,0,-0.00032154340836032524,-0.08009006111289785,-0.0733747741028713,-0.08234158893534882,-0.06719989472295473,-0.16371823737536173,-0.17953883375926682,-0.27404310067545834,-0.24661840807882673,
688585.SH,20240403,监管审批,,,,3.0,,80.0,1、用于公司主营业务相关项目及补充流动资金。,20240403,0,-0.003025718608169581,-0.05766312594840661,-0.05078412366580998,-0.060698027314112224,-0.045199206541568504,-0.004552352048558528,-0.023384014011532783,-0.24741056806742878,-0.2189797702591454,
301079.SZ,20240403,监管审批,,,,3.0,,80.0,1、合理合法使用。,20240403,0,-0.015933232169954348,-0.052428681572860514,-0.04551146816237639,0.09097918272937555,0.10898073208346526,-0.07710100231303008,-0.09456020469918769,-0.06945265345657714,-0.03429908586970065,
002302.SZ,20240403,监管审批,,,,3.0,,80.0,1、用于公司主营业务相关项目建设及补充流动资金。,20240403,0,0.010494752623688264,0.004451038575667532,0.011783470508857752,0.004451038575667532,0.021024842394224752,-0.12314540059347168,-0.13973354507368085,-0.23590504451038563,-0.20703959907080516,
000586.SZ,20240403,监管审批,,,,3.0,,80.0,1、合理合法使用。,20240403,0,-0.024644549763033208,-0.031098153547132967,-0.02402522856999112,-0.05928085519922255,-0.043758650576488756,-0.06899902818270165,-0.08661150195221035,-0.2857142857142857,-0.25873049899268064,
002655.SZ,20240403,监管审批,,,,3.0,,80.0,1、用于公司主营业务相关项目建设及补充流动资金。,20240403,0,-0.007950530035335635,-0.0489759572573466,-0.04203353916783359,-0.08103294746215495,-0.06586966019423834,-0.06767586821015137,-0.08531337323205923,-0.07832213019803158,-0.04350362750736814,
920634.BJ,20240402,监管审批,,,,1.0,,80.0,1、用于公司主营业务及相关业务领域。,20240402,0,-0.019669551534224894,0.1147672552166934,0.1168239459828444,0.24398073836276057,0.26067193147627066,0.016051364365970988,-0.007440936666623488,-0.19315225127469193,-0.16810497516358258,
000962.SZ,20240402,监管审批,,,,3.0,,80.0,1、合理合法使用。,20240402,0,0.03284356093344831,0.041004184100418284,0.042924785627727946,0.011715481171548081,0.025290239969169903,-0.05523012552301243,-0.07707431477971372,-0.15313807531380752,-0.12684862418859655,
600232.SH,20240402,监管审批,,,,3.0,,80.0,1、合理合法使用。,20240402,0,0.09940357852882697,-0.03797468354430389,-0.036199794143938924,-0.11754068716094035,-0.10570023147607366,-0.10307414104882462,-0.12381212046736301,-0.19064906402680382,-0.16552408053873935,
300011.SZ,20240402,监管审批,,,,3.0,,80.0,1、合理合法使用。,20240402,0,0.0059970014992503096,-0.06706408345752612,-0.06534286256950261,-0.1177347242921013,-0.10589687211316312,-0.10879284649776444,-0.12939860272893755,-0.24590163934426235,-0.22249188219476368,
002828.SZ,20240402,监管审批,,,,3.0,,80.0,1、合理合法使用。,20240402,0,0.025263157894736654,0.07289527720739208,0.07487471623320974,0.002053388090349051,0.015498505120598027,0.08110882956878851,0.05611232352199602,-0.11526814867043411,-0.0878030872638007,
002238.SZ,20240402,监管审批,,,,3.0,,80.0,1、用于公司主营业务相关项目建设及补充流动资金。,20240402,0,-0.039965247610773136,-0.05791855203619922,-0.05618045809244343,-0.08506787330316767,-0.07279171150941655,-0.09592760180995497,-0.11683081761026382,-0.28104393659713267,-0.25872511491081396,
300824.SZ,20240402,监管审批,,,,3.0,,80.0,1、合理合法使用。,20240402,0,0.012886597938144506,-0.007633587786259666,-0.005802720556272956,-0.058524173027989845,-0.04589185939556695,0.14885496183206093,0.12229208563043281,-0.05567885276687079,-0.02636393858426922,
688429.SH,20240410,监管审批,,,,2.85,,80.0,1、年产1GW叠栅组件制造项目;2、补充流动资金。,20240410,0,-0.026520051746442452,-0.006644518272425293,-0.008907214015249632,-0.07641196013289042,-0.08965684477127578,-0.07308970099667789,-0.10862469953193377,-0.056212093023255916,-0.03453784018913919,
603822.SH,20240816,董事会预案,,,,3.67,,80.0,1、用于偿还银行贷款及补充流动资金。,20240816,0,0.03104212860310418,-0.010752688172043001,-0.015622220705280632,-0.06838709677419352,-0.060207224328015396,0.05247311827956991,0.1207182115833434,0.6129032258064515,0.3879940258702248,
600693.SH,20221206,监管审批,,,,6.47,,80.0,1、补充流动资金及偿还银行贷款。,20221206,0,0.1011764705882352,0.10042735042735074,0.10486879080723432,0.023504273504273643,0.03517150987051365,0.025641025641025772,0.0548707384030549,-0.08119658119658113,-0.10098574312948749,
300895.SZ,20240510,监管审批,,,,1.93,,80.0,1、方恒科技超算与金融云计算基地项目(一期)。,20240510,0,0.011192724728926073,-0.07229332410930478,-0.07036999570800151,-0.059149083362158406,-0.05899369808763599,-0.1892078865444482,-0.16176716624302678,-0.15496368038740926,-0.06816198623559488,
600257.SH,20230722,监管审批,,,,5.0,,80.0,1、大湖水殖股份有限公司冰鲜冻鲜水产品深加工项目;2、补充流动资金。,20230721,1,0.07523510971786851,-0.10058309037900892,-0.0995642199186818,-0.06413994169096227,-0.09504473572762218,-0.03790087463556868,-0.026905931762904678,-0.08892128279883393,-0.018108469468081867,
300721.SZ,20240420,监管审批,,,,2.44,,80.0,1、年产22万吨环氧丙(乙)烷衍生产品技改项目。,20240419,1,0.0041972717733473885,-0.01880877742946696,-0.01214874539387889,0.07001044932079403,0.061912643143866575,0.33228840125391845,0.29294288070129726,0.5123321335965014,0.557099425964636,
688331.SH,20240330,监管审批,,,,19.53,,80.0,1、新药研发项目。,20240329,1,0.0156485671191553,-0.011880452942268471,-0.023507715379912697,0.021162056803415652,0.01869334325146843,0.0311861889734546,0.010043983369499632,-0.2027102283274549,-0.19034737007232283,
002868.SZ,20240430,监管审批,,,,0.8,,80.0,1、绿康(海宁)胶膜材料有限公司年产3.2亿平方米光伏胶膜项目;2、补充流动资金。,20240430,0,0.004527813712807083,0.030264005151320106,0.018488918867768378,0.23245331616226683,0.21302710294740623,0.06696716033483607,0.07319275603216813,-0.1551835157759176,-0.09296430268147649,
300254.SZ,20230703,监管审批,,,,1.85,,,1、补充公司流动资金和偿还银行贷款。,20230703,0,0.1476964769647695,-0.03305785123966953,-0.033467290045461784,-0.11216056670602126,-0.10099800186402386,-0.09208972845336472,-0.10507365388273449,-0.001180637544273777,0.039972287045537236,
600725.SH,20241221,董事会预案,,,,,,80.0,1、购买红河发电100%股权。,20241206,15,-0.005319148936170137,0.09893048128342241,0.11625076947320445,0.07486631016042766,0.07611006821838373,-0.15240641711229952,-0.11068510881733828,-0.09358288770053469,-0.0844110385777016,True
300027.SZ,20241214,监管审批,,,,8.0,,80.0,1、影视剧项目;2、补充流动资金。,20241213,1,-0.005633802816901401,-0.011331444759206666,-0.009711950341200315,-0.10198300283286121,-0.09563491584906525,-0.3342776203966006,-0.2855981477118932,-0.23229461756373937,-0.2407737911204978,
000048.SZ,20241114,监管审批,,,,19.3,,80.0,1、京基智农云浮生猪养殖一体化项目;2、京基智农贺州生猪种苗繁育基地项目;3、补充流动资金项目。,20241114,0,-0.0336817653890823,-0.02644230769230782,-0.01208689532497187,-0.03125000000000011,-0.028538112487052292,0.05829326923076916,0.03332687147759672,-0.08713942307692324,-0.08060835742045502,
603008.SH,20241014,监管审批,,,,8.5,,80.0,1、喜临门智能家居产业园项目(二期);2、补充流动资金。,20241014,0,0.009003939223410029,-0.020078081427774674,0.0053377529896374565,0.03234802007808146,0.03746931106140705,0.08533184606804256,0.02723697767676514,-0.07417735638594525,-0.058502970116574904,
002630.SZ,20241011,董事会预案,,,,5.0,,80.0,1、补充流动资金。,20241011,0,-0.01805054151624541,0.025735294117646967,0.0049400222124778015,0.09926470588235281,0.0844938948132814,0.32352941176470584,0.23360486132381775,0.17279411764705888,0.1767492022854984,
688766.SH,20250331,监管审批,,,,3.0,,80.0,1、用于公司主营业务相关项目及补充流动资金。,20250331,0,0.00836627746621299,-0.024434719183078046,-0.028131625326415888,-0.187180889861415,-0.13803340156662436,-0.2058716265499635,-0.1940100603056517,-0.1897102601408056,-0.21527672984595847,
688228.SH,20250331,监管审批,,,,3.0,,80.0,1、公司主营业务相关项目建设及补充流动资金。,20250331,0,0.09162479061976558,0.031916526008899604,0.028006076734587992,-0.19088537670707395,-0.1419618819449331,-0.07472763541506844,-0.06090722575148433,-0.08672948827000393,-0.11554523370300407,
603992.SH,20250331,监管审批,,,,3.0,,80.0,1、用于公司主营业务相关项目建设及补充流动资金。,20250331,0,-0.008358996920369677,-0.014640638864241273,-0.01837465969012364,-0.18633540372670798,-0.13713679271667767,-0.026175687666370795,-0.01163007769038682,-0.01926457736753151,-0.05020899297355963,
688557.SH,20250329,监管审批,,,,3.0,,80.0,1、用于公司主营业务相关项目及补充流动资金。,20250328,1,0.0012285012285011554,-0.036400817995910106,-0.031905817317653296,-0.2331288343558282,-0.17004446648293714,-0.1333333333333333,-0.11675802527785395,0.2184345711981739,0.19248765387277755,
688595.SH,20250329,监管审批,,,,3.0,,80.0,1、用于公司主营业务相关项目建设及补充流动资金。,20250328,1,-0.015155474261823954,0.028124170867604104,0.03292016792913177,-0.21199257097373303,-0.1471694914705326,-0.0610241443353674,-0.043065897338099735,-0.01300079596709991,-0.03401923007315932,
688335.SH,20250329,监管审批,,,,,,80.0,1.用于公司主营业务相关项目及补充流动资金。,20250328,1,-0.02153846153846173,0.022012578616352307,0.026780066301961503,-0.15932914046121582,-0.09017386101004976,0.038784067085954055,0.05865118160334637,0.26080257810922736,0.23395342179738976,
688081.SH,20240426,监管审批,,,,0.9,,80.0,1、机动指挥产品产业化项目。,20240426,0,-0.014084507042253502,-0.0009523809523810378,-0.008785312651467314,-0.04571428571428582,-0.057868001850976736,-0.09238095238095245,-0.09891072539217072,-0.18380952380952387,-0.12672646461951964,
300748.SZ,20250329,监管审批,,,,3.0,,80.0,1、合理合法使用。,20250328,1,0.0009940357852882276,-0.03177755710029784,-0.027260989819194448,-0.04220456802383321,0.03658561484476475,0.00794438927507457,0.02722168399241265,0.13394185627607325,0.10979423580297021,
002264.SZ,20250329,监管审批,,,,3.0,,80.0,1、用于公司主营业务相关项目建设及补充流动资金。,20250328,1,-0.0066006600660065695,-0.00664451827242496,-0.0020107103079670674,-0.07142857142857129,0.004957586012946491,0.039867109634551534,0.05975493772565188,0.05149501661129574,0.02910312548393712,
603906.SH,20250329,监管审批,,,,3.0,,80.0,1、用于公司主营业务相关项目及补充流动资金。,20250328,1,-0.02142857142857124,-0.022810218978102204,-0.018251820828216192,-0.13321167883211693,-0.061907924342210485,-0.14051094890510962,-0.12407291529871411,0.4224452554744522,0.3921538715001749,
600218.SH,20250329,监管审批,,,,3.0,,80.0,1、合理合法使用。,20250328,1,-0.013590033975084959,-0.005740528128587941,-0.00110250322789196,-0.10677382319173367,-0.03329523740589846,-0.08610792192881744,-0.06862941109401899,0.02450113621375949,0.00268408759294414,
605155.SH,20250329,监管审批,,,,3.0,,80.0,1、合理合法使用。,20250328,1,-0.01388888888888895,0.006628003314001596,0.011323724981425753,-0.10024855012427514,-0.02623318222287707,-0.03396851698425851,-0.015492821497015252,0.013086093831182533,-0.008487868153741251,
600255.SH,20250329,监管审批,,,,3.0,,80.0,1、用于公司主营业务相关项目、补充流动资金等。,20250328,1,-0.027700831024930705,-0.031339031339031265,-0.026820418421494074,-0.1367521367521367,-0.06573962746725426,-0.131054131054131,-0.1144352324449226,-0.04843304843304841,-0.06869694245372393,
300007.SZ,20250329,监管审批,,,,3.0,,80.0,1、合理合法使用。,20250328,1,-0.04137771613499763,-0.094285025319508,-0.09006004308464455,-0.30021702435495534,-0.24265146622147638,-0.0853629129491198,-0.06787015355277215,-0.044538749204580785,-0.06488557345598844,
300320.SZ,20250329,监管审批,,,,3.0,,80.0,1、合理合法使用。,20250328,1,-0.005892255892255949,-0.06096528365791709,-0.05658487138101409,-0.27349703640982215,-0.2137334382083298,-0.1456392887383573,-0.12929933645413405,-0.17368636511497426,-0.19128295345547552,
605488.SH,20250329,监管审批,,,,3.0,,80.0,1、用于公司主营业务相关项目及补充流动资金。,20250328,1,-0.05451088104796098,-0.00022346368715087106,0.004440297234153512,-0.1401117318435755,-0.0693755896228716,-0.01184357541899439,0.007055267439964652,0.022783151638114507,0.0010026879967508506,
000034.SZ,20250329,监管审批,,,,3.0,,80.0,1、合理合法使用。,20250328,1,-0.010884668828161193,-0.03722781549988308,-0.032736672602341144,-0.14891126199953186,-0.07889898686672492,-0.11777101381409516,-0.10089807086620517,-0.11662605595551678,-0.1354377601170228,
300620.SZ,20250329,监管审批,,,,3.0,,80.0,1.用于主营业务相关项目建设及补充流动资金。,20250328,1,0.01313868613138669,-0.04487443392342527,-0.04041896099701048,-0.2704816797035817,-0.21047003218136062,-0.18937834499794137,-0.1738749177116703,-0.026524970828904704,-0.047255403711649824,
300659.SZ,20250329,监管审批,,,,3.0,,80.0,1、公司主营业务相关项目及补充流动资金。,20250328,1,-0.006134969325153339,0.0030864197530864335,0.007765620629702763,-0.1962962962962963,-0.13018200959905102,-0.1962962962962963,-0.1809251772875825,-0.10864197530864217,-0.12762370278150248,
002671.SZ,20250329,监管审批,,,,3.0,,80.0,1、合理合法使用。,20250328,1,-0.02386117136659449,-0.05555555555555547,-0.05114990796095664,-0.12888888888888883,-0.05722953298477773,-0.08222222222222231,-0.0646693959993685,0.026666666666666616,0.0048035024472334875,
603682.SH,20250329,监管审批,,,,3.0,,80.0,1、用于公司主营业务相关项目建设及补充流动资金。,20250328,1,-0.031423290203327126,-0.009541984732824305,-0.0049216928795753345,-0.09541984732824427,-0.0210072606015983,-0.011450381679389388,0.007455981149599777,0.12180520098081282,0.09791603409971783,
688505.SH,20250328,监管审批,,,,3.0,,80.0,1、用于公司主营业务相关项目及补充流动资金。,20250328,0,-0.009768009768009733,-0.012330456226880337,-0.007723172044757698,-0.1405672009864366,-0.06986852657551645,-0.06535141800246602,-0.047475931652205206,0.05055487053020946,0.02818300008612451,
603267.SH,20250328,监管审批,,,,3.0,,80.0,1、用于主营业务相关项目及补充流动资金。,20250328,0,0.00815939278937372,-0.024091850178806662,-0.019539430586420492,-0.026538678712591968,0.053540211788579706,0.0022586109542630517,0.021427163140213423,-0.08857537565853313,-0.10798442718672718,
300548.SZ,20250328,监管审批,,,,3.0,,80.0,1、合理合法使用。,20250328,0,-0.010314595152140171,0.023189161021365257,0.02796213723250185,-0.22068785825951032,-0.15658007061558288,-0.033871808233455036,-0.015394263156977672,0.6620635747785304,0.6266694492475036,
002660.SZ,20250328,监管审批,,,,3.0,,80.0,1、合理合法使用。,20250328,0,0.004048582995951344,-0.030241935483870996,-0.02571820482992926,-0.123991935483871,-0.05192974632184355,-0.13407258064516137,-0.11751141095728512,-0.04822614842040163,-0.06849444843681107,
300727.SZ,20250328,监管审批,,,,3.0,,80.0,1、合理合法使用。,20250328,0,-0.005997001499250421,0.010055304172951196,0.014767013524853878,-0.23981900452488691,-0.17728498353552047,-0.07415786827551551,-0.05645080841696737,-0.14988139897642172,-0.16798492097009687,
300721.SZ,20250328,监管审批,,,,3.0,,80.0,1、合理合法使用。,20250328,0,-0.1534626038781165,-0.0981675392670156,-0.09396066819616444,-0.08376963350785338,-0.00839867670893324,-0.06217277486910988,-0.04423649583907918,-0.036649849302414106,-0.0571646699636319,
002290.SZ,20250328,监管审批,,,,3.0,,80.0,1、用于公司主营业务相关项目建设及补充流动资金。,20250328,0,0.0015278838808250317,-0.012967200610221163,-0.008362886715421736,-0.13005339435545382,-0.058489833018323334,-0.030511060259343914,-0.011969239683288446,0.15141113653699478,0.12689150267771643,
300783.SZ,20250328,监管审批,,,,3.0,,80.0,1、用于公司主营业务相关项目建设及补充流动资金。,20250328,0,-0.0596026490066226,0.009266123054114228,0.013974151031301396,-0.08487768717568567,-0.009597881104992156,0.028169014084507005,0.04783311194014073,-0.006744611176438098,-0.027896272550807955,
000816.SZ,20250328,监管审批,,,,3.0,,80.0,1、用于公司主营业务相关项目建设及补充流动资金。,20250328,0,-0.05633802816901412,-0.0268656716417911,-0.022326191381017435,-0.12537313432835817,-0.05342456536736939,-0.10447761194029848,-0.08735042795645065,-0.07164179104477619,-0.09141144816508151,
002972.SZ,20250328,监管审批,,,,3.0,,80.0,1、合理合法使用。,20250328,0,-0.035996488147497785,0.00910746812386165,0.013814756007000994,-0.058287795992714164,0.019179348124100493,-0.05282331511839711,-0.03470822434738141,0.11072879812098058,0.08707550644899431,
300517.SZ,20250328,监管审批,,,,3.0,,80.0,1、合理合法使用。,20250328,0,-0.013903743315508033,0.0032537960954446277,0.007933777749781212,-0.13232104121475052,-0.060944021079175736,-0.026030368763557465,-0.0074028533699893595,0.16929936222998698,0.14439879342013717,
300956.SZ,20250328,监管审批,,,,3.0,,80.0,1、合理合法使用。,20250328,0,-0.016955399926280812,-0.03824521934758174,-0.03375882243890205,-0.23059617547806532,-0.16730346598079315,-0.22285754754899323,-0.22964200786597733,-0.2725874310682549,-0.3055100783326762,
002715.SZ,20250328,监管审批,,,,3.0,,80.0,1、用于公司主营业务相关项目建设及补充流动资金。,20250328,0,-0.034965034965035,0.01871980676328522,0.023471934315771215,-0.143719806763285,-0.07328047205829558,-0.10869565217391286,-0.0916491397088296,0.11718475061586209,0.0933939775644066,
688233.SH,20250327,监管审批,,,,3.0,,80.0,1、用于公司主营业务相关项目及补充流动资金。,20250327,0,0.006321112515802696,0.012144053601340188,0.0189218986095403,-0.0071189279731992405,0.00231110316748806,0.059045226130653106,0.08433614765999486,0.23010805339031104,0.2034599893409328,
300824.SZ,20250327,监管审批,,,,3.0,,80.0,1、合理合法使用。,20250327,0,0.00990099009900991,-0.008823529411764675,-0.0021860942862821364,0.013725490196078605,0.023353494203792735,0.22254901960784323,0.25174455399842177,0.15593675178843025,0.130895474712168,
300465.SZ,20250327,监管审批,,,,3.0,,80.0,1、合理合法使用。,20250327,0,0.005750798722044648,-0.007623888182973437,-0.0009784196335081985,-0.06543837357052096,-0.05656223977321606,-0.08894536213468884,-0.06718858462729294,0.10038119440914861,0.07654342790845048,
688185.SH,20250326,监管审批,,,,3.0,,80.0,1、用于公司主营业务相关项目及补充流动资金。,20250326,0,-0.006701030927835028,0.017989967133713813,0.016465704875199938,0.07299775125410823,0.07894568150224113,-0.05137519460300988,-0.030830875635688093,0.035806953814218945,0.009648941946542644,
688123.SH,20250325,监管审批,,,,3.0,,80.0,1、用于公司主营业务相关项目及补充流动资金。,20250325,0,-0.048205614118204454,0.021403683424589204,0.021791481791364475,0.008586361373817741,0.01507481340552208,-0.12132901941264307,-0.10170470097483642,0.015678587506333663,0.0006568410940823721,
603209.SH,20250325,监管审批,,,,3.0,,80.0,1、合理合法使用。,20250325,0,-0.024758454106280303,0.005572755417956765,0.005954543224827802,-0.014241486068111375,-0.007899890467136683,-0.09287925696594412,-0.07261953891887674,0.020822013899413516,0.005724196919250968,
603577.SH,20250325,监管审批,,,,3.0,,80.0,1、用于公司主营业务相关项目及补充流动资金。,20250325,0,-0.02332979851537631,0.021715526601520097,0.022103443366414233,-0.020629750271444314,-0.014329251742011162,-0.09880564603691633,-0.07867828850804581,-0.0011585581122453004,-0.01593128545990319,
688323.SH,20250322,监管审批,,,,3.0,,80.0,1、用于公司主营业务相关项目建设及补充流动资金。,20250321,1,-0.06470588235294117,-0.027253668763102756,-0.028753936974867278,-0.011180992313067906,-0.007190701308359637,-0.0803633822501747,-0.05985615077367734,-0.08595387840670854,-0.08461124975704892,
300050.SZ,20250321,监管审批,,,,3.0,,80.0,1、合理合法使用。,20250321,0,0.019933554817275656,-0.05048859934853411,-0.05195303228995063,-0.0960912052117262,-0.09244356180592483,-0.17263843648208466,-0.15418887197982134,-0.14495114006514642,-0.1436951716089746,
688611.SH,20250318,监管审批,,,,14.6,,80.0,1、1GW高效钙钛矿太阳能电池组件项目;2、补充公司流动资金。,20250318,0,0.008097928436911372,-0.02110965813562493,-0.020158259311561455,-0.14085559499346156,-0.1256144700144799,-0.23855781804595555,-0.202820422475939,-0.16213409812846036,-0.15165784607066002,
002879.SZ,20250318,监管审批,,,,3.0,,80.0,1、合理合法使用。,20250318,0,-0.009399477806788514,0.008434370057986307,0.009414483184847056,-0.05166051660516602,-0.03483708098165916,-0.21665788086452287,-0.17989263743348693,-0.21238286741126333,-0.20253490058553303,
688658.SH,20250315,监管审批,,,,3.0,,80.0,1、用于公司主营业务相关项目及补充流动资金。,20250314,1,0.01569965870307155,-0.013440860215053863,-0.015331809493533521,-0.0026881720430108613,0.013533676481115808,0.08534946236559127,0.13749258700858724,0.157258064516129,0.17184481080512892,
300511.SZ,20250313,董事会预案,,,,4.49,,80.0,1、用于补充流动资金。,20250313,0,0.2000000000000004,0.19958847736625507,0.17824811437865185,0.09259259259259234,0.07649681495002736,0.03703703703703698,0.07562751684096125,0.4197530864197532,0.4014235795431067,
605299.SH,20250312,监管审批,,,,3.0,,80.0,1、合理合法使用。,20250312,0,-0.010706638115631661,0.022727272727272707,0.02674512840201282,-0.0216450216450218,-0.037208111833645696,-0.13961038961038952,-0.10003293284628167,0.21226969109322025,0.20144065979733683,
001376.SZ,20250311,监管审批,,,,3.0,,80.0,1、合理合法使用。,20250311,0,-0.008076358296622566,-0.0037009622501849027,-0.0013653089462150048,0.022205773501110304,0.007324363526915567,-0.08660251665433005,-0.03127991578656064,-0.10392341440390829,-0.10524388204680357,
603759.SH,20250306,监管审批,,,,3.0,,80.0,1、合理合法使用。,20250306,0,0.10025380710659904,-0.043829296424452324,-0.04140452581278853,-0.01384083044982698,-0.007272814192781141,-0.01730103806228378,-0.005806662378612382,-0.09573241061130344,-0.09653409638424537,
600506.SH,20250228,监管审批,,,,3.0,,80.0,1、合理合法使用。,20250228,0,0.015624999999999778,-0.09976689976689967,-0.09868887552736494,-0.05454545454545434,-0.06902451931928455,-0.07272727272727264,-0.08114127409533589,-0.12354312354312336,-0.13463046313904137,
002162.SZ,20250228,监管审批,,,,3.0,,80.0,1、合理合法使用。,20250228,0,0.05277044854881274,0.03759398496240607,0.0388364981140501,0.09022556390977443,0.07352941851195838,0.020050125313283207,0.010794268975178323,0.03007518796992481,0.017044548670794857,
300842.SZ,20250228,监管审批,,,,,,80.0,1、合理合法使用。,20250228,0,0.003582802547770658,0.011503371677905605,0.012714641462095555,-0.04482348274494241,-0.05945143363932248,-0.05712019040063465,-0.06567580923267102,-0.19645312706597906,-0.2066181417983335,
300708.SZ,20250125,监管审批,,,,3.0,,80.0,1、合理合法使用。,20250124,1,0.0021082220660575413,-0.07082748948106588,-0.07024845042697403,-0.020336605890603043,-0.040844023447016764,-0.11921458625525938,-0.1362886919759494,-0.2052562863694607,-0.21348467013063477,
920982.BJ,20250626,监管审批,,,,20.0,,80.0,1、人源化胶原蛋白FAST数据库与产品开发平台项目;2、补充流动资金。,20250626,0,0.00012463388795413977,0.08667206679543882,0.09436036563401529,0.21493551000062316,0.21047852995543814,0.042121004423951725,-0.003333912804879491,-0.07009782540968279,-0.1630970660589609,
300189.SZ,20250426,监管审批,,,,1.44,,80.0,1、油菜“良种+良法”示范推广项目;2、补充流动资金。,20250425,1,-0.032418952618453845,0.010309278350515427,0.012350933330169678,0.14948453608247414,0.1331139680920823,0.06958762886597936,0.05521774631726295,0.40979381443298957,0.288326968463853,
688041.SH,20250610,董事会预案,,,,,,80.0,募集配套资金用于1、支付本次并购交易税费、人员安置费用等并购整合费用、补充流动资金、偿还债务和投入项目建设。,20250610,0,0.04297362814956296,-0.04564023101845327,-0.05054892107079956,-0.044231581912945406,-0.04496196466909608,-0.03577968727989844,-0.06683869038729251,0.42196083955486685,0.24751420665936497,
600569.SH,20250607,监管审批,,,,3.0,,80.0,1、合理合法使用。,20250606,1,0.010471204188481575,0.0,-0.0042396083313361865,-0.005181347150258975,-0.0027180412733007753,0.11917098445595875,0.0911422929316974,0.1398963730569951,0.0002669287425796085,
000017.SZ,20250607,监管审批,,,,3.0,,80.0,1、合理合法使用。,20250606,1,-0.005594405594405716,-0.005625879043600457,-0.00984163585127229,-0.0014064697609001975,0.0010661832243288316,-0.11814345991561193,-0.1402288117286712,-0.0857946554149086,-0.19777850523745955,
688648.SH,20250529,监管审批,,,,3.0,,80.0,1、合理合法使用。,20250529,0,0.14687657008876243,-0.019421728971962593,-0.01474709908920846,-0.2391939252336449,-0.24411839334755103,-0.3113317757009346,-0.3235558732102398,-0.06556658878504662,-0.17848571023482496,
002069.SZ,20250523,董事会预案,,,,5.22,,80.0,1、全部用于偿还银行借款及补充流动资金。,20250523,0,-0.014598540145985495,-0.01728395061728394,-0.016833852622693102,-0.032098765432098775,-0.03184304770260893,-0.08148148148148149,-0.09050208537527726,0.04938271604938271,-0.057484533740166266,
603887.SH,20250520,监管审批,,,,3.0,,80.0,1、用于公司主营业务相关项目及补充流动资金。,20250520,0,-0.006640841173215395,-0.018941504178273005,-0.02099642592608464,-0.052367688022283976,-0.04108041767163284,-0.07966573816155997,-0.08192816649748635,0.01671309192200554,-0.06691758271877146,
300149.SZ,20250519,监管审批,,,,3.0,,80.0,1、合理合法使用。,20250519,0,0.0,0.026771653543307128,0.022854952073986468,0.1889763779527558,0.19634579319973144,0.8330708661417325,0.8223443271594391,0.9889763779527561,0.8271121686386025,
300947.SZ,20250516,监管审批,,,,3.0,,80.0,1、合理合法使用。,20250516,0,0.0124760076775432,0.04976303317535535,0.04972531433344818,-0.03838862559241718,-0.03290615378090489,0.1161137440758293,0.10910910152714348,0.07156398104265405,-0.01071838790344759,
002392.SZ,20250513,监管审批,,,,3.0,,80.0,1、合理合法使用。,20250513,0,-0.09103840682788056,-0.020344287949921824,-0.028712758962028406,-0.028169014084507116,-0.029781019217309135,-0.03755868544600938,-0.045322336777209205,0.09580988182215466,0.0176724967148556,
688627.SH,20250510,监管审批,,,,3.0,,80.0,1、用于公司主营业务相关项目及补充流动资金。,20250509,1,-0.05176037834997371,0.0052646162371847716,-0.0028645170531275133,-0.014546965918537103,-0.021998450553542548,0.12150180105292319,0.10244399519864467,0.2853881060136254,0.19882652490642716,
688561.SH,20250509,监管审批,,,,3.0,,80.0,1、用于公司主营业务相关项目及补充流动资金。,20250509,0,-0.032055311125078534,0.033766233766233666,0.025406620417098402,-0.0025974025974027093,-0.01013924363134644,0.042857142857142705,0.025135754497659146,0.19220779220779205,0.11192123049229519,
301428.SZ,20250509,监管审批,,,,3.0,,80.0,1、合理合法使用。,20250509,0,-0.027952656761521033,0.011398963730570033,0.0032202246671932944,-0.01010362694300515,-0.017588709802339064,-0.0056489869847912155,-0.022546105241095127,0.06994039253125517,-0.002112345186375486,
600481.SH,20250508,监管审批,,,,3.0,,80.0,1、合理合法使用。,20250508,0,0.02401746724890841,-0.02558635394456288,-0.022671596618265788,-0.017057569296375363,-0.025438344847100947,-0.03837953091684443,-0.04785612961017571,0.30703624733475476,0.2306852052080759,
002589.SZ,20250507,监管审批,,,,3.0,,80.0,1、合理合法使用。,20250507,0,0.020134228187919545,0.0,-0.002783625206213003,-0.02960526315789469,-0.04707577061301549,-0.016447368421052544,-0.028489550291723065,0.02960526315789469,-0.03682478397586497,
300507.SZ,20250507,董事会预案,,,,6.73,,80.0,1、用于AMB覆铜基板建设项目。,20250507,0,0.20054945054945073,-0.014874141876430436,-0.017616363046395467,-0.0389016018306636,-0.05620474259682595,-0.10755148741418774,-0.11847823088852016,-0.1133175356147419,-0.17052621549379754,
300382.SZ,20250501,监管审批,,,,3.0,,80.0,1、合理合法使用。,20250430,1,0.02448355011476666,0.12023898431665425,0.10771202646665046,0.10828976848394323,0.07861479069197275,0.11426437640029863,0.08677409401644898,0.24122479462285296,0.12751816911975378,
688152.SH,20250430,监管审批,,,,3.0,,80.0,1、用于公司主营业务相关项目及补充流动资金。,20250430,0,0.02223829325619242,0.03431199151043507,0.02274590346779437,0.04350902016271663,0.015568577257240035,-0.045277679518924696,-0.06883186176154199,0.042619280328482834,-0.05289341049449092,
688206.SH,20250430,监管审批,,,,3.0,,80.0,1、用于公司主营业务相关项目及补充流动资金。,20250430,0,0.06250000000000022,0.07873303167420787,0.06667020989387784,0.07466063348416285,0.04588609153727541,0.43846153846153824,0.4029729105127897,0.4536286615267322,0.32046405624907637,
688737.SH,20250430,监管审批,,,,3.0,,80.0,1、用于公司主营业务相关项目及补充流动资金。,20250430,0,0.06539074960127578,0.09930139720558895,0.08700857178169508,0.1736526946107786,0.14222759384881511,0.007984031936127733,-0.016884182702352923,0.10479041916167686,0.0035823293819370328,
688327.SH,20250430,监管审批,,,,3.0,,80.0,1、用于公司主营业务相关项目及补充流动资金。,20250430,0,0.0389016018306636,0.043318649045521296,0.031651844976308574,0.03891336270190893,0.011095970678040246,-0.058002936857562304,-0.08124317123910152,0.14170337738619687,0.03711375032551478,
688246.SH,20250430,监管审批,,,,3.0,,80.0,1、用于公司主营业务相关项目及补充流动资金。,20250430,0,0.035014005602240994,0.053788903924221865,0.04200501730085726,-0.01928281461434367,-0.045541976725290034,-0.0246955345060893,-0.04875750376088406,0.2516914749661705,0.13702601355581723,
688071.SH,20250430,监管审批,,,,3.0,,80.0,1、用于公司主营业务相关项目及补充流动资金。,20250430,0,0.051459959525874455,0.09018421776189167,0.07799334426450732,0.10860599395105863,0.0789225490740526,0.06433874072037393,0.03808018561068183,0.23040967830629655,0.11769380837471544,
688456.SH,20250430,监管审批,,,,3.0,,80.0,1、用于公司主营业务相关项目及补充流动资金。,20250430,0,0.0171126322339763,0.027837259100642386,0.016343574090857294,0.04160293667788317,0.013713530050725398,0.03211991434689532,0.006656237592683301,0.29843746546102023,0.17948967835269847,
688618.SH,20250430,监管审批,,,,3.0,,80.0,1、用于公司主营业务相关项目及补充流动资金。,20250430,0,0.036308623298033416,0.04574209245742078,0.034048188480154895,0.06326034063260333,0.03479104686792622,0.05742092457420922,0.031333040557810055,0.29378642112231645,0.17526470877427203,
688079.SH,20250430,监管审批,,,,3.0,,80.0,1、用于公司主营业务相关项目及补充流动资金。,20250430,0,0.027058823529411802,0.0423825887743412,0.03072625210335911,0.04352806414662069,0.015587111329552927,0.020618556701030855,-0.004561367313545062,0.34936998854524615,0.22575635415981954,
688135.SH,20250430,监管审批,,,,3.0,,80.0,1、用于公司主营业务相关项目及补充流动资金。,20250430,0,0.0006002400960385401,0.04919016196760628,0.03745770030575457,0.09358128374325125,0.06430013252123157,0.14817036592681454,0.11984358078264257,0.32153569286142747,0.20047191394873498,
688221.SH,20250430,监管审批,,,,3.0,,80.0,1、公司主营业务相关项目。,20250430,0,0.0,0.004662004662004504,-0.006572525435676768,0.005827505827505908,-0.021103996877615994,0.1282051282051282,0.10037091020610989,1.613053613053613,1.373675935548155,
688165.SH,20250430,监管审批,,,,3.0,,80.0,1、用于公司主营业务相关项目及补充流动资金。,20250430,0,0.030742954739538808,0.05178127589063797,0.04001983936239362,0.19966859983429996,0.16754691102135943,-0.02775476387738196,-0.05174125815417785,-0.0024855012427507095,-0.09386621490192826,
688051.SH,20250430,监管审批,,,,3.0,,80.0,1、用于公司主营业务相关项目及补充流动资金。,20250430,0,0.02959927140254992,0.01769128704113232,0.006311058326045282,0.026979212737726632,-0.0005186368296258292,0.04068996019460425,0.015014849793776763,0.502874834144184,0.36519886546842995,
688159.SH,20250430,监管审批,,,,3.0,,80.0,1、用于公司主营业务相关项目及补充流动资金。,20250430,0,0.017217630853994637,0.10313698939291349,0.09080127285173756,0.28616565109456094,0.2517279632097078,0.45497630331753536,0.4190802356632648,0.41531409236216277,0.2856594237101542,
688098.SH,20250430,监管审批,,,,3.0,,80.0,1、用于公司主营业务相关项目及补充流动资金。,20250430,0,0.007312614259597838,0.012704174228675091,0.0013797133924686733,0.04537205081669682,0.017381724392618203,0.08166969147005454,0.054983560337849235,0.2431941923774954,0.12930715348439303,
688023.SH,20250430,监管审批,,,,3.0,,80.0,1、用于公司主营业务相关项目建设及补充流动资金。,20250430,0,0.049060773480662956,0.059616599957868166,0.04776754571973729,0.03602275121129139,0.008282756664353963,-0.01643143037708039,-0.04069728531732619,0.2639561828523278,0.14816717109673694,
688168.SH,20250430,监管审批,,,,3.0,,80.0,1、用于公司主营业务相关项目及补充流动资金。,20250430,0,0.029707792207792183,0.022859845498975018,0.011421819907638131,-0.0012612328551159235,-0.028002931260891373,-0.04414314992905566,-0.06772532242197515,0.19943244521519787,0.0895543502438585,
688218.SH,20250430,监管审批,,,,3.0,,80.0,1、公司主营业务相关项目建设及补充流动资金。,20250430,0,0.013658536585366088,0.03128007699711244,0.019747893028374763,0.06352261790182867,0.03504630154038946,0.060635226179018176,0.034468041360534274,0.06944821517651634,-0.0285222316151007,
688499.SH,20250430,监管审批,,,,3.0,,80.0,1、用于公司主营业务相关项目及补充流动资金。,20250430,0,0.12891113892365436,0.018107908351810975,0.00672302081153453,0.05395417590539564,0.025734059061286896,0.022172949002217335,-0.0030453237958250057,1.0886917960088698,0.8973500689751777,
000545.SZ,20250430,监管审批,,,,3.0,,80.0,1、合理合法使用。,20250430,0,0.020000000000000018,0.0490196078431373,0.03728905338533606,0.11274509803921573,0.08295082671105258,0.3088235294117647,0.2765332317264062,0.43137254901960786,0.28031121193291764,
603616.SH,20250430,监管审批,,,,3.0,,80.0,1、合理合法使用。,20250430,0,0.10031347962382453,0.014245014245014342,0.0029033231229418366,0.09686609686609682,0.06749699323375702,0.16809116809116809,0.13927291208208348,0.908831908831909,0.7339668594498865,
002362.SZ,20250430,监管审批,,,,3.0,,80.0,1、合理合法使用。,20250430,0,0.02238805970149249,0.05547445255474459,0.043671717456238435,0.0647201946472018,0.03621181260733297,0.04184914841849152,0.016145439408316475,0.24963503649635022,0.13515796213721543,
605287.SH,20250430,监管审批,,,,3.0,,80.0,1、用于公司主营业务相关项目及补充流动资金。,20250430,0,0.04264214046822734,0.020048115477145245,0.008641531769158384,0.035284683239775516,0.007564450808565049,0.09943865276663999,0.07231413934917419,0.2429831595829992,0.12911545306791306,
605069.SH,20250430,监管审批,,,,3.0,,80.0,1、用于公司主营业务相关项目及补充流动资金。,20250430,0,0.10011376564277596,0.05480868665977234,0.04301339642028368,0.05791106514994837,0.02958500074248893,0.22026887280248197,0.1901633281866404,0.15718717683557393,0.0511791035812752,
600208.SH,20250430,监管审批,,,,3.0,,80.0,1、合理合法使用。,20250430,0,-0.018248175182481785,0.003717472118959231,-0.00750649584017804,-0.011152416356877248,-0.03762927369031066,-0.011152416356877248,-0.03554851111201551,0.5315985130111522,0.3912912138865168,
605179.SH,20250430,监管审批,,,,3.0,,80.0,1、合理合法使用。,20250430,0,0.014374700527072237,0.025507794048181376,0.01404015804305847,0.01936702881435992,-0.00792700096208776,0.017949929145016474,-0.007164156522174503,-0.041098851666675484,-0.1289422578251539,
603207.SH,20250430,监管审批,,,,3.0,,80.0,1、合理合法使用。,20250430,0,0.03944315545243615,0.019717261904761862,0.00831437793300438,0.026413690476190466,-0.001069016967658487,0.1607142857142858,0.1320780265310424,0.2991794642857144,0.18016370384746172,
603863.SH,20250430,监管审批,,,,3.0,,80.0,1、合理合法使用。,20250430,0,0.10042194092827006,0.02837423312883436,0.016874543461907532,0.04754601226993871,0.019497477009434716,0.004601226993865115,-0.020183529656473853,0.38803680981595123,0.2581322709143583,
603378.SH,20250430,监管审批,,,,3.0,,80.0,1、合理合法使用。,20250430,0,0.04436860068259385,0.03594771241830075,0.024363333093929906,0.05882352941176494,0.030473033346199996,0.009803921568627416,-0.015109192001349636,0.008169934640522847,-0.08418690652013583,
603350.SH,20250430,监管审批,,,,3.0,,80.0,1、合理合法使用。,20250430,0,0.02461059190031145,0.01976284584980248,0.008359452140242363,0.19033140772271206,0.15845972660309338,0.10611128002432357,0.07882214462715442,0.16728908293766365,0.06035559016307013,
603990.SH,20250430,监管审批,,,,3.0,,80.0,1、用于公司主营业务相关项目及补充流动资金。,20250430,0,0.03221083455344087,0.05460992907801421,0.04281686142485208,0.05531914893617018,0.027062484299663847,0.06382978723404253,0.03758378863728917,0.13829787234042556,0.034020218170202954,
600774.SH,20250430,监管审批,,,,3.0,,80.0,1、用于公司主营业务相关项目建设及补充流动资金。,20250430,0,0.10049019607843146,0.10022271714922049,0.0879195891593012,-0.053452115812917644,-0.07879637887573698,-0.028953229398663738,-0.05291015604653315,0.20155902004454318,0.09148611294185405,
603922.SH,20250430,监管审批,,,,3.0,,80.0,1、用于公司主营业务相关项目及补充流动资金。,20250430,0,0.10022909507445599,0.0005205622071835503,-0.010667656633885358,-0.0681936491410724,-0.09314320074252824,0.00989068193649123,-0.015024572119229362,0.18011452368558056,0.07200611272182966,
603188.SH,20250430,监管审批,,,,3.0,,80.0,1、用于公司主营业务相关项目及补充流动资金。,20250430,0,-0.007556675062972307,0.035532994923857864,0.023953253135446273,0.032994923857868175,0.005336000806875019,0.025380710659898442,8.329840836784896e-05,0.13451776649746194,0.030586401799790996,
002825.SZ,20250430,监管审批,,,,3.0,,80.0,1、合理合法使用。,20250430,0,-0.010548523206751037,0.023454157782515805,0.012009486354861876,0.17057569296375275,0.13923298036248322,0.09488272921108742,0.0678706160710727,0.11396103974478478,0.011912844027110125,
688244.SH,20250429,监管审批,,,,3.0,,80.0,1、用于公司主营业务相关项目建设及补充流动资金。,20250429,0,0.029166666666666563,0.02995951417004039,0.03235406073044356,0.045074224021592446,0.027767607804072503,0.004318488529015063,-0.013932575322202934,0.01842722698123378,-0.0696838696619273,
688718.SH,20250429,监管审批,,,,3.0,,80.0,1、用于公司主营业务相关项目及补充流动资金。,20250429,0,0.030555555555555447,0.010781671159029615,0.013131631269784894,0.04132973944294682,0.024085132560309974,0.06558849955076362,0.046224001170464435,0.32704402515723263,0.21223238103323583,
688305.SH,20250429,监管审批,,,,3.0,,80.0,1、用于公司主营业务相关项目及补充流动资金。,20250429,0,0.01671569938486228,-0.007891621728264964,-0.005585075041668164,0.023543338155990856,0.006593277262422204,-0.05063790608970131,-0.06789027014730309,-0.0016071057084301454,-0.08798489536898757,
688669.SH,20250429,监管审批,,,,3.0,,80.0,1、用于公司主营业务相关项目及补充流动资金。,20250429,0,0.01658163265306123,0.023839397741530766,0.026219715680768196,0.06775407779171894,0.05007187913608413,0.1656210790464241,0.1444387300376342,0.33751568381430364,0.22179806496427523,
688383.SH,20250429,监管审批,,,,3.0,,80.0,1、用于公司主营业务相关项目或补充流动资金。,20250429,0,0.021137026239067103,0.01023078753271478,0.012579466897504332,0.01617891981917685,-0.0006491849885073009,0.26029026885557927,0.23738753587727723,0.44275336784755903,0.3179309180359291,
688556.SH,20250429,监管审批,,,,3.0,,80.0,1、用于公司主营业务相关项目及补充流动资金。,20250429,0,0.004689331770222793,0.012835472578763163,0.015190207559848456,0.2007001166861142,0.18081630782911895,0.08751458576429405,0.06775163370215886,0.6909411050369607,0.5446462386227593,
688356.SH,20250429,监管审批,,,,3.0,,80.0,1、用于公司主营业务相关项目及补充流动资金。,20250429,0,0.008199409642505762,-0.007807417046193921,-0.005500674592648025,-0.02244632400780744,-0.03863478786381891,0.223975276512687,0.20173248084667872,0.6269471207608164,0.48618881109191103,
688157.SH,20250429,监管审批,,,,3.0,,80.0,1、用于公司主营业务相关项目及补充流动资金。,20250429,0,-0.019337684312303427,-0.013063840276066219,-0.010769318448663356,0.006655163914222495,-0.010015225790928395,-0.046586147399556355,-0.06391214238938547,0.11520641517561292,0.018722289828851713,
688277.SH,20250429,监管审批,,,,3.0,,80.0,1、用于公司主营业务相关项目及补充流动资金。,20250429,0,0.03514938488576447,0.06960950764006801,0.07209623622721839,0.05942275042444822,0.041878520041318534,0.15704584040747038,0.13601932565815744,0.5415959252971139,0.40822193061201273,
688360.SH,20250429,监管审批,,,,3.0,,80.0,1、用于公司主营业务相关项目及补充流动资金。,20250429,0,0.10753720595295269,0.057650628521889624,0.060109553984291075,0.1378413524057216,0.11899849593689438,0.11313394018205436,0.09290541820495091,0.3504172717444287,0.23358344838724943,
688090.SH,20250429,监管审批,,,,3.0,,80.0,1、用于公司主营业务相关项目及补充流动资金。,20250429,0,0.0394594594594595,0.08294331773270924,0.08546104601320192,0.08450338013520531,0.06654381003464627,0.1684867394695786,0.147252314001024,0.174857356916313,0.07321242110285842,
688006.SH,20250429,监管审批,,,,3.0,,80.0,1、用于公司主营业务相关项目及补充流动资金。,20250429,0,0.029232643118148438,0.00887573964497057,0.011221268667232831,0.018934911242603603,0.0020611667236265507,0.00946745562130169,-0.008877178275915165,0.21867297186986678,0.11323724788679934,
688388.SH,20250429,监管审批,,,,3.0,,80.0,1、用于公司主营业务相关项目及补充流动资金。,20250429,0,0.029794149512459622,-0.008942661756970116,-0.0066385586268927765,-0.09573908469226733,-0.11071380731197944,-0.0773277222514468,-0.09409506333624762,0.1341399263545502,0.036017733614180036,
688288.SH,20250429,监管审批,,,,3.0,,80.0,1、用于公司主营业务相关项目建设及补充流动资金。,20250429,0,-0.019436619718309678,-0.03792013789141058,-0.035683404317953915,-0.06722206262568242,-0.08266903223534883,-0.12754955472565355,-0.14340423525338897,-0.1683424303361104,-0.2402948080350834,
002842.SZ,20250429,监管审批,,,,3.0,,80.0,1、合理合法使用。,20250429,0,0.016793893129771087,0.013513513513513375,0.015869824867811078,0.20420420420420404,0.18426236703067933,0.21771771771771764,0.19558863807548477,0.472972972972973,0.34553601868112005,
300560.SZ,20250429,监管审批,,,,3.0,,80.0,1、合理合法使用。,20250429,0,0.030195381882770933,0.01896551724137918,0.021334503925720893,0.07327586206896552,0.05550222167730312,0.06293103448275872,0.04361482911428061,0.22327586206896544,0.11744191061080111,
300532.SZ,20250429,监管审批,,,,3.0,,80.0,1、合理合法使用。,20250429,0,-0.01278538812785368,0.028677150786308836,0.031068715987942586,0.06660499537465303,0.048941825729529986,0.12765957446808485,0.10716708415637255,0.16944695648921626,0.06827011137707095,
000620.SZ,20250429,监管审批,,,,3.0,,80.0,1、合理合法使用。,20250429,0,-0.006024096385542244,-0.012121212121212088,-0.009824498783390645,0.0181818181818183,0.001320545018731023,0.0121212121212122,-0.006271647393553903,0.0060606060606061,-0.08098056972594492,
300731.SZ,20250429,监管审批,,,,3.0,,80.0,1、合理合法使用。,20250429,0,-0.012152777777777679,0.01581722319859402,0.018178890433415917,0.11159929701230209,0.09319101367810378,0.11247803163444625,0.09226142921166702,0.28009513097796535,0.16934535641393778,
300084.SZ,20250429,监管审批,,,,3.0,,80.0,1、合理合法使用。,20250429,0,0.02782071097372496,0.018045112781954753,0.020411959623611198,0.069172932330827,0.0514672371900502,0.20300751879699241,0.18114576150601835,0.26466165413533815,0.1599631870800109,
000510.SZ,20250429,监管审批,,,,3.0,,80.0,1、合理合法使用。,20250429,0,-0.10074626865671632,-0.09336099585062241,-0.09125315638795894,0.008298755186721962,-0.008398852684103453,0.13692946058091282,0.11626851246893977,0.0020746887966804906,-0.08462163805815615,
300875.SZ,20250429,监管审批,,,,3.0,,80.0,1、用于公司主营业务相关项目及补充流动资金。,20250429,0,0.012355848434925765,0.03864930838079772,0.04106405779048927,0.2298616761594794,0.20949494665770163,0.23026851098454038,0.2079113509754591,0.7310821806346623,0.5813144355526023,
603065.SH,20250429,监管审批,,,,3.0,,80.0,1、合理合法使用。,20250429,0,0.09976247030878871,-0.0766738660907127,-0.07452723082236967,-0.12526997840172793,-0.13975566413559737,0.03995680345572361,0.021058099270581332,0.009902570316266068,-0.07747100004386043,
605296.SH,20250429,监管审批,,,,3.0,,80.0,1、用于公司主营业务相关项目及补充流动资金。,20250429,0,0.022759103641456502,0.0,0.0023248938695739074,-0.022595001711742446,-0.03878100343836355,-0.004792879150975593,-0.0228783658917463,0.18657993837726794,0.0839208019605211,
603359.SH,20250429,监管审批,,,,3.0,,80.0,1、用于公司主营业务相关项目建设及补充流动资金。,20250429,0,0.10031847133757954,0.09985528219971052,0.10241232900271502,-0.09406657018813314,-0.10906898994741299,0.13603473227206941,0.11539004368701011,-0.0361794500723589,-0.11956615004606641,
603278.SH,20250429,监管审批,,,,3.0,,80.0,1、合理合法使用。,20250429,0,0.04592422502870264,0.06256860592755209,0.06503896516547458,0.11855104281009865,0.10002763732113018,-0.005488474204171201,-0.02356132018419177,0.1262349066959385,0.02879663120822329,
603273.SH,20250429,监管审批,,,,3.0,,80.0,1、合理合法使用。,20250429,0,-0.014518002322880363,-0.017088980553918498,-0.01480381675047171,0.031231585150265362,0.01415420551027946,0.04242781378903948,0.023484204956730537,0.12232511739142238,0.025225104485596006,
003019.SZ,20250429,监管审批,,,,3.0,,80.0,1、合理合法使用。,20250429,0,0.0014199503017393589,0.038638780574264286,0.04105350550792308,0.08826657213753974,0.07024468290381258,0.049273307337823535,0.03020529818701112,0.11445601390461291,0.01803681089806286,
300606.SZ,20250429,监管审批,,,,3.0,,80.0,1、合理合法使用。,20250429,0,0.04646721833227252,0.018856447688564204,0.021225180797771026,0.07725060827250596,0.05941114537223546,0.08698296836982955,0.06722967717038042,0.23717703809787793,0.13014040093759638,
002224.SZ,20250429,监管审批,,,,3.0,,80.0,1、合理合法使用。,20250429,0,0.014117647058823568,0.009280742459396807,0.011627213070219522,0.05568445475638062,0.03820213121866689,0.11600928074245953,0.0957285063924671,0.09028451880401578,-0.004043443037339389,
300635.SZ,20250429,监管审批,,,,3.0,,80.0,1、用于公司主营业务相关项目及补充流动资金。,20250429,0,0.022727272727272485,0.021164021164021385,0.023538119136655045,0.061375661375661306,0.043799090437609545,0.11428571428571455,0.09403626159494971,0.4656084656084656,0.34807400766982943,
300513.SZ,20250429,监管审批,,,,3.0,,80.0,1、用于公司主营业务相关项目建设和偿还银行贷款及补充流动资金。,20250429,0,0.015109890109890056,-0.009472259810554773,-0.007169387939745531,0.044654939106901326,0.02735526632262042,0.03653585926928282,0.01769932248570827,0.26251691474966177,0.15328795175456422,
300031.SZ,20250429,监管审批,,,,3.0,,80.0,1、合理合法使用。,20250429,0,0.005798394290811748,0.019512195121951237,0.021882452774345973,0.2709534368070954,0.24990622039359023,0.0815964523281596,0.061941048053361314,0.09105918471772112,-0.003335798763845932,
300583.SZ,20250429,监管审批,,,,3.0,,80.0,1、用于主营业务相关项目及补充流动资金。,20250429,0,0.002093144950287895,0.005744125326370808,0.008082373677702037,0.018276762402088753,0.0014139169457190182,-0.07049608355091386,-0.08738757317580026,-0.037545847784575814,-0.1208143313578528,
300713.SZ,20250429,监管审批,,,,3.0,,80.0,1、用于公司主营业务相关项目建设及补充流动资金。,20250429,0,0.05473372781065078,0.020336605890603154,0.022708780210539903,0.1676016830294531,0.1482659901584138,0.1872370266479666,0.16566185997786076,0.274193548387097,0.16395436004880581,
603709.SH,20250429,监管审批,,,,3.0,,80.0,1、用于公司主营业务相关项目建设及补充流动资金。,20250429,0,0.03314917127071859,0.010695187165775222,0.013044946210424735,0.06149732620320836,0.04391874047383437,0.0909090909090906,0.0710844519111391,0.24331550802139024,0.13574778989396408,
300985.SZ,20250429,监管审批,,,,3.0,,80.0,1、合理合法使用。,20250429,0,0.02092871157619358,0.014093529788597126,0.01645118961917702,0.06406149903907754,0.04644045014855602,0.06854580397181298,0.04912756372333904,0.17873158231902608,0.07675146079977724,
300710.SZ,20250429,监管审批,,,,3.0,,80.0,1、用于公司主营业务相关项目及补充流动资金。,20250429,0,0.0470518165574747,0.059726962457337995,0.062190715175777234,0.09328782707622296,0.07518278496190933,0.13026166097838465,0.10972188402644001,0.15017064846416384,0.050661528442551784,
300332.SZ,20250429,监管审批,,,,3.0,,80.0,1、合理合法使用。,20250429,0,0.013793103448276112,0.0022675736961450532,0.004597739433903847,0.049886621315192725,0.032500310937074284,0.0453514739229024,0.026354734626112597,0.17460317460317443,0.07298022983803887,
603033.SH,20250429,监管审批,,,,3.0,,80.0,1、合理合法使用。,20250429,0,0.029739776951672958,-0.01534296028880855,-0.013053737173551294,0.010830324909747446,-0.005909206208840945,-0.041516245487364545,-0.058934373704427556,0.01263537906137202,-0.07497462525207776,
300948.SZ,20250429,监管审批,,,,3.0,,80.0,1、用于公司及子公司主营业务相关项目建设及补充流动资金。,20250429,0,0.023333333333333428,0.03365906623235593,0.036062213858669034,0.08034744842562414,0.062456701298085227,0.10206297502714423,0.0820356411136327,0.2584147665580889,0.1495407084262712,
300949.SZ,20250429,监管审批,,,,3.0,,80.0,1、用于公司主营业务相关项目建设及补充流动资金。,20250429,0,0.03782837127845884,0.026662166722916103,0.029049047300453656,0.07661154235572054,0.0587826625014245,0.2757340533243333,0.25255066684849736,0.3999325008437393,0.2788147767611153,
300459.SZ,20250429,监管审批,,,,3.0,,80.0,1、合理合法使用。,20250429,0,0.02249488752556239,0.00800000000000023,0.010343493020530614,0.03600000000000003,0.018843654556558898,0.050000000000000044,0.030918784964471646,0.1160000000000001,0.019447216208822393,
300469.SZ,20250429,监管审批,,,,3.0,,80.0,1、合理合法使用。,20250429,0,0.023771790808240656,0.030650154798761653,0.033046307025328625,-0.022600619195046412,-0.03878652789513848,-0.08637770897832797,-0.10298058840331514,0.3495356037151707,0.2327780594821891,
002514.SZ,20250429,监管审批,,,,3.0,,80.0,1、合理合法使用。,20250429,0,-0.10082304526748964,0.03203661327231111,0.03443598886768373,0.21510297482837526,0.1949806520624402,0.29290617848970246,0.26941073009682137,0.3157894736842106,0.20195153769197116,
002175.SZ,20250429,监管审批,,,,3.0,,80.0,1、用于公司主营业务以及补充流动资金。,20250429,0,-0.018779342723004633,0.019138755980861122,0.02150814542688617,0.09330143540669877,0.0751961679359967,0.052631578947368585,0.03350254131776631,0.1148325358851674,0.018380757389924618,
300005.SZ,20250429,监管审批,,,,3.0,,80.0,1、合理合法使用。,20250429,0,0.04315659679408168,0.19976359338061456,0.20255291640380313,0.18912529550827428,0.16943316776187078,0.07210401891252949,0.05262111669793512,0.010559677006480861,-0.07687074414234463,
300011.SZ,20250429,监管审批,,,,3.0,,80.0,1、合理合法使用。,20250429,0,-0.038081805359661325,0.014662756598240234,0.0170217398207404,0.07771260997067442,0.05986549623958415,0.038123167155425186,0.019257784883180973,0.14956011730205265,0.050103818502029274,
300980.SZ,20250429,监管审批,,,,3.0,,80.0,1、用于与公司主营业务相关项目及补充流动资金。,20250429,0,0.06972111553784854,0.05912476722532589,0.06158711990376187,0.04422718808193671,0.02693459893119643,0.12290502793296088,0.10249894002585158,0.11135958349928066,0.015208273839908415,
300961.SZ,20250429,监管审批,,,,3.0,,80.0,1、用于合理合法使用。,20250429,0,0.03504847129008204,0.03458213256484122,0.03698742622241191,0.13976945244956762,0.12089466629888546,0.27089337175792494,0.24779795298293394,0.306916426512968,0.19384615844643993,
603221.SH,20250429,监管审批,,,,3.0,,80.0,1、用于与公司主营业务相关项目及补充流动资金。,20250429,0,0.015194681861348425,-0.027128157156220634,-0.02486633337291211,0.01122544434050532,-0.00552063002658254,0.022450888681010417,0.003870312233211104,0.06576637156943854,-0.026440357862507757,
300762.SZ,20250429,监管审批,,,,3.0,,80.0,1、合理合法使用。,20250429,0,0.03905013192612139,0.03859827323514464,0.04101290399353896,0.12442864398171638,0.10580790436525844,0.10106653123412879,0.08105730528088917,0.21381411884205148,0.10879876742696593,
603629.SH,20250429,监管审批,,,,3.0,,80.0,1、用于公司主营业务相关项目及补充流动资金。,20250429,0,0.10004589261128971,0.006257822277847325,0.008597264920071845,0.013767209011264159,-0.0030209574337459744,-0.07217355027117234,-0.08903455598824528,0.015278046655199162,-0.07256059288479078,
603203.SH,20250429,监管审批,,,,3.0,,80.0,1、合理合法使用。,20250429,0,0.04037267080745344,0.010234541577825329,0.012583229670371399,0.024307036247334768,0.0073443283766718714,0.009808102345415737,-0.00854272198360484,0.12638303387424843,0.028931942892428397,
603306.SH,20250429,监管审批,,,,3.0,,80.0,1、用于公司主营业务相关项目及补充流动资金。,20250429,0,-0.013313609467455634,0.038980509745127456,0.041396029162840575,0.09625187406296853,0.07809774679999171,0.22008995502248885,0.18333869486312948,0.3001026630176695,0.17146921186774833,
600478.SH,20250429,监管审批,,,,3.0,,80.0,1、用于公司主营业务相关项目及补充流动资金。,20250429,0,0.015184381778741818,0.010683760683760646,0.013033493163052245,0.04273504273504258,0.02546716377834013,0.02564102564102555,0.007002476155772097,0.2564102564102564,0.14770962214484618,
002583.SZ,20250429,监管审批,,,,3.0,,80.0,1、用于公司主营业务相关项目及补充流动资金。,20250429,0,-0.008042895442359144,0.0009009009009008917,0.0032278892694563854,0.15315315315315314,0.1340567305231446,0.01441441441441449,-0.004020118515662641,0.08828828828828827,-0.005866966014193786,
002205.SZ,20250429,监管审批,,,,3.0,,80.0,1、合理合法使用。,20250429,0,0.09953703703703698,-0.0378947368421052,-0.03565794421390467,0.013684210526315965,-0.0031025814489267223,0.0642105263157895,0.04487106927226159,0.5400000000000003,0.4067640797146832,
301135.SZ,20250429,监管审批,,,,3.0,,80.0,1、合理合法使用。,20250429,0,0.03569854561480823,0.02765957446808498,0.030048773912774607,0.10170212765957443,0.08345774322144517,0.09787234042553172,0.07792116117865722,0.3187888078157253,0.20469137893825495,
600475.SH,20250429,监管审批,,,,3.0,,80.0,1、合理合法使用。,20250429,0,0.012401352874859217,0.016703786191536896,0.01906751459122602,0.07572383073496658,0.057909651544010066,0.16703786191536762,0.14582976629840538,0.6600139206953639,0.5163947762731016,
301257.SZ,20250429,监管审批,,,,3.0,,80.0,1、用于公司主营业务相关项目及补充流动资金。,20250429,0,-0.010144927536231974,0.006954612005856564,0.009295674610248161,0.03733528550512455,0.020156827494703045,0.12005856515373359,0.09970420483555875,0.5455328042107788,0.41181820323664264,
301024.SZ,20250429,监管审批,,,,3.0,,80.0,1、用于公司主营业务相关项目及补充流动资金。,20250429,0,0.06003898635477589,0.02280250091945568,0.02518040818362821,0.16550202280250104,0.14620110068065828,0.6756160353070981,0.6451657592245514,0.8010297903641044,0.6452103997274596,
600180.SH,20250429,监管审批,,,,3.0,,80.0,1、合理合法使用。,20250429,0,0.009389671361502261,-0.006976744186046435,-0.00466807050626028,0.020930232558139528,0.004023445161015715,0.04883720930232549,0.02977712518045772,0.09562324696202618,0.0008333952769790098,
300032.SZ,20250429,监管审批,,,,3.0,,80.0,1、合理合法使用。,20250429,0,0.061224489795918435,0.03605769230769207,0.03846641648506299,0.24278846153846145,0.22220766215692023,0.1923076923076923,0.17064037853108505,0.3125,0.1989466588477411,
300598.SZ,20250429,监管审批,,,,3.0,,80.0,1、合理合法使用。,20250429,0,0.022428083861530945,0.031473533619456484,0.03387160011439594,0.10586552217453504,0.08755219117799284,-0.0066762041010969275,-0.02472746595772002,0.028373867429661415,-0.06059778102771618,
002795.SZ,20250429,监管审批,,,,3.0,,80.0,1、合理合法使用。,20250429,0,0.03651115618661249,0.011741682974559575,0.014093875010899426,0.017612524461839474,0.0007606789046583629,-0.07827788649706469,-0.09502796064063723,0.13502935420743634,0.036830210987516265,
002219.SZ,20250429,监管审批,,,,3.0,,80.0,1、合理合法使用。,20250429,0,0.032110091743119185,0.01333333333333342,0.015689225787834937,0.022222222222222143,0.0052940392449958296,0.03555555555555556,0.016736833425277986,0.0,-0.08651683135410193,
002568.SZ,20250429,监管审批,,,,3.0,,80.0,1、合理合法使用。,20250429,0,0.09983291562238916,-0.008735282947208378,-0.006430697683407538,-0.01633118116217236,-0.03262091287831481,0.06190657045195613,0.04260898224392351,-0.029332222220304516,-0.11331132265133137,
300255.SZ,20250429,监管审批,,,,3.0,,80.0,1、合理合法使用。,20250429,0,0.0024342745861734016,0.02136959689169493,0.023744172806077435,0.2622632345798932,0.24135992947081197,0.8159300631374453,0.7829299183524872,1.0553666828557549,0.8775428701842836,
301279.SZ,20250429,监管审批,,,,3.0,,80.0,1、合理合法使用。,20250429,0,0.05223550243470565,0.02482120319730763,0.027203803730030396,0.06647034076567104,0.048809401024975774,0.04570601663563845,0.026702834381000073,0.33415762354515266,0.2187305334291072,
002492.SZ,20250429,监管审批,,,,3.0,,80.0,1、合理合法使用。,20250429,0,-0.054982817869415945,-0.018181818181817966,-0.0158991951098727,0.023636363636363678,0.006684762224188567,0.021871101871101972,0.0033010616488211575,0.25179209979209993,0.14349101380398976,
688227.SH,20250428,监管审批,,,,3.0,,80.0,1、用于公司主营业务相关项目及补充流动资金。,20250428,0,0.02922374429223762,-0.0026619343389531203,-0.0021278912560723784,0.14315291333924862,0.12146943757286643,0.11801242236024834,0.09307211443504859,-0.07985803016858928,-0.15801374169621452,
688113.SH,20250428,监管审批,,,,3.0,,80.0,1、用于公司主营业务相关项目建设及补充流动资金。,20250428,0,0.10282685512367506,0.020506247997436722,0.021052696911344704,0.10765780198654262,0.08664760219038325,0.10445370073694327,0.07981585697546323,0.18865871969516768,0.08769553026656984,
301030.SZ,20250428,监管审批,,,,3.0,,80.0,1、合理合法使用。,20250428,0,-0.004055619930475096,-0.0075625363583481375,-0.007031117393307196,0.08493310063990678,0.06435394598670086,0.012216404886561838,-0.010363835117851106,0.10471204188481642,0.010879178590402327,
300992.SZ,20250428,监管审批,,,,3.0,,80.0,1、合理合法使用。,20250428,0,-0.019835510401548073,0.03158933859822288,0.032141722157639885,0.17028627838104637,0.1480881333552162,0.18805528134254668,0.1615524769405261,0.27758941078235866,0.16907255934675947,
603611.SH,20250428,监管审批,,,,3.0,,80.0,1、合理合法使用。,20250428,0,0.009158557527189526,0.06409529211571208,0.0646650815881551,0.08338060124787328,0.06283089460862223,0.300623936471923,0.27160998204553555,0.4258828462997786,0.3047701353688632,
300043.SZ,20250428,监管审批,,,,3.0,,80.0,1、用于公司主营业务相关项目建设及补充流动资金。,20250428,0,0.02114803625377637,0.00591715976331364,0.006455796680542525,0.09467455621301779,0.07391062434113538,0.14201183431952646,0.11653615423538022,0.3669346472738362,0.2508289228615215,
002755.SZ,20250428,监管审批,,,,3.0,,80.0,1、合理合法使用。,20250428,0,0.016181229773462702,0.011677282377919207,0.012219003659161398,-0.060509554140127375,-0.07832993326687376,-0.12420382165605093,-0.14374083746263655,0.39744583143767076,0.27874852508902537,
002184.SZ,20250428,监管审批,,,,3.0,,80.0,1、合理合法使用。,20250428,0,-0.015539305301645379,0.03806870937790152,0.03862456243604262,0.16063138347260897,0.13861637377131064,0.13091922005571033,0.1056909909031476,0.2516248839368618,0.1453134270345211,
002877.SZ,20250428,监管审批,,,,3.0,,80.0,1、用于公司业务相关项目建设及补充流动资金。,20250428,0,-0.020460358056266004,0.022193211488250597,0.022740563717909223,0.1031331592689293,0.08220878349471317,0.12271540469973896,0.09767018396197313,0.13319614488730624,0.03694387740269578,
301060.SZ,20250428,监管审批,,,,3.0,,80.0,1、合理合法使用。,20250428,0,-0.006764374295377462,0.014755959137343844,0.015299328952903979,0.06810442678774109,0.04784448064758351,0.07945516458569801,0.05537498116575068,0.24844906439386372,0.14240735764335222,
300644.SZ,20250428,监管审批,,,,3.0,,80.0,1、用于公司主营业务相关项目建设及补充流动资金。,20250428,0,0.04890387858347389,0.05827974276527326,0.0588464181944337,0.08159163987138252,0.0610758664883051,0.06672025723472674,0.042924160560489755,0.301857082683582,0.1912789654577629,
301306.SZ,20250428,监管审批,,,,3.0,,80.0,1、合理合法使用。,20250428,0,-0.007908611599297122,0.020962503690581613,0.021509196915025175,0.16327133156185414,0.1412062469757791,0.08709772660171256,0.06284705504925014,0.6852671981104224,0.5421227037813352,
300792.SZ,20250428,监管审批,,,,3.0,,80.0,1、合理合法使用。,20250428,0,0.002099958000840063,-0.0083822296730931,-0.007851249627973012,0.06160938809723371,0.04147264071063206,0.035205364626990754,0.012112293348667702,0.0562473551034024,-0.03346897812983107,
301380.SZ,20250428,监管审批,,,,3.0,,80.0,1、合理合法使用。,20250428,0,0.039661426844014525,0.03907885554780188,0.03963524950736175,0.1263084438241453,0.10494447618503666,0.1153756687601768,0.09049418079564431,0.27134457814920077,0.16335815501034023,
300929.SZ,20250428,监管审批,,,,3.0,,80.0,1、用于公司主营业务相关项目建设及补充流动资金。,20250428,0,0.033734939759036076,0.0337995337995336,0.03435310084878185,0.12354312354312369,0.1022316088651194,0.1561771561771561,0.1303854800611921,0.31235431235431244,0.2008845735299969,
002899.SZ,20250428,监管审批,,,,3.0,,80.0,1、合理合法使用。,20250428,0,-0.024865919063871367,-0.008499999999999952,-0.007969083017176026,0.03649999999999998,0.01683953081027112,0.03500000000000014,0.011911509938246523,0.11157419354838716,0.017158467648569875,
605289.SH,20250428,监管审批,,,,3.0,,80.0,1、用于与公司主营业务相关项目及补充流动资金。,20250428,0,-0.0008233841086866533,0.026370004120313206,0.02691959289071022,0.046971569839307836,0.027112474526864272,0.15904408735063869,0.13318845653718014,0.48042851256695496,0.35468276076014016,
300706.SZ,20250428,监管审批,,,,1.4,,80.0,1、用于公司主营业务相关项目及补充流动资金。,20250428,0,-0.02414982750123218,0.01515151515151536,0.01569509677484704,0.07575757575757569,0.055352463674797736,0.08181818181818201,0.057685284871772824,0.6883838383838385,0.5449746205162858,
300667.SZ,20250428,监管审批,,,,3.0,,80.0,1、用于公司主营业务相关项目及补充流动资金。,20250428,0,-0.002115655853314413,0.01272084805653706,0.01326312813429098,0.10600706713780905,0.08502817869874946,0.13074204946996448,0.10551777258919715,0.12650176678445213,0.03081811142820623,
002530.SZ,20250428,监管审批,,,,3.0,,80.0,1、合理合法使用。,20250428,0,0.09956236323851209,0.03482587064676612,0.0353799872670304,0.03482587064676612,0.015197156564194847,0.020895522388059584,-0.0018783289382645618,0.057711442786069655,-0.03212924822925545,
301092.SZ,20250428,监管审批,,,,3.0,,80.0,1、合理合法使用。,20250428,0,-0.03317182258665663,0.030069390902081716,0.030620960577439238,0.10254433307633004,0.08163112623527136,0.16576715497301464,0.13976154785039308,0.27969829976778904,0.1710023219314898,
000507.SZ,20250428,监管审批,,,,3.0,,80.0,1、用于公司主营业务相关项目建设、补充流动资金或偿还贷款。,20250428,0,0.003603603603603567,-0.025134649910233398,-0.02461264025785892,-0.04308797127468578,-0.06123880529112091,-0.007181328545780907,-0.029328849346741515,0.02211566509988594,-0.06470156494565793,
605318.SH,20250428,监管审批,,,,3.0,,80.0,1、用于公司主营业务相关项目。,20250428,0,-0.012082444918265822,0.038489208633093464,0.03904528685532527,0.04496402877697836,0.025143012769120343,-0.0017985611510791255,-0.024066159219186867,0.07551153409256406,-0.015841074482146666,
002331.SZ,20250428,监管审批,,,,3.0,,80.0,1、合理合法使用。,20250428,0,-0.04429530201342291,0.02387640449438222,0.024424658020815837,0.07443820224719122,0.05405811621578871,0.1264044943820224,0.101276978465062,0.16595111026894638,0.0669166768692937,
688031.SH,20250426,监管审批,,,,3.0,,80.0,1、用于公司主营业务相关项目及补充流动资金。,20250425,1,0.017206703910614518,0.03514938488576447,0.03724123729336437,0.13971880492091393,0.12348731715382044,-0.01384007029876988,-0.02708910383432206,0.11511423550087851,0.019036775311387144,
688455.SH,20250426,监管审批,,,,3.0,,80.0,1、合理合法使用。,20250425,1,0.0008779631255486642,-0.012280701754385892,-0.01028469709821167,0.03771929824561404,0.022940452777393983,0.6929824561403508,0.6702372799666438,0.2622807017543862,0.1535234820814655,
688207.SH,20250426,监管审批,,,,3.0,,80.0,1、用于公司主营业务相关项目及补充流动资金。,20250425,1,0.010054137664346596,-0.0405819295558959,-0.03864311663685549,0.032924961715160794,0.018214395557951013,0.08116385911179158,0.06663845020459847,0.19448698315467072,0.0915708227136196,
688376.SH,20250426,监管审批,,,,3.0,,80.0,1、用于公司主营业务相关项目建设及补充流动资金。,20250425,1,-0.0444909709500132,-0.04628868803067654,-0.0443614074533728,0.009312517118597707,-0.005061768629825769,-0.0473842782799232,-0.06018264623570424,0.13480124040716368,0.03702756168694554,
688685.SH,20250426,监管审批,,,,3.0,,80.0,1、合理合法使用。,20250425,1,0.07597027250206456,-0.024405218726016975,-0.02243371555763607,0.010590943975441247,-0.0038015486936703313,-0.09669992325402932,-0.10883573677577729,-0.17254510205587414,-0.24383803553736383,
688216.SH,20250426,监管审批,,,,3.0,,80.0,1、合理合法使用。,20250425,1,-0.00339558573853993,-0.018739352640544937,-0.01675639976665766,0.06416808631459392,0.04901256619808114,0.06360022714366842,0.0493107851845771,0.2833617262918797,0.1727881803348228,
688395.SH,20250426,监管审批,,,,3.0,,80.0,1、用于公司主营业务相关项目及补充流动资金。,20250425,1,0.006896551724137945,-0.014225500526870438,-0.012233425962385303,0.19652265542676495,0.1794821865314944,0.24815595363540566,0.23138701019199814,0.28134797918406873,0.17094793626501703,
688613.SH,20250426,监管审批,,,,3.0,,80.0,1、用于公司主营业务相关项目及补充流动资金。,20250425,1,-0.017208413001912004,-0.0012970168612190802,0.0007211838644534119,0.0473411154345007,0.032425239316857146,0.12127107652399483,0.10620682817250082,0.22049286640726318,0.11533605731036278,
688607.SH,20250426,监管审批,,,,3.0,,80.0,1、用于公司主营业务相关项目及补充流动资金。,20250425,1,0.0041224970553592755,-0.0674486803519061,-0.06556416034764456,0.0029325513196483133,-0.011350873124764904,0.058651026392961825,0.044428076819887474,0.6085349569863809,0.4699447136075514,
688191.SH,20250426,监管审批,,,,3.0,,80.0,1、用于公司主营业务相关项目建设和补充流动资金。,20250425,1,0.03685503685503688,-0.06364251861882186,-0.06175030704008677,0.039268788083953954,0.024467875308212372,-0.0646580907244414,-0.07722438545003796,0.42636795429604124,0.30347309206438067,
688129.SH,20250426,监管审批,,,,3.0,,80.0,1、用于公司主营业务相关项目及补充流动资金。,20250425,1,-0.014995313964386248,-0.009039010466222575,-0.007036454929735925,0.01094196003805914,-0.003455531682486801,0.11417697431018103,0.099208035041225,0.21652539738932042,0.11171042263951114,
688286.SH,20250426,监管审批,,,,3.0,,80.0,1、用于公司主营业务相关项目及补充流动资金。,20250425,1,-0.009836585752816207,0.011055920525556928,0.013099084335969513,0.11760935747476386,0.1016927449419911,0.07883352026918766,0.06433941940498533,0.10286813010735463,0.007845785766953162,
688377.SH,20250426,监管审批,,,,3.0,,80.0,1、用于公司主营业务相关项目及补充流动资金。,20250425,1,0.0325248070562294,0.03256807261078487,0.03465470864635556,0.0843566470902295,0.06891360835434335,0.12920448478376922,0.11403365129438914,0.4860243963645039,0.35798957693795996,
688096.SH,20250426,监管审批,,,,3.0,,80.0,1、用于公司主营业务相关项目及补充流动资金。,20250425,1,0.0770547945205482,-0.07419183889772141,-0.072320945615018,-0.025967143614202604,-0.03983898842795064,-0.2225755166931639,-0.23302019482342629,-0.19668195028553626,-0.2658952698574756,
688365.SH,20250426,监管审批,,,,3.0,,80.0,1、用于公司主营业务相关项目及补充流动资金。,20250425,1,0.004351610095735259,0.0017331022530329143,0.0037574263093638205,0.113518197573657,0.09765984994938748,0.010398613518197708,-0.0031760661170149307,0.395147313691508,0.2749423999505731,
688181.SH,20250426,监管审批,,,,3.0,,80.0,1、用于公司主营业务相关项目和偿还贷款及补充流动资金。,20250425,1,0.005854372484449311,0.01054929065114596,0.012591430652881153,0.08403055656602398,0.06859216190052742,0.06256820662058948,0.048292629830937406,0.14223353946889783,0.04381949907586913,
688108.SH,20250426,监管审批,,,,3.0,,80.0,1、用于公司主营业务相关项目及补充流动资金。,20250425,1,-0.007383966244725815,0.03081827842720508,0.03290137844060448,0.036131774707757636,0.021375538210077982,0.16471838469713074,0.14907042286704342,0.3283740701381508,0.2139222922150359,
688321.SH,20250426,监管审批,,,,3.0,,80.0,1、用于公司主营业务相关项目及补充流动资金。,20250425,1,0.012597480503899083,-0.0035545023696681444,-0.0015408636198465109,0.0165876777251186,0.0021097816125610347,0.08056872037914697,0.0660513071456672,1.0616113744075828,0.8839843847728595,
600278.SH,20250426,监管审批,,,,3.0,,80.0,1、用于公司主营业务相关项目建设及补充流动资金。,20250425,1,0.04881450488145034,-0.04521276595744672,-0.04328331113339934,0.0,-0.014241660045452909,-0.05452127659574446,-0.0672237591609498,0.025463893200411647,-0.06288935639331183,
003029.SZ,20250426,监管审批,,,,3.0,,80.0,1、合理合法使用。,20250425,1,0.0051960321209258975,-0.0714285714285714,-0.06955209407482221,-0.023496240601503682,-0.03740327517596387,-0.06015037593984962,-0.07277723169875427,0.2979323308270676,0.18610339180569602,
000526.SZ,20250426,监管审批,,,,3.0,,80.0,1、合理合法使用。,20250425,1,-0.04795362726154939,-0.026752767527675303,-0.024786008337008614,0.0025830258302583786,-0.011695420790957756,-0.0629151291512916,-0.07550484052122586,-0.05627306273062738,-0.1375839135463035,
001210.SZ,20250426,监管审批,,,,3.0,,80.0,1、合理合法使用。,20250425,1,0.03087719298245628,0.018379850238257278,0.020437814405242838,0.04220558202859093,0.027362844431866318,0.045609257998638464,0.031561524251735085,0.18219720257619954,0.08033992100753173,
002893.SZ,20250426,监管审批,,,,3.0,,80.0,1、合理合法使用。,20250425,1,0.01446480231436853,0.008555133079847899,0.010593243244559014,-0.0038022813688213253,-0.017989790615622336,0.0,-0.013434974527474552,0.062323139598044586,-0.029205876805608044,
002036.SZ,20250426,监管审批,,,,3.0,,80.0,1、公司主营业务相关项目及补充流动资金。,20250425,1,0.03144016227180524,0.053097345132743445,0.05522546716905796,0.06391347099311706,0.048761577021455116,0.009832841691248762,-0.0037342368138804094,0.06293018682399243,-0.02865113234275607,
300812.SZ,20250426,监管审批,,,,3.0,,80.0,1、合理合法使用。,20250425,1,0.037640449438202106,0.019491066594477413,0.021551276331661873,0.09312398484028162,0.07755608466065556,0.10178668110449385,0.08698420510914429,0.18949648077964243,0.08701029852198983,
600367.SH,20250426,监管审批,,,,3.0,,80.0,1、合理合法使用。,20250425,1,0.018050541516245522,-0.03049645390070921,-0.02853726003294854,-0.0021276595744680327,-0.016339018215568935,-0.07872340425531921,-0.09110073185190748,0.13292377908250796,0.0353118611128338,
001215.SZ,20250426,监管审批,,,,3.0,,80.0,1、合理合法使用。,20250425,1,-0.0018429782528565086,-0.04283604135893637,-0.0409017835980896,0.006646971935007517,-0.00768935202507548,0.03618906942392908,0.02226789567057108,0.0768094534711965,-0.015967693572466413,
300345.SZ,20250426,监管审批,,,,3.0,,80.0,1、合理合法使用。,20250425,1,0.0014903129657228842,0.06398809523809534,0.0661382255392664,0.23660714285714302,0.21899580431879273,0.34523809523809534,0.32716485569518317,0.08779761904761907,-0.005926260633036917,
603569.SH,20250426,监管审批,,,,3.0,,80.0,1、用于公司主营业务相关项目。,20250425,1,0.01182654402102501,-0.0025974025974025983,-0.0005818297195293587,0.024675324675324628,0.01008224704433447,0.06493506493506485,0.05062768946424767,0.045487507416441364,-0.04459096272997842,
300993.SZ,20250426,监管审批,,,,3.0,,80.0,1、合理合法使用。,20250425,1,0.004921259842519676,-0.03525954946131249,-0.03330998096073223,0.008814887365327984,-0.005552311309320879,0.09794319294809006,0.08319235411821824,0.40062625393229023,0.27994927854412177,
603790.SH,20250426,监管审批,,,,3.0,,80.0,1、合理合法使用。,20250425,1,0.045536249251048266,-0.024068767908309252,-0.022096584832792865,0.054441260744985565,0.03942426677155675,0.0011461318051575464,-0.012304240973924463,0.04983768653626375,-0.04061559199112352,
300805.SZ,20250426,监管审批,,,,3.0,,80.0,1、合理合法使用。,20250425,1,-0.0049554013875126035,0.03784860557768943,0.039945912629213653,0.059760956175298974,0.04466820090800616,0.0776892430278886,0.06321051549927548,0.10055480394832705,0.005731774166805259,
002644.SZ,20250426,监管审批,,,,3.0,,80.0,1、用于公司主营业务相关项目建设及补充流动资金。,20250425,1,-0.002574002574002643,-0.006451612903225712,-0.004443828697427543,0.011612903225806548,-0.0027941438395290286,0.08387096774193559,0.06930918889925342,0.1511022246746887,0.05192406458641652,
603602.SH,20250426,监管审批,,,,3.0,,,nan,20250425,1,0.011280690112806857,-0.013779527559055205,-0.011786551762689834,0.07677165354330695,0.06143663770696284,-0.04330708661417326,-0.05616023153612726,0.025105075547988687,-0.06321725856854121,
300603.SZ,20250426,监管审批,,,,3.0,,80.0,1、合理合法使用。,20250425,1,0.007677543186180413,-0.043809523809523965,-0.0418772332832017,0.04190476190476167,0.027066308485975465,0.022857142857142687,0.009115083197611451,0.12571428571428567,0.0287235326351849,
300157.SZ,20250426,监管审批,,,,3.0,,80.0,1、合理合法使用。,20250425,1,-0.022058823529411797,0.19924812030075167,0.20167158700458154,0.5,0.4786375099318205,0.39097744360902253,0.3722896970858436,0.8195488721804509,0.6627778179115331,
002921.SZ,20250426,监管审批,,,,3.0,,80.0,1、合理合法使用。,20250425,1,-0.008702531645569667,-0.015163607342378205,-0.013173428524564268,0.13088587390263373,0.11478018173630744,0.0965682362330409,0.08183586991161218,0.23543495610534726,0.12899074704312352,
002562.SZ,20250426,监管审批,,,,3.0,,80.0,1、合理合法使用。,20250425,1,-0.021691973969631406,0.07982261640798227,0.0820047454541808,0.09312638580931254,0.07755845143590157,0.006651884700665134,-0.006872457728322567,0.3037694013303769,0.19143754440960903,
002975.SZ,20250426,监管审批,,,,3.0,,80.0,1、合理合法使用。,20250425,1,0.0031023784901758056,-0.03951890034364269,-0.037577939232032675,0.1274914089347079,0.11143405958449093,0.12852233676975944,0.11336066792157151,0.19750336172120098,0.09432731221908686,
300378.SZ,20250426,监管审批,,,,3.0,,80.0,1、合理合法使用。,20250425,1,0.004431314623338345,0.045588235294117485,0.047701182757830196,0.09705882352941164,0.08143488471484117,-0.01588235294117657,-0.029103948461450146,0.3923670366734624,0.27240166964981705,
300053.SZ,20250426,监管审批,,,,3.0,,80.0,1、用于主营业务相关项目建设及补充流动资金。,20250425,1,-0.016564952048823134,0.007092198581560405,0.00912735241639595,0.07180851063829796,0.056544178195964134,0.05939716312056742,0.04516418921956378,0.15868794326241153,0.058856202982605854,
300318.SZ,20250426,监管审批,,,,3.0,,80.0,1、合理合法使用。,20250425,1,-0.03421461897356137,-0.0692431561996778,-0.0673622625112672,-0.04508856682769735,-0.05868809083245352,-0.06441223832528187,-0.0769818360715987,0.030595813204508993,-0.05819959901631777,
300830.SZ,20250426,监管审批,,,,3.0,,80.0,1、合理合法使用。,20250425,1,0.001310615989515096,0.01178010471204205,0.013824731969620974,0.12565445026178002,0.10962326225250041,0.08769633507853403,0.07308316252312652,0.3684049174504629,0.25050410980774007,
301168.SZ,20250426,监管审批,,,,3.0,,80.0,1、用于公司主营业务相关项目及补充流动资金。,20250425,1,0.013749535488665865,-0.019428152492668604,-0.017446591560514646,0.045087976539589514,0.030204188860122327,0.20051319648093857,0.18438433226632012,0.43238796135223145,0.3089744195361228,
603933.SH,20250426,监管审批,,,,3.0,,80.0,1、用于公司主营业务相关项目。,20250425,1,-0.0006373486297004405,-0.03316326530612246,-0.031209460588894622,0.025510204081632626,0.010905236381958838,-0.03635204081632648,-0.04929862660141204,0.03632246632833369,-0.0529663503079395,
301052.SZ,20250426,监管审批,,,,3.0,,80.0,1、用于公司主营业务相关项目建设及补充流动资金。,20250425,1,-0.02126366950182268,0.011793916821849937,0.013838571991241055,0.13314711359404097,0.11700921762074845,0.11111111111111094,0.09618336163613916,0.4595235248441871,0.33377200191536627,
603297.SH,20250426,监管审批,,,,3.0,,80.0,1、用于公司主营业务相关项目建设及补充流动资金。,20250425,1,-0.002904950034859355,0.0033795594919006078,0.00540721074485595,0.038340519752942503,0.023552827059202253,-0.03018296235869944,-0.04321242955572124,0.034732682796776215,-0.054419159205777445,
603800.SH,20250426,监管审批,,,,3.0,,80.0,1、合理合法使用。,20250425,1,-0.0557093425605536,-0.10003664345914254,-0.09821797792002385,-0.14217662147306698,-0.15439345040908947,-0.12385489190179555,-0.1356258791114664,-0.02515336365399934,-0.10914546590917551,
603070.SH,20250426,监管审批,,,,3.0,,80.0,1、合理合法使用。,20250425,1,0.0,-0.013212221304706895,-0.01121809908351501,0.06275805119735756,0.04762261232163678,0.050371593724195085,0.036259878118127586,0.15343562912881925,0.05405642454984805,
300816.SZ,20250426,监管审批,,,,3.0,,80.0,1、合理合法使用。,20250425,1,0.01003944065973461,-0.026979055733049373,-0.02501275383051338,0.06354277600283997,0.04839616134321023,0.08235711750088748,0.06781567719763215,0.16323452601190858,0.0630110553521952,
002634.SZ,20250426,监管审批,,,,3.0,,80.0,1、合理合法使用。,20250425,1,-0.06499999999999995,-0.024064171122994638,-0.022091978758194464,0.02941176470588225,0.014751232306151163,0.03475935828877019,0.02085739266809461,0.14438502673796805,0.045785615711275485,
000838.SZ,20250426,监管审批,,,,3.0,,80.0,1、合理合法使用。,20250425,1,-0.0043290043290044045,-0.030434782608695476,-0.02847546411424562,0.052173913043478404,0.03718920986521912,0.10869565217391308,0.09380035432823464,0.27391304347826106,0.1641535894034234,
002887.SZ,20250426,监管审批,,,,3.0,,80.0,1、合理合法使用。,20250425,1,0.002812939521800173,0.0028050490883593238,0.004831539358186587,0.056100981767180924,0.04106035061118374,0.09256661991584858,0.07788801520771016,0.3353416562871132,0.2202895560297191,
603755.SH,20250426,监管审批,,,,3.0,,80.0,1、用于公司主营业务相关项目建设及补充流动资金。,20250425,1,-0.0022050716648290836,-0.029465930018416242,-0.027504653645564314,-0.0018416206261510082,-0.016057052936713667,-0.03314917127071826,-0.04613878752656386,-0.016574585635359185,-0.1013058293859268,
603285.SH,20250426,监管审批,,,,3.0,,80.0,1、合理合法使用。,20250425,1,0.012396694214876103,-0.006802721088435493,-0.004795646409700094,0.03356009070294785,0.018840479254608855,0.06984126984126982,0.055467979632511266,0.1265866209262434,0.029520708057292788,
301263.SZ,20250426,监管审批,,,,3.0,,80.0,1、合理合法使用。,20250425,1,-0.0004985044865402077,-0.028927680798005118,-0.026965316719413268,0.04139650872817935,0.026565293678351143,0.32675150629475724,0.30892663360339867,0.7584483032293019,0.6069416311143097,
002908.SZ,20250426,监管审批,,,,3.0,,80.0,1、合理合法使用。,20250425,1,0.04773269689737458,0.10022779043280194,0.10245115469880028,0.1503416856492028,0.13395891042607366,0.02277904328018243,0.009038032886478309,0.3133319138019117,0.2001761575154588,
300587.SZ,20250426,监管审批,,,,3.0,,80.0,1、合理合法使用。,20250425,1,-0.016563146997929712,-0.008421052631578996,-0.006417248312449941,0.027368421052631486,0.012736989258566034,0.2021052631578948,0.18595500956802535,0.5366242426836052,0.40422977599802135,
002437.SZ,20250426,监管审批,,,,3.0,,80.0,1、用于公司业务相关项目建设及补充流动资金。,20250425,1,0.0077821011673151474,-0.03474903474903468,-0.03279843458921228,-0.027027027027027084,-0.04088377734152182,0.0926640926640927,0.07798417841206451,0.26254826254826247,0.15376799002505637,
002775.SZ,20250426,监管审批,,,,3.0,,80.0,1、合理合法使用。,20250425,1,-0.01834862385321101,-0.006230529595015577,-0.00422229861925616,0.10280373831775691,0.08709798237978084,0.161993769470405,0.1463824127764859,0.2803738317757012,0.17005772071391267,
300582.SZ,20250426,监管审批,,,,3.0,,80.0,1、合理合法使用。,20250425,1,0.009490940465918918,-0.018803418803418737,-0.01682059539582792,0.06324786324786325,0.04810544863543287,-0.011965811965811812,-0.025240026114325187,0.0652319587628869,-0.026547679459240747,
000998.SZ,20250426,监管审批,,,,3.0,,80.0,1、合理合法使用。,20250425,1,-0.0038722168441432947,-0.015549076773566428,-0.013559676920768982,0.016520894071914594,0.0020439490694423856,-0.020408163265305923,-0.033568954639158655,-0.011575736237211864,-0.09673767734483363,
603477.SH,20250426,监管审批,,,,3.0,,80.0,1、合理合法使用。,20250425,1,-0.0018850141376060003,-0.04957507082152979,-0.04765443143809989,-0.03682719546742208,-0.050544375114600526,-0.07318224740321067,-0.08563402030095979,0.04402917205277013,-0.04592364894185397,
300404.SZ,20250426,监管审批,,,,3.0,,80.0,1、合理合法使用。,20250425,1,-0.007633587786259555,-0.12967032967032954,-0.12791154852930076,-0.08351648351648344,-0.09656873019550294,-0.09999999999999998,-0.11209147707472711,0.15720849140366466,0.05750421965805552,
002871.SZ,20250426,监管审批,,,,1.5,,80.0,1、合理合法使用。,20250425,1,-0.006204756980351611,-0.0010405827263266776,0.000978136207027136,0.07700312174817903,0.0616648094203498,0.11342351716961496,0.09846470057815004,0.16072273200264897,0.060715675752550435,
603041.SH,20250426,监管审批,,,,3.0,,80.0,1、合理合法使用。,20250425,1,-0.005172413793103514,-0.08578856152512992,-0.08394110315192127,-0.02512998266897748,-0.039013750044310735,0.0493934142114385,0.03529484042220821,0.08352521386073763,-0.009830558386448418,
603676.SH,20250426,监管审批,,,,3.0,,80.0,1、用于公司主营业务相关项目建设及补充流动资金。,20250425,1,-0.05074875207986684,-0.07800175284837862,-0.07613855872271169,-0.09202453987730064,-0.10495561770998185,-0.056967572304995606,-0.06963718894966053,0.11942120018503877,0.022972654940038195,
603527.SH,20250426,监管审批,,,,3.0,,80.0,1、用于公司主营业务相关项目及补充流动资金。,20250425,1,0.002192982456140413,0.020787746170678245,0.02285057626617326,0.06455142231947475,0.04939044286189742,0.07111597374179413,0.0567255579186019,0.2570594977597167,0.14875213335988713,
688210.SH,20250425,监管审批,,,,3.0,,80.0,1、用于主营业务相关项目建设、资产收购及补充流动资金。,20250425,0,0.011864406779661163,0.017308766052484437,0.019364565749234508,0.01340033500837512,-0.0010321680527622945,-0.011725293132328507,-0.02500273864524316,0.8818369349104305,0.7196991848567242,
688359.SH,20250425,监管审批,,,,3.0,,80.0,1、用于公司主营业务相关项目及补充流动资金。,20250425,0,-0.015273652948663674,-0.0019388194743645837,7.808428261824041e-05,-0.004093063334769553,-0.018276431363664192,0.006247307195174523,-0.007271599745332535,0.35501938819474366,0.2382718683616809,
688786.SH,20250425,监管审批,,,,3.0,,80.0,1、用于公司主营业务相关项目及补充流动资金。,20250425,0,-0.017321504013519173,-0.011177987962166958,-0.009179754917960192,0.1380051590713669,0.1217980764659008,0.12897678417884761,0.1138090098412945,0.24779353377594204,0.14028451833214417,
688117.SH,20250425,监管审批,,,,3.0,,80.0,1、用于公司主营业务相关项目及补充流动资金。,20250425,0,0.021554770318021,0.04462123832583886,0.0467322316610308,0.12625389138706344,0.1102141663410603,0.24005534417156715,0.2233952322099635,0.9461384511254332,0.7784605275472665,
688690.SH,20250425,监管审批,,,,3.0,,80.0,1、用于公司主营业务相关项目及补充流动资金。,20250425,0,-0.026956521739130546,0.0044682752457552155,0.006498126599202569,0.015192135835567555,0.0007341145561801099,-0.07685433422698829,-0.08925677273179733,0.20295185988625875,0.09930637160479794,
688678.SH,20250425,监管审批,,,,3.0,,80.0,1、用于公司主营业务相关项目及补充流动资金。,20250425,0,0.06589147286821717,-0.012987012987012991,-0.010992435659950894,0.24623376623376614,0.22848532859790027,-0.0155844155844157,-0.028810013885488095,0.08595962314939443,-0.007605896094170728,
688179.SH,20250425,监管审批,,,,3.0,,80.0,1、用于公司主营业务相关项目及补充流动资金。,20250425,0,-0.0391691394658753,0.05373687461395904,0.05586628902536894,0.042618900555898565,0.02777027661721765,-0.08894379246448436,-0.10118380940582161,0.10229791328087079,0.007324698422186637,
688677.SH,20250425,监管审批,,,,2.6,,80.0,1、用于公司主营业务相关项目建设和补充流动资金。,20250425,0,0.059374999999999956,0.025663716814159354,0.027736400377259107,0.06106194690265476,0.045950663367700706,0.2339233038348083,0.21734557567893042,0.2015542277481841,0.09802915847118965,
688160.SH,20250425,监管审批,,,,3.0,,80.0,1、用于公司主营业务相关项目及补充流动资金。,20250425,0,-0.027599425011978873,-0.021582733812949617,-0.01960552690562345,0.023947964915738806,0.009365246095175417,-0.15935744555040898,-0.17065145685615046,-0.04274017073305392,-0.12521700602884167,
688060.SH,20250425,监管审批,,,,3.0,,80.0,1、用于公司主营业务相关项目及补充流动资金。,20250425,0,-0.02710109622411716,-0.021283255086071873,-0.019305442985616095,0.0651017214397498,0.049932904809178114,0.07793427230046945,0.0634522528098207,0.20031298904538364,0.0968948640241949,
688369.SH,20250425,监管审批,,,,3.0,,80.0,1、用于公司主营业务相关项目及补充流动资金。,20250425,0,0.006266126059712551,-0.014285714285714235,-0.0122937614025036,0.09377289377289388,0.0781957520528489,-0.04322344322344318,-0.056077711892221105,0.10036630036630045,0.00555951192115578,
688058.SH,20250425,监管审批,,,,3.0,,80.0,1、用于公司主营业务相关项目及补充流动资金。,20250425,0,-0.020583832335329122,-0.00649598777225846,-0.004488293240161534,0.09476499808941519,0.0791737271569648,0.003056935422239171,-0.010419108954765388,0.14787925105082134,0.048978780108809516,
688133.SH,20250425,监管审批,,,,3.0,,80.0,1、用于公司主营业务相关项目及补充流动资金。,20250425,0,-0.007346938775510181,0.011101973684210398,0.013145230559848287,-0.019325657894736836,-0.03329208849029819,-0.12582236842105243,-0.13756692263380366,0.11183711869365176,0.016042012589113197,
688513.SH,20250425,监管审批,,,,3.0,,80.0,1、用于公司主营业务相关项目及补充流动资金。,20250425,0,-0.117965926690759,-0.016973953760608618,-0.014987433330239885,0.0,-0.014241660045452909,0.06467661691542292,0.05037271368716634,0.5420489571406815,0.4091871008633443,
002286.SZ,20250425,监管审批,,,,3.0,,80.0,1、合理合法使用。,20250425,0,0.04102564102564088,0.003694581280788478,0.005722869136631337,0.2647783251231528,0.24676578218389156,0.5825123152709359,0.5612513026258561,0.31771084990418963,0.2041778075553362,
301397.SZ,20250425,监管审批,,,,3.0,,80.0,1、合理合法使用。,20250425,0,0.09334625322997425,-0.017429837518464053,-0.01544423834791575,0.08892171344165423,0.07341366058270604,0.09305760709010324,0.07837240598178541,0.1125349633866557,0.016679731472961423,
603617.SH,20250425,监管审批,,,,3.0,,80.0,1、用于公司主营业务相关项目及补充流动资金。,20250425,0,-0.014347202295552308,-0.008733624454148603,-0.006730451786961855,0.05094614264919928,0.03597892495950927,0.02328966521106257,0.00954179462472382,0.19468182658760336,0.0917488785730689,
002888.SZ,20250425,监管审批,,,,3.0,,80.0,1、合理合法使用。,20250425,0,-0.006428988895382903,-0.027647058823529358,-0.025682106836177998,0.049411764705882266,0.034466399105242296,0.034705882352941364,0.02080463518010145,0.10733933298041287,0.011931752937372808,
300030.SZ,20250425,监管审批,,,,3.0,,80.0,1、合理合法使用。,20250425,0,0.04638218923933213,0.0035460992907800915,0.005574087090985946,0.08333333333333348,0.06790486828409281,0.09751773049645407,0.08277260774378248,0.40602836879432624,0.2848859509796575,
301226.SZ,20250425,监管审批,,,,3.0,,80.0,1、用于公司主营业务相关项目及补充流动资金。,20250425,0,0.038865137971239694,-0.013468013468013407,-0.011474408157192584,0.04676393565282466,0.03185627953341674,-0.042274597830153304,-0.05514161421262054,0.04229226976305611,-0.047510900948861234,
002380.SZ,20250425,监管审批,,,,3.0,,80.0,1、合理合法使用。,20250425,0,0.0442553191489361,-0.019967400162999138,-0.01798692895427445,0.029747351263243793,0.015082039553847126,-0.04808475957620206,-0.060873716583610626,0.007037469139721031,-0.07972817268453436,
002645.SZ,20250425,监管审批,,,,3.0,,80.0,1、合理合法使用。,20250425,0,0.0,-0.01410437235543005,-0.012112053012499624,0.12552891396332888,0.10949951379933531,0.14809590973201714,0.13267127042966975,1.1918194640338506,1.002973836748252,
003002.SZ,20250425,监管审批,,,,3.0,,80.0,1、合理合法使用。,20250425,0,-0.019629629629629664,-0.0328673970532678,-0.030912994439034835,0.05024556101246702,0.03528832076828148,-0.01208915753683415,-0.025361714540742764,0.19070653049480146,0.08811609120263664,
002907.SZ,20250425,监管审批,,,,3.0,,80.0,1、合理合法使用。,20250425,0,-0.007762879322512184,-0.013513513513513709,-0.01152000015017518,0.017780938833570348,0.0032860487019605866,0.21550497866287333,0.19917470023651895,0.21942428947118264,0.11435954821340322,
300891.SZ,20250425,监管审批,,,,3.0,,80.0,1、用于公司主营业务相关项目建设及补充流动资金。,20250425,0,0.027160493827160792,-0.014423076923077094,-0.012431401625273786,0.07932692307692313,0.06395551596055693,0.08173076923076916,0.06719774390056821,0.1599046010417453,0.05996803438125431,
002927.SZ,20250425,监管审批,,,,3.0,,80.0,1、合理合法使用。,20250425,0,-0.0007680491551458335,-0.01460415065334364,-0.012612841273275666,0.05303612605687924,0.0380391435339964,0.09761721752498076,0.08287075816661504,0.30516044810936593,0.1927087395740501,
002261.SZ,20250425,监管审批,,,,3.0,,80.0,1、合理合法使用。,20250425,0,0.10014461315979761,0.031876437725928186,0.0339616760906698,0.12060466644758461,0.10464539574268983,-0.034176799211304676,-0.04715260931194476,0.02628984554715741,-0.06213456752129054,
000885.SZ,20250425,监管审批,,,,3.0,,80.0,1、合理合法使用。,20250425,0,0.08326848249027252,-0.008620689655172376,-0.0066172887668857205,-0.025143678160919558,-0.03902725048971245,0.0007183908045977905,-0.012726235285037357,0.06269330783082605,-0.0288676020080606,
603291.SH,20250425,监管审批,,,,3.0,,80.0,1、合理合法使用。,20250425,0,-0.014324082363473711,-0.01816530426884644,-0.01618119134551521,0.0018165304268846771,-0.012451000027370207,0.08628519527702116,0.0716909813489015,0.12661054741821398,0.029542573059501587,
301002.SZ,20250425,监管审批,,,,3.0,,80.0,1、合理合法使用。,20250425,0,0.005787781350482302,-0.01662404092071612,-0.014636813378864466,0.0588235294117645,0.04374412465775546,0.22122762148337594,0.2048204594964984,0.3874680306905369,0.2679247585853384,
300567.SZ,20250425,监管审批,,,,3.0,,80.0,1、合理合法使用。,20250425,0,-0.03770971217484975,-0.020953294945617484,-0.01897481605452811,0.010716570697376637,-0.0036777111048014177,-0.08925143953934755,-0.1014873232500706,-0.03278950735764574,-0.11612368482867741,
603969.SH,20250425,监管审批,,,,3.0,,80.0,1、用于公司主营业务相关项目及补充流动资金。,20250425,0,0.028963414634146423,0.002962962962962834,0.004989772348584998,-0.022222222222222254,-0.0361474009333318,0.004444444444444473,-0.00905024108093,0.2835528970341459,0.17296287994005666,
301305.SZ,20250425,监管审批,,,,3.0,,80.0,1、合理合法使用。,20250425,0,-0.014084507042253613,-0.0071428571428571175,-0.005136469818463718,0.016071428571428736,0.0016008847038166962,0.06369047619047619,0.049399821737739824,0.10892857142857149,0.013384063715815131,
301326.SZ,20250425,监管审批,,,,3.0,,80.0,1、合理合法使用。,20250425,0,-0.03276075792456179,-0.008971072867081431,-0.006968380040815791,0.10307579641157094,0.08736616591471003,0.16202856096667895,0.14641673684989365,0.35792749908458465,0.24092941845752414,
300723.SZ,20250425,监管审批,,,,3.0,,80.0,1、用于公司主营业务相关项目建设及补充流动资金。,20250425,0,-0.006811632171862869,0.0393036138222107,0.04140386118606454,-0.014244262727512336,-0.028283060825601947,0.24056977050910056,0.22390274724275572,0.9812714323397524,0.8105664757487387,
002826.SZ,20250425,监管审批,,,,3.0,,80.0,1、用于公司主营业务相关项目建设及补充流动资金。,20250425,0,-0.007525870178739402,-0.010426540284360297,-0.008426788698330578,0.12417061611374414,0.10816056036596478,0.3971563981042654,0.36039602899780854,1.065540847269888,0.9047535556996418,
301120.SZ,20250425,监管审批,,,,3.0,,80.0,1、合理合法使用。,20250425,0,0.046428571428571264,-0.018202502844140822,-0.016218465092500134,0.0625711035267349,0.04743832709618534,0.1970652030950797,0.18098266258377116,0.3956251128553694,0.2753790322736904,
300825.SZ,20250425,监管审批,,,,3.0,,80.0,1、合理合法使用。,20250425,0,0.012725344644750836,-0.012565445026178068,-0.010570015785405062,0.07434554973821994,0.05904508564750288,0.06282722513089012,0.048548168434149996,0.20314136125654447,0.09947954566996997,
300597.SZ,20250425,监管审批,,,,3.0,,80.0,1、合理合法使用。,20250425,0,-0.015222482435596985,-0.01189060642092754,-0.009893813451612776,0.04042806183115344,0.025610639072804586,0.04756242568370994,0.03348845117870969,0.14863258026159332,0.04966720300330163,
300405.SZ,20250425,监管审批,,,,3.0,,80.0,1、合理合法使用。,20250425,0,-0.006437768240343256,-0.017278617710583366,-0.015292712951755938,0.09935205183585305,0.08369545364333564,0.10583153347732166,0.09097471499337573,0.43844492440604754,0.3145095189026632,
300614.SZ,20250425,监管审批,,,,3.0,,80.0,1、用于公司业务相关项目建设及补充流动资金。,20250425,0,0.019266055045871644,-0.0009000900090009312,0.0011189128350939104,0.022502250225022502,0.007940120781606996,0.08190819081908196,0.06737278183436146,0.3591359135913592,0.24203371681819386,
002953.SZ,20250425,监管审批,,,,3.0,,80.0,1、合理合法使用。,20250425,0,0.01964636542239684,-0.019267822736030893,-0.01728593780601506,0.029865125240847723,0.015198136234499726,0.02021460165427924,0.006508044468496399,0.04744625927708168,-0.04280097555543083,
002952.SZ,20250425,监管审批,,,,3.0,,80.0,1、合理合法使用。,20250425,0,0.011363636363636243,-0.01179775280898876,-0.009800772199074048,0.07471910112359548,0.05941331704103847,0.12303370786516843,0.10794577860650456,0.16692671092951983,0.06638512420766629,
300928.SZ,20250425,监管审批,,,,3.0,,80.0,1、合理合法使用。,20250425,0,-0.06717068915382385,-0.019638403990025033,-0.01765726793867317,0.07013715710723178,0.054896627513703056,0.06483790523690747,0.05053183510416015,0.08759351620947631,-0.006112778113839701,
301603.SZ,20250425,监管审批,,,,3.0,,80.0,1、合理合法使用。,20250425,0,0.11363125982483724,-0.005847953216374435,-0.003838949121942048,0.043758822343214154,0.028893964025959784,0.029844726759427287,0.01600878908816039,0.1280430196371911,0.03085162447708467,
301313.SZ,20250425,监管审批,,,,3.0,,80.0,1、合理合法使用。,20250425,0,0.014800197335964604,-0.001458434613514914,0.0005594399156505503,0.07924161400097218,0.0638714218274643,0.08167233835683008,0.06714009804393206,0.2207097715119104,0.1155342740233698,
301408.SZ,20250425,监管审批,,,,3.0,,80.0,1、用于公司主营业务相关项目及补充流动资金。,20250425,0,0.009310986964618406,-0.004612546125461359,-0.0026010454934903837,0.06826568265682642,0.05305180596620418,0.10885608856088558,0.093958635256435,0.3544885696627038,0.23778678478195037,
301210.SZ,20250425,监管审批,,,,3.0,,80.0,1、合理合法使用。,20250425,0,0.08036912751677838,-0.06289796552259663,-0.06100424933475912,0.1038981208262153,0.08817677906459398,-0.012278864647842114,-0.02554887294154662,-0.09038780875783758,-0.1687593569900151,
600778.SH,20250425,监管审批,,,,3.0,,80.0,1、用于公司主营业务相关项目及补充流动资金。,20250425,0,-0.01702786377708987,-0.03937007874015741,-0.037428816886611926,0.025196850393700787,0.010596345370724514,0.0,-0.013434974527474552,0.07244094488188968,-0.019959814526574582,
300725.SZ,20250425,监管审批,,,,3.0,,80.0,1、合理合法使用。,20250425,0,0.011111111111111072,-0.002197802197802079,-0.00018142179874380826,0.007849293563579218,-0.006504153452403183,-0.002197802197802079,-0.015603249308732803,0.33524088771685734,0.2201974696087794,
301021.SZ,20250425,监管审批,,,,3.0,,80.0,1、合理合法使用。,20250425,0,0.012630819198845122,-0.004632929436920841,-0.002621469995989334,0.05416963649322892,0.039156510900053565,-0.01888809693513893,-0.03206931036141747,0.0288594735760197,-0.05978633684059664,
002654.SZ,20250425,监管审批,,,,3.0,,80.0,1、用于与公司主营业务相关项目及补充流动资金。,20250425,0,-0.022827041264266934,-0.017070979335130354,-0.01508465497615441,0.0539083557951483,0.03889895127285148,0.08086253369272245,0.0663411730848591,0.06019766397124893,-0.0311482229435891,
002549.SZ,20250425,监管审批,,,,3.0,,80.0,1、合理合法使用。,20250425,0,-0.05150214592274682,-0.05656108597285081,-0.05465456408089331,0.06334841628959276,0.04820456963492559,0.2273755656108596,0.21088580615123287,0.39366515837104066,0.27358794609266757,
603217.SH,20250425,监管审批,,,,3.0,,80.0,1、用于公司主营业务相关项目。,20250425,0,-0.05723905723905731,-0.018452380952380887,-0.01646884815986005,0.036904761904761996,0.022137516786203015,0.007738095238095211,-0.005800840401794405,0.15185465900797035,0.05261166970543529,
300822.SZ,20250425,监管审批,,,,3.0,,80.0,1、合理合法使用。,20250425,0,-0.06503340757238307,-0.012386850881372036,-0.010391060733664026,0.006669842782277113,-0.007666806896637679,-0.0462124821343497,-0.05902659314149794,-0.1236969985707479,-0.19919865037768902,
002374.SZ,20250425,监管审批,,,,3.0,,80.0,1、合理合法使用。,20250425,0,0.0,-0.02083333333333337,-0.018854612021206862,0.10000000000000009,0.08433417395000187,0.14583333333333326,0.13043909168726864,0.19999999999999996,0.09660884189537478,
300578.SZ,20250425,监管审批,,,,3.0,,80.0,1、合理合法使用。,20250425,0,-0.006944444444444642,-0.004079254079254135,-0.0020666757591087936,0.05710955710955723,0.042054562166403686,0.20279720279720292,0.18663765301590485,0.24708624708624716,0.1396381709674157,
002157.SZ,20250425,监管审批,,,,3.0,,80.0,1、用于公司主营业务相关项目及补充流动资金。,20250425,0,0.0036231884057971175,-0.010830324909747224,-0.008831389300477,0.0072202166064980755,-0.007124271309319141,0.0036101083032489267,-0.009873367937321298,0.05415162454873634,-0.03667333985123522,
002943.SZ,20250425,监管审批,,,,3.0,,80.0,1、合理合法使用。,20250425,0,0.09991273996509609,-0.021816739389131312,-0.019840005365366675,0.002776675922253169,-0.01150452859774087,0.02340341134470436,0.00965401258195775,0.03530345101150334,-0.05389756797999201,
000968.SZ,20250425,监管审批,,,,3.0,,80.0,1、合理合法使用。,20250425,0,0.01751592356687892,-0.0015649452269170805,0.00045271406328240005,0.0,-0.014241660045452909,0.010954616588419341,-0.002627532933878962,0.14721127299407244,0.04836835457279043,
300916.SZ,20250425,监管审批,,,,3.0,,80.0,1、合理合法使用。,20250425,0,-0.03870967741935483,-0.014914243102162605,-0.012923560363664488,0.06562266964951524,0.05044643385163883,0.017041272687803977,0.003377349095853077,0.3670275737429449,0.2492454370677457,
603360.SH,20250425,监管审批,,,,3.0,,80.0,1、用于公司相关项目及补充流动资金。,20250425,0,0.0007125044531528513,-0.0003559985760057671,0.0016641037798994507,0.027055891776432972,0.012428910918073521,-0.010323958704165137,-0.02362023110942657,0.0008786008389896072,-0.08535639721341037,
301188.SZ,20250425,监管审批,,,,3.0,,80.0,1、合理合法使用。,20250425,0,-0.05508021390374318,0.007357102433503071,0.009392791591808392,-0.019241652518392938,-0.033209279489966215,0.13469156762874923,0.11944701532111668,0.18024103488917587,0.07855229535601493,
300421.SZ,20250425,监管审批,,,,3.0,,80.0,1、合理合法使用。,20250425,0,0.040000000000000036,-0.02564102564102566,-0.023672019818156698,0.18556005398110664,0.1686757107288388,0.01949288008249117,0.005796019207641168,0.10450729636688805,0.00934372261157046,
001268.SZ,20250425,监管审批,,,,3.0,,80.0,1、合理合法使用。,20250425,0,0.02946954813359537,0.006202290076335881,0.008235645564694583,0.028625954198473247,0.013976613044848873,0.06626603865518921,0.05194078158634552,0.3398923006297172,0.22444812004840298,
300872.SZ,20250425,监管审批,,,,3.0,,80.0,1、合理合法使用。,20250425,0,-0.025210084033613578,-0.009946949602121946,-0.007946228848802916,0.027188328912466808,0.012559461929438465,0.03267602028945049,0.018802044261727824,0.6940677497789569,0.5481080609811713,
603080.SH,20250425,监管审批,,,,3.0,,80.0,1、合理合法使用。,20250425,0,0.029084158415841443,-0.007215874924834553,-0.005209635156364301,0.006013229104028905,-0.008314069306099015,0.028863499699338657,0.0150407447886296,0.10972345682240081,0.014110462341787366,
002796.SZ,20250425,监管审批,,,,3.0,,80.0,1、合理合法使用。,20250425,0,-0.06887755102040816,-0.0420091324200913,-0.040073203623662734,0.031050228310502304,0.016366361469117408,-0.005479452054794498,-0.018840810283488385,0.04474885844748866,-0.045265970221987084,
301395.SZ,20250425,监管审批,,,,3.0,,80.0,1、合理合法使用。,20250425,0,0.015573770491803307,-0.016142050040355405,-0.01415384848084189,0.023405972558514954,0.008830972608850463,0.05811138014527817,0.043895680705795304,0.13989944278779864,0.04168650652725914,
603038.SH,20250425,监管审批,,,,3.0,,80.0,1、合理合法使用。,20250425,0,0.017011834319526686,-0.04218181818181821,-0.04024623835253549,0.05963636363636349,0.044545382773654385,0.011636363636363445,-0.0019549451401581486,0.07001440716095564,-0.022177283459882013,
603408.SH,20250425,监管审批,,,,3.0,,80.0,1、合理合法使用。,20250425,0,-0.01716738197424894,-0.04716157205240168,-0.04523605541812792,-0.017467248908296984,-0.031460146332868644,-0.006113537117903856,-0.019466376429926657,0.06662763370821234,-0.025272254888027645,
603150.SH,20250425,监管审批,,,,3.0,,80.0,1、用于公司主营业务相关项目及补充流动资金。,20250425,0,-0.005399932500843807,-0.020020359687818123,-0.01803999550085389,0.06684764166949453,0.05165396023654445,0.23719036308109942,0.2205687420674678,0.13723968403027165,0.03925591071824841,
688004.SH,20250424,监管审批,,,,3.0,,80.0,1、用于主营业务相关项目建设、资产收购及补充流动资金。,20250424,0,-0.014221073044602628,0.006557377049180468,0.0072380051687908065,0.12721311475409847,0.12081398584295244,0.27213114754098355,0.2556048784056184,0.28262295081967204,0.18057665568989245,
688398.SH,20250424,监管审批,,,,3.0,,80.0,1、用于与主营业务相关的投资项目建设及补充流动资金。,20250424,0,-0.057324840764331086,-0.023648648648648685,-0.022988445664197332,0.00540540540540535,-0.000302227617082762,0.2891891891891889,0.27244131885512224,0.25616668358939654,0.15622526585331054,
300757.SZ,20250424,监管审批,,,,3.0,,80.0,1、合理合法使用。,20250424,0,-0.10604364857302762,0.0158841940532084,0.016571128911077482,0.05782472613458545,0.05181951141579688,0.04460093896713624,0.03103051716762595,0.41862284820031315,0.30575631501315614,
300537.SZ,20250424,监管审批,,,,3.0,,80.0,1、合理合法使用。,20250424,0,-0.03868698710433771,0.0006097560975610872,0.0012863624712116106,0.06768292682926846,0.061621747629361234,0.12073170731707328,0.10617226990414519,0.49146341463414633,0.3728016398017522,
001296.SZ,20250424,监管审批,,,,3.0,,80.0,1、合理合法使用。,20250424,0,-0.027988338192419637,0.002399520095980767,0.0030773366974161664,0.03899220155968797,0.033093898081462125,0.04019196160767846,0.026678816879478706,0.2225716415729897,0.1253030666784518,
300915.SZ,20250424,监管审批,,,,3.0,,80.0,1、合理合法使用。,20250424,0,0.024555461473327655,-0.02589531680440771,-0.025236633003618558,-0.06556473829201082,-0.07086947758267659,-0.034110094451003437,-0.04665798038642033,0.013443807274976072,-0.06718642453908852,
603324.SH,20250424,监管审批,,,,3.0,,80.0,1、合理合法使用。,20250424,0,-0.040265670402656606,0.011678200692041507,0.012362291482182597,0.05363321799307963,0.04765179824312038,0.042820069204152045,0.029272782702488342,0.15208730432285744,0.060426507985889666,
301022.SZ,20250424,监管审批,,,,3.0,,80.0,1、合理合法使用。,20250424,0,0.14034401876466007,-0.03770997600274262,-0.037059281204326666,-0.02434007541995209,-0.029878844929556947,-0.04456633527596854,-0.056978384076706634,0.09660643499272759,0.009359731793654458,
300569.SZ,20250424,监管审批,,,,3.0,,80.0,1、合理合法使用。,20250424,0,0.13839285714285698,-0.045098039215686225,-0.044452340181731276,-0.02941176470588225,-0.034921742505105824,-0.04313725490196074,-0.05556786890088816,0.1098039215686275,0.021507217970579084,
301448.SZ,20250424,监管审批,,,,3.0,,80.0,1、合理合法使用。,20250424,0,-0.01523341523341526,0.01846307385229551,0.01915175253336665,0.03692614770459102,0.031039573104234996,0.2719560878243512,0.2554320928916085,0.4400915534020897,0.3255169564182616,
603585.SH,20250424,监管审批,,,,3.0,,80.0,1、合理合法使用。,20250424,0,0.0,0.003989361702127603,0.004668253345013751,0.04122340425531945,0.035312434358038214,0.0791223404255319,0.06510345073610768,0.2706117021276597,0.16952102955875747,
000151.SZ,20250424,监管审批,,,,3.0,,80.0,1、合理合法使用。,20250424,0,0.02463768115942022,-0.01768033946251757,-0.017016100742845208,-0.006364922206506307,-0.012005735705047038,-0.09971711456859966,-0.12685544971120422,-0.09900990099009899,-0.1709271800177622,
002579.SZ,20250424,监管审批,,,,3.0,,80.0,1、合理合法使用。,20250424,0,-0.011968085106382809,0.018842530282638048,0.01953146554989349,0.059219380888290596,0.05320624878862823,0.05114401076715991,0.03748858785298603,0.648721399730821,0.517548079905072,
300438.SZ,20250424,监管审批,,,,3.0,,80.0,1、合理合法使用。,20250424,0,-0.04466919511167289,0.0026466696074105567,0.003324653329877636,0.057785619761799634,0.051780627047809835,0.14424349360388167,0.12937861432768338,0.1517423908248785,0.06010903602447959,
002730.SZ,20250424,监管审批,,,,3.0,,80.0,1、用于公司主营业务相关项目、补充流动资金和偿还债务等。,20250424,0,-0.028436018957346154,0.004181184668989646,0.004860206021426672,0.21114982578397212,0.2042741926277749,0.250871080139373,0.23462100076352588,0.2581122647498517,0.15801605534317242,
300650.SZ,20250424,监管审批,,,,3.0,,80.0,1、合理合法使用。,20250424,0,0.004234297812279353,-0.02248770203794781,-0.02182671402829417,0.07167955024595929,0.06559568242744218,0.14617006324666182,0.13128015588394426,-0.006922698524244542,-0.0859325582248821,
605183.SH,20250424,监管审批,,,,3.0,,80.0,1、用于公司主营业务相关项目及补充流动资金。,20250424,0,-0.003170577045021994,0.03307888040712448,0.03377744220977319,0.003816793893129722,-0.0018818206662800652,0.04770992366412208,0.03409911301167057,0.2634542158888413,0.16293299746283196,
300733.SZ,20250424,监管审批,,,,3.0,,80.0,1、合理合法使用。,20250424,0,0.026537216828478982,0.017654476670870167,0.018342608583330255,0.09646910466582614,0.09024450786509064,0.07377049180327888,0.05982112803567041,0.12368818067178733,0.034286836617091865,
301230.SZ,20250424,监管审批,,,,3.0,,80.0,1、合理合法使用。,20250424,0,0.009970457902511054,0.03290676416819016,0.03360520958686042,0.1290676416819012,0.12265798472000355,0.1499085923217549,0.1349701176884497,0.3889016979562874,0.27839979832528194,
300461.SZ,20250424,监管审批,,,,3.0,,80.0,1、合理合法使用。,20250424,0,0.0038064165307232223,0.010834236186348711,0.011517756292704018,0.06825568797399773,0.06219125723952934,0.10780065005417105,0.093409200142331,0.06879739978331534,-0.016236798944010644,
301607.SZ,20250424,监管审批,,,,3.0,,80.0,1、合理合法使用。,20250424,0,-0.03716216216216217,-0.009356725146198785,-0.008686858047966317,0.0727485380116959,0.06665860160647785,0.08538011695906422,0.07127993242878827,0.16380968421052655,0.07121624789789327,
301446.SZ,20250424,监管审批,,,,3.0,,80.0,1、合理合法使用。,20250424,0,0.00048685491723476915,0.01313868613138669,0.013823764493106738,0.08467153284671514,0.07851391023384258,0.0745213091831527,0.060562191539054844,0.23975707010394665,0.1411212116201972,
002855.SZ,20250424,监管审批,,,,3.0,,80.0,1、合理合法使用。,20250424,0,-0.02666666666666684,0.007471980074719831,0.008153226643463629,0.07160647571606504,0.06552302273776833,0.0616438356164386,0.04785200936706713,0.11207970112079724,0.02360193505876995,
301182.SZ,20250424,监管审批,,,,3.0,,80.0,1、合理合法使用。,20250424,0,-0.03716320842366061,0.010614345448697327,0.011297716866241814,0.10903827597298177,0.1027423246551209,-0.002573174654229571,-0.015530757046862687,0.21936313927307816,0.12234983485566064,
301150.SZ,20250424,监管审批,,,,3.0,,80.0,1、合理合法使用。,20250424,0,0.0010700909577314732,0.020309994655264507,0.020999922213212452,0.06734366648850876,0.061284413251515346,0.08605024051309451,0.07194135040067051,0.4903913173886192,0.3718148392927718,
301046.SZ,20250424,监管审批,,,,3.0,,80.0,1、合理合法使用。,20250424,0,-0.014941302027747905,0.010834236186348711,0.011517756292704018,0.030877573131094183,0.025025335966949447,0.01733477789815807,0.004118571084253064,0.14508445324030128,0.053980808175158046,
301368.SZ,20250424,监管审批,,,,3.0,,80.0,1、用于公司业务相关项目建设及补充流动资金。,20250424,0,-0.0325779036827194,0.002928257686676483,0.0036064318173301135,0.06720351390922419,0.06114505631097056,-0.08667642752562221,-0.09854142367445562,-0.06257050859519442,-0.13715299324676,
001212.SZ,20250424,监管审批,,,,3.0,,80.0,1、合理合法使用。,20250424,0,-0.008944543828264817,-0.02436823104693142,-0.023708514639823708,0.029783393501805033,0.023937367937231224,0.2850180505415163,0.2683243675135505,0.12723370715364335,0.03755027876424388,
001360.SZ,20250424,监管审批,,,,3.0,,80.0,1、合理合法使用。,20250424,0,-0.013835511145272927,0.003117692907248504,0.003795995132873209,0.029618082618862118,0.023772995515380035,0.049103663289166155,0.03547474655056715,0.6378504522038309,0.5075420318553372,
300131.SZ,20250424,监管审批,,,,3.0,,80.0,1、用于公司主营业务相关项目及补充流动资金。,20250424,0,-0.024460431654676262,0.008849557522123686,0.00953173560055487,0.05309734513274322,0.047118967504516274,0.025073746312684442,0.011757002478602008,0.19469026548672552,0.09963995054996011,
301045.SZ,20250424,监管审批,,,,3.0,,80.0,1、合理合法使用。,20250424,0,-0.0063725490196077095,0.0009866798223976403,0.0016635410696321795,0.03700049333991129,0.031113496683337072,0.017760236803157303,0.004538502848136616,0.22405061490945788,0.1266643719586249,
603002.SH,20250424,监管审批,,,,3.0,,80.0,1、用于公司主营业务相关项目。,20250424,0,-0.032928942807625705,0.008960573476702427,0.009642826623462719,0.032258064516129004,0.026397990375801372,0.01433691756272415,0.0011596559840092446,0.18870141210469926,0.09412757413984574,
603612.SH,20250423,监管审批,,,,3.0,,80.0,1、合理合法使用。,20250423,0,-0.02492753623188393,-0.001783590963139292,-0.002066015810392008,0.03210463733650415,0.037557459263213966,-0.01724137931034475,-0.032065276147995925,0.28715814506539816,0.184560295961415,
301265.SZ,20250423,监管审批,,,,3.0,,80.0,1、合理合法使用。,20250423,0,0.01245753114382775,0.023489932885906173,0.023200357413750927,0.03803131991051445,0.04351545372511145,0.055928411633109576,0.04000082421494011,0.3970917225950783,0.28573119841337347,
300880.SZ,20250423,监管审批,,,,3.0,,80.0,1、合理合法使用。,20250423,0,-0.09446114212108214,-0.01944049312470353,-0.019717922313849612,-0.01327643432906589,-0.008063369975070955,-0.0483641536273115,-0.06271859562013782,0.023641351935088428,-0.057951886133647434,
300897.SZ,20250423,监管审批,,,,3.0,,80.0,1、合理合法使用。,20250423,0,-0.016923655509589963,-0.02065799540933444,-0.02093508013119505,0.01377199693955622,0.01912796374139325,0.0007651109410864443,-0.014330395168949517,0.48839527927404003,0.3591888964888783,
301085.SZ,20250423,监管审批,,,,3.0,,80.0,1、合理合法使用。,20250423,0,0.0034246575342467,-0.0265852344171007,-0.02686064214832451,0.10167055864918284,0.10749091170341907,0.04490749056942711,0.029146142341089698,0.07302846662191675,-0.012501359782716936,
301116.SZ,20250423,监管审批,,,,3.0,,80.0,1、用于与公司主营业务相关项目及补充流动资金。,20250423,0,-0.11835205992509368,-0.026338147833474768,-0.02661362547277668,-0.09345794392523354,-0.08866849504376573,-0.049277824978759543,-0.06361848518471347,-0.013343126371481273,-0.09198837553999217,
300249.SZ,20250423,监管审批,,,,3.0,,80.0,1、合理合法使用。,20250423,0,0.02180685358255463,-0.04801829268292679,-0.04828763637016975,0.017530487804878092,0.022906311490078046,0.01981707317073189,0.004434187925370869,0.1105182926829269,0.02200019670793152,
300075.SZ,20250423,监管审批,,,,3.0,,80.0,1、合理合法使用。,20250423,0,0.021897810218977964,-0.04940476190476206,-0.049673713318992174,-0.03333333333333355,-0.02822623371848998,-0.048214285714285876,-0.06257098830949737,0.03749999999999987,-0.04519789446888389,
603439.SH,20250423,监管审批,,,,3.0,,80.0,1、合理合法使用。,20250423,0,-0.058320373250388746,-0.006606110652353392,-0.006887171066629172,-0.02229562345169278,-0.01713020933627829,-0.019818331957060398,-0.03460335813065818,0.08446186396476518,-0.0019793049814392782,
603015.SH,20250423,监管审批,,,,3.0,,80.0,1、合理合法使用。,20250423,0,0.056867891513560975,0.0008278145695364003,0.000544650878680164,-0.0008278145695365113,0.0044510184132644515,0.10513245033112573,0.0884626709053773,0.05376399489204986,-0.030230283319701567,
300619.SZ,20250423,监管审批,,,,3.0,,80.0,1、合理合法使用。,20250423,0,0.004139072847682446,-0.023083264633141143,-0.023359663174846945,-0.0037098103874690924,0.001553796416299047,0.018961253091508423,0.0035912770064425725,0.4350370981038747,0.3206519930456313,
300609.SZ,20250423,监管审批,,,,3.0,,80.0,1、用于公司主营业务相关项目及补充流动资金。,20250423,0,0.0011641443538998875,-0.028294573643410925,-0.028569497752180206,0.012790697674418539,0.018141480069601368,0.17015503875968996,0.14681407705928495,0.4596899224806199,0.3389309949556343,
300187.SZ,20250423,监管审批,,,,3.0,,80.0,1、合理合法使用。,20250423,0,0.008350730688935215,0.010351966873705987,0.010066108519412698,0.016563146997929712,0.02193386002189235,0.0041407867494824835,-0.011005637936984725,0.16024491883617364,0.06776317246897112,
301220.SZ,20250423,监管审批,,,,3.0,,80.0,1、用于公司主营业务相关项目建设及补充流动资金。,20250423,0,-0.05649522494534587,-0.00012195121951219523,-0.0004048461936296821,-0.06341463414634141,-0.0584664602554249,-0.17929508354138657,-0.19167456794336324,-0.25679093047820245,-0.3160312439236298,
300409.SZ,20250423,监管审批,,,,3.0,,80.0,1、合理合法使用。,20250423,0,-0.04475617902471596,-0.03846153846153866,-0.03873358603626209,-0.019580419580419783,-0.014400660482268846,-0.01127568572878801,-0.026189568880836567,0.1919935679931586,0.09698117445726795,
300981.SZ,20250423,监管审批,,,,3.0,,80.0,1、合理合法使用。,20250423,0,0.03700440528634341,0.003398470688190658,0.0031145796829414873,0.005097706032285432,0.01040784476403478,0.0705182667799491,0.05437060649442471,0.22201466785592738,0.12460932805662361,
301205.SZ,20250423,监管审批,,,,3.0,,80.0,1、合理合法使用。,20250423,0,-0.0059589148502431355,-0.02855339958984071,-0.028828250469120187,-0.00299731818898874,0.002270052858192262,0.04227796182363153,0.02655627731539667,0.4397809816405289,0.32501774725208143,
300021.SZ,20250423,监管审批,,,,3.0,,80.0,1、用于公司主营业务相关项目及补充流动资金。,20250423,0,0.034858387799564294,-0.01473684210526327,-0.015015602095935665,-0.010526315789473717,-0.00529872199133985,0.05473684210526297,0.03882722828038876,0.24399538679914823,0.14483798996320196,
001267.SZ,20250423,监管审批,,,,3.0,,80.0,1、合理合法使用。,20250423,0,-0.1002178649237474,-0.024213075060532496,-0.024489153945564168,-0.021791767554479202,-0.016623691464314416,0.016949152542373058,0.0016095269119758004,0.4249746607354017,0.30553224343188945,
300261.SZ,20250423,监管审批,,,,3.0,,80.0,1、用于公司主营业务相关项目。,20250423,0,-0.0344827586206895,0.0015527950310556538,0.001269426221856218,0.01086956521739113,0.0162101978730933,0.0636645962732918,0.04762031651520404,0.13354037267080732,0.043187214005410146,
688410.SH,20250422,监管审批,,,,3.0,,80.0,1、用于公司主营业务相关项目及补充流动资金。,20250422,0,0.10799319727891166,-0.01304681504221028,-0.012028260961658654,-0.03223330775134303,-0.02837529092163238,-0.02379125095932455,-0.03796470662767615,0.17394089981570215,0.08818736872748367,
688121.SH,20250422,监管审批,,,,3.0,,80.0,1、用于公司主营业务相关项目及补充流动资金。,20250422,0,0.009363295880149725,0.012059369202226389,0.013103833332817949,-0.0018552875695733162,0.002123831705647561,0.06957328385899819,0.0540442799059746,0.1957328385899817,0.10838745930953642,
688083.SH,20250422,监管审批,,,,3.0,,80.0,1、用于公司主营业务相关项目及补充流动资金。,20250422,0,-0.04753855905345461,-0.014529724933451615,-0.013512701243544534,0.055567879325643554,0.05977591694045126,-0.0045474711623779696,-0.01900032492064796,0.0028929863933651045,-0.07036591011525917,
688393.SH,20250422,监管审批,,,,3.0,,80.0,1、用于公司主营业务相关项目及补充流动资金。,20250422,0,-0.008535784635587684,0.016887417218543144,0.017936863984666873,-0.009933774834437137,-0.005986860573168662,-0.03543046357615898,-0.04943493093724405,0.09672713312218062,0.01661388012941889,
301099.SZ,20250422,监管审批,,,,3.0,,80.0,1、合理合法使用。,20250422,0,-0.025650224215246764,-0.00865243004418248,-0.007629340876415536,-0.15058910162002936,-0.14720291198616708,-0.19550810014727538,-0.2071884198425411,-0.13070692194403533,-0.19420666967882183,
601595.SH,20250422,监管审批,,,,3.0,,80.0,1、合理合法使用。,20250422,0,-0.05992634750585868,0.03205128205128216,0.03311637820851976,0.06054131054131062,0.06476917481628863,0.07229344729344733,0.056724949619550324,0.08760683760683752,0.008159800047179422,
301387.SZ,20250422,监管审批,,,,3.0,,80.0,1、合理合法使用。,20250422,0,0.0023041474654377225,0.016420361247947435,0.01746932600360518,0.10443349753694586,0.10883633869165976,0.23284072249589483,0.21494125853021573,0.2911439061262686,0.19682898012722982,
002731.SZ,20250422,监管审批,,,,3.0,,80.0,1、合理合法使用。,20250422,0,0.04395604395604402,-0.07368421052631569,-0.07272823536799222,-0.06794258373205742,-0.06422692248124173,0.08899521531100496,0.07318422670592906,0.257416267942584,0.16556506398438287,
002785.SZ,20250422,监管审批,,,,3.0,,80.0,1、合理合法使用。,20250422,0,-0.009554140127388644,-0.002411575562700885,-0.0013820457167993405,0.08038585209003224,0.08469282693565305,0.20176848874598075,0.1843201587493466,0.13183279742765275,0.049155160933247455,
300692.SZ,20250422,监管审批,,,,3.0,,80.0,1、合理合法使用。,20250422,0,-0.008517887563884163,-0.020618556701030966,-0.01960781679898449,-0.02405498281786944,-0.020164362969802285,0.022336769759450092,0.00749358698880731,0.1376340462287784,0.054532642601380354,
300588.SZ,20250422,监管审批,,,,3.0,,80.0,1、合理合法使用。,20250422,0,0.00620017714791854,0.007042253521126751,0.00808153989483218,-0.004401408450704136,-0.00043243932560577125,0.04401408450704225,0.028856171449577195,0.6197183098591548,0.48548380405385805,
002902.SZ,20250422,监管审批,,,,3.0,,80.0,1、合理合法使用。,20250422,0,-0.004689331770222682,0.008244994110718551,0.009285521735127755,-0.01472320376914027,-0.010795382640114037,0.04004711425206109,0.024946797151507827,0.2332155477031801,0.14313214757201398,
605369.SH,20250422,监管审批,,,,3.0,,80.0,1、用于公司主营业务相关项目建设及补充流动资金。,20250422,0,0.009330628803245533,0.014469453376205754,0.015516404758581182,-0.05225080385852088,-0.04847258708546509,0.05305466237942125,0.03776549027534726,0.13986186951806534,0.056597728811035086,
300631.SZ,20250422,监管审批,,,,3.0,,80.0,1、合理合法使用。,20250422,0,-0.016288252714709017,0.012543903662819877,0.01358886784200486,0.003512293025589752,0.0075128102435553235,0.131961866532865,0.11552705036333721,0.7474693551164948,0.6198209635379945,
600110.SH,20250422,监管审批,,,,3.0,,80.0,1、合理合法使用。,20250422,0,-0.019553072625698387,0.008547008547008739,0.009587847855944798,-0.14245014245014254,-0.13903150673014686,-0.03418803418803407,-0.048210540229750576,0.603988603988604,0.48682113274803407,
300596.SZ,20250422,监管审批,,,,3.0,,80.0,1、合理合法使用。,20250422,0,0.029592204980151582,-0.007010164738871505,-0.005985380722702827,-0.015422362425517089,-0.011497328503246917,0.01822642832106558,0.003442923096045991,0.030878255783552744,-0.044424896674447156,
600538.SH,20250422,监管审批,,,,3.0,,80.0,1、合理合法使用。,20250422,0,-0.002012072434607659,0.024193548387096753,0.02525053521674958,0.05241935483870974,0.056614840812138745,0.13104838709677424,0.1146268336236771,0.2379032258064515,0.14747740217677396,
603192.SH,20250422,监管审批,,,,3.0,,80.0,1、用于公司主营业务相关项目及补充流动资金。,20250422,0,0.00945067926757237,0.016968987712112416,0.018018518660505745,-0.008777062609713115,-0.0048255370973384615,0.37799882972498544,0.3579918329188816,0.29903822466185215,0.20414663787003606,
300848.SZ,20250422,监管审批,,,,3.0,,80.0,1、公司及子公司主营业务相关项目建设;2、补充流动资金。,20250422,0,0.007742703990470723,0.012411347517730542,0.013456174896503414,-0.002955082742316817,0.0010196521825025506,0.11111111111111116,0.09497902451444618,0.052480998072987894,-0.024400182233601964,
301057.SZ,20250422,监管审批,,,,3.0,,80.0,1、合理合法使用。,20250422,0,-0.0021097046413502962,0.030303030303030276,0.03136632223188163,0.04580690627202255,0.04997603161735786,0.10077519379844957,0.08479317312361401,0.2609134777844735,0.16880681114246476,
300629.SZ,20250422,监管审批,,,,3.0,,80.0,1、合理合法使用。,20250422,0,-0.06656346749226005,-0.004422332780541605,-0.003394878073562979,-0.03593145384190155,-0.03208817972856082,0.08955223880597019,0.07373316284476283,0.17631443810548308,0.09038752581080534,
300566.SZ,20250422,监管审批,,,,3.0,,80.0,1、合理合法使用。,20250422,0,-0.007254464285714413,0.018549747048903997,0.01960090937039327,0.003934794828555299,0.007936996356468162,-0.006745362563237656,-0.021166305404539787,0.09967547261768916,0.019346850586650977,
605588.SH,20250422,监管审批,,,,3.0,,80.0,1、用于公司主营业务相关项目及补充流动资金。,20250422,0,0.020250935505172984,-0.03085221143473571,-0.0298520328550973,-0.07896440129449844,-0.0752926786892163,0.008198489751887639,-0.006439421057086281,-0.00711974110032354,-0.07964723218765046,
002788.SZ,20250422,监管审批,,,,3.0,,80.0,1、合理合法使用。,20250422,0,0.027883396704689423,-0.009864364981504337,-0.008842526553179297,-0.004932182490752002,-0.000965329304542295,0.020961775585696785,0.00613855618762682,0.11380972604831352,0.03244863113796592,
301287.SZ,20250422,监管审批,,,,3.0,,80.0,1、合理合法使用。,20250422,0,-0.01275343361674297,0.02351772109970196,0.024574010462999007,0.05631003643590593,0.06052103267146869,0.14508115269956945,0.1284558592155669,0.3722720753365456,0.27203093364675457,
300385.SZ,20250422,监管审批,,,,3.0,,80.0,1、合理合法使用。,20250422,0,0.01535087719298267,0.012958963282937441,0.014004355811385816,0.0,0.003986515407702562,0.04751619870410351,0.032307438878089956,0.1943844492440605,0.10713756652993522,
300328.SZ,20250422,监管审批,,,,3.0,,80.0,1、用于公司主营业务相关项目建设及补充流动资金。,20250422,0,-0.039195979899497524,0.05334728033472813,0.05443435435908395,0.029288702928870203,0.033391978202070405,0.14121338912133896,0.12464425122461775,0.1987447698744771,0.11117937633004193,
300950.SZ,20250422,监管审批,,,,3.0,,80.0,1、用于公司主营业务相关项目建设及补充流动资金。,20250422,0,-0.02198492462311563,0.02440590879897231,0.02546311478852803,-0.008991650610147617,-0.005040980556142993,0.09245033379113288,0.07658918074258603,1.0561475925283106,0.8934420659177349,
001314.SZ,20250422,监管审批,,,,3.0,,80.0,1、用于公司主营业务相关项目建设及补充流动资金。,20250422,0,0.023082471748016253,0.005640423031727515,0.006678262690242187,-0.0025851938895415927,0.0013910156028884568,0.022326674500587673,0.007483638301776008,0.0992133821801342,0.018918514733086145,
603687.SH,20250422,监管审批,,,,3.0,,80.0,1、用于公司主营业务相关项目及补充流动资金。,20250422,0,0.021707670043415117,-0.008498583569404916,-0.007475335629208768,-0.014164305949008416,-0.010234256765210947,0.0,-0.014518877936998575,0.10267605840495353,0.022128250870938615,
603151.SH,20250422,监管审批,,,,3.0,,80.0,1、合理合法使用。,20250422,0,-0.0007598784194527974,0.00684410646387823,0.00788318834612789,0.02965779467680596,0.03376254133994627,0.16273764258555112,0.14585599668009808,0.8632781619071817,0.7206848859319677,
688269.SH,20250421,监管审批,,,,3.0,,80.0,1、用于公司主营业务相关项目及补充流动资金。,20250421,0,0.000684697021567926,-0.017105713308244952,-0.019584874319258594,-0.03660622647964418,-0.03572164487265661,0.07697570988710223,0.04869730679046902,0.20222385149940503,0.1195529633398622,
301051.SZ,20250421,监管审批,,,,3.0,,80.0,1、合理合法使用。,20250421,0,0.018996590355577325,0.00047801147227533036,-0.002045501088538182,-0.019598470363288656,-0.018698272350372136,0.04541108986615683,0.01796148637971906,0.16820713860150804,0.08787540871438693,
300490.SZ,20250421,监管审批,,,,3.0,,80.0,1、合理合法使用。,20250421,0,0.020979020979020824,-0.015068493150684814,-0.017552792656095884,-0.03013698630136974,-0.02924646468207337,0.05890410958904124,0.031100216728004115,0.20547945205479468,0.12258469261780958,
300806.SZ,20250421,监管审批,,,,3.0,,80.0,1、合理合法使用。,20250421,0,0.011386470194239662,-0.025165562913907258,-0.027624394510895822,-0.026490066225165587,-0.02559619602867247,0.054966887417218446,0.027266375119580966,0.12518426564439666,0.047811002364058997,
300975.SZ,20250421,监管审批,,,,3.0,,80.0,1、合理合法使用。,20250421,0,0.022593320235756442,-0.003842459173871382,-0.006355074181895959,0.04899135446685876,0.049954531190183005,0.06822796649183105,0.040179254939441966,0.14034056548992924,0.06192507969181338,
301080.SZ,20250421,监管审批,,,,3.0,,80.0,1、用于公司主营业务相关项目及补充流动资金。,20250421,0,0.015755329008341423,0.018932481751824604,0.01636242135385757,0.08553832116788307,0.08653505506733161,0.16788321167883202,0.13721782904628732,0.6574419422518976,0.5434679953301584,
300923.SZ,20250421,监管审批,,,,3.0,,80.0,1、用于公司主营业务相关项目及补充流动资金。,20250421,0,0.05910165484633567,0.015178571428571486,0.01261797954439925,-0.013392857142856984,-0.012486961178110434,0.08080357142857153,0.052424659276187224,0.17115962236258575,0.09062486501556144,
300936.SZ,20250421,监管审批,,,,3.0,,80.0,1、合理合法使用。,20250421,0,-0.0061911170928666825,-0.024377031419284823,-0.026837851934678914,-0.049024918743228674,-0.04815173989496879,-0.015438786565547091,-0.041290640615002205,0.11249869357944764,0.03599775329296273,
300466.SZ,20250421,监管审批,,,,1.45,,80.0,1、用于公司主营业务相关项目及补充流动资金。,20250421,0,0.08301526717557262,0.04933920704845818,0.046692451558405734,0.13215859030837018,0.13319813062169428,-0.07224669603524236,-0.096606931519568,-0.03436123348017606,-0.10076335515653068,
300170.SZ,20250421,监管审批,,,,3.0,,80.0,1、用于公司主营业务相关项目建设及补充流动资金。,20250421,0,0.1477477477477478,-0.04395604395604391,-0.046367480193624466,-0.03453689167974883,-0.03365041002362967,-0.065410779696494,-0.08995050743490429,-0.023951601796761812,-0.09106954149287061,
300334.SZ,20250421,监管审批,,,,3.0,,80.0,1、合理合法使用。,20250421,0,0.0033670033670032407,0.003355704697986628,0.000824933711782494,-0.010067114093959662,-0.009158164454577178,0.07885906040268442,0.05053120573108738,0.19798657718120793,0.11560706506683682,
300686.SZ,20250421,监管审批,,,,3.0,,80.0,1、合理合法使用。,20250421,0,-0.001312335958005173,0.0026281208935610145,9.918509698469968e-05,0.06570302233902758,0.06668154360206979,0.15243101182654395,0.12217136121946748,0.3061760840998684,0.2163569236909193,
002629.SZ,20250421,监管审批,,,,3.0,,80.0,1、用于公司主营业务相关项目及补充流动资金。,20250421,0,0.09923664122137388,-0.04513888888888873,-0.047547341628569995,-0.08680555555555547,-0.0859670666309208,-0.15104166666666674,-0.17333296417862498,0.18923611111111116,0.10745832454138182,
301049.SZ,20250421,监管审批,,,,3.0,,80.0,1、合理合法使用。,20250421,0,0.012406947890819087,0.02450980392156854,0.021925675805581024,-0.002450980392156743,-0.0015350376706367852,0.13921568627450975,0.10930303356124171,0.16764705882352926,0.08735384280604053,
300141.SZ,20250421,监管审批,,,,3.0,,80.0,1、合理合法使用。,20250421,0,0.017857142857143016,0.0012531328320801727,-0.0012723348226636455,0.016290726817042467,0.017223878046585206,0.06892230576441083,0.040855362783350335,0.20551378446115254,0.12261666415724348,
688035.SH,20250419,监管审批,,,,3.0,,80.0,1、公司主营业务相关项目及补充流动资金。,20250418,1,-0.006437768240343478,0.032937365010799136,0.028322962694827147,0.08558315334773225,0.07954432401910005,0.07748380129589627,0.04222796139804097,0.12303915193201154,0.0463688145817418,
688371.SH,20250419,监管审批,,,,3.0,,80.0,1、公司主营业务相关项目及补充流动资金。,20250418,1,0.004716981132075526,0.022803487592220062,0.018234355966431304,0.013413816230717579,0.007776446991315966,0.020791415157612292,-0.012609419879181738,0.07243460764587528,-0.0007809369883969852,
688302.SH,20250419,监管审批,,,,3.0,,80.0,1、公司主营业务相关项目建设及补充流动资金。,20250418,1,-0.005597964376590325,0.026356192425793346,0.021771189935064106,-0.0240532241555782,-0.029482173559388203,0.3651484135107472,0.3204800353451911,0.38971340839304003,0.29483711164204474,
688306.SH,20250419,监管审批,,,,3.0,,80.0,1、合理合法使用。,20250418,1,-0.0010905125408942062,0.06550218340611358,0.060742305499353,0.10589519650655022,0.0997433763291069,0.09170305676855883,0.05598195531056871,0.08951965065502177,0.015137703220899024,
688345.SH,20250419,监管审批,,,,3.0,,80.0,1、公司主营业务相关项目及补充流动资金。,20250418,1,0.0010911074740862503,0.0005449591280655142,-0.003924737809063217,0.01798365122615797,0.012320861130221905,0.31171662125340616,0.26879655959248283,0.4643051771117166,0.3643364701260685,
688680.SH,20250419,监管审批,,,,3.0,,80.0,1、用于公司主营业务相关项目及补充流动资金。,20250418,1,-0.015115976022934685,0.0193172797036254,0.01476372188347086,-0.0370468377877744,-0.042403506947694236,0.23260121725324168,0.19226985345815106,0.24318602804974865,0.1583132148484092,
688313.SH,20250419,监管审批,,,,3.0,,80.0,1、公司主营业务相关项目建设和补充流动资金。,20250418,1,0.04069379586390931,0.19999999999999996,0.1946392850459926,0.6653846153846155,0.656120494595873,0.8769230769230771,0.8155091610748724,2.96783286227179,2.595834419750028,
688266.SH,20250419,监管审批,,,,3.0,,80.0,1、用于公司主营业务相关项目及补充流动资金。,20250418,1,-0.010782471065387322,0.05499999999999994,0.05028703810293522,0.007800000000000029,0.0021938590253287593,-0.02839999999999998,-0.060191265913750236,0.33009999999999984,0.239293534763098,
603729.SH,20250419,监管审批,,,,3.0,,80.0,1、用于公司主营业务相关项目建设及补充流动资金。,20250418,1,0.011699931176875511,0.03197278911564627,0.027362695813362148,0.011564625850340127,0.005937543197524597,0.09727891156462576,0.06137536518844078,0.15916164192949944,0.08002520756981135,
300753.SZ,20250419,监管审批,,,,3.0,,80.0,1、合理合法使用。,20250418,1,0.01297497683039861,0.008234217749313766,0.003730170875788197,-0.05580969807868241,-0.061061994109133155,0.10704483074107962,0.07082173832389937,0.4090528182215747,0.31285621213571946,
300767.SZ,20250419,监管审批,,,,3.0,,80.0,1、公司主营业务相关的项目建设、并购及补充流动资金。,20250418,1,-0.02739726027397249,0.027085590465872,0.022497329562658708,0.0,-0.005562751512870778,0.12134344528710717,0.08465249463893576,0.3954496208017333,0.3001817105083866,
600230.SH,20250419,监管审批,,,,3.0,,80.0,1、公司主营业务相关项目及补充流动资金。,20250418,1,-0.010214504596527063,0.005159958720330371,0.0006696453687624615,0.0485036119711042,0.042671046917361455,0.08565531475748189,0.050132098616959775,0.2920536635706914,0.20384463711760992,
300946.SZ,20250419,监管审批,,,,3.0,,80.0,1、合理合法使用。,20250418,1,-0.006795422031473652,0.024126755491537644,0.019551712480735617,0.12315448325531153,0.11690665395439548,1.4846957148001443,1.4033951567680663,1.510424278021147,1.3390365966949296,
002991.SZ,20250419,监管审批,,,,3.0,,80.0,1、合理合法使用。,20250418,1,-0.044400099775505186,-0.03941529626729312,-0.04370648025553536,-0.027277473244583517,-0.032688486951895745,-0.11811537457582888,-0.14697110597980978,-0.22781641267882202,-0.2805336986562573,
300098.SZ,20250419,监管审批,,,,3.0,,80.0,1、合理合法使用。,20250418,1,0.0045351473922901064,0.040632054176072296,0.03598327766403808,0.0293453724604964,0.023619379932575235,0.1467268623024831,0.10920535282337784,0.1489841986455982,0.07054258245729583,
301320.SZ,20250419,监管审批,,,,3.0,,80.0,1、合理合法使用。,20250418,1,0.008086253369272267,0.046122994652406435,0.04144968866810306,0.09157754010695185,0.0855053654943061,0.3342245989304813,0.2905680643346953,0.3337865248003198,0.24272837902351485,
600654.SH,20250419,监管审批,,,,3.0,,80.0,1、合理合法使用。,20250418,1,0.00694444444444442,0.01724137931034475,0.012697095082091492,0.020689655172413834,0.015011812248932,0.05862068965517242,0.023982060747571365,0.031034482758620863,-0.039354658596666536,
300027.SZ,20250419,监管审批,,,,3.0,,80.0,1、合理合法使用。,20250418,1,0.004310344827586299,0.047210300429184615,0.04253213716460014,0.03433476394849766,0.02858101667552826,0.08154506437768227,0.0461563378036447,0.18025751072961382,0.09968085287030926,
300559.SZ,20250419,监管审批,,,,3.0,,80.0,1、合理合法使用。,20250418,1,0.007042253521126751,0.03796203796203801,0.0333251891132087,-0.009990009990009874,-0.015497189559695146,0.09490509490509513,0.059079221065605925,0.18602190502931526,0.10505170963855615,
600468.SH,20250419,监管审批,,,,3.0,,80.0,1、公司主营业务相关项目及补充流动资金。,20250418,1,-0.006896551724137723,-0.006944444444444531,-0.0113806842501335,-0.02083333333333326,-0.026280194189685968,0.3912037037037035,0.34568278266146524,0.5972222222222221,0.4881792147808046,
000721.SZ,20250419,监管审批,,,,3.0,,80.0,1、合理合法使用。,20250418,1,-0.07192807192807205,0.0032292787944028234,-0.001252409703206503,-0.0053821313240041135,-0.010914943377709818,-0.03229278794402557,-0.06395667977721342,-0.07642626480086101,-0.13947901743530666,
003040.SZ,20250419,监管审批,,,,3.0,,80.0,1、合理合法使用。,20250418,1,0.0024752475247526995,0.04362139917695451,0.03895926847621278,0.04691358024691361,0.04108986014455018,0.05514403292181069,0.020619162061452423,1.2692643282187293,1.114340734253061,
300907.SZ,20250419,监管审批,,,,3.0,,80.0,1.用于公司主营业务相关项目和偿还银行贷款及补充流动资金。,20250418,1,0.004442470013327204,0.016364440513047418,0.011824073800564383,0.034940291906236265,0.029183176231703856,0.1384343210968597,0.10118414795222197,0.18664307828394522,0.10563047514372936,
002596.SZ,20250419,监管审批,,,,3.0,,80.0,1、合理合法使用。,20250418,1,-0.011904761904761973,0.027108433734939874,0.0225200707848483,0.027108433734939874,0.02139488474129836,0.12048192771084354,0.08381916637345488,0.28915662650602414,0.20114538194565967,
003001.SZ,20250419,监管审批,,,,3.0,,80.0,1、公司主营业务相关项目建设及补充流动资金。,20250418,1,0.01066802133604261,-0.0319175672279467,-0.036242245539674145,-0.002010555415933646,-0.007562122708622776,-0.014827846192510652,-0.0470632001576361,0.010184853538992567,-0.05878087519248121,
603657.SH,20250419,监管审批,,,,3.0,,80.0,1、合理合法使用。,20250418,1,0.0020408163265308588,0.03937542430414109,0.03473226148756203,0.12695179904955878,0.12068284622446335,0.4704684317718939,0.42235392690133455,1.1382104892280456,0.9922339938823834,
605305.SH,20250419,监管审批,,,,3.0,,80.0,1、公司主营业务相关项目建设及补充流动资金。,20250418,1,-0.004351610095735481,0.04589160839160833,0.04121933607046202,0.10227272727272729,0.09614105799149475,0.14991258741258728,0.11228683932283623,0.677607590762531,0.563076641682206,
603918.SH,20250419,监管审批,,,,3.0,,80.0,1、公司主营业务相关项目建设及补充流动资金。,20250418,1,-0.028049575994781417,0.10000000000000009,0.0950860112921601,0.19463087248322153,0.18798543778999321,0.09597315436241605,0.060112333052548594,0.49865771812080517,0.39634374925940263,
603937.SH,20250419,监管审批,,,,3.0,,80.0,1、公司主营业务相关项目及补充流动资金。,20250418,1,-0.0023952095808382756,0.021608643457383003,0.01704484951394547,0.037214885954381716,0.03144511727836696,0.16326530612244894,0.12520265001378394,0.21368547418967587,0.13082667573802742,
688719.SH,20250418,监管审批,,,,3.0,,80.0,1、用于公司主营业务相关项目及补充流动资金。,20250418,0,-0.000368324125230135,0.015475313190862039,0.010938918443489154,0.009579955784819516,0.003963913358413507,0.2461311717022845,0.20535710064114765,0.44330799536276544,0.3447727744718163,
688238.SH,20250418,监管审批,,,,3.0,,80.0,1、用于公司主营业务相关项目及补充流动资金。,20250418,0,0.016100178890876338,0.03169014084507049,0.027081310206795495,-0.035211267605633645,-0.040578147586361135,0.03521126760563398,0.0013386073695684786,0.2816901408450705,0.19418863628215965,
688670.SH,20250418,监管审批,,,,3.0,,80.0,1、用于公司主营业务相关项目及补充流动资金。,20250418,0,0.006340579710145011,-0.0027002700270026825,-0.007155469673747472,-0.005400540054005365,-0.010933249704520476,0.16741674167416742,0.12921824839840856,0.34113411341134103,0.24957434478679397,
688668.SH,20250418,监管审批,,,,3.0,,80.0,1、用于公司主营业务相关项目及补充流动资金。,20250418,0,0.021287128712871306,0.040959767329132424,0.036309526836431294,0.0937954435288415,0.08771093127058016,0.17668444013572482,0.1381827028642888,0.7481287076148928,0.6287832533500541,
688155.SH,20250418,监管审批,,,,3.0,,80.0,1、用于公司主营业务相关项目及补充流动资金。,20250418,0,-0.03085344613087826,0.018998716302952356,0.01444658158911949,0.020025673940949895,0.014351524580067831,0.05032092426187407,0.01595386806798249,0.27443426907831725,0.18742812581707624,
688156.SH,20250418,监管审批,,,,3.0,,80.0,1、用于公司主营业务相关项目及补充流动资金。,20250418,0,-0.06860841423948216,0.10006949270326615,0.0951551935532815,0.12786657400972912,0.12159253251884006,0.020847810979847115,-0.012554869358080145,0.32105628908964556,0.23086724165621253,
688258.SH,20250418,监管审批,,,,3.0,,80.0,1、用于公司主营业务相关项目及补充流动资金。,20250418,0,-0.010318949343339545,0.0781990521327014,0.07338245398089782,0.03767772511848344,0.03190538178320823,0.057345971563981024,0.022749052106567413,0.20983558680693393,0.12723962172479686,
002734.SZ,20250418,监管审批,,,,3.0,,80.0,1、合理合法使用。,20250418,0,0.0249784668389319,-0.020168067226890796,-0.024545233638916364,0.12016806722689077,0.1139368506162548,0.2504201680672269,0.20950575877642663,0.6839642976895686,0.5689993736550361,
001202.SZ,20250418,监管审批,,,,3.0,,80.0,1、合理合法使用。,20250418,0,-0.005725190839694694,0.026871401151631558,0.02228409708830159,0.03646833013435713,0.03070271436285954,0.04542546385156765,0.011218589711684102,0.1005996835645655,0.025461297800073446,
301293.SZ,20250418,监管审批,,,,3.0,,80.0,1、用于公司主营业务相关项目及补充流动资金。,20250418,0,-0.0024619516562220944,0.010096477451200458,0.0055841113748147375,-0.09737491586268798,-0.10239599491502793,-0.017051828584249473,-0.049214412669174035,0.10952264758760011,0.03377508745849811,
001316.SZ,20250418,监管审批,,,,3.0,,80.0,1、合理合法使用。,20250418,0,-0.06277654867256632,0.10002950722927118,0.0951153867048935,0.12865151962230748,0.12237311167402454,0.30658011212747116,0.2638281197620307,0.4181059479764848,0.32129128105883176,
300214.SZ,20250418,监管审批,,,,3.0,,80.0,1、合理合法使用。,20250418,0,-0.0017636684303350414,0.02650176678445204,0.021916113974855156,0.03710247349823326,0.031333330144778904,0.13780918727915203,0.10057946884368518,0.23144876325088326,0.14737725786695188,
300758.SZ,20250418,监管审批,,,,3.0,,80.0,1、用于公司业务相关项目建设及补充流动资金。,20250418,0,-0.0682248894504105,0.021016949152542264,0.016455798462861493,-0.0827118644067798,-0.08781451037078947,0.15932203389830502,0.12138840374255078,0.026440677966101722,-0.04363484247707605,
300892.SZ,20250418,监管审批,,,,3.0,,80.0,1、合理合法使用。,20250418,0,-0.08086388749372175,0.19999999999999996,0.1946392850459926,0.008196721311475308,0.0025883734747285114,-0.030054644808743092,-0.0617917698691508,-0.06180344067906429,-0.12585449943356197,
301585.SZ,20250418,监管审批,,,,3.0,,80.0,1、合理合法使用。,20250418,0,-0.06452304394426578,0.016498625114573784,0.011957658964257378,-0.02039413382218147,-0.025843437836279293,0.042621448212649016,0.008506322947614331,0.04014069660861597,-0.03087012965112168,
603115.SH,20250418,监管审批,,,,3.0,,80.0,1、合理合法使用。,20250418,0,-0.0368731563421828,0.0,-0.0044672624616728385,0.02679938744257271,0.02108755759666181,0.11179173047473179,0.07541331698746268,0.4254738282044963,0.32815615312219815,
300702.SZ,20250418,监管审批,,,,3.0,,80.0,1、公司主营业务相关项目。,20250418,0,0.032494758909853205,0.03248730964467028,0.02787491784414109,0.08730964467005098,0.08126121129920372,0.10659898477157381,0.0703904806703397,0.3011194073899186,0.21229145893776402,
300867.SZ,20250418,监管审批,,,,3.0,,80.0,1、合理合法使用。,20250418,0,-0.03688239387613079,0.017341040462427904,0.012796311021650908,0.12789017341040454,0.1216160006419138,0.3829479768786128,0.3376971875848387,0.3212456907876857,0.2310437128236844,
300283.SZ,20250418,监管审批,,,,3.0,,80.0,1、合理合法使用。,20250418,0,-0.003831417624520883,0.015384615384615552,0.010848625808147716,0.04230769230769238,0.036509593615430935,0.12307692307692308,0.08632925211857101,0.3826923076923079,0.28829534432730286,
002256.SZ,20250418,监管审批,,,,3.0,,80.0,1、合理合法使用。,20250418,0,0.023809523809523725,-0.0046511627906976605,-0.009097647287432453,0.027906976744186185,0.0221889856542119,0.0604651162790697,0.02576613675675188,0.06511627906976747,-0.007599640311186651,
002846.SZ,20250418,监管审批,,,,3.0,,80.0,1、合理合法使用。,20250418,0,0.03483146067415732,0.0010857763300760048,-0.0033863365794378764,-0.02714440825190012,-0.03255616216670165,0.1639522258414765,0.12586709335626867,0.7068403908794787,0.5903137067058548,
300810.SZ,20250418,监管审批,,,,3.0,,80.0,1、合理合法使用。,20250418,0,0.07497116493656297,-0.00670600858369097,-0.01114331354495024,-0.1131974248927039,-0.11813048725899977,-0.183744635193133,-0.21045294247606872,0.2044207429724585,0.12219445147006613,
603409.SH,20250418,监管审批,,,,3.0,,80.0,1、用于公司主营业务相关项目及补充流动资金。,20250418,0,-0.04595244456318459,0.0028003360403248134,-0.001679436257420952,-0.0011201344161299032,-0.006676654899582801,0.04396527583309995,0.009806179817525962,-0.02574533744049301,-0.09225809749432312,
603650.SH,20250418,监管审批,,,,3.0,,80.0,1、用于公司主营业务相关项目及补充流动资金。,20250418,0,-0.007205513784461215,0.01293783527926795,0.008412776111716758,-0.00946670874092781,-0.014976799305428168,0.010097822656989441,-0.02295311237696329,0.030080015914281333,-0.040243963603309396,
301363.SZ,20250418,监管审批,,,,3.0,,80.0,1、合理合法使用。,20250418,0,0.032549019607843066,0.008355488036460468,0.0038508994167334443,-0.0706418533991644,-0.07581164183516698,-0.06950246866691989,-0.09994884006533289,-0.0052151641069486665,-0.07312952740197864,
300791.SZ,20250418,监管审批,,,,3.0,,80.0,1、合理合法使用。,20250418,0,0.002446982055464897,0.013832384052074875,0.009303328700370761,0.03376729048006499,0.028016699920990762,0.2164361269324655,0.1766336934429611,0.26962978030919427,0.18295164144040088,
688726.SH,20250417,监管审批,,,,3.0,,80.0,1、用于公司主营业务相关项目及补充流动资金。,20250417,0,-0.01188937710002591,0.0,0.0011019521166586443,-0.0013078733978549861,-0.006440799331841163,0.08527334554015176,0.05312528838738073,0.23198022495422466,0.15341689977538553,
688519.SH,20250417,监管审批,,,,3.0,,80.0,1、用于公司主营业务相关项目及补充流动资金。,20250417,0,0.0474189675870349,-0.044699140401145976,-0.043646444596865175,-0.007736389684813827,-0.012836275308290457,0.05845272206303709,0.027099147645844646,0.14724981664889136,0.07408974590985062,
688020.SH,20250417,监管审批,,,,3.0,,80.0,1、公司主营业务相关项目建设及补充流动资金。,20250417,0,-0.0030292830696735384,0.0013504388926399713,0.002453879128294867,0.013841998649561038,0.008631207706872646,0.14382174206617138,0.10993935945018274,0.28519419496267795,0.20323741723878164,
603339.SH,20250417,监管审批,,,,3.0,,80.0,1、合理合法使用。,20250417,0,0.006352087114337435,-0.01172227231740297,-0.010633237583536514,-0.0045085662759242195,-0.009625041775344068,0.08746618575293086,0.05525317210530356,0.1557791622264122,0.08207517549213339,
603227.SH,20250417,监管审批,,,,3.0,,80.0,1、用于公司主营业务相关项目及补充流动资金。,20250417,0,-0.022817460317460347,-0.03248730964467006,-0.03142115698763892,-0.01624365482233503,-0.021299816098048763,-0.054822335025380586,-0.08282046629617434,-0.14628971454668027,-0.2007307821921296,
603725.SH,20250417,监管审批,,,,3.0,,80.0,1、用于公司主营业务相关项目建设及补充流动资金。,20250417,0,-0.010370370370370474,-0.0029940119760477613,-0.001895359117223383,0.04041916167664672,0.03507177347268042,0.18413173652694614,0.14905528790806688,0.31512683408496445,0.23126125327057,
300077.SZ,20250417,监管审批,,,,3.0,,80.0,1、公司主营业务相关项目及补充流动资金。,20250417,0,0.02711452853095908,-0.03309692671394804,-0.03203144582573669,-0.03191489361702138,-0.03689051024250278,-0.03191489361702138,-0.06059159101923817,-0.009850275807722575,-0.07299208050701966,
688698.SH,20250416,监管审批,,,,3.0,,80.0,1、公司主营业务相关项目及补充流动资金。,20250416,0,-0.029083245521601575,-0.0058606468417626845,-0.0071751078546760105,0.09094855654438883,0.08421317154740726,0.012806598654221846,-0.014735949889469357,0.0012963874134619413,-0.06412211318805228,
688026.SH,20250416,监管审批,,,,2.0,,80.0,1、公司主营业务相关项目及补充流动资金。,20250416,0,-0.034458004307250434,0.011152416356877248,0.009815460501350737,0.048327137546468446,0.04185489205716264,0.14200743494423795,0.11095136238704639,0.32315166779622806,0.23670513781401237,
688019.SH,20250416,监管审批,,,,3.0,,80.0,1、公司主营业务相关项目及补充流动资金。,20250416,0,-0.008852168781351533,0.03572491813039602,0.03435547226683555,0.019946412622804388,0.013649386311073597,0.06198273295623724,0.03310287473466267,0.13758127906305329,0.06325876824196097,
603161.SH,20250416,监管审批,,,,3.0,,80.0,1、合理合法使用。,20250416,0,-0.03342618384401108,0.007684918347742542,0.006352547252824303,0.09510086455331401,0.08833984370677905,0.1825168107588857,0.15035911480061026,0.20845979173299467,0.12950651815072778,
603182.SH,20250416,监管审批,,,,3.0,,80.0,1、公司主营业务相关项目及补充流动资金。,20250416,0,0.03769045709703289,0.004636785162287493,0.003308444339605865,-0.007727975270479193,-0.013854143244391048,0.013910355486862258,-0.013662208931709552,0.09332235673269684,0.021891449610055957,
002167.SZ,20250416,监管审批,,,,3.0,,80.0,1、合理合法使用。,20250416,0,-0.04472477064220204,-0.00600240096038418,-0.007316674544581625,0.09483793517406958,0.08807853762185558,0.09003601440576237,0.060393267329435174,0.29771908763505417,0.21293416482678396,
300967.SZ,20250416,监管审批,,,,3.0,,80.0,1、合理合法使用。,20250416,0,-0.08839322593969434,-0.06660625283189847,-0.06784039539596842,-0.11554145899410972,-0.12100199950429902,-0.09515178975985505,-0.11975848741400386,-0.11987734088744129,-0.17737910103389665,
002857.SZ,20250416,监管审批,,,,3.0,,80.0,1、合理合法使用。,20250416,0,-0.06144496961512502,-0.010791366906474864,-0.012099308471918313,0.09280575539568359,0.08605890427667062,0.3316546762589929,0.29544128308695794,0.6972324145573516,0.5863457668790932,
300085.SZ,20250416,监管审批,,,,3.0,,80.0,1、合理合法使用。,20250416,0,-0.02090483619344763,-0.014340344168260022,-0.01564359324041109,0.018801784576162994,0.012511825060135928,0.08540471637985991,0.05588791412939398,0.33301465901848304,0.2459237423138978,
603717.SH,20250416,监管审批,,,,3.0,,80.0,1、合理合法使用。,20250416,0,-0.03342618384401108,-0.0057636887608069065,-0.007078277972666247,-0.018731988472622585,-0.024790218994320323,0.047550432276656895,0.019063050113781843,0.06484149855907773,-0.00472864579543264,
688203.SH,20250415,监管审批,,,,3.0,,80.0,1、用于公司主营业务相关项目及补充流动资金。,20250415,0,0.02604166666666652,-0.024365482233502433,-0.026849713981028978,-0.004060913705583702,-0.013747828474795498,0.03857868020304589,0.0077989000805767095,0.26417305986640693,0.17366524601427713,
688315.SH,20250415,监管审批,,,,3.0,,80.0,1、公司主营业务相关项目建设及补充流动资金。,20250415,0,-0.017972681524083378,-0.015373352855051259,-0.01788048101806239,0.01024890190336758,0.0004228039591256394,0.0285505124450951,-0.0019320684333450355,0.0989748190194264,0.020294287448456627,
688566.SH,20250415,监管审批,,,,3.0,,80.0,1、公司主营业务相关项目建设或补充流动资金。,20250415,0,-0.032516891891891775,-0.02138804015713658,-0.023879853284778152,0.023570493234395418,0.013614823992480929,0.0785683107813182,0.04660338016438925,0.2912203415156269,0.19877609157699117,
603496.SH,20250415,监管审批,,,,3.0,,80.0,1、公司主营业务相关项目建设及补充流动资金。,20250415,0,-0.013888888888889062,-0.034428794992175105,-0.036887402798989166,-0.011345852895148667,-0.020961911337905037,0.01525821596244148,-0.014830428499954751,-0.02307815419215764,-0.09302036651694734,
000536.SZ,20250415,监管审批,,,,3.0,,80.0,1、合理合法使用。,20250415,0,-0.013513513513513598,-0.027397260273972712,-0.02987377228719057,-0.004566210045661934,-0.014248210094036984,0.027397260273972712,-0.0030511423097175916,-0.0022831050228309113,-0.07371412809593869,
002548.SZ,20250415,监管审批,,,,3.0,,80.0,1、合理合法使用。,20250415,0,0.004938271604938205,-0.019656019656019597,-0.022152242980551407,-0.027027027027027084,-0.03649056389553551,-0.06633906633906639,-0.09400945741757805,-0.03439803439803435,-0.10352980577685877,
002862.SZ,20250415,监管审批,,,,3.0,,80.0,1、合理合法使用。,20250415,0,0.00929054054054057,-0.04309623430962328,-0.045532772450460945,-0.03430962343096233,-0.0437023267599157,0.06815592415487814,0.036499579663411996,0.10393709459609024,0.024901291481663312,
300819.SZ,20250415,监管审批,,,,3.0,,80.0,1、合理合法使用。,20250415,0,0.0036600244001625537,-0.04902755267423009,-0.05144898805976572,-0.06523500810372762,-0.07432691837249017,0.177876823338736,0.14296874143334715,-0.03616352041386972,-0.1051688927380453,
300777.SZ,20250415,监管审批,,,,3.0,,80.0,1、合理合法使用。,20250415,0,-0.03277262180974472,0.0014992503748125774,-0.001050840040808243,0.01229385307346309,0.0024478650897954424,0.05847076461769096,0.027101453825922217,0.11319207652810781,0.03349366778752039,
300067.SZ,20250412,监管审批,,,,3.0,,80.0,1、用于公司主营业务相关项目建设及补充流动资金。,20250411,1,-0.003696857670979714,0.012987012987013102,0.005355569860157061,-0.04638218923933213,-0.05758778575053858,0.03525046382189245,-0.015150731393207217,0.012979491247501862,-0.06536902108674747,
301500.SZ,20250412,监管审批,,,,3.0,,80.0,1、用于公司主营业务相关项目及补充流动资金。,20250411,1,0.04220779220779236,-0.022845275181723856,-0.030206772035074936,-0.047767393561786164,-0.05895671306919947,0.015057113187954219,-0.034360968236893386,0.17341666666666655,0.0826592022007997,
002103.SZ,20250412,监管审批,,,,3.0,,80.0,1、用于公司主营业务相关项目建设及补充流动资金。,20250411,1,-0.007151370679380209,0.09963985594237701,0.09135560460148051,0.04561824729891972,0.03333158900481714,0.1404561824729893,0.08493304416413516,0.2917166866746699,0.19180935228860885,
301162.SZ,20250412,监管审批,,,,3.0,,80.0,1、合理合法使用。,20250411,1,0.017540687160940482,0.04194064332681724,0.0340910750113641,0.11089390438955049,0.09784021692809408,0.07126355073751567,0.01910905746811542,0.12246962597580491,0.03565264093765652,
688136.SH,20250411,监管审批,,,,3.0,,80.0,1、公司主营业务相关项目及补充流动资金。,20250411,0,0.10946745562130178,0.16833333333333322,0.15953157252866856,0.14266666666666672,0.1292396296828897,0.1409999999999998,0.08545038592098364,0.5664899502487564,0.4453303826079589,
688389.SH,20250411,监管审批,,,,3.0,,80.0,1、公司主营业务相关项目建设及补充流动资金。,20250411,0,-0.01422475106685639,0.009379509379509487,0.0017752437566664891,-0.0209235209235209,-0.03242827246480384,-0.05411255411255411,-0.10016310852204924,-0.03456119137720659,-0.10923268774895756,
001337.SZ,20250411,监管审批,,,,3.0,,80.0,1、合理合法使用。,20250411,0,0.09999999999999987,0.004924242424242609,-0.0026464589811443506,-0.07310606060606051,-0.08399763517223424,-0.08863636363636362,-0.13300612549933377,-0.0858445539257211,-0.15654955818396843,
002771.SZ,20250411,监管审批,,,,3.0,,80.0,1、合理合法使用。,20250411,0,0.02476572958500678,0.023514043109079008,0.015803293504803806,0.003265839320705455,-0.00852315209917709,0.03396472893533642,-0.016373870244043576,0.06991632555294913,-0.012835944511241815,
002270.SZ,20250411,监管审批,,,,3.0,,80.0,1、合理合法使用。,20250411,0,0.014799154334038223,-0.009722222222222188,-0.01718258296131636,-0.04097222222222219,-0.05224138917731991,0.07013888888888897,0.018039149810251898,0.14353742386960544,0.05509095803998987,
301281.SZ,20250411,监管审批,,,,3.0,,80.0,1、公司主营业务相关项目。,20250411,0,0.016666666666666607,0.01605191256830607,0.008397379701360341,0.040642076502732216,0.028413891279794656,0.04371584699453557,-0.007097485616069155,0.11371059268600248,0.02757107173638862,
300164.SZ,20250411,监管审批,,,,3.0,,80.0,1、用于公司主营业务相关项目及补充流动资金。,20250411,0,-0.0077319587628865705,0.01298701298701288,0.005355569860156839,0.0051948051948051965,-0.00661685276194901,0.04675324675324677,-0.004207961742020649,0.4571428571428571,0.34444069870623917,
600961.SH,20250411,监管审批,,,,3.0,,80.0,1、公司主营业务相关项目建设及补充流动资金。,20250411,0,0.03947368421052633,0.007383966244725704,-0.0002052657461506513,0.08755274261603363,0.07477332817882809,0.07911392405063289,0.026577235156412415,0.17510548523206748,0.08421739973848497,
002685.SZ,20250411,监管审批,,,,3.0,,80.0,1、合理合法使用。,20250411,0,0.09965034965034958,0.049284578696343395,0.04137968407918913,0.08585055643879191,0.07309114373736958,0.217806041335453,0.15851712317657585,0.17488076311605716,0.08401005866881373,
688150.SH,20250410,监管审批,,,,3.0,,80.0,1、用于公司主营业务相关项目及补充流动资金。,20250410,0,0.01602067183462519,0.07578840284842325,0.07094174744111359,0.058494404883011164,0.040197489370563,0.17446592065106814,0.12183641704234072,0.29075916825850934,0.19120561405459857,
605166.SH,20250410,监管审批,,,,3.0,,80.0,1、用于公司主营业务相关项目建设及补充流动资金。,20250410,0,0.032163742690058506,-0.017941454202077378,-0.02236583668164649,-0.006610009442870712,-0.023781543505107305,0.1652502360717658,0.11303370051625738,0.07387125315382237,-0.008954189917103506,
300922.SZ,20250410,监管审批,,,,3.0,,80.0,1、合理合法使用。,20250410,0,0.07365145228215764,-0.05217391304347818,-0.05644407102005955,-0.048309178743961345,-0.06475990958407252,0.12222222222222223,0.07193383372517892,0.29747491638795975,0.19740339058108347,
603976.SH,20250410,监管审批,,,,3.0,,80.0,1、合理合法使用。,20250410,0,0.03480422622747037,-0.012012012012011963,-0.01646310788891525,0.006606606606606835,-0.010793387149041656,0.04024024024024042,-0.006374417975910984,0.2853250628203803,0.186190629800024,
688621.SH,20250409,监管审批,,,,3.0,,80.0,1、用于公司主营业务相关项目及补充流动资金。,20250409,0,-0.009247027741083214,0.06666666666666665,0.05448068262670991,0.15733333333333333,0.12582323979121846,0.34906666666666664,0.28397304549352564,0.4464003005753199,0.29485201189227195,
001324.SZ,20250409,监管审批,,,,3.0,,80.0,1、合理合法使用。,20250409,0,0.006250000000000089,0.024223602484471973,0.012522503290825604,0.044720496894409933,0.016276452612289383,0.15714285714285703,0.09448700231079776,0.2563659849537667,0.14476850168860822,
002860.SZ,20250409,监管审批,,,,3.0,,80.0,1、合理合法使用。,20250409,0,-0.0011614401858305312,0.03953488372093039,0.02765886293780384,0.08372093023255833,0.05421504208292505,0.622093023255814,0.5342614954873588,0.47271372117606614,0.341899016845016,
688239.SH,20250408,监管审批,,,,3.0,,80.0,1、用于公司主营业务相关项目及补充流动资金。,20250408,0,-0.009283819628647216,0.05917001338688088,0.04545654962227008,0.041499330655957234,0.002578290356212376,0.13279785809906297,0.06620959181806896,0.15731876882942686,0.048162911085088744,
000551.SZ,20250408,监管审批,,,,3.0,,80.0,1、合理合法使用。,20250408,0,-0.06216216216216208,0.009606147934678066,-0.0034655942325290123,0.047070124879923014,0.007940902875101186,0.1882804995196925,0.11843084562706463,0.23222594402025343,0.116004999992531,
300475.SZ,20250408,监管审批,,,,3.0,,80.0,1、合理合法使用。,20250408,0,-0.027235921972764143,-0.0003783579265985715,-0.013320827023754922,0.09345440786984471,0.052591795843169864,0.15891032917139625,0.0907871163290297,0.3400184036588745,0.21363070289383002,
002981.SZ,20250408,监管审批,,,,3.0,,80.0,1、合理合法使用。,20250408,0,-0.09944190766108574,0.02647887323943654,0.013188673691306052,0.1504225352112678,0.10743101276209654,0.39267605633802805,0.31081159709706485,0.5501547823526522,0.40394746293335526,
603312.SH,20250408,董事会预案,,,,1.2,,80.0,1、用于补充流动资金。,20250408,0,0.021028701335606748,0.002504870581686802,-0.010474928735522693,0.07403284163651547,0.033896017461836125,0.08906206512663517,0.025044681733207286,0.03619003389614717,-0.061541217840546225,
002333.SZ,20250407,监管审批,,,,3.0,,80.0,1、用于公司主营业务相关项目建设;2、补充流动资金或偿还贷款。,20250407,0,-0.0994575045207956,-0.014056224899598457,-0.02940633528370107,0.034136546184738936,-0.01854994005442745,0.06224899598393563,-0.018693591609586502,0.10645523269548773,-0.013275352124796247,
603507.SH,20250404,监管审批,,,,3.0,,80.0,1.用于公司主营业务相关项目及补充流动资金。,20250403,1,0.10003775009437543,-0.09986273164035686,-0.02851876149054755,-0.22580645161290336,-0.20099456900301127,-0.002059025394646641,-0.00225528986538448,-0.12207164153417538,-0.1522924965931426,
688350.SH,20250403,监管审批,,,,3.0,,80.0,1、用于公司主营业务相关项目及补充流动资金。,20250403,0,-0.017595307917888547,-0.12014925373134344,-0.05041317281951696,-0.03656716417910455,-0.0056904118802708625,0.12611940298507474,0.1258979297374192,0.19104477611940296,0.15004554058867625,
688585.SH,20250403,监管审批,,,,3.0,,80.0,1、用于公司主营业务相关项目及补充流动资金。,20250403,0,-0.024390243902439046,-0.18289473684210522,-0.1181317995067549,-0.06710526315789467,-0.037207216673091015,0.08289473684210558,0.08268176456438625,0.4810729340260762,0.410315074653417,
301078.SZ,20250403,监管审批,,,,3.0,,80.0,1.用于公司主营业务相关项目建设;2.补充流动资金。,20250403,0,-0.012789768185451744,-0.18056680161943317,-0.11561935449110472,0.10688259109311748,0.14235671893925095,0.03967611336032384,0.03947164086413424,0.10501673629973829,0.06697883684766426,
300876.SZ,20250403,监管审批,,,,3.0,,80.0,1、合理合法使用。,20250403,0,0.0010779734099892746,-0.14752333094041636,-0.07995689172206366,-0.05958363244795406,-0.029444527614629123,-0.1568557071069634,-0.1570215278043906,-0.07860732232591516,-0.11032434603960606,
002655.SZ,20250403,监管审批,,,,3.0,,80.0,1.用于公司主营业务相关项目建设及补充流动资金。,20250403,0,-0.10020174848688612,-0.10014947683109132,-0.028828233815295312,-0.08893871449925272,-0.05974040134699776,-0.015695067264574036,-0.01588864994289263,-0.006636771300448485,-0.040831231322103534,
300119.SZ,20250403,监管审批,,,,3.0,,80.0,1、合理合法使用。,20250403,0,0.05859374999999978,-0.09435951502372164,-0.02257936548680539,-0.027411702688455386,0.003758470081549392,0.055877701634159394,0.05567004278103216,0.05464371413702285,0.018339801048393944,
002059.SZ,20250403,董事会预案,,,,1.91,,80.0,1、滁州华侨城文旅装备产业园工程建设及基础设备投资项目;2、偿还有息负债及补充流动资金。,20250403,0,0.01610017889087656,-0.09859154929577463,-0.02714682651807765,0.008802816901408494,0.04113361728282827,-0.09859154929577463,-0.09876882877121262,-0.07746478873239437,-0.10922114178520137,
688352.SH,20250401,监管审批,,,,3.0,,80.0,1.用于公司主营业务相关项目及补充流动资金。,20250401,0,-0.013698630136986245,0.0016339869281045694,0.0011282556256251297,-0.125,-0.08062269026464364,-0.09558823529411764,-0.07644553272831789,-0.07497172535713903,-0.10421532142382761,
000819.SZ,20250401,监管审批,,,,3.0,,80.0,1.合理合法使用。,20250401,0,-0.037679425837320535,-0.01802361715351153,-0.018519423208000596,-0.15786202610316968,-0.11515137729456959,-0.11870727159726535,-0.10005390458948216,-0.0403977625854568,-0.07073437064911392,
300857.SZ,20250401,监管审批,,,,3.0,,80.0,1、合理合法使用。,20250401,0,-0.03274753536219466,0.03412213063901448,0.033599995868353494,-0.18860232207746164,-0.14745072656692748,-0.07294159354781538,-0.05331955408705091,0.06642991592023817,0.03271608624660516,
300846.SZ,20250401,监管审批,,,,3.0,,80.0,1.合理合法使用。,20250401,0,-0.04183006535947709,-0.010459299681673362,-0.010958925007650167,-0.1496134606639381,-0.10648446997720185,-0.10823101409731695,-0.08935590751343536,-0.129149613460664,-0.15668044428668204,
002080.SZ,20250930,监管审批,,,,44.81,,80.0,"1、年产3,500万米低介电纤维布项目;2、年产2,400万米超低损耗低介电纤维布项目;3、偿还国拨资金专项应付款;4、",20250930,0,-0.007295010213014375,-0.003527336860670305,-0.01649499723099157,-0.10052910052910058,-0.10729594608282611,-0.08583186360964135,-0.10574720664953063,0.06819517930629049,0.04503179682129588,
002793.SZ,20250930,监管审批,,,,8.42,,80.0,1、创新药研发项目;2、原料药改扩建及冻干车间技改项目;3、补充流动资金。,20250930,0,-0.007952286282306043,-0.018036072144288595,-0.030814922165344427,0.008016032064128042,0.00043258627542086536,0.09018036072144286,0.06643055475593851,-0.03807615230460937,-0.058935083740787486,
301382.SZ,20250930,监管审批,,,,9.84,,80.0,1、云终端算力中心项目;2、物联网终端智能化升级项目;3、瘦终端SoC芯片技术研发项目。,20250930,0,0.06007860752386307,-0.030455508474576343,-0.04307273737116035,-0.09984110169491522,-0.1066131231602292,-0.029925847457627053,-0.05105911469038671,-0.061440677966101864,-0.08179295906818185,
605588.SH,20250927,监管审批,,,,4.83,,80.0,1、光掩膜版制造项目;2、补充流动资金。,20250926,1,-0.04036827195467407,0.09999999999999987,0.09019599761472508,0.21107011070110704,0.1919532420358503,-0.005535055350553653,-0.04265122487550144,-0.0629151291512915,-0.09533234009395797,
600095.SH,20250329,监管审批,,,,80.0,,80.0,募集配套资金1、拟用于金融大模型与证券数字化建设项目、大数据工程及服务网络建设项目、财富管理一体化项目、国际化金融科技项,20250314,15,0.02529761904761907,0.100145137880987,0.12778785985712227,0.3134978229317855,0.45050094907437876,0.1611030478955009,0.20740957526628745,0.49927431059506544,0.4972317283716523,True
300199.SZ,20250926,监管审批,,,,9.68,,80.0,1、多肽药物产线及绿色智能化扩建项目;2、多肽片段扩产建设项目;3、研发实验室升级项目;4、司美格鲁肽研发项目;5、补充,20250926,0,-0.09342560553633228,0.0023854961832061594,-0.006548494540016603,-0.0014312977099236734,-0.01719380936489634,0.05438931297709937,0.015036601052651921,-0.11307251908396942,-0.14375460150160846,
002579.SZ,20250923,监管审批,,,,7.0,,80.0,1、泰国PCB智能化生产基地项目;2、惠州中京产线技改与升级项目;3、补充流动资金项目。,20250923,0,0.014240506329113778,-0.017940717628705083,-0.0260470267049836,-0.057722308892355745,-0.07251245143342644,-0.05304212168486744,-0.09890031850776382,-0.0546021840873635,-0.08317663562501743,
301310.SZ,20250411,监管审批,,,,2.85,,80.0,1、超融合导体线缆研发及产业化项目;2、大功率充电连接及冷却系统研发及产业化项目;3、新一代核电站用特种电缆及电气贯穿件,20250411,0,-0.007194244604316391,0.03695652173913033,0.029144501822566893,0.06992753623188408,0.057355228823237514,0.4061594202898551,0.3377005130762927,0.47310377421479743,0.3591671247357826,
688228.SH,20250825,董事会预案,,,,,,80.0,募集配套资金拟用于1、支付本次交易的中介机构费用、交易税费等费用;2、补充上市公司和标的公司流动资金、偿还债务或标的公司,20250825,0,0.19999999999999973,0.1999746707193517,0.20468342376109327,0.836499493414387,0.8403052894885088,1.7102330293819659,1.749156890530584,1.0505319148936172,1.0577055022281812,
600531.SH,20250814,董事会预案,,,,4.0,,80.0,1、用于补充流动资金和偿还银行贷款。,20250814,0,-0.038461538461538436,0.01764705882352935,0.009298393891450152,0.014117647058823346,-0.014026351155034922,0.2329411764705882,0.16648958472990105,0.4423529411764706,0.3252260962412896,
300719.SZ,20240201,监管审批,,,,4.88,,80.0,1、航空机载设备及航空维修产业基地项目;2、地面保障装备及复材研制产业化项目。,20240201,0,-0.014299332697807476,-0.09864603481624756,-0.08524589257322679,-0.14893617021276584,-0.1771959181790126,0.03675048355899424,-0.05694411058164295,0.9980657640232111,0.7549654462071136,
603030.SH,20250426,监管审批,,,,1.8,,80.0,1、基于人工智能技术的建筑行业设计与产品生态平台项目;2、营销展示中心及品牌推广建设项目。,20250425,1,0.009009009009008917,-0.02678571428571419,-0.024819021674573172,0.4241071428571428,0.40382549306027005,0.12053571428571397,0.10548134550715993,0.1517857142857142,0.05254866521207835,
601555.SH,20250719,监管审批,,,,60.0,,80.0,1、向子公司增资;2、信息技术及合规风控投入;3、财富管理业务;4、购买科技创新债券等债券投资业务;4、做市业务;5、偿,20250718,1,-0.0066225165562914245,0.029999999999999805,0.02267716741363901,0.15222222222222226,0.1332499004565073,0.16111111111111098,0.11013846680501249,0.07746621331144721,-0.014391422063900094,
600491.SH,20230628,监管审批,,,,18.46,,80.0,1、补充流动资金和偿还银行贷款。,20230628,0,-0.04621072088724598,-0.023255813953488302,-0.021109014291737838,-0.07170542635658916,-0.0813747975650444,-0.04457364341085268,-0.05454938804979115,-0.11821705426356588,-0.09529491442522586,
002985.SZ,20251230,监管审批,,,,19.7,,80.0,1、起降系统产能扩建项目;2、民航产品产业化项目;3、民航大飞机适航保障能力提升项目;4、补充流动资金。,20251230,0,-0.009514747859181827,0.016010246557797148,0.015056863386671004,0.09093820044828704,0.05944620739027351,0.21293627921870018,0.15667408726918253,0.12167787383925743,0.1462556518857463,
002009.SZ,20251230,监管审批,,,,9.77,,80.0,1、汽车装备智能制造基地建设项目;2、面向汽车行业应用的机器人具身智能系统研发中心建设项目;3、补充流动资金。,20251230,0,0.10000000000000009,-0.03457106274007671,-0.035476982443957916,-0.06914212548015375,-0.09601309737418984,0.10115236875800271,0.050075286640683725,0.0059752454118651155,0.028017791564057815,
300850.SZ,20251224,监管审批,,,,15.0,,80.0,1、6MW及以上大功率风电主轴承、偏航变桨轴承及零部件建设项目;2、补充流动资金。,20251224,0,0.01285948094458722,-0.004847645429363001,-0.0095409163548279,-0.045013850415512535,-0.05172551515831114,0.14727608494921518,0.09312735823020635,-0.0025392428439520165,0.001950680316511244,
688519.SH,20251223,监管审批,,,,9.0,,80.0,1、基于AI算力的高阶高频高速覆铜板研发及产业化项目;2、补充流动资金。,20251223,0,0.022543792840822308,0.052584537464620995,0.046984103453360904,0.23000148964695355,0.21599964262940707,0.35945180992104886,0.29264372630650803,1.0694175480411143,1.0727248312171747,
605055.SH,20251223,监管审批,,,,5.22,,80.0,1、老旧产线及污水处理系统升级改造项目;2、优势兼并绍兴布泰纺织印染有限公司年产1.29亿米高档印染面料异地新建项目(二,20251223,0,-0.025879917184265078,-0.007438894792773598,-0.01271996512394713,0.07013815090329434,0.05795612445640863,-0.014877789585547307,-0.06329004408667027,-0.022316684378320906,-0.02075417922592604,
002752.SZ,20251218,监管审批,,,,11.57,,80.0,1、越南新建两片罐和食品罐生产基地项目;2、四川内江新增两片罐生产线项目;3、补充流动资金。,20251218,0,0.007518796992481258,0.04925373134328348,0.045457164296402786,0.19552238805970124,0.1703866607752389,0.00746268656716409,-0.0507295714310505,-0.10298507462686579,-0.10411965548988422,
301091.SZ,20251218,监管审批,,,,18.0,,80.0,1、面向全域智能体协同的交通行业大模型与生态应用;2、低空、自动驾驶等具身智能交通设备及装备研发与规模化应用;3、全球化,20251218,0,0.009815469179426772,0.017884914463452528,0.014201850769391067,0.016718506998444793,-0.004657888267941779,0.056376360808709336,-0.004641209917268352,-0.16796267496111983,-0.16901506951956424,
300551.SZ,20251215,董事会预案,,,,4.32,,80.0,1、用于补充流动资金。,20251215,0,0.03138686131386881,-0.009200283085633365,0.0019669026775308573,0.16135881104033944,0.14670075258827886,0.2243453644727531,0.1477372891291644,0.22292993630573243,0.18061512884097675,
002979.SZ,20251213,监管审批,,,,11.44,,80.0,1、智能装备运动控制核心零部件研发及产业化项目;2、信息化建设及智能仓储项目;3、补充流动资金。,20251212,1,-0.003984063745019806,-0.03374999999999995,-0.0283978447891734,-0.033500000000000085,-0.0337737190773042,0.11949999999999994,0.052035897032890466,-0.059249999999999914,-0.09945458631960291,
002531.SZ,20251213,监管审批,,,,19.5,,80.0,1、长风新能源装备制造基地扩建项目;2、天顺(射阳)风电海工智造项目(二期);3、天顺(阳江)重型风电海工装备智能制造项,20251212,1,0.004405286343612369,-0.004385964912280715,0.0011288406203109336,-0.024853801169590684,-0.025129968906559608,0.06140350877192979,-0.00255954223784316,0.6988304093567252,0.6262279391623602,
002575.SZ,20241015,监管审批,,,,7.1,,80.0,1、用于补充流动资金。,20241015,0,0.09981851179673318,-0.06765676567656753,-0.06813883832662704,0.013201320132013139,-0.012877490805266456,0.02970297029702973,-0.03670117450242416,0.17491749174917492,0.16441434809161182,
920961.BJ,20250922,监管审批,,,,1.4,,80.0,募集配套资金1、支付本次交易现金对价、中介机构费用及相关税费等与本次交易相关的费用。,20250915,7,-0.016497937757780412,0.12390392680137241,0.1352760562938391,0.11246664125047667,0.11188251825282713,0.011056042699199464,-0.02132237544586868,0.05680518490278308,0.040771044213317786,
000905.SZ,20250318,监管审批,,,,35.0,,80.0,募集配套资金将用于1、厦门港多式联运智慧物流中心项目;2、码头设备更新改造项目;3、翔安港区1#-5#集装箱泊位工程项目,20250318,0,0.10012674271229405,-0.009216589861751112,-0.008253631978734521,-0.10944700460829493,-0.09364869477344451,-0.05645161290322587,-0.012167276221752621,-0.02997680873502684,-0.01784812867906027,
600222.SH,20251209,董事会预案,,,,4.54,,80.0,1、补充流动资金和偿还有息负债。,20251209,0,-0.044289044289044344,-0.0914634146341462,-0.08936109538939419,-0.18048780487804883,-0.16233772743368557,-0.173170731707317,-0.2082969218692884,-0.10599570315043105,-0.14658208764529645,
300072.SZ,20241104,监管审批,,,,2.8,,80.0,1、40万吨/年生物能源项目产品质量升级(20万吨/年生物柴油异构);2、补充流动资金及偿还银行借款。,20241104,0,0.03243243243243232,0.01832460732984309,-0.004759821444712653,0.09162303664921456,0.041334299694121945,0.17801047120418834,0.15917932845707816,-0.18062827225130895,-0.16014844191686728,
001896.SZ,20231230,监管审批,,,,20.0,,80.0,1、濮阳豫能多能互补(风光火储)一体化项目(一期);2、豫能林州100MW风力发电项目;3、补充流动资金及偿还银行贷款。,20231229,1,0.00691244239631339,0.011441647597254079,0.015763808792174094,-0.013729977116704872,0.016121386068148613,-0.07780320366132709,-0.048513141673650284,0.0778032036613272,0.042743878933384716,
002426.SZ,20241226,监管审批,,,,19.5,,80.0,1、安徽车载镁合金产品扩能建设项目;2、苏州车载显示玻璃产品扩能建设项目;3、研发中心建设项目;4、补充流动性资金。,20241226,0,0.01754385964912264,0.031034482758620863,0.03040815546872011,0.006896551724137945,0.065416844485638,0.037931034482758585,0.08434496408703795,0.06551724137931036,0.08542703227117876,
000516.SZ,20251204,监管审批,,,,10.08,,80.0,1、智慧康养项目;2、质子治疗中心二期项目;3、补充流动资金。,20251204,0,-0.03292181069958855,0.006382978723404209,-0.0005829633594511829,-0.025531914893617058,-0.024909066243586908,0.004255319148936065,-0.03259186714445761,0.07021276595744697,0.0060113117417706086,
300523.SZ,20251203,监管审批,,,,14.19,,80.0,1、AI+公共安全智脑项目;2、公共安全智能装备研发及产业化项目;3、补充流动资金和偿还债务。,20251203,0,0.05038167938931304,0.012354651162790553,0.012930935266192378,-0.07122093023255827,-0.07657773240979826,-0.13045058139534893,-0.15035319827345284,-0.1424418604651162,-0.18820283772895785,
688079.SH,20251202,监管审批,,,,7.0,,80.0,1、MEMS器件光学系统制造项目;2、半导体工艺键合棱镜产业化项目;3、补充流动资金。,20251202,0,-0.009830205540661274,-0.023465703971119245,-0.01850194790386195,-0.0009025270758122872,-0.003920630660464441,0.019855595667870096,0.0025187373613890784,0.18772563176895307,0.12250102021465947,
002348.SZ,20251202,董事会预案,,,,4.91,,80.0,1、补充流动资金。,20251202,0,0.09979209979210002,0.10018903591682427,0.10578133310942639,0.2022684310018903,0.1986365824989602,0.10207939508506603,0.08334478756195884,0.555765595463138,0.4703298652579342,
603918.SH,20250726,监管审批,,,,6.15,,80.0,1、智慧空间核心解决方案升级项目;2、面向行业应用的AI研发项目;3、补充流动资金项目。,20250725,1,0.0013844023996307797,-0.011981566820276401,-0.013157323883581928,0.01520737327188959,0.02481875107342857,-0.08986175115207373,-0.14507867047537404,-0.2235023041474654,-0.3018504359672123,
002592.SZ,20241129,监管审批,,,,3.8,,80.0,1、新能源汽车配件智能生产基地项目。,20241129,0,0.050000000000000044,0.015238095238095273,0.0039126985780824075,0.015238095238095273,-0.007911647117583853,-0.07238095238095232,-0.09248388203170554,0.015238095238095273,0.015923979036915004,
600744.SH,20251118,监管审批,,,,15.0,,80.0,1、桂东普洛风电场项目;2、桂阳团结风电场项目;3、通道县金坑风电场项目;4、芷江县碧涌大树坳风电场项目;5、补充流动资,20251118,0,-0.03506097560975607,0.0015797788309634964,-0.0001786958952950668,-0.03949447077409174,-0.022173133794801902,-0.05845181674565558,-0.030142144593655273,0.015797788309636518,-0.03192157679308172,
920964.BJ,20251117,监管审批,,,,0.85,,80.0,1、用于补充流动资金和偿还银行贷款。,20251117,0,-0.007792207792207795,-0.005235602094240788,0.0029000630214470746,-0.0706806282722513,-0.037916472920548894,-0.10732984293193715,-0.08330159264740622,-0.08769633507853392,-0.12301184412924959,
300050.SZ,20251114,监管审批,,,,3.0,,80.0,1、补充流动资金。,20251114,0,0.013355592654423987,0.009884678747940745,0.01457742325286171,-0.047775947281713305,-0.009139305921747165,-0.09060955518945646,-0.06695992957582553,0.006589785831960571,-0.02702868878223963,
002387.SZ,20251110,董事会预案,,,,29.37,,80.0,1、用于补充流动资金及偿还公司债务。,20251110,0,0.10035419126328216,0.09978540772532196,0.10413744766503896,0.013948497854077146,0.02583456580506316,-0.037553648068669454,-0.014371168935167433,-0.049356223175965774,-0.06873078903903584,
003035.SZ,20251101,监管审批,,,,20.0,,80.0,"1.节能降碳项目,2.补充流动资金及偿还有息负债。",20251031,1,-0.004040404040404066,-0.006085192697768638,-0.011516690766681603,0.04259634888438124,0.031442692494431546,-0.020283975659229125,-0.0036067165053965677,0.17903650009622152,0.1263163705206447,
001289.SZ,20251030,监管审批,,,,50.0,,80.0,1、海南东方CZ8场址50万千瓦海上风电项目;2、“宁湘直流”配套新能源基地沙坡头100万千瓦风电项目。,20251030,0,-0.020951302378256043,-0.02486986697513016,-0.01695232680851333,0.019086176980914082,0.013782161519742653,-0.07113938692886057,-0.04438006876602474,-0.0777899635863144,-0.11030457689358952,
002047.SZ,20251025,监管审批,,,,8.0,,80.0,1、补充流动资金和偿还债务。,20251017,8,0.04329004329004338,0.04979253112033177,0.008506982088369863,0.27800829875518684,0.24083431448678994,0.5352697095435683,0.5372171755580046,0.8879668049792531,0.7622627855811599,
600481.SH,20251024,监管审批,,,,12.92,,80.0,1、高效空冷、液冷智能装备系统项目;2、中高温热泵及高效换热器装备项目;3、年产700套绿电智能制氢装备建设;4、智能制,20251024,0,-0.03692307692307706,0.025559105431310014,0.013593740947620336,0.10383386581469667,0.10258385760489253,-0.07188498402555898,-0.04395102438731291,0.12939297124600646,0.08454903233899347,
300075.SZ,20251016,监管审批,,,,10.5,,80.0,1、城市生命线运行管理服务平台建设项目;2、城市更新管理服务平台建设项目;3、城市治理人和大模型3.0及智能体行业应用项,20251016,0,-0.016321406151914575,-0.03318442884492656,-0.013929296329510565,0.005743458838544768,0.004158309280397843,0.01723037651563475,-0.011364959275587005,0.08232291001914493,0.017606538339004274,
002370.SZ,20251014,董事会预案,,,,7.0,,80.0,1、用于新药研发项目。,20251014,0,0.10052910052910047,0.09935897435897445,0.08615708825579693,0.12179487179487158,0.10715683371633622,0.35897435897435903,0.3122820544183509,0.237179487179487,0.17119929898566544,
688545.SH,20260331,监管审批,,,,3.0,,80.0,1、合理合法使用。,20260331,0,-0.04576802507836997,0.020586946999562095,0.00593380187213155,0.07752956636005282,0.04971148465019537,0.1399474375821288,0.08009759001748185,1.9225353367842852,1.7779668853537114,
688347.SH,20250901,监管审批,,,,75.56,,80.0,募集配套资金拟用于1、华力微技术升级改造项目;2、华力微特色工艺研发及产业化项目;3、补充流动资金、偿还债务及支付中介机,20250901,0,0.09184713375796161,-0.10395519775988793,-0.09991477463077292,-0.1827091354567728,-0.17231057169963748,0.15505775288764445,0.15894490524744542,0.23882860809707163,0.23177864957219718,
688319.SH,20260331,监管审批,,,,3.0,,80.0,1、公司主营业务相关项目及补充流动资金。,20260331,0,-0.026139410187667522,0.0454232622161046,0.03041352803727726,0.009635237439779898,-0.016430047828565386,0.030282174810736473,-0.023809995650897697,0.5134205092911217,0.4385564497748289,
688079.SH,20260331,监管审批,,,,3.0,,80.0,1、公司主营业务相关项目建设及补充流动资金。,20260331,0,-0.06254886630179823,0.042535446205171024,0.027567174037232522,0.19099249374478733,0.16024519219394628,0.2952460383653044,0.22724265908730912,1.5646371976647209,1.437772819506134,
688595.SH,20260331,监管审批,,,,3.0,,80.0,1、公司主营业务相关项目及补充流动资金。,20260331,0,-0.04127088110055699,0.030406559617355722,0.015612428747155516,0.0635462931329005,0.03608921111098495,0.18893064571233342,0.12650906769488746,0.49846258968226853,0.42433845048353613,
688185.SH,20260331,监管审批,,,,3.0,,80.0,1、公司主营业务相关项目及补充流动资金。,20260331,0,-0.0216121495327104,0.04492537313432843,0.029922787431183595,0.02238805970149249,-0.004006459272157148,-0.055223880597014996,-0.10482678759500852,-0.23895522388059698,-0.276601668516565,
688585.SH,20260331,监管审批,,,,3.0,,80.0,1、公司主营业务相关项目及补充流动资金。,20260331,0,-0.023940911792172614,0.07767243628772724,0.0621996824423241,0.08802296251195973,0.059933977654123005,0.009480734104549082,-0.04351931314653523,0.44211533443507034,0.3707785132649417,
688556.SH,20260331,监管审批,,,,3.0,,80.0,1、公司主营业务相关项目及补充流动资金。,20260331,0,-0.02750929368029731,0.06957186544342497,0.05421541608393121,0.08409785932721703,0.05611020704021774,0.005351681957186605,-0.047431580612903645,0.015290519877675823,-0.03493264641339844,
688505.SH,20260331,监管审批,,,,3.0,,80.0,1、用于公司主营业务相关项目及补充流动资金。,20260331,0,-0.008706467661691586,0.03638644918444167,0.021506461651141784,0.01882057716436636,-0.007481841765057506,-0.027603513174404015,-0.07865655263063531,-0.07402760351317439,-0.11983248865610407,
300449.SZ,20250328,董事会预案,,,,,,80.0,募集配套资金拟用于1、标的公司项目建设、本次交易税费、中介机构费用、补充流动资金及偿还债务。,20250328,0,-0.19967400162999183,-0.17413441955193498,-0.17028191903762124,-0.3839103869653768,-0.3332296135414652,-0.274949083503055,-0.26108222700669603,-0.17515274949083515,-0.19271811075105882,
002636.SZ,20251119,监管审批,,,,13.0,,80.0,"1、年产4,000万平方米高等级覆铜板项目;2、研发中心建设项目。",20251119,0,-0.04767879548306142,-0.006587615283267456,-0.0026223063574850602,-0.02371541501976271,-0.0028571705822564297,0.050065876152832534,0.0708119808477643,0.6805006587615285,0.6247881537339772,
603992.SH,20260331,监管审批,,,,3.0,,80.0,1、公司主营业务相关项目建设及补充流动资金。,20260331,0,-0.08630176657978561,0.060221870047543646,0.04499966387024967,0.07923930269413626,0.0513770815132808,0.05103011093502352,-0.004151373624244337,0.036264480146292355,-0.014996200702171891,
300077.SZ,20260331,监管审批,,,,3.0,,80.0,1、公司主营业务相关项目及补充流动资金。,20260331,0,-0.027696793002915276,0.016491754122938573,0.0018974060002339144,0.03348325837081445,0.0068022997923447015,0.10744627686156916,0.049302814565812536,0.5667166416791605,0.4892161933980852,
300552.SZ,20260331,监管审批,,,,3.0,,80.0,1、合理合法使用。,20260331,0,-0.045902883156297425,0.02465208747514902,0.009940576822343727,0.04771371769383692,0.02066537793848311,0.04652087475149114,-0.00842386459539235,-0.09145129224652082,-0.1363942833802716,
300043.SZ,20260331,监管审批,,,,3.0,,80.0,1、合理合法使用。,20260331,0,-0.03900709219858156,0.04059040590405916,0.02565005978190693,0.0627306273062731,0.035294602951192244,0.10147601476014767,0.0436460048788716,-0.18779184850380193,-0.22796918125430787,
002787.SZ,20260331,监管审批,,,,3.0,,80.0,1、合理合法使用。,20260331,0,-0.05130228887134958,0.016638935108153063,0.002042473824641622,0.02579034941763725,-0.0006920048936950307,0.5981697171381033,0.5142621519296335,1.6788685524126459,1.54635351543982,
002873.SZ,20260331,监管审批,,,,3.0,,80.0,1、主营业务相关项目及补充流动资金。,20260331,0,-0.002955665024630627,0.018774703557312256,0.004147577835914351,0.11857707509881421,0.08969928886879375,-0.029644268774703608,-0.08059016389465423,-0.27424969046348435,-0.3101502310161949,
002560.SZ,20260331,监管审批,,,,3.0,,80.0,1、合理合法使用。,20260331,0,0.09989806320081529,0.1000926784059315,0.08429802443970469,0.25579240037071393,0.22337218964541705,0.4430027803521781,0.3672418341960817,-0.03006872108323233,-0.07804811117723243,
300532.SZ,20260331,监管审批,,,,3.0,,80.0,1、合理合法使用。,20260331,0,0.06500956022944537,-0.0008976660682225024,-0.015242344431293131,0.03859964093357293,0.011786595076356265,0.028725314183124073,-0.025285117534976753,-0.20286254950515392,-0.2422943830042681,
000034.SZ,20260331,监管审批,,,,3.0,,80.0,1、合理合法使用。,20260331,0,-0.041367423154266225,0.022175606832484318,0.0074996524155970246,0.02127659574468077,-0.005089229078818924,0.12196583757866342,0.06306006513861906,0.1662999272229122,0.10860680979161641,
301237.SZ,20260331,监管审批,,,,3.0,,80.0,1、合理合法使用。,20260331,0,-0.04988079955987523,0.01737116386797921,0.002764189561235808,0.07295888824551233,0.04525880561542883,0.3404748118123915,0.2700968184889576,0.4298397992665508,0.35911020945730865,
920505.BJ,20260331,监管审批,,,,1.0,,80.0,1、合理合法使用。,20260331,0,-0.012956107879428913,0.012858290918832171,-0.001683889513700132,0.048486472006429304,0.021418182410922082,0.05759442807393511,0.0020683018520979424,-0.17785957161507449,-0.21852822225348079,
300119.SZ,20260331,监管审批,,,,3.0,,80.0,1、合理合法使用。,20260331,0,-0.04597701149425293,0.02696500286861725,0.012220284378863244,0.06942053930005732,0.04181180458575784,0.04073436603557101,-0.01390656836981985,-0.1535123409215744,-0.1953853709882395,
300757.SZ,20260331,监管审批,,,,3.0,,80.0,1、合理合法使用。,20260331,0,-0.017983384075545672,0.03465489608785899,0.019799769443574755,0.24873229815296494,0.2164943548164291,0.2829930900396731,0.215633018571608,0.6263366700822364,0.5458870101793221,
002715.SZ,20260331,监管审批,,,,3.0,,80.0,1、主营业务相关项目建设及补充流动资金。,20260331,0,-0.023642172523961835,-0.028795811518324554,-0.04273994039830764,-0.030759162303664822,-0.05578160406426336,0.1217277486910997,0.06283447646216844,-0.13285340314136118,-0.17574836461309595,
301595.SZ,20260331,监管审批,,,,3.0,,80.0,1、合理合法使用。,20260331,0,-0.02948275862068972,0.019896962160241616,0.00525372353613851,-0.0744359566530467,-0.09833081484474138,-0.2167347663883461,-0.2578579825023941,-0.29293487977244503,-0.3279111239277488,
300792.SZ,20260331,监管审批,,,,3.0,,80.0,1、合理合法使用。,20260331,0,-0.007952871870397726,0.017814726840855277,0.0032013840491591505,0.07690023752969144,0.049098402910746186,0.02108076009501203,-0.03252831505015452,-0.22674610882644586,-0.26499649923323165,
300848.SZ,20260331,监管审批,,,,3.0,,80.0,1、公司及子公司主营业务相关项目建设及补充流动资金。,20260331,0,-0.02385685884691835,0.013577732518669228,-0.0009747773445931696,0.03598099117447373,0.009235549785145736,0.22742701968771195,0.1629842939942776,-0.0500832218071553,-0.09707255873074705,
301052.SZ,20260331,监管审批,,,,3.0,,80.0,1、公司主营业务相关项目建设及补充流动资金。,20260331,0,-0.00918246445497617,0.008968609865470878,-0.005517724212038111,0.01943198804185342,-0.006886215398992923,-0.04069034963962648,-0.0910563002514736,-0.33533331989374804,-0.36821224917512696,
001299.SZ,20260331,监管审批,,,,3.0,,80.0,1、合理合法使用。,20260331,0,0.008136094674556338,0.005135730007336692,-0.009295573242095956,-0.005135730007336803,-0.030819680050918397,0.11781413309849897,0.059126334638727185,-0.012712012381834947,-0.06154998319761795,
688213.SH,20260328,监管审批,,,,32.0,,80.0,1、面向高性能影像应用的CIS解决方案研发及产业化项目;2、面向智能驾驶的CIS解决方案研发及产业化项目;3、面向视觉A,20260327,1,0.0019455252918287869,0.0256310679611651,0.02313106918054597,0.1685436893203882,0.17867094607023826,0.2548867313915859,0.20187625578664092,0.23305553089231612,0.1982918972635952,
688737.SH,20260328,监管审批,,,,3.0,,80.0,1、用于主营业务相关项目及补充流动资金。,20260327,1,-0.010931021485111492,-0.0434451219512193,-0.045776745966344956,-0.11089939024390238,-0.10319394436820317,0.1608231707317076,0.11178624426306216,-0.23894817073170727,-0.26040456608642815,
688106.SH,20260328,监管审批,,,,3.0,,80.0,1、用于公司主营业务相关项目及补充流动资金。,20260327,1,0.07485673352435529,-0.03765411529490181,-0.03999985501891312,-0.0736421192935689,-0.06561378095594361,0.28123958680439864,0.22711588132456906,0.15960412386280698,0.12691131165251823,
300548.SZ,20260328,监管审批,,,,3.0,,80.0,1、合理合法使用。,20260327,1,0.012973045640922054,0.057133377571333854,0.054556591202982396,0.09608493696084941,0.1055842254150976,0.6930325149303251,0.621513343848193,0.742866622428666,0.6937298437452348,
601155.SH,20230314,监管审批,,,,45.0,,80.0,1、温州新城瓯江湾项目；2、东营项目；3、重庆大足项目；4、泰安新泰项目；5、宿迁泗洪项目；6、大同云冈项目；7、补充流,20230314,0,-0.014343086632243263,0.008149010477299212,0.002587425502071694,-0.021536670547147918,-0.024643745336825007,0.014551804423748482,-0.010412461440762577,-0.14610011641443543,-0.14174214639961602,
003022.SZ,20260328,监管审批,,,,3.0,,80.0,1、合理合法使用。,20260327,1,0.03234220135628574,0.02071753410813537,0.018229512176721308,-0.017180394138453736,-0.008662726739013138,0.24355735219808006,0.19102546622543648,0.3427503760436468,0.30489410683423923,
603656.SH,20260328,监管审批,,,,3.0,,80.0,1、合理合法使用。,20260327,1,0.012283894449499622,-0.048089887640449525,-0.05041018993481028,-0.08719101123595518,-0.07928009521521073,-0.08179775280898882,-0.120585586489522,-0.23302430929752782,-0.25464771655350193,
300465.SZ,20260327,监管审批,,,,3.0,,80.0,1、合理合法使用。,20260327,0,0.0006631299734747298,-0.004638833664678543,-0.007065048879727143,-0.06626905235255132,-0.05817681487052273,-0.052352551358515464,-0.09238424561556613,-0.2571239231278992,-0.2780678880353309,
920270.BJ,20260327,监管审批,,,,1.0,,80.0,1、用于投向主业。,20260327,0,-0.010230179028133057,-0.003875968992248069,-0.006304043707082152,-0.011627906976744096,-0.0030621186010826307,0.0,-0.04224323540831432,-0.16888945495296181,-0.19232102130916107,
002882.SZ,20260327,监管审批,,,,3.0,,80.0,1、合理合法使用。,20260327,0,-0.005712245626561807,0.0035906642728904536,0.0011443894716498537,-0.06965888689407551,-0.061596027624479355,-0.016157989228007374,-0.05771865889363803,-0.3305064164537772,-0.3493815028323589,
920445.BJ,20260327,监管审批,,,,1.0,,80.0,1、用于投向主业。,20260327,0,0.0031055900621117516,0.014447884416924683,0.011975144897552026,-0.024767801857585203,-0.016315891200267107,0.012383900928792713,-0.03038247052172982,-0.33642930856553144,-0.35513741037104485,
920247.BJ,20260327,监管审批,,,,1.0,,80.0,1、用于公司主营业务相关项目建设及补充流动资金。,20260327,0,-0.0056122448979593065,0.0061570035915854415,0.0037044732805733283,-0.018471010774756325,-0.009964528584872734,0.1426372498717292,0.09436855553908896,-0.06026739355479571,-0.08676135041315636,
002972.SZ,20260327,监管审批,,,,3.0,,80.0,1、合理合法使用。,20260327,0,0.0711775043936731,0.037735849056603765,0.035206344599992834,0.03363412633305973,0.04259218094278494,0.10746513535684987,0.060682224937469664,0.4395254499432595,0.39894079330185694,
300824.SZ,20260327,监管审批,,,,3.0,,80.0,1、合理合法使用。,20260327,0,0.001978239366963619,-0.000987166831194597,-0.0034222830662260506,-0.028627838104639647,-0.020209380692155166,-0.007897334649555887,-0.049806961091170776,-0.28336421746408846,-0.3035683876455252,
000837.SZ,20260327,监管审批,,,,3.0,,80.0,1、合理合法使用。,20260327,0,0.0,0.0009460737937558861,-0.0014937547587511313,-0.04351939451277209,-0.03522999570248475,0.030274361400189242,-0.013247760983589707,0.017029328287606393,-0.01164386125858452,
688023.SH,20260326,监管审批,,,,3.0,,80.0,1、合理合法使用。,20260326,0,-0.04439918533604892,0.018968456947996648,0.012553163035396997,0.024722932651321416,0.016826499241715087,0.09036658141517484,0.03937014754898516,-0.240835464620631,-0.283433689363518,
688108.SH,20260326,监管审批,,,,3.0,,80.0,1、公司主营业务相关项目及补充流动资金。,20260326,0,-0.025197628458497934,0.028890015205271125,0.0224122564422069,0.1292448048656869,0.12054293422276663,0.07399898631525614,0.02376806470456705,-0.020273694880892146,-0.07524807709584436,
002153.SZ,20250425,监管审批,,,,2.16,,80.0,1、购买思迅软件13.50%股份。,20250425,0,-0.04809843400447422,-0.099882491186839,-0.09806351413345327,-0.03525264394829597,-0.048992247822933876,-0.0834312573443009,-0.09574533505455962,0.2658538234432397,0.1567887461124362,
300748.SZ,20260326,监管审批,,,,3.0,,80.0,1、合理合法使用。,20260326,0,-0.010703859876743382,0.022295081967213193,0.0158588440527756,0.004262295081967071,-0.0034764702820276883,0.04655737704918028,-0.002390100776664572,0.06796810164498002,0.008042297564349044,
600506.SH,20260326,监管审批,,,,3.0,,80.0,1、合理合法使用。,20260326,0,-0.030612244897959218,0.010526315789473717,0.004164172508195785,0.051196172248803684,0.04309573816061674,-0.015311004784689053,-0.061364899024631825,-0.06812517352159586,-0.12041451455453667,
688031.SH,20260325,监管审批,,,,3.0,,80.0,1、合理合法使用。,20260325,0,-0.009424227832427579,-0.026388888888889017,-0.015685655223568018,0.013333333333333197,0.009043796079073907,-0.03673611111111108,-0.07472131235539037,-0.1588194444444445,-0.19544262150060954,
688721.SH,20260324,监管审批,,,,14.6,,80.0,1、40nm-28nm半导体掩模版生产线建设项目。,20260324,0,0.03298969072164937,0.01571856287425155,0.0026578766281684096,-0.03717564870259471,-0.03979327898410345,0.1369760479041917,0.07468209417152005,0.3021457085828345,0.23080416750017352,
603186.SH,20260324,监管审批,,,,12.0,,80.0,1、年产1200万张高等级覆铜板项目;2、补充流动资金。,20260324,0,0.06545768566493959,0.02074890581941946,0.007623536566331746,-0.02901604798184476,-0.03165586176744006,0.19889771437834325,0.13321112503694343,2.758859421881164,2.5529202384990426,
300620.SZ,20260324,监管审批,,,,3.0,,80.0,1、合理合法使用。,20260324,0,0.07039485438627824,0.026651087742725288,0.01344982488181623,-0.009458632393033906,-0.012151616918654962,0.5274022144327601,0.44371714204056456,1.1410809629641627,1.0237761064693762,
300329.SZ,20260323,监管审批,,,,2.0,,80.0,1、补充流动资金及偿还银行借款。,20260323,0,-0.009677419354838679,0.02540716612377847,0.007442883365829989,-0.022149837133550454,-0.04956751829165318,-0.05928338762214991,-0.12187238503033582,-0.24429967426710097,-0.30779910346981054,
688766.SH,20260321,监管审批,,,,3.0,,80.0,1、合理合法使用。,20260320,1,-0.04433447098976118,-0.024641977072247356,0.012131331271783008,-0.14228063283454173,-0.1327848077362107,-0.03074890182493506,-0.06044628668921004,1.1076799463746472,1.0389289207941506,
688766.SH,20251209,监管审批,,,,0.77,,80.0,募集配套资金1、支付交易现金对价、中介机构费用及相关税费;2、偿还标的公司并购贷款。,20251209,0,0.0958309904409993,-0.04552118457704135,-0.043312556752148956,-0.11618531007183686,-0.0966110985297195,0.38542735669256745,0.3265702423486736,0.7885940477935789,0.7073947001117045,
688233.SH,20260321,监管审批,,,,3.0,,80.0,1、合理合法使用。,20260320,1,-0.009391534391534284,-0.06262518360261726,-0.027283932136986766,-0.053945787154493496,-0.04347200553940822,0.02149819735612235,-0.009800013357453508,0.6642891936250921,0.6100012600509856,
688123.SH,20260321,监管审批,,,,3.0,,80.0,1、合理合法使用。,20260320,1,-0.04138461538461535,-0.10126785427700202,-0.06738352305044482,-0.1389825068207351,-0.1294501681155319,-0.038436848017974756,-0.067898677929214,0.12113476463316841,0.08456414345557439,
603048.SH,20260321,监管审批,,,,3.0,,80.0,1、合理合法使用。,20260320,1,-0.028089887640449396,-0.09874759152215795,-0.06476824041857787,0.0019267822736031004,0.013019130015785363,0.11175337186897871,0.07768978626075773,-0.04617159201396481,-0.07728479845199576,
600641.SH,20260321,董事会预案,,,,35.1,,80.0,1、半导体光学部件研发及产业化项目;2、半导体精密零部件和子系统研发及产业化项目;3、高端量测装备与生命科学仪器研发及产,20260320,1,0.03360433604336044,-0.026219192448872608,0.010494651138621025,-0.018877818563188264,-0.008015798896072956,0.30309386470896715,0.26316769894304715,0.7540639748295754,0.6968476515397111,
688525.SH,20260320,监管审批,,,,3.0,,80.0,1、合理合法使用。,20260320,0,-0.01768237519532856,-0.05810448760884124,-0.022592795193527748,-0.002009377093101117,0.00903939336455628,0.12483255190890818,0.09036822655008359,0.6176813462826523,0.5649137276455474,
000625.SZ,20251230,监管审批,,,,52.67,,80.0,1、新能源车型及数智平台开发项目;2、全球研发中心建设及核心能力提升项目。,20251230,0,0.0,-0.003361344537815225,-0.004296550186607351,-0.003361344537815225,-0.032131203001169006,-0.043697478991596705,-0.08805568388710816,-0.15714285714285725,-0.13867449268173448,
601016.SH,20251107,监管审批,,,,36.0,,80.0,1、中节能察右前旗(兴和县)50万千瓦工业园区绿色供电项目(察右前旗部分);2、中节能察右前旗(兴和县)50万千瓦工业园,20251107,0,-0.00630914826498441,0.009523809523809712,0.004237911440245767,0.006349206349206549,0.008130552628270227,-0.04444444444444451,-0.021246510389654527,-0.01904761904761898,-0.03597235655110376,
300034.SZ,20260320,监管审批,,,,3.0,,80.0,1、合理合法使用。,20260320,0,-0.03973168214654277,-0.04836109618484674,-0.01248205482819209,-0.027941966684578046,-0.017180296349098456,0.049973132724341784,0.017802463763148202,0.007101620387131691,-0.025749320470606962,
300859.SZ,20260320,监管审批,,,,3.0,,80.0,1、合理合法使用。,20260320,0,-0.016285714285714348,-0.08161487075225093,-0.0469895754837244,-0.01655532965437112,-0.005667597674679947,-0.020040662213186122,-0.050066142360064125,-0.17590887507479847,-0.20279014331851208,
605155.SH,20260320,监管审批,,,,3.0,,80.0,1、合理合法使用。,20260320,0,-0.06336753168376585,-0.06829896907216493,-0.033171632761426206,0.03801546391752586,0.04950735004258555,0.014175257731958713,-0.01689858165331415,-0.11625504284740362,-0.14508217680592594,
002852.SZ,20260319,监管审批,,,,3.0,,80.0,1、合理合法使用。,20260319,0,-0.09741881765195681,-0.07287822878228767,-0.06128066860155823,-0.12269372693726943,-0.09619490912347062,-0.10332103321033193,-0.11325254149989583,-0.30044155033935793,-0.31772991078591006,
603085.SH,20250320,监管审批,,,,8.92,,80.0,1、泰国乘用车整椅智能化生产基地建设项目;2、武汉乘用车座椅智能化生产基地建设项目;3、车辆座椅核心件生产基地建设项目;,20250320,0,-0.03485670023237797,-0.051364365971107606,-0.03892646453842352,-0.11637239165329061,-0.10715324873649612,-0.1717495987158909,-0.13832925815113106,-0.1171749598715891,-0.10487567548817323,
003019.SZ,20260318,监管审批,,,,9.25,,80.0,1、海外智能制造基地;2、补充流动资金。,20260318,0,-0.008437499999999987,-0.004727387330602073,0.009290980432978824,-0.00850929719508342,0.024561991242367576,0.05767412543334394,0.059613828625851406,0.05718664316641919,0.049718114258382684,
603990.SH,20260318,监管审批,,,,3.0,,80.0,1、用于公司主营业务相关项目及补充流动资金。,20260318,0,0.019710906701708275,-0.010309278350515427,0.0036304687415658066,-0.0012886597938143174,0.03202347384926907,-0.021907216494845283,-0.02011346012971149,0.47100515463917536,0.4606131916000018,
300857.SZ,20260317,监管审批,,,,3.0,,80.0,1、合理合法使用。,20260317,0,-0.06827035058832975,0.08624628248782362,0.08275009597509131,-0.10585750614197664,-0.06701024069050887,0.20981854230421093,0.21663721396991686,0.4558609665926463,0.43931226386566147,
300774.SZ,20260317,监管审批,,,,3.0,,80.0,1、合理合法使用。,20260317,0,-0.07034482758620697,-0.015331355093966215,-0.01850060436213985,-0.1483679525222552,-0.111367612595901,-0.1364985163204746,-0.13163172605881557,-0.30913107717358423,-0.31698415153268655,
001210.SZ,20260317,监管审批,,,,3.0,,80.0,1、合理合法使用。,20260317,0,-0.10004257130693894,0.02507095553453187,0.021771667604058687,-0.0061494796594132595,0.03702973981394342,-0.0028382213812678803,0.0027818931468519548,0.5704135189290469,0.55256270275941,
300097.SZ,20260316,董事会预案,,,,2.5,,80.0,1、补充流动资金。,20260316,0,-0.030940594059405968,0.0012771392081736277,0.009900310582953598,-0.04214559386973182,0.02605292584726726,0.2554278416347382,0.27337647083774197,0.21583652618135374,0.21236814043336882,
002334.SZ,20260314,监管审批,,,,5.0,,80.0,1、苏州英威腾三期高端装备智造项目;2、中山研发中心建设项目。,20260313,1,-0.025691699604743046,-0.10040567951318458,-0.09805742801831929,-0.15010141987829595,-0.12037667198327617,-0.1450304259634888,-0.12211785323581381,-0.15689146334081272,-0.13396166013682786,
300136.SZ,20260314,监管审批,,,,60.0,,80.0,1、商业卫星通信器件及组件项目;2、射频器件及组件项目;3、芯片导热散热器件及组件项目。,20260313,1,-0.0435495898583147,0.014189926711367873,0.016837312268658255,-0.023857788866365137,0.010282262445968415,-0.009200062373304063,0.017352666891981006,0.5488162405358865,0.5909389922937418,
001298.SZ,20260313,监管审批,,,,3.0,,80.0,1、合理合法使用。,20260313,0,0.0088611749261569,0.02472348731294738,0.027398369096998776,-0.03415744957709821,-0.00037762338478652957,-0.0335068314899154,-0.007605506241886606,-0.06644175291387655,-0.041052012501610946,
300340.SZ,20250124,监管审批,,,,5.0,,80.0,1、全部用于补充流动资金和偿还债务。,20250124,0,0.0021008403361344463,-0.011530398322851076,-0.010914406677947519,0.06394129979035634,0.0416696821903646,0.23689727463312393,0.21291990795202698,-0.048218029350104774,-0.05807230963839738,
600438.SH,20260311,董事会预案,,,,,,80.0,"募集配套资金1、支付本次交易的现金对价、交易税费、中介机构费用,以及补充上市公司和标的资产流动资金、偿还债务等用途。",20260311,0,0.025330396475770955,0.04994629430719666,0.051047451838980296,-0.014500537056927998,0.002587186936065411,-0.13963480128893668,-0.1033513655587065,-0.29269602577873255,-0.27092985627074273,
605299.SH,20260311,监管审批,,,,3.0,,80.0,1、合理合法使用。,20260311,0,0.015091342335186608,-0.00391236306729259,-0.002867691154384122,0.10015649452269182,0.1192322740988283,0.7026604068857591,0.7744652282990367,0.24857005446739722,0.2869928379362141,
301307.SZ,20251205,监管审批,,,,12.0,,80.0,1、半导体装备精密结构件建设项目;2、通信及汽车零部件可钎焊压铸产业化项目;3、补充流动资金及偿还银行贷款项目。,20251205,0,0.01859612362493457,0.016199537156081245,0.010691295857904848,-0.03291334533299051,-0.02956604096854132,-0.11853947030084844,-0.15757805768063704,0.035998971457958495,-0.02180474158434953,
603031.SH,20260310,监管审批,,,,3.0,,80.0,1、用于公司主营业务相关项目及补充流动资金。,20260310,0,0.05353440150801125,0.03936303453211676,0.03677430353830635,-0.08355698693862945,-0.0669858018755557,-0.09250313115047404,-0.06339495210335,0.41265677245025056,0.47109923771772677,
688345.SH,20251220,监管审批,,,,6.11,,80.0,1、全极耳大圆柱多场景轻型动力电池智能制造项;2、AI驱动的新能源电池可靠性分析与研发能力提升项目;3、补充流动资金项目,20251219,1,0.007792207792207684,-0.0019329896907215316,-0.008790731897250215,0.05992268041237114,0.04033995846727367,0.16011597938144329,0.09716952313981753,0.4143041237113403,0.3994159072780792,
603260.SH,20260307,监管审批,,,,58.0,,80.0,1、鄯善硅基新材料产业基地8×75MW背压机组项目(一期);2、补充流动资金及偿还银行贷款。,20260306,1,0.015198834062044364,-0.019278096800656175,-0.012672675391673938,0.005537325676784333,0.012595080937348069,-0.19790812141099257,-0.14744843520896955,-0.21103363412633303,-0.19812077779701276,
300889.SZ,20260307,监管审批,,,,3.0,,80.0,1、合理合法使用。,20260306,1,-0.0021913805697588717,0.02598828696925337,0.032898589445422566,-0.0018301610541727742,0.005175882631986983,-0.10322108345534398,-0.04680462552905662,-0.11749633967789164,-0.10305257696663883,
603316.SH,20250430,监管审批,,,,1.0,,80.0,1、嵌入式存储芯片扩产项目;2、补充流动资金。,20250430,0,0.05936920222634523,0.09982486865148865,0.08752618956169833,0.15236427320490376,0.12150917989984356,0.18388791593695264,0.15467993459138185,0.5008756567425567,0.3633828295228112,
001309.SZ,20251126,监管审批,,,,32.0,,80.0,1、固态硬盘(SSD)扩产项目;2、内存产品(DRAM)扩产项目;3、德明利智能存储管理及研发总部基地项目;4、补充流动,20251126,0,-0.016782773907536352,-0.014584771106510241,-0.01740096288453552,-0.05682079595123091,-0.060180829649990164,0.016793190706233974,-0.0030121223266249553,0.13434552564987334,0.047991637055883496,
300956.SZ,20260305,监管审批,,,,3.0,,80.0,1、合理合法使用。,20260305,0,0.009380863039399667,0.012391573729863659,0.008555516763902205,0.004337050805452325,-0.0006578998989744678,-0.11028500619578696,-0.06731623844337886,0.06687996038998945,0.07330453088575428,
688488.SH,20260303,监管审批,,,,12.77,,80.0,1、新型HIV整合酶抑制剂(INSTI)全球临床开发项目;2、向少数股东收购南大药业22.2324%股权;3、补充流动资,20260303,0,-0.014863258026159287,0.025950512975256412,0.03605351976051252,0.06638503319251687,0.06626554413216157,-0.10380205190102598,-0.050651026192514825,-0.09595654797827391,-0.08148914356091763,
603682.SH,20260228,监管审批,,,,3.0,,80.0,1、用于公司主营业务相关项目建设及补充流动资金。,20260227,1,0.01570048309178751,-0.021403091557669507,-0.02601448157127395,-0.1284185493460167,-0.1202425742652673,-0.20927467300832348,-0.1589350696349341,0.12246352250880665,0.14005802425205593,
300560.SZ,20260228,监管审批,,,,6.43,,80.0,1、基于人工智能的公共安全平台产业化项目;2、通信服务网点升级改造项目;3、研发中心升级建设项目;4、补充流动资金。,20260227,1,0.021415823914336718,-0.05066977285963892,-0.05514325105201967,-0.06872451951077463,-0.05998857737240115,-0.1263832265579501,-0.07076654099821733,0.06930693069306915,0.08606820825699124,
002270.SZ,20260227,监管审批,,,,3.0,,80.0,1、合理合法使用。,20260227,0,-0.051651143099068486,0.06339285714285703,0.05838188770318009,0.09791666666666665,0.10821580658143959,-0.18333333333333335,-0.13134223770892228,-0.3083011121130964,-0.2974588022788057,
300442.SZ,20260214,董事会预案,,,,25.0,,80.0,募集配套资金用于1、润泽(佛山)国际信息港二期B-1智算中心及附属工程建设。,20260205,9,-0.06911657337551724,0.13464052287581696,0.12320645532346197,0.29019607843137263,0.2572904852714477,0.11516339869281045,0.191968505657103,0.22026143790849662,0.20928893404965576,
600369.SH,20260214,监管审批,,,,60.0,,80.0,1、财富管理业务;2、投资银行业务;3、资产管理业务;4、证券投资业务;5、增加子公司投入;6、信息技术与合规风控建设;,20260213,1,-0.013129102844639085,0.0,-0.008582169237551285,0.0022172949002217113,-0.021868536375787007,-0.10864745011086474,-0.04581802183033101,-0.11086474501108645,-0.11752899047565923,
300283.SZ,20260212,监管审批,,,,4.5,,80.0,1、锂电铜箔及电子铜箔扩产项目;2、半导体蚀刻引线框架项目。,20260212,0,0.0121212121212122,-0.028742514970059974,-0.01638306690160163,0.03592814371257491,0.028745446063920266,-0.07425149700598799,-0.03285068968108551,1.1041916167664674,1.133474538291272,
300786.SZ,20260212,监管审批,,,,2.24,,80.0,1、补充流动资金。,20260212,0,-0.007803121248499356,0.009074410163339097,0.021915086257835004,0.03932244404113727,0.03211621171670731,-0.1113127646702965,-0.07156939065133427,0.16636418632788863,0.18259585965337588,
301076.SZ,20260211,监管审批,,,,10.0,,80.0,1、年产8100吨高性能树脂、复合材料及其配套工程建设项目;2、年产5000吨单体及其配套工程建设项目;3、高性能复合材,20260211,0,-0.02237442922374422,0.008874357776739838,0.008378269009418071,0.04437178888369919,0.04068301761654447,-0.11630079402148519,-0.08863491845217308,-0.031159249297039726,-0.03818885268219829,
300571.SZ,20260211,监管审批,,,,10.0,,80.0,1、国产智能算力中心建设项目;2、补充流动资金。,20260211,0,-0.005583126550868456,0.010917030567685337,0.01041993736703728,-0.04366812227074246,-0.04704593234755661,0.09170305676855883,0.1258808864224319,0.9903306300686212,0.9758894178006983,
920106.BJ,20260211,监管审批,,,,3.8,,80.0,"1、乘用车ELSD、TVD、分动箱用湿式摩擦片、对偶片及总成项目;2、年产2,800万片商用车、工程机械、高端农机、飞行",20260211,0,-0.004523081016363006,0.047708138447147164,0.04719295413811109,0.04369905118268069,0.04001265605736393,-0.13590805826540153,-0.10885602519946269,-0.35106910134609026,-0.3557775395890127,
300161.SZ,20230314,监管审批,,,,7.0,,80.0,1、五轴数控系统及伺服电机关键技术研究与产业化项目(一期)；2、工业机器人技术升级和产业化基地建设项目(一期)；3、补充,20230314,0,0.04067674586033121,0.014181943964026278,0.008587077527538733,0.0532687651331718,0.04992414839753012,0.6274645451400898,0.587418825037094,0.6599446334978283,0.6684163396991083,
301487.SZ,20250910,监管审批,,,,8.66,,80.0,1、年产3万吨锂离子电池正极材料(一期)项目;2、补充流动资金。,20250910,0,-0.03470633104500387,-0.007111813512445719,-0.023275562524786353,0.16673251679178214,0.1474332495480435,-0.005136309758988489,-0.031557802291639625,-0.13630975898854214,-0.1499333163340416,
000563.SZ,20250303,监管审批,,,,38.0,,80.0,1、用于补充公司资本金。,20250303,0,-0.017341040462427793,0.0117647058823529,0.00954754709930783,0.002941176470588447,-0.011729092546302944,0.014705882352941346,0.008980723184304207,-0.002941176470588114,-0.012044157015041801,
603980.SH,20260207,董事会预案,,,,3.0,,80.0,1、补充流动资金和偿还银行贷款。,20260130,8,0.017080745341614856,0.10076335877862586,0.09939054477771392,0.1877862595419848,0.19822503323284701,0.10687022900763354,0.11585621039258287,-0.04580152671755722,-0.04982604226409748,
002074.SZ,20260206,监管审批,,,,50.0,,80.0,1、年产20GWh动力电池项目;2、国轩高科20GWh新能源电池基地项目;3、新型锂离子电池(20GWh)智造基地项目;,20260206,0,-0.01184706515885825,0.01253405994550394,-0.0015881376412827386,0.005722070844686344,0.0016595384020805515,0.05831062670299736,0.05333555457603234,-0.015531335149863823,-0.03214931545869004,
600353.SH,20260204,监管审批,,,,10.0,,80.0,1、高压(72.5kV及以上)真空灭弧室扩能项目;2、等离子体加热大功率发射管、回旋管及瞬态能量管理开关研发及产业化项目,20260204,0,-0.015258855585831177,-0.02047592695074718,-0.014159045127003944,0.050359712230215736,0.04278880785632477,-0.0935251798561153,-0.09943075278781288,0.08356391809629216,0.04771305518031199,
688230.SH,20260203,监管审批,,,,0.5,,80.0,募集配套资金用于:1.支付本次交易的部分现金对价、中介机构费用。,20260203,0,0.07458040064970217,-0.07507242725784102,-0.08284308222796266,-0.09925683335432678,-0.11248643754349119,-0.17684846958055178,-0.18993132422290981,-0.07002559726429614,-0.10240789944435102,
688135.SH,20260131,监管审批,,,,9.7,,80.0,1、东城利扬芯片集成电路测试项目;2、晶圆激光隐切项目(一期);3、异质叠层先进封装工艺研发项目;4、补充流动资金及偿还,20260130,1,0.10796766743648978,-0.10891089108910901,-0.08623257249866612,-0.1477331943720689,-0.1367561057054676,-0.20114643043251712,-0.1969840129338769,0.01563314226159429,0.0005673893933793028,
600962.SH,20250705,监管审批,,,,17.26,,80.0,募集配套资金1、核心技术引领及产业化前沿技术研究—重点实验室建设;2、PSIM数字化业务—先进制造组线技术与数字孪生研究,20250620,15,-0.005185185185185182,0.09977661950856298,0.06392144557979762,0.6113179448994788,0.5423323218569172,0.4132539091586003,0.3338341570843737,0.5502606105733434,0.3606502783012193,True
300421.SZ,20260129,监管审批,,,,5.6,,80.0,1、高精度长寿命陶瓷轴承球工程化产业化项目;2、G5(G3)级高精度钢球智能制造项目;3、新能源汽车滚动体扩产项目;4、,20260129,0,-0.03184281842818437,-0.0017494751574526068,0.007956053013441933,-0.05108467459762067,-0.03197844675394157,-0.09027291812456262,-0.0828193082894988,-0.1060181945416373,-0.11074629158230354,
300547.SZ,20260127,监管审批,,,,10.0,,80.0,1、川环科技(华东)智造总部基地项目(一期);2、补充流动资金。,20260127,0,-0.018371264052645997,0.023184357541899514,0.02039086193606532,-0.008100558659217882,0.009496841965755287,-0.005865921787709394,0.00811903427695615,0.08715083798882683,0.09448586087323507,
300443.SZ,20260124,监管审批,,,,15.5,,80.0,1、高端传动装备科创产业园项目(前三期);2、风电核心部件数字化制造改扩建项目;3、补充流动资金。,20260123,1,0.028864656831302238,-0.057044887780548614,-0.05623281474623376,-0.14463840399002492,-0.14085453358577915,-0.11066084788029917,-0.1205324999258568,-0.06483790523690769,-0.05164798970457396,
601615.SH,20260123,董事会预案,,,,,,80.0,募集配套资金1、支付现金对价、标的公司项目建设、偿还标的公司债务及补充标的公司流动资金等。,20260123,0,0.10010162601626016,0.10023094688221712,0.1011784658806334,0.07159353348729791,0.07633395096180018,0.010623556581986104,-0.0005943506425443168,-0.28775981524249417,-0.2777140831407614,
002530.SZ,20260121,监管审批,,,,5.7,,80.0,1、高端装备智能热处理项目;2、精密合金部件智能制造项目(一期);3、热等静压技术产业化应用与热处理工厂无人化系统的研发,20260121,0,-0.0009363295880151501,0.01312089971883812,0.01173585566123525,-0.004686035613870598,-0.01290938511404216,-0.022492970946579094,-0.029492209183693552,-0.16869728209934398,-0.16115025468907862,
301218.SZ,20260120,监管审批,,,,4.46,,80.0,1、补充流动资金。,20260120,0,0.01327433628318575,0.006046355391333469,0.005242141932892963,0.08431306684581807,0.07743639837387373,0.09439032583137386,0.08552868461637364,0.16996976822304322,0.1758003663350436,
300689.SZ,20260117,监管审批,,,,8.0,,80.0,1、液冷散热系统产业化项目;2、半导体封装材料扩产项目;3、液冷研发中心及集团信息化建设项目;4、补充流动资金。,20260116,1,0.017389482505761666,-0.026771004942339527,-0.02963046237279998,-0.03727347611202647,-0.045245796827182994,0.002883031301482708,0.00775734432308961,0.05786655683690256,0.06222641318269573,
300169.SZ,20260116,监管审批,,,,2.53,,80.0,1、偿还银行借款及/或补充流动资。,20260116,0,0.08575803981623276,-0.04231311706629037,-0.04512691000440261,-0.03526093088857529,-0.043249917453874076,-0.03385049365303239,-0.02915471660563873,-0.1734837799717912,-0.17007740327569287,
688127.SH,20260115,监管审批,,,,10.55,,80.0,1、AR光学产品产业化建设项目;2、玻璃非球面透镜生产能力提升项目;3、微纳光学元器件研发及产业化项目;4、补充流动资金,20260115,0,0.03791929995138554,0.006557377049180024,0.009180199452150761,-0.015222482435597429,-0.01760520595171966,0.15690866510538637,0.15091520999324448,0.6550351288056204,0.6673903800712497,
002161.SZ,20260114,监管审批,,,,6.91,,80.0,1、RFID电子标签生产线建设项目;2、创新产业中心建设项目;3、RFID电子标签芯片工艺升级项目;4、物联网智能终端建,20260114,0,0.02405063291139231,-0.011124845488257096,-0.00788069344534259,0.013597033374536549,0.01585056545561736,0.08776266996291726,0.08621162849038355,-0.10630407911001227,-0.08983325669728082,
300586.SZ,20260110,监管审批,,,,10.0,,80.0,1、美联新能源及高分子材料产业化建设项目(一期)。,20260109,1,0.05135135135135127,0.023993144815766865,0.012964527467291154,-0.041988003427592124,-0.03766417579075709,-0.14053127677806343,-0.12893749188604242,-0.09254498714652959,-0.071405787319344,
003015.SZ,20260109,监管审批,,,,8.0,,80.0,1、年产600万平方米功能性膜项目;2、补充流动资金。,20260109,0,-0.0018785222291797243,0.017565872020075313,0.006606477725110249,0.018193224592220947,0.02278867018150521,0.02885821831869495,0.042736979168605194,-0.0018820577164366803,0.021369138578887004,
301213.SZ,20260107,董事会预案,,,,,,80.0,募集配套资金1、支付本次交易现金对价、支付本次交易的中介机构费用、相关税费、联合项目建设等。,20260107,0,0.20000000000000018,0.013758146270818061,0.014451741197543555,0.11634081583393674,0.10543173932515626,-0.07832488534878113,-0.08201627978308379,-0.17487328023171622,-0.1542674712694655,
603239.SH,20260107,监管审批,,,,10.5,,80.0,1、汽车无边框密封条智能制造项目;2、研发中心升级建设项目;3、补充流动资金。,20260107,0,-0.05493998153277935,-0.016121152906692693,-0.015448000854236477,0.04982901807523188,0.03956990641606972,0.22374206155349285,0.21884086094252697,0.2540302882266734,0.28534706410242205,
001283.SZ,20260106,监管审批,,,,8.0,,80.0,1、储能电池建设项目;2、钢壳叠片锂电池建设项目。,20260106,0,0.016434540389972163,-0.023568100849547746,-0.024071184878704632,-0.0471362016990956,-0.05981983747328601,-0.06837489723211843,-0.06472664453876764,-0.11345574129898595,-0.08719227485549652,
300227.SZ,20260106,监管审批,,,,12.11,,80.0,1、补充流动资金和偿还银行贷款。,20260106,0,-0.011066398390341958,-0.006103763987792665,-0.006615846113962376,0.016276703967446515,0.002748974629945611,0.2970498474059,0.30212910684743943,0.3092573753814851,0.34804352373983694,
000509.SZ,20260105,监管审批,,,,6.0,,80.0,1、补充流动资金及偿还有息负债。,20260105,0,-0.014409221902017322,0.023391812865496853,0.008292671480750302,0.023391812865496853,-0.011465065786267492,-0.020467836257309857,-0.01859687509413588,0.09649122807017552,0.10429133395479062,
301099.SZ,20250926,监管审批,,,,2.52,,80.0,募集配套资金1、补充上市公司及标的公司流动资金、偿还债务;2、支付现金对价;3、车规级高端驱动及电源管理芯片产业化项目。,20250926,0,-0.022194821208384563,0.08045397225725082,0.07082417832889654,0.037074401008827085,0.02070407286266529,0.22622950819672116,0.18046324710567152,0.09634300126103401,0.0584164660634201,
300688.SZ,20241216,监管审批,,,,1.47,,80.0,募集配套资金1、支付本次交易现金对价、中介机构费用及相关税费。,20241216,0,0.06964856230031935,-0.01344086021505364,-0.006148771837766631,0.06033452807646378,0.0714319396332217,-0.15860215053763427,-0.12085635980693488,-0.04928315412186368,-0.060408949491257635,
301248.SZ,20260630,监管审批,,,,19.65,,80.0,1、智算云服务中心建设项目;2、AI+安全装备研发及产业化建设项目;3、补充流动资金。,20260630,0,0.13741699417265218,0.0077445490289524965,0.0033219067641836464,-0.10639818896699638,-0.083071428642702,-0.2535446205170977,-0.21197878242272783,,,
600156.SH,20250624,监管审批,,,,2.0,,80.0,募集配套资金拟用于1、支付本次交易的现金对价、中介机构费用以及交易税费等。,20250624,0,-0.08269720101781175,-0.08044382801664351,-0.08986498711204804,-0.01664355062413314,-0.027217651406285293,-0.06796116504854366,-0.1099318872207069,0.24826629680998602,0.10562568687708596,
688689.SH,20260629,董事会预案,,,,,,80.0,募集配套资金1、用于支付本次交易的相关税费、中介机构费用、标的公司项目建设以及补充上市公司流动资金、偿还债务等。,20260629,0,0.1999614981515061,0.1581961345740872,0.15239850241564312,0.4450608446671438,0.45674061768814167,-0.3290980672870437,-0.2915979871126385,,,
301079.SZ,20250705,监管审批,,,,4.23,,80.0,募集配套资金1、支付本次交易现金对价;2、补充流动资金;3、支付本次交易中介机构费用;4、新承航锐航空航天特种合金材料零,20250620,15,0.10189982728842839,0.03542319749216305,0.0016660888417270314,0.03103448275862064,-0.013107367952230775,0.07492163009404385,0.01451492694746026,-0.1783699059561128,-0.2788623999754385,True
000790.SZ,20260124,监管审批,,,,3.5,,80.0,1、补充流动资金及偿还借款。,20260123,1,0.004962779156327368,0.024691358024691468,0.0255738223218398,-0.00987654320987641,-0.005496525610098613,-0.007407407407407418,-0.018425171185958766,-0.012345679012345623,0.0015846087334079328,
603306.SH,20250605,监管审批,,,,9.51,,80.0,募集配套资金拟用于1、本次交易的现金对价;2、马来西亚新生产基地建设项目;3、深圳工厂扩产项目;4、研发中心建设项目;5,20250605,0,-0.03601440576230497,0.029389788293898045,0.029006841043512255,0.013449564134495606,0.007921792261579075,0.0484644820926412,0.025123576290781546,0.3551921299126499,0.1931800281812044,
603776.SH,20250317,监管审批,,,,8.4,,80.0,1、补充流动资金。,20250317,0,0.10013089005235587,0.09994051160023787,0.09877609635701101,0.3176680547293278,0.33960301634490997,-0.03033908387864348,0.016684894292622987,0.056513979773944234,0.06817403702087788,
601636.SH,20260627,监管审批,,,,14.27,,80.0,1、超薄柔性玻璃(UTG)制造平台及玻璃基板项目;2、高透在线CVD-FTO导电玻璃技改项目;3、高性能新能源汽车玻璃基,20260626,1,0.06946107784431121,0.09966405375139997,0.08707540378264933,-0.057110862262037876,-0.06092994685721853,-0.3706606942889137,-0.3355048253798749,,,
002669.SZ,20250619,监管审批,,,,5.75,,80.0,1、大连齐化新材料有限公司8万吨/年电子级环氧树脂扩建项目;2、康达北方研发中心与军工电子暨复合材料产业项目;3、补充流,20250619,0,-0.04614093959731547,-0.051890941072999186,-0.05126652409692489,-0.020228671943711474,-0.04476098874268164,0.11521547933157428,0.06615329871431408,0.22163588390501343,0.05985654272954144,
300857.SZ,20260627,监管审批,,,,80.0,,80.0,1、协创数据智算中心建设项目;2、数据存储拓展升级扩产项目;3、补充流动资金及偿还银行贷款。,20260626,1,-0.027808643780337983,-0.013956146419225934,-0.025244103758761405,-0.09642975306042656,-0.10008958015211333,-0.307005143321202,-0.26829337668760433,,,
001314.SZ,20251020,监管审批,,,,4.14,,80.0,募集配套资金1、支付交易的现金对价;2、补充上市公司流动资金、支付本次交易的中介机构费用和相关税费。,20251020,0,0.09992147624656478,-0.06621452793146532,-0.07871789438262711,-0.11297519186150273,-0.14250283130457286,-0.1722291629484204,-0.19476596434165072,-0.16330537212207752,-0.21647475604349942,
300890.SZ,20260422,监管审批,,,,6.0,,80.0,1、年产9.3万吨新能源电池负极材料项目。,20260422,0,0.19993968636911963,0.07162603669263623,0.0750315729156239,0.06685096757979392,0.06652466686845115,-0.09550138225684834,-0.10558858063257037,-0.39599408753664245,-0.3581861903077084,
001267.SZ,20250726,监管审批,,,,8.45,,80.0,募集配套资金1、支付本次交易的现金对价;2、新建年产300万只光通信器件生产基地建设项目;3、支付本次交易中介机构费用、,20250721,5,0.07883817427385886,-0.10000000000000009,-0.10954189330001873,0.020000000000000018,0.01995398477024346,0.006153846153846176,-0.06379429019353455,0.6592307692307691,0.4777575948519983,
300710.SZ,20251218,监管审批,,,,6.34,,80.0,募集配套资金1、支付本次交易现金对价;2、补充流动资金和偿还债务;3、中介机构费用及相关税费;4、基于开源鸿蒙的边缘智能,20251218,0,0.20015546055188493,0.11819948186528495,0.11415344497461422,0.012629533678756522,-0.008660891371376711,0.06962435233160624,0.007841561661567464,-0.08387305699481862,-0.08503181151297434,
601611.SH,20260523,监管审批,,,,40.0,,80.0,1、江苏徐圩核能供热发电厂一期工程1、2号机组核岛及其配套BOP土建工程;2、浙江金七门核电厂1、2号机组核岛及其配套土,20260522,1,0.0008084074373484462,-0.02584814216478193,-0.035154100421188605,-0.028271405492730328,-0.017683600935397337,-0.09854604200323103,-0.10941540190977372,-0.13023944886649674,-0.08363383990485873,
301323.SZ,20250428,监管审批,,,,4.8,,80.0,募集配套资金拟用于1、金属精密元器件产业基地建设项目;2、高性能合金材料与软磁元器件生产基地建设项目;3、支付本次现金对,20250428,0,0.10338028169014102,-0.01225427623181008,-0.011725369545516284,0.05795251467960161,0.03788513135200433,0.056931324993617416,0.033353597077606656,0.19711193846853314,0.09543074317823974,
300920.SZ,20260331,监管审批,,,,2.36,,80.0,"1、年产8,000吨超临界微孔发泡材料技改项目;2、补充流动资金。",20260331,0,-0.06984199679413794,-0.002954209748892045,-0.01726936114897104,-0.016248153618906858,-0.04164521936931265,-0.036435253569670034,-0.08702460645671328,0.10774014693771017,0.05294379405375471,
300620.SZ,20250812,监管审批,,,,6.56,,80.0,1.购买安捷讯99.97%股份。,20250812,0,0.1999273651715998,0.20006053268765123,0.19434374609771998,0.5072639225181597,0.48244665836807266,0.3211259079903146,0.27206908963366594,0.5343523002421309,0.40615323912529,
000949.SZ,20260624,监管审批,,,,13.0,,80.0,1、高品质生物质纤维素长丝及配套工程;2、菌草材料高值化利用研发中心项目;3、补充流动资金。,20260624,0,0.08221225710014934,-0.023480662983425438,-0.025724418874080945,-0.09530386740331498,-0.09566286880298958,-0.20165745856353579,-0.15132953147159822,,,
002436.SZ,20260624,监管审批,,,,39.0,,80.0,1、珠海兴森半导体有限公司高阶mSAP基板智能制造及产业化项目(一期);2、珠海兴科半导体有限公司集成电路封装基板项目(,20260624,0,0.03567010309278329,0.06569779016524002,0.06324912826608386,-0.05474815847103309,-0.05512325318176192,-0.3030061716105913,-0.2590673198545569,,,
688120.SH,20260423,监管审批,,,,37.95,,80.0,1、上海集成电路装备研发制造基地项目;2、晶圆再生扩产项目;3、高端半导体装备研发项目。,20260423,0,-0.038084307178631205,-0.005152402646707799,-0.0018971964729523894,0.07077774162056616,0.06585391717829525,0.5989803666341251,0.5788751809844783,1.0745649706258704,1.1959243574896377,
300397.SZ,20240927,监管审批,,,,7.0,,80.0,1、用于补充流动资金。,20240927,0,0.05903614457831319,0.15472127417519932,0.06855619280397729,0.2832764505119454,0.23134733532261365,0.5073947667804324,0.4224035011599019,0.31513083048919244,0.1942160215300226,
002386.SZ,20260116,监管审批,,,,4.79,,90.0,1、偿还银行贷款并补充流动资金。,20260116,0,-0.01592920353982319,0.03237410071942448,0.029340868244530638,0.09532374100719432,0.0862533851651539,0.05035971223021596,0.055464776193708154,0.16726618705035978,0.17207691942482706,
600717.SH,20260623,董事会预案,,,,,,80.0,1、购买二集司100%股权、汇盛公司100%股权。,20260623,0,0.038004674586856524,-0.05034324942791757,-0.05139706743850503,-0.10983981693363842,-0.10726253794122409,-0.022883295194508046,0.03827794471336565,,,
001268.SZ,20260424,监管审批,,,,2.0,,80.0,1、顺德精密智造华南总部基地建设项目;2、压缩机核心零部件精密制造产线建设项目;3、补充流动资金。,20260424,0,-0.053036329885971845,-0.014561747409689296,-0.016115695560224852,0.07588910669280313,0.05512911558274847,0.18202184262111443,0.17802966825352295,-0.2748352003306658,-0.23684033129247073,
002392.SZ,20260130,监管审批,,,,10.25,,80.0,1、年产3万吨复合氧化锆及新能源与航空航天用锆基材料项目;2、创新研发中心建设项目;3、越南耐火材料生产基地建设项目;4,20260130,0,-0.06129398410896714,-0.04353083434099159,-0.01918858591281647,-0.02902055622732791,-0.01651446379552557,-0.06892382103990335,-0.06407245912889781,0.17291414752116063,0.15551531132048524,
920675.BJ,20260622,董事会预案,,,,,,80.0,募集配套资金1、用于支付本次交易的现金对价、相关税费和中介机构费用、补充标的公司流动资金等。,20260605,17,0.047738693467336724,0.1618705035971224,0.13965441695898972,-0.07434052757793763,-0.08483011115677097,-0.17386091127098324,-0.12349218529773032,-0.10431654676258995,-0.07148837588756274,True
002471.SZ,20230628,监管审批,,,,9.92,,80.0,1、航空航天发动机及燃气轮机高端零部件制造项目;2、先进高温合金精密成型智能制造技术研发项目;3、补充流动资金。,20230628,0,-0.011194029850746356,0.015094339622641506,0.01732542962151551,0.0641509433962264,0.05306645493138418,0.07169811320754715,0.06050835835762092,0.09056603773584904,0.11891553955009426,
000637.SZ,20250901,监管审批,,,,5.32,,80.0,1、补充流动资金。,20250901,0,0.04796163069544379,0.0,0.004509175343703653,-0.013729977116705094,-0.0011814559480082254,-0.0434782608695653,-0.04025924803131853,0.08695652173913038,0.08077084088988551,
002796.SZ,20260622,监管审批,,,,4.03,,80.0,1、新能源电气精密箱体及系统集成建设项目;2、储能集装箱专用设备箱体产业化建设项目;3、研发中心建设项目;4、补充流动资,20260622,0,-0.03376436781609182,-0.013135068153655616,0.0005265736005064525,-0.06369268897149938,-0.04319299371726071,-0.3620817843866172,-0.30044303599139965,,,
002529.SZ,20251220,监管审批,,,,2.2,,80.0,1、补充流动资金。,20251219,1,0.004484304932735217,0.05059523809523814,0.04337657318412047,0.026785714285714413,0.00781521812439756,0.08630952380952395,0.027367714438191637,0.07142857142857162,0.060149766398753135,
688626.SH,20260619,董事会预案,,,,13.66,,80.0,1、康复医疗创新产品研发项目;2、补充流动资金。,20260618,1,-0.008446641944787614,-0.05713692083939337,-0.07358289826649922,-0.10139206316226901,-0.08728649736011407,-0.0920423852067318,-0.013328638032738982,-0.23187201329731977,-0.19189202961099872,
601107.SH,20260619,监管审批,,,,32.0,,80.0,1、G5京昆高速公路成都至雅安段扩容工程项目;2、偿还有息债务。,20260618,1,-0.020295202952029467,-0.020715630885122405,-0.03779689006807696,-0.05273069679849329,-0.037861287191795046,0.03578154425612046,0.12557675636040755,,,
300769.SZ,20260619,监管审批,,,,29.0,,80.0,1、锂电新材料一体化(一期)项目(即20万吨/年磷酸盐新材料项目);2、补充流动资金项目。,20260618,1,-0.005249343832021025,0.0870712401055409,0.06810989834598469,-0.06596306068601587,-0.05130136121839146,-0.3630900029316916,-0.3078742399213905,,,
300313.SZ,20260327,监管审批,,,,3.49,,80.0,1、用于补充流动资金。,20260327,0,0.02046384720327432,0.1390374331550801,0.13626100381033734,0.08155080213903743,0.0909241296075538,0.1564171122994651,0.1075663119943957,0.014705882352941124,-0.025190381553706565,
600079.SH,20260225,监管审批,,,,35.0,,80.0,1、创新药研发项目-子公司宜昌人福项目;2、创新药研发项目-总部研究院项目;3、两性健康及复杂制剂制造基地建设项目;4、,20260225,0,0.027892561983470898,-0.006532663316582976,-0.006389056541047045,-0.02613065326633157,-0.010683066741161262,-0.07336683417085421,-0.02260423335445816,-0.11758793969849246,-0.11719253971831933,
301613.SZ,20250322,监管审批,,,,7.87,,80.0,募集配套资金拟用于1、支付现金对价;2、补充流动资金。,20250307,15,0.04057279236276856,0.031039755351681908,0.03180996923507795,-0.05581039755351691,-0.04982656970273314,0.006880733944953921,0.03169356796995326,0.16511403669724767,0.16950082761039198,True
002568.SZ,20260618,监管审批,,,,13.05,,80.0,1、麦芽威士忌桶陈扩能项目;2、研发检测中心项目。,20260618,0,-0.10010881392818283,-0.06529625151148699,-0.08159990905035097,-0.04897218863361541,-0.03404378123481633,0.10640870616686837,0.20232681263944063,,,
920344.BJ,20260410,监管审批,,,,0.98,,80.0,1、人干扰素α1b治疗儿童重度RSV肺炎项目;2、人干扰素α1b防治病毒性疾病的真实世界研究项目;补充流动资金。,20260410,0,0.036207717960933916,-0.016091954022988575,-0.016667538643715618,0.027126436781609087,0.010596609361692488,0.0009195402298849409,-0.05955863707745879,-0.10344827586206906,-0.11463426138045774,
300040.SZ,20260425,监管审批,,,,3.0,,80.0,1、宾县九洲三号50MW风电项目;2、宾县九洲四号50MW风电项目;3、补充流动资金。,20260424,1,-0.03125000000000011,0.014025245441795287,0.012426218155601854,0.06030855539971958,0.039849201320304894,-0.005610098176717981,-0.008968562237456346,-0.11224197685826753,-0.05487570117349905,
300099.SZ,20260617,监管审批,,,,10.0,,80.0,1、火箭发动机核心零部件精密制造及产业化项目(一期)。,20260617,0,0.034134007585335135,-0.10757946210268954,-0.10374078176884971,-0.2114914425427873,-0.2138270295507766,-0.27750611246943757,-0.23551145903199977,-0.21638141809290945,-0.18179089552219063,
300005.SZ,20250826,监管审批,,,,10.05,,80.0,1、用于补充流动资金。,20250826,0,0.07236842105263164,-0.053169734151329195,-0.03622001819774212,-0.062372188139059204,-0.05988150899545108,-0.06850715746421265,-0.057161726311495964,0.10940695296523528,0.11061208350345875,
300521.SZ,20251114,监管审批,,,,1.65,,80.0,1、补充流动资金。,20251114,0,-0.017628205128205066,0.03882544861337678,0.04365267544247997,-0.047960848287112556,-0.009331709314648995,-0.09265905383360529,-0.06906272752161802,0.054159869494290414,0.018952630844822682,
002971.SZ,20241018,监管审批,,,,5.92,,80.0,1、补充流动资金和偿还有息负债。,20241018,0,0.06269733874605299,0.011460101867572181,0.00943393816778948,0.08361629881154498,0.07109216903291737,-0.08743633276740237,-0.10638584564596232,-0.22410865874363317,-0.19936258158903752,
603076.SH,20260311,监管审批,,,,3.5,,80.0,1、补充流动资金和偿还贷款。,20260311,0,-0.021949404761904767,0.025104602510459983,0.026179706694398508,0.001521491061239999,0.018887023419012827,0.08672499049068083,0.13255450150295212,-0.10878661087866115,-0.08136091782107246,
301033.SZ,20250606,监管审批,,,,1.34,,80.0,募集配套资金1、补充标的公司流动资金;2、药物球囊扩张导管研发项目;3、支付现金对价;4、支付本次交易中介机构费用和交易,20250606,0,-0.09288218277154969,-0.010064202672219413,-0.014261142726058273,-0.010931806350858886,-0.00848273939061528,0.1157383307305222,0.08779560711797063,0.39423911157383307,0.22345443588582237,
600673.SH,20260307,监管审批,,,,80.0,,80.0,募集配套资金1、秦淮数据零碳数据中心产业基地(A模组);2、环首都·太行山能源信息技术产业基地10-11期;3、秦淮数据,20260213,22,0.03335155822854019,0.05820105820105814,0.05444786401978674,-0.07883597883597881,-0.08184453768629463,-0.1873015873015873,-0.14499710212385108,-0.11825396825396817,-0.11297548397837265,True
002571.SZ,20251016,监管审批,,,,8.18,,80.0,1、补充流动资金或偿还银行贷款。,20251016,0,0.09975961538461542,0.030601092896174853,0.05112658007936122,-0.1453551912568306,-0.14670219463929968,-0.04590163934426228,-0.07272227273338483,0.46666666666666656,0.3789688601689791,
000601.SZ,20250704,监管审批,,,,4.0,,80.0,1、补充流动资金。,20250704,0,0.10099009900990086,0.10071942446043192,0.10046338107433717,0.07374100719424459,0.06216048440742905,-0.04496402877697847,-0.06847341596918677,-0.09892086330935246,-0.18266777695017855,
688726.SH,20260615,监管审批,,,,22.01,,80.0,1、光伏及半导体高端装备研发项目;2、无锡光伏高端装备基地二期建设项目;3、数字化与智能化升级项目;4、补充流动资金。,20260615,0,0.005700325732899136,-0.05570850202429145,-0.05465156909991109,-0.1498869493161049,-0.15191169262048843,-0.29415053156202153,-0.2711367810995723,-0.2835668601782919,-0.2552188369850089,
002730.SZ,20260615,董事会预案,,,,14.0,,80.0,1、数据中心项目;2、补充流动资金。,20260615,0,0.10010725777618878,0.004554463603198666,0.005678848064132103,0.040093715966959875,0.03761648921971572,-0.05152582453044319,-0.020601457550840307,-0.22987418272289672,-0.19940163292522772,
600114.SH,20250425,监管审批,,,,5.15,,80.0,募集配套资金将用于1、支付本次重组现金对价;2、高强轻质MIM零件及模组生产线技术改造及增产项目。,20250425,0,0.04248539564524689,-0.016811003565970317,-0.014824153842301513,0.07182883341823731,0.056564211545780285,0.011824084801873136,-0.0017697460037253698,0.18347742979636572,0.08150984474858958,
300018.SZ,20251101,监管审批,,,,5.0,,80.0,1、全部用于补充公司流动资金。,20251024,8,0.08576642335766427,-0.009243697478991786,-0.015773760326151964,-0.0714285714285714,-0.08240268100400883,-0.08235294117647074,-0.06778910872469501,0.06302521008403361,0.014342509089733335,
603399.SH,20250516,监管审批,,,,5.0,,80.0,1、全部用于补充流动资金。,20250516,0,0.0069284064665129375,0.00917431192660545,0.009138051470554576,0.019495412844036553,0.0253079011440287,-0.006880733944954254,-0.013113472770949874,0.25114678899082543,0.15507476387730534,
000890.SZ,20250507,监管审批,,,,1.5,,80.0,1、用于补充流动资金及偿还借款。,20250507,0,-0.0028571428571427804,0.022922636103151595,0.02007520286928899,0.03151862464183375,0.012947672906722163,0.13467048710601714,0.12077808528601741,0.10601719197707737,0.03465705346298509,
603007.SH,20260613,董事会预案,,,,10.77,,80.0,"1、年产1,000万套压力传感器建设项目;2、年产300万套IMU建设项目;3、研发中心建设项目;4、补充流动资金。",20260612,1,0.001872659176029856,0.10093457943925244,0.08347677809306497,0.15514018691588793,0.1186295020689081,-0.08411214953271018,-0.05656412061744942,,,
002782.SZ,20260327,监管审批,,,,6.5,,80.0,1、AI算力电源核心磁性元件智造项目;2、应用于固态变压器(SST)的高频变压器研发项目;3、补充流动资金。,20260327,0,-0.10015290519877673,-0.03653355989804585,-0.03888203100102294,-0.14655904842820722,-0.13916264920377552,-0.0994052676295667,-0.13744930291657875,-0.07893373044823415,-0.10490142577116812,
300609.SZ,20250510,监管审批,,,,7.39,,80.0,1、用于补充流动资金。,20250506,4,0.03559127439724441,0.12121212121212133,0.10353126688049863,0.08536585365853666,0.06881576292105884,0.1282335550628233,0.1004711384426007,0.7232076866223212,0.5947138781095418,
600520.SH,20260202,监管审批,,,,3.0,,80.0,1、补充流动资金和偿还银行借款。,20260202,0,0.011111111111111072,0.001098901098901095,-0.011696572649907422,0.03882783882783891,0.01178229374749562,0.013553113553113727,-0.012845976302585993,0.1597069597069598,0.10226419683533594,
002805.SZ,20260613,监管审批,,,,14.28,,80.0,1、年产10万吨高性能锂电池磷酸铁锂正极材料改扩建项目;2、年产5万吨高性能锂电池磷酸铁锂正极材料生产线项目;3、补充流,20260612,1,0.04219823356231589,0.03578154425612068,0.01935689126095297,0.392184557438795,0.34818157650087933,0.006591337099811634,0.036867540945215715,,,
600310.SH,20260613,监管审批,,,,14.0,,80.0,1、收购桥巩能源33.7202%股权;2、补充流动资金。,20260612,1,-0.027310924369747913,0.06479481641468676,0.04791009253864531,-0.07991360691144711,-0.10899491211626444,-0.16414686825053992,-0.1390061195981832,,,
300422.SZ,20250121,监管审批,,,,5.91,,80.0,1、用于补充公司流动资金。,20250121,0,0.20090293453724617,0.02443609022556381,0.03368033364362244,-0.21052631578947378,-0.2073153615680966,-0.1898496240601505,-0.22282683653999802,-0.22744360902255645,-0.24025176533470205,
300149.SZ,20241214,监管审批,,,,3.16,,80.0,1、用于补充流动资金;2、偿还银行借款。,20241213,1,-0.027883396704689534,0.044328552803129195,0.04603922141179906,-0.011734028683181075,-0.004747971215632862,-0.2333767926988266,-0.1773191707490993,-0.13168187744458926,-0.1412723013651057,
600117.SH,20250627,监管审批,,,,10.0,,80.0,1、补充流动资金。,20250627,0,0.013698630136986356,0.009009009009008917,0.003091949261203153,0.04954954954954949,0.035013022575960395,0.7117117117117115,0.6310103381217296,0.4909909909909911,0.3364847327423308,
301098.SZ,20250929,监管审批,,,,1.24,,80.0,1、补充流动资金。,20250929,0,0.018202502844141044,-0.003351955307262511,-0.008548708878156175,0.005586592178770999,0.004884882596597251,0.05027932960893855,0.024380472146831922,-0.043575418994413195,-0.06831972735190484,
601003.SH,20260508,监管审批,,,,15.0,,80.0,募集配套资金1、支付本次交易的现金对价;2、补充流动资金、偿还债务。,20260508,0,0.06345733041575485,-0.06584362139917699,-0.07580826841681054,-0.154320987654321,-0.1452079416550348,-0.20353447944309844,-0.17343445576970262,-0.17184486987186898,-0.11247785905099039,
300327.SZ,20260403,监管审批,,,,10.0,,80.0,1、高端工业级(含车规)模拟、数模混合芯片研发及产业化项目;2、高端工业级(含车规)主控SoC(含智能化)研发及产业化项,20260403,0,0.003012048192771122,0.048048048048048075,0.04533568507775776,0.07507507507507505,0.04584043933949333,0.18790218790218782,0.10264920931697619,0.3522093522093521,0.29751879325471786,
600500.SH,20250729,监管审批,,,,21.1,,80.0,1、购买南通星辰100%股权。,20250729,0,0.10103626943005195,-0.014117647058823457,-0.01575511436436572,-0.054117647058823715,-0.056179654176475635,0.07764705882352918,0.0055870298349691705,-0.021176470588235352,-0.12027411216268546,
301116.SZ,20260611,监管审批,,,,9.0,,80.0,1、益客食品科技谷项目;2、肉禽产业链综合研发项目;3、数智化升级建设项目;4、补充流动资金项目。,20260611,0,-0.015182186234817818,0.02466598150051391,0.013356135070900388,-0.06372045220966094,-0.08740315709316793,-0.08016443987667021,-0.08226987121981,-0.05447070914696828,-0.029725540650825888,
920271.BJ,20260331,监管审批,,,,0.95,,80.0,1、用于补充流动资金。,20260331,0,0.0014482259232440065,0.005061460592914013,-0.009368776328450013,0.013015184381778733,-0.013137359411198202,-0.07447577729573396,-0.12306791568742004,-0.28320634863723015,-0.3186638320313585,
603207.SH,20260428,监管审批,,,,2.19,,80.0,1、外用药生产基地新建项目。,20260428,0,-0.052650558961413574,-0.0011419870574801427,-0.00816424432327112,0.014084507042253502,-0.01049519195886095,-0.10925009516558826,-0.10704579752521048,-0.1542240572221013,-0.10591126477603219,
688260.SH,20250830,监管审批,,,,8.75,,80.0,1、DPC智能化产线技改扩建项目;2、片式多层陶瓷电容器智能化产线技改项目;3、高容量系列多层片式陶瓷电容器产业化技改项,20250829,1,-0.012424242424242449,0.06842589751457484,0.06357301310062491,-0.028229518257134156,-0.01665418854245293,-0.14912549861920832,-0.1424970852849179,0.5741024854249768,0.5515492193354319,
000555.SZ,20260428,监管审批,,,,10.0,,80.0,1、金融数智赋能平台及解决方案项目;2、华东业务基地建设项目;3、补充流动资金。,20260428,0,-0.0821643286573146,-0.004366812227074357,-0.011366398050393411,0.07059679767103355,0.04464733600825466,-0.06916678914986596,-0.06686329920378098,-0.19662830080774818,-0.1427478062656381,
603014.SH,20251101,监管审批,,,,85.11,,80.0,1、购买山东威高普瑞医药包装有限公司100%股权。,20251017,15,-0.02475372568830525,0.10017249417249396,0.062334006060386526,0.17741864801864815,0.1309409632612346,0.05153602693602699,0.038328698816439744,0.07624439264439253,-0.0017848213557442039,True
002291.SZ,20260610,监管审批,,,,3.0,,80.0,1、合理合法使用。,20260610,0,-0.025270758122743486,-0.040740740740740966,-0.039246375750016216,-0.031481481481481555,-0.058558569111759495,-0.13333333333333353,-0.14264329699513478,0.033333333333333215,0.061269534530902225,
300051.SZ,20251216,监管审批,,,,4.7,,80.0,1、补充流动资金和偿还有息负债。,20251216,0,0.055223880597014885,-0.05516265912305518,-0.06626201740043325,-0.08345120226308333,-0.10570257997968346,0.16548797736916554,0.08393011341544998,0.5742574257425743,0.5216472946250033,
002513.SZ,20230617,监管审批,,,,3.5,,80.0,1、补充流动资金。,20230612,5,0.04516129032258065,0.10082304526748964,0.09170348716263721,0.1934156378600822,0.20815480092746785,0.465020576131687,0.4792288224423098,0.30452674897119336,0.3426905252243573,
688501.SH,20241010,监管审批,,,,1.5,,80.0,1、补充公司流动资金。,20241010,0,0.025992779783393427,-0.06896551724137923,-0.04460613044568762,0.005629838142153343,0.047684627066015395,0.006333567909922566,-0.04259189599272495,-0.0640394088669951,-0.03766464986784268,
300478.SZ,20260303,监管审批,,,,1.5,,80.0,1、偿还借款及补充流动资金。,20260303,0,-0.023721275018532273,0.031131359149582316,0.04128538411104721,-0.00227790432801811,-0.002389699666471623,-0.1328777524677297,-0.08145112627563333,0.7012148823082764,0.7284394185273471,
603012.SH,20241114,监管审批,,,,1.6,,80.0,1、用于补充流动资金。,20241114,0,-0.03838771593090207,-0.009980039920159833,0.004618113729216056,0.03792415169660668,0.04082968309931423,0.16367265469061865,0.13622023181674625,0.0958083832335328,0.1036483499039409,
300554.SZ,20250805,监管审批,,,,4.26,,80.0,1、用于补充流动资金及偿还银行贷款。,20250805,0,0.07098381070983817,0.015891472868217127,0.011307570659641497,-0.010465116279069875,-0.0235080780822996,-0.0794573643410853,-0.13684870786029213,-0.024418604651162856,-0.11084904554381136,
002510.SZ,20260212,监管审批,,,,7.32,,80.0,募集配套资金1、支付本次交易的现金对价、相关税费、中介机构费用等。,20260212,0,0.026560424966799445,0.09961190168175937,0.11360468567958426,0.04915912031047842,0.041884684537827566,-0.08538163001293664,-0.04447857827784163,-0.03880983182406239,-0.0254334567635236,
000670.SZ,20260120,监管审批,,,,5.12,,80.0,募集配套资金1、支付现金对价;2、支付本次交易相关税费及中介机构费用;3、上海肖可利研发中心建设项目。,20260120,0,0.09961190168175937,0.09999999999999987,0.09912068186565759,0.07294117647058806,0.06613662805548048,0.01764705882352957,0.009406833278823967,-0.11411764705882355,-0.10970281163759876,
002848.SZ,20260127,监管审批,,,,6.5,,80.0,1、补充流动资金及偿还债务。,20260127,0,-0.044776119402985204,0.0501644736842104,0.04729731702664797,-0.07072368421052622,-0.05423728756719137,-0.038651315789473784,-0.025127567427799313,0.2639802631578947,0.27250835680574115,
603037.SH,20251129,监管审批,,,,1.94,,80.0,募集配套资金1、本次发行股份及支付现金购买资产的现金对价;2、本次增资的现金对价;3、中介机构费用及相关税费。,20251121,8,-0.03468634686346861,0.03899082568807333,0.01798930735330151,-0.012232415902140747,-0.029421583376257998,0.02599388379204881,-0.00734277294500385,0.1513761467889907,0.08155049919743518,
300404.SZ,20260609,监管审批,,,,4.47,,80.0,1、药物评价中心扩建升级项目;2、中药创新药研发项目;3、医药研发大数据智能一体化平台项目;4、SMO中心建设项目;5、,20260609,0,-0.018411967779056404,-0.0058616647127783805,-0.0016779806068939473,-0.0058616647127783805,-0.02575005967321864,0.05985951962221092,0.07030923434228398,0.48826342290250646,0.5141835163288828,
920357.BJ,20260415,监管审批,,,,0.8,,80.0,1、补充流动资金;2、偿还银行贷款。,20260415,0,0.014573510501500353,0.02450359104351496,0.017345082698727143,0.11956062526404732,0.09800822941190934,0.08111533586818753,0.053817951307902456,-0.065519341779255,-0.05136635573810655,
300656.SZ,20260226,监管审批,,,,10.0,,80.0,1、特色高压功率半导体器件及功率集成电路晶圆代工项目;2、补充流动资金及偿还银行借款项目。,20260226,0,-0.009134088417976027,-0.0036873156342183133,-0.007576563897955357,-0.13716814159292035,-0.12917437682248034,-0.23709439528023601,-0.1865723358998902,0.23820058997050153,0.25420224066991404,
300137.SZ,20260608,董事会预案,,,,8.0,,80.0,1、用于补充流动资金。,20260608,0,-0.010154997327632476,-0.021598272138228847,-0.033966761224939246,-0.05183585313174943,-0.08357669179059235,-0.08801295896328276,-0.0950747278771189,-0.36598802473898573,-0.3692617057251142,
688090.SH,20260606,监管审批,,,,7.84,,80.0,1、高精高速六轴机器人产业化项目;2、总部及研发中心升级项目;3、补充流动资金及偿还银行贷款项目。,20260605,1,0.012426362297496274,-0.04718610782798427,-0.030726045813993297,-0.0670970088189834,-0.06797094741578014,0.1100156147747342,0.10630699130614274,-0.17960507278629856,-0.17107693739028285,
001298.SZ,20260401,监管审批,,,,1.56,,80.0,1、智能仓储物流中心项目;2、补充流动资金项目。,20260401,0,0.012765957446808418,-0.04026610644257689,-0.033099382293654056,0.024509803921568762,0.019958578123177917,0.17830720976013104,0.13142684125673476,0.04908008053773316,0.007271113144151631,
603616.SH,20260204,监管审批,,,,1.75,,80.0,募集配套资金1、支付本次交易现金对价、中介机构费用及相关税费。,20260204,0,0.09951845906902057,0.10072992700729944,0.10782845685467457,0.13868613138686148,0.13047857762006565,0.007299270072992803,0.0007368381429833093,-0.06569343065693412,-0.09660595568625263,
600844.SH,20240722,监管审批,,,,4.92,,80.0,1、补充公司流动资金。,20240722,0,0.10222222222222221,0.056451612903225756,0.07415245996097619,0.08870967741935498,0.11595530397371245,-0.06854838709677424,-0.04584154977394428,0.03629032258064524,-0.06994512760690741,
002213.SZ,20260606,监管审批,,,,3.0,,80.0,1、合理合法使用。,20260605,1,-0.02150816273646039,-0.05852754237288127,-0.04226340604539669,0.011387711864406791,0.010440249195640794,-0.06806144067796616,-0.0711750988701425,-0.19094279661016944,-0.18253251865164544,
300618.SZ,20260606,监管审批,,,,23.53,,80.0,1、年产4万吨电积镍及4万吨(镍金属量)电池级硫酸镍项目;2、补充流动资金项目。,20260605,1,-0.025101214574898667,-0.053156146179401786,-0.03679921784376883,0.027131782945736482,0.02616957131430353,0.045127353266888104,0.04163552506339108,-0.05121816168327786,-0.03981136048366174,
603703.SH,20260606,监管审批,,,,10.76,,80.0,1、卫星互联网通信终端智能制造项目;2、新型智慧显示器件智能制造项目;3、补充流动资金。,20260605,1,0.032513877874702724,-0.060675883256528396,-0.04444885997332515,-0.14208909370199685,-0.14289278010960238,-0.2127496159754224,-0.21537986298365364,-0.21351766513056825,-0.19611662145662623,
600581.SH,20260501,监管审批,,,,15.0,,,1、用于补充流动资金和偿还债务。,20260430,1,0.010752688172043001,-0.024822695035460862,-0.03607764652738754,-0.05319148936170204,-0.07618045035626597,-0.06028368794326244,-0.05173820157371889,-0.1808510638297871,-0.1363675235292342,
688531.SH,20260429,监管审批,,,,3.06,,80.0,募集配套资金拟用于1、上海研发中心建设项目(针对CPO、算力及存储芯片、异质集成封装产品等测试设备);2、支付现金对价、,20260429,0,0.20000000000000018,0.19999999999999996,0.19864453694680528,0.33442786069651764,0.2973147453625826,0.6746268656716419,0.6951687307154069,0.19015292972584574,0.281974033050171,
002975.SZ,20260605,监管审批,,,,15.03,,80.0,1、服务器检测设备及散热模组零部件产能建设项目;2、先进研发中心及平台建设项目;3、补充流动资金。,20260605,0,-0.07855153203342613,-0.0999848851269649,-0.08443693318582668,-0.08275392986698915,-0.08361320114281012,-0.08978234582829503,-0.09282343327684639,-0.18455259975816185,-0.1760758946897748,
603538.SH,20260605,监管审批,,,,21.09,,80.0,1、高端口服固体制剂和复杂注射剂全球化产业基地项目;2、高活性制剂及难溶性药物高端研发项目;3、补充流动资金。,20260605,0,-0.060634770251065895,-0.020675743822490933,-0.0037577096492683593,-0.0317700453857791,-0.03267707809540832,0.04841149773071107,0.04490869701919653,-0.06255670040224881,-0.05281182860957512,
300022.SZ,20250418,监管审批,,,,6.12,,80.0,1、补充流动资金。,20250418,0,0.03101736972704705,-0.03730445246690739,-0.04160506614842152,-0.09747292418772568,-0.10249345804410726,0.05054151624548742,0.016167242165213036,0.08904933814681115,0.014699499137940109,
301529.SZ,20260212,监管审批,,,,9.4,,80.0,1、芜湖汽车内饰件智造基地建设项目;2、泰国生产基地建设项目;3、核心生产设备数字化迭代改造项目;4、补充流动资金项目。,20260212,0,0.02147308356483224,-0.040720323410510906,-0.028513295378629233,-0.06578463800073509,-0.07226210125404631,-0.25255420801176043,-0.21912735490874824,0.27820654171260584,0.2959946659286792,
920879.BJ,20260326,监管审批,,,,0.98,,80.0,1、智能感知技术研发中心建设项目;2、总部运营管理中心升级项目。,20260326,0,-0.014773306164034605,0.01551189245087925,0.009118360622302646,0.028955532574974185,0.02102648308702948,0.11633919338159249,0.06412802071924606,-0.12240513164160005,-0.17164871678464677,
603681.SH,20260604,董事会预案,,,,9.45,,80.0,1、年产2000吨电子级玻璃纤维布建设项目;2、年产16500吨线束胶带建设项目;3、智能制造数智化技术升级项目;4、补,20260604,0,0.018766756032171594,-0.10000000000000009,-0.09328644959419141,-0.12030075187969935,-0.10468677662343051,-0.18721804511278206,-0.18437629339739825,-0.30730047538109795,-0.288791565620493,
688622.SH,20241105,监管审批,,,,1.5,,80.0,募集配套资金用于1、本次交易的现金对价;2、中介机构费用、交易税费。,20241105,0,0.20013431833445283,0.20005595970900925,0.20118398470968635,0.23503077783995496,0.22240491395314566,0.5528819250139896,0.5566416865237775,0.8880805819809736,0.9552339192867143,
300766.SZ,20241226,监管审批,,,,7.66,,80.0,1、可控智算能力平台建设与行业垂直模型产业化项目;2、公共与产业数据价值开发平台(发数站)项目;3、补充流动资金。,20241226,0,0.013802622498274575,0.05582028590878152,0.05517890187230767,0.001361470388019148,0.059560067162286234,0.36691626957113677,0.4280416752127896,1.8196051735874748,1.8722910872673761,
600323.SH,20260424,监管审批,,,,12.0,,80.0,募集配套资金1、支付本次交易现金对价、中介机构费用及相关税;2、补充上市公司和标的资产流动资金、偿还债务等用途。,20260424,0,0.027220142905750366,0.0208678370321298,0.019258019589862396,0.05862868499503149,0.03820174512489771,0.016230539913878683,0.012798311027133469,0.05346474654522715,0.12153886978505724,
601555.SH,20260314,监管审批,,,,107.86,,80.0,1、购买东海证券83.68%的股权。,20260227,15,0.0,-0.07104413347685667,-0.053283726391316955,-0.1184068891280946,-0.07255022108345843,-0.10764262648008616,-0.06864134817278844,-0.20452099031216353,-0.16943249467632626,True
301518.SZ,20260428,监管审批,,,,2.98,,80.0,1、高性能多元醇建设项目;2、偿还银行借款。,20260428,0,-0.02391360246850094,-0.03635405690200211,-0.043128763254544844,-0.00026343519494198553,-0.02449536426265686,-0.18940990516332978,-0.18740397530168784,-0.3979779393089199,-0.36358896535608565,
001339.SZ,20260602,监管审批,,,,28.7,,80.0,1、智算中心建设及运营项目;2、补充流动资金及偿还银行贷款。,20260602,0,-0.04775360271263085,0.006528189910979476,0.004341515678438768,-0.006132542037586397,0.009994977876494726,0.3206996220058611,0.3087068034085412,-0.010632889319333594,0.030478537885372692,
002899.SZ,20260429,监管审批,,,,3.0,,80.0,1、智能健身康养设备研发制造基地建设项目;2、补充流动资金。,20260429,0,0.002739726027397138,0.02550091074681249,0.024342553583866833,0.0519125683060111,0.02265676990835197,-0.17425622343655123,-0.16412721048052648,-0.45265536428363895,-0.4104273555169806,
002866.SZ,20260530,监管审批,,,,8.71,,80.0,1、高邮智能化生产线改扩建项目;2、重庆智能制造中心扩产项目;3、补充流动资金。,20260529,1,-0.029325513196480912,0.03625377643504524,0.03901928032893531,-0.03776435045317217,-0.028009274623136182,-0.20543806646525686,-0.2064781212527269,-0.24622356495468278,-0.2115092022685462,
600800.SH,20260530,监管审批,,,,3.0,,80.0,1、合理合法使用。,20260529,1,-0.07363420427553435,0.012820512820512997,0.015523479155316267,-0.01538461538461533,-0.0054026554095648605,-0.18461538461538451,-0.18568269559149375,-0.0923076923076922,-0.07208214056275608,
002290.SZ,20260327,监管审批,,,,1.9,,80.0,1、国产智能算力中心建设项目;2、补充流动资金。,20260327,0,-0.006902218570254748,0.0036405758729107784,0.0011941794110232884,0.0013238457719675356,0.010001881320452322,0.4573887142147939,0.3958238996787977,0.434407994742982,0.39396761492710497,
002940.SZ,20251126,监管审批,,,,11.1,,80.0,1、创新药研发项目。,20251126,0,-0.026639859261121,-0.031758326878388754,-0.03452543881154646,-0.005163955589981839,-0.008708014470424574,-0.1254841208365608,-0.1425181262737999,-0.2026852569067905,-0.26338213183823733,
600746.SH,20260528,监管审批,,,,16.0,,80.0,1、醋酸乙烯及EVA一体化项目(一期工程);2、20万吨/年碳酸二甲酯项目。,20260528,0,0.0015313935681469104,-0.019877675840978548,-0.012634578044312894,-0.050458715596330306,-0.04089850932696637,-0.19571865443425074,-0.18146521773091473,0.11361054733581888,0.14499318830859664,
300655.SZ,20241118,监管审批,,,,5.95,,80.0,1、购买其持有的湖北晶瑞76.0951%股权。,20241118,0,-0.05258215962441326,0.0773042616451931,0.07016908971498204,0.12685827552031692,0.14760480113980812,-0.0049554013875123815,-0.023315381544581792,-0.08820614469772059,-0.095739435351052,
002591.SZ,20260528,监管审批,,,,3.0,,80.0,1、合理合法使用。,20260528,0,0.05316455696202538,-0.061298076923077094,-0.05436107562928638,-0.0829326923076924,-0.07369944171771436,-0.2391826923076923,-0.22569952326767584,-0.20552884615384626,-0.1831398673101826,
600807.SH,20260528,监管审批,,,,3.0,,80.0,1、用于公司主营业务相关项目及补充流动资金。,20260528,0,0.04225352112676073,-0.06418918918918914,-0.05727355319681893,-0.04054054054054057,-0.030880475738528923,-0.22297297297297303,-0.20920253603871775,-0.08445945945945943,-0.05865862617124684,
002306.SZ,20230530,监管审批,,,,3.14,,80.0,1、补充流动资金及偿还债务。,20230530,0,0.026315789473684292,0.10000000000000009,0.10674468891934263,0.07948717948717943,0.08924135947520662,0.10256410256410242,0.11705720345185022,-0.01025641025641022,0.03533157958104027,
601133.SH,20260527,监管审批,,,,12.0,,80.0,1、BDT594357-集成电路厂房制程排气系统项目;2、BDT598859-集成电路厂房动力系统集成项目;3、XXXS,20260527,0,-0.05833064776023211,-0.02532511978097185,-0.02649255064222855,-0.06023271731690616,-0.05798853691784023,0.19096509240246418,0.18328967168872579,-0.13661880646719393,-0.09459550057368438,
688257.SH,20260131,监管审批,,,,12.4,,80.0,1、高性能数控刀片产业园项目;2、高性能凿岩工具生产项目;3、精密刀具研发检测中心及总部管理中心建设项目;4、补充流动资,20260130,1,0.016322701688555652,-0.0924866162082334,-0.06939029796473584,-0.10891637437696144,-0.09743932997815508,0.3880376592209709,0.39527001376204285,0.3594240354439726,0.33925853895820013,
300851.SZ,20260526,董事会预案,,,,,,80.0,募集配套资金1、用于标的公司项目建设、支付本次交易的现金对价、本次交易税费和中介机构费用等。,20260526,0,0.06790123456790131,-0.07803468208092501,-0.0664031799685526,-0.20176557298308972,-0.1880007503551887,-0.3081968299186778,-0.3023808420568249,-0.30169269755039174,-0.2566948471543714,
920058.BJ,20260526,董事会预案,,,,,,80.0,1、购买重庆峻驰49%股权。,20260512,14,0.020757465404224407,0.06386014983945776,0.09524339154030503,-0.136710802878789,-0.10718228193007628,-0.2415491057117668,-0.22242079222982714,0.1134550783640409,0.19402170661024076,True
600675.SH,20230603,监管审批,,,,13.3,,80.0,1、中企誉品·银湖湾;2、中企云萃森林。,20230602,1,0.037735849056603765,-0.018181818181818188,-0.018902408427562856,0.058181818181818334,0.057744026244926694,0.047272727272727355,0.04234168452504283,0.530909090909091,0.5768877695740731,
603439.SH,20260526,董事会预案,,,,7.0,,80.0,1、用于补充流动资金和偿还银行贷款。,20260526,0,-0.06504065040650397,0.031159420289855078,0.04416851373641251,0.19057971014492758,0.21111016834098284,0.06666666666666665,0.07563413119165152,-0.08195113770763829,-0.022793478584276383,
002049.SZ,20260115,监管审批,,,,3.96,,80.0,募集配套资金1、用于支付本次交易现金对价、中介机构费用及交易税费等并购整合费用。,20260115,0,0.099987311254917,-0.00749798131272339,-0.004911783457576702,-0.019264044295766558,-0.021636989030068166,-0.09435921098165878,-0.0990509533641154,-0.15653477909793512,-0.15023810021983464,
688165.SH,20260210,监管审批,,,,5.16,,80.0,1、购买盛普股份95.97%股份。,20260210,0,0.05449712007089058,-0.0836134453781513,-0.0844144881207165,-0.10588235294117643,-0.10994789357549772,-0.19705882352941184,-0.1841364801145855,-0.13655462184873945,-0.145079180603905,
603130.SH,20250524,监管审批,,,,5.3,,80.0,1、年产13.5万吨DTY丝及12万吨高性能革基布坯布项目。,20250523,1,-0.018620689655172384,-0.09311314125087855,-0.09269777410927116,-0.013051112745469329,-0.01279036266110356,-0.058201026100930364,-0.06745026312756042,0.480423330881796,0.3296596795694984,
002277.SZ,20241211,监管审批,,,,5.5,,80.0,募集配套资金1、支付本次交易的现金对价和中介机构费用、交易税费等并购整合费用。,20241211,0,0.10149253731343277,0.10027100271002709,0.09105002234763715,0.6124661246612466,0.6364380922426707,0.46612466124661256,0.5670639070297983,0.6856368563685638,0.692009873500715,
002738.SZ,20260520,监管审批,,,,52.0,,80.0,"1、津巴布韦年产10万吨硫酸锂项目;2、赞比亚中央省Kitumba铜矿项目;3、江西中矿新材年产2,000吨铯铷产品项目",20260520,0,-0.01853964632059346,-0.042574832897413484,-0.022636755092695915,-0.053988809427633844,-0.03816900859308758,-0.08898287761317714,-0.07698368739288797,-0.23276603643411264,-0.186809794926733,
300069.SZ,20260520,董事会预案,,,,,,80.0,募集配套资金1、支付本次交易的现金交易对价、支付本次交易的中介机构费用、偿还上市公司银行贷款、补充上市公司流动资金等。,20260520,0,0.19999999999999973,0.19989106753812647,0.22487842141577685,0.4703159041394336,0.49490346187569956,-0.0212418300653594,-0.008350408848227575,-0.2647058823529411,-0.2163198448623984,
601995.SH,20251218,监管审批,,,,,,100.0,1、吸收合并东兴证券、信达证券。,20251218,0,0.03697334479793635,-0.007186290768380288,-0.010778638071577085,-0.014372581536760798,-0.03509529007155354,-0.029333624724014573,-0.085400483470635,-0.09860755958527534,-0.09974767730688239,
002219.SZ,20260519,监管审批,,,,15.0,,80.0,1、盱眙肿瘤医院建设项目;2、崇州二医院迁建项目(一期);3、医疗设备购置项目;4、独一味生物制药康县基地扩产项目;5、,20260519,0,0.004385964912280604,-0.0305676855895195,-0.028854996822946455,-0.048034934497816484,-0.04248560385498945,-0.16157205240174666,-0.14566237906850354,0.026200873362445476,0.0960781602675318,
002387.SZ,20260519,监管审批,,,,3.0,,80.0,1、合理合法使用。,20260519,0,0.02595797280593337,0.049397590361445864,0.05125155317861663,0.054216867469879526,0.060362258912106004,0.026506024096385472,0.04598459177147585,-0.12771084337349403,-0.06831389561796619,
688549.SH,20260516,监管审批,,,,8.0,,80.0,1、新增年产6万吨电子级硫酸项目;2、集成电路关键电子材料华北生产基地建设项目;3、补充流动资金。,20260515,1,0.20014295925661174,0.10899344848123915,0.11003004107215975,-0.029184038117927247,-0.023875506681970138,0.4800476474091724,0.5181827528297946,0.744490768314473,0.8079196908459696,
301082.SZ,20260516,监管审批,,,,4.27,,80.0,1、高温高电压井下电加热系统研发与产业化项目;2、电线电缆智能工厂升级改造建设项目;3、补充流动资金。,20260515,1,-0.027709861450692763,0.005029337803855727,0.005968753601714782,-0.03604358759430004,-0.0307725649503916,-0.17770326906957234,-0.15651586163984677,-0.11483654652137465,-0.06785628361555462,
002167.SZ,20260516,监管审批,,,,11.7,,80.0,1、年产6万吨新能源电池级氯氧化锆及1.2万吨锆铪分离高纯氧化物项目(一期);2、年产1万吨新能源电池级高纯复合氧化锆项,20260515,1,-0.029272151898734222,0.009779951100244544,0.010723807366667337,0.041564792176039145,0.047260186214610034,0.15729421352893236,0.18711321085165888,0.47595762021189914,0.5387660715607772,
300692.SZ,20251215,监管审批,,,,2.62,,80.0,1、用于补充流动资金和偿还银行贷款。,20251215,0,-0.02219755826859049,-0.04540295119182747,-0.034643801394925955,-0.05334846765039725,-0.06529660406009408,0.03745743473325769,-0.02745694288603251,-0.08059023836549384,-0.11240289245940338,
688772.SH,20260310,监管审批,,,,28.95,,80.0,1、智能手机钢壳锂电池建设项目;2、补充流动资金及偿还贷款。,20260310,0,0.010895883777239712,0.021556886227544814,0.019012504827153665,-0.022754491017964118,-0.005083871076956847,-0.07485029940119758,-0.045175901554995956,0.0595076665369374,0.10334013965410449,
301089.SZ,20260513,监管审批,,,,2.28,,80.0,1、原料药及健康膳食补充剂生物制造基地建设项目(一期)。,20260513,0,-0.03888702648340581,-0.05162190442971748,-0.03694547494539924,-0.0722009068712941,-0.05428160281380123,-0.24380885943494945,-0.19659054601686998,-0.1140565050575516,-0.042905466323088115,
301163.SZ,20260513,监管审批,,,,5.6,,80.0,1、高端装备关键铝合金部件智能化制造及配套能力提升项目;2、补充流动资金项目。,20260513,0,-0.037060105886016714,-0.009702457956015542,0.005622687270543603,-0.021021992238033693,-0.002114230076369572,-0.19326627330956347,-0.14289196460853815,-0.2601693118354209,-0.19525603819230009,
001226.SZ,20260513,监管审批,,,,3.0,,80.0,1、合理合法使用。,20260513,0,0.035023416819385034,0.025181979146173594,0.04104697127938506,0.020853826480424997,0.04057036883365206,0.032657879205193696,0.09713941142405136,-0.18079874090104264,-0.10892143660510312,
002480.SZ,20250610,监管审批,,,,28.0,,80.0,募集配套资金用于1、阿坝县“光热+”一期100万千瓦项目;2、道孚县亚日二期50万千瓦光伏项目;3、道孚县格哈普一期50,20250610,0,0.09938837920489307,0.0027816411682892728,-0.002376103768854554,-0.11404728789986085,-0.11472431862345189,-0.0890125173852574,-0.11835681005371301,-0.037552155771905404,-0.15562558022407535,
688418.SH,20250613,监管审批,,,,10.69,,80.0,1、卫星互联网通信产品研发及产业化项目;2、全光网络系统研发及产业化项目。,20250613,0,-0.03508137432188074,0.021739130434782705,0.018201411520754718,-0.11806596701649164,-0.1135772555154021,-0.04385307346326828,-0.08013067080293357,0.11206896551724155,-0.014966986936714388,
300853.SZ,20260511,监管审批,,,,3.0,,80.0,1、合理合法使用。,20260511,0,0.02829354553492469,-0.0045858412152478545,-0.002098397659003326,-0.03496703926626532,-0.013129130425676871,0.0057323015190602344,0.07321981786365162,-0.2023502436228145,-0.14609473512196658,
300819.SZ,20260509,监管审批,,,,11.0,,80.0,1、高端电子布建设项目。,20260508,1,0.13272958822697034,0.07108057464084938,0.05965535708816705,0.021861336664584563,0.03287292525785812,-0.20149906308557142,-0.17132211696046173,-0.491752728296589,-0.44235239208431665,
000514.SZ,20230629,监管审批,,,,0.81,,80.0,1、格莱美城项目;2、贯金和府一期项目。,20230629,0,-0.0158311345646438,0.024128686327077764,0.01783399959082277,0.0536193029490617,0.04599595107317356,0.22788203753351222,0.21479281951546358,0.22520107238605913,0.2639983126342662,
300291.SZ,20260509,监管审批,,,,3.0,,80.0,1、用于公司主营业务相关项目建设及补充流动资金。,20260508,1,0.0,-0.01071975497702915,-0.021272408332495107,-0.049004594180704464,-0.03875665760923541,-0.06891271056661563,-0.033725061220104324,-0.16539050535987743,-0.11323193202077975,
300807.SZ,20260507,董事会预案,,,,,,80.0,募集配套资金1、支付本次交易的现金对价、相关税费和中介机构费用等以及补充流动资金。,20260507,0,0.1999285969296678,-0.11544183278786058,-0.11541224842422615,-0.21065159178815818,-0.21024071819303847,-0.3766736090449271,-0.3578850803742344,-0.43171675096697393,-0.4011293628465811,
603319.SH,20260507,监管审批,,,,9.8,,80.0,1、高性能泵类产品及热管理模块集成建设项目;2、智能执行单元及核心零部件建设项目;3、补充流动资金。,20260507,0,0.04712041884816753,0.0035000000000000586,0.0035335624156869194,-0.21250000000000002,-0.21209008854291633,0.09849999999999981,0.13161138280721918,-0.44745452543051656,-0.3973035279647875,
605555.SH,20250429,监管审批,,,,15.4,,80.0,1、年产560万台汽车转向及制动系统电机生产线技术改造项目;2、泰国厂区年产500万台家电产品建设项目;3、越南厂区年产,20250429,0,-0.04419889502762431,0.028901734104046062,0.03129382143805848,0.1371518654755648,0.11832042703371881,0.049921177088807056,0.03084139446939127,0.1715820693463488,0.07022050103522104,
688387.SH,20260501,监管审批,,,,70.0,,80.0,1、空天地一体化移动通信产业化项目;2、空天地一体化移动通信研发项目;3、6G研发项目;4、补充流动资金。,20260430,1,0.08117062396466035,0.04085801838610825,0.02884501680446805,0.11950970377936687,0.0923274756687753,-0.1971399387129723,-0.18983898030419144,-0.2757916241062308,-0.23646379121458883,
603889.SH,20260501,监管审批,,,,10.19,,80.0,"1、新澳越南高档精纺生态纱纺织染整项目(二期);2、年产2,000吨精梳高端羊绒、羊毛花式纱线智能化车间建设项目;3、高",20260430,1,-0.007972665148063496,-0.033295063145809656,-0.04445223129965181,-0.008036739380023139,-0.03212207918232324,-0.05992553946129864,-0.05137679620142377,-0.11770420231832823,-0.06453352413884084,
300210.SZ,20260501,监管审批,,,,2.0,,80.0,1、用于补充流动资金。,20260430,1,0.10996916752312424,-0.037962962962962976,-0.04906625682569543,-0.07037037037037053,-0.09294221996278584,0.026851851851851682,0.03618972158014766,-0.1694444444444445,-0.12434147244995175,
688410.SH,20260430,监管审批,,,,3.0,,80.0,1、用于公司主营业务相关项目及补充流动资金。,20260430,0,0.052728387492336104,-0.004659289458357585,-0.016146955709463895,-0.007571345369831173,-0.03166798516006675,-0.04018637157833427,-0.03145812649655233,-0.1420466089016561,-0.07847209519742948,
688272.SH,20260430,监管审批,,,,3.0,,80.0,1、用于公司主营业务相关项目及补充流动资金。,20260430,0,0.027900146842878115,-0.005238095238095264,-0.016719081236348132,0.13023809523809526,0.10279537667984928,-0.18928571428571428,-0.18191333201536442,-0.31714285714285717,-0.28006058566262626,
688323.SH,20260430,监管审批,,,,3.0,,80.0,1、用于公司主营业务相关项目及补充流动资金。,20260430,0,-0.09642184557438804,0.20008336807002913,0.18623267648283393,0.08795331388078376,0.06153728992695329,0.25844101709045453,0.2698848862884724,0.12755314714464383,0.18878444910607572,
688239.SH,20260430,监管审批,,,,3.0,,80.0,1、用于公司主营业务相关项目及补充流动资金。,20260430,0,0.13471416735708375,0.010952102803738262,-0.0007157414126846007,0.045414719626168276,0.020031552974627553,-0.16194509345794394,-0.15432408412895837,-0.39106366875378595,-0.3459413677786082,
688618.SH,20260430,监管审批,,,,3.0,,80.0,1、用于公司主营业务相关项目及补充流动资金。,20260430,0,-0.01559080962800874,0.011669908307863297,-6.220418554248042e-06,0.24673520422339523,0.21646388044629994,-0.058627396499027484,-0.05006684833287667,-0.2539745376991833,-0.19869390536083675,
688561.SH,20260430,监管审批,,,,3.0,,80.0,1、用于公司主营业务相关项目及补充流动资金。,20260430,0,0.017573504562352182,0.02557289936898033,0.013736310089195847,0.01594154765858513,-0.008725996358456722,-0.10727333111922954,-0.09915515387491658,-0.07007638658253068,-0.019577273774922466,
688026.SH,20260430,监管审批,,,,2.0,,80.0,1、用于公司主营业务相关项目建设及补充流动资金。,20260430,0,-0.02388242498469062,0.04015056461731481,0.028145728071724996,0.016311166875784044,-0.008365351671663523,-0.12672521957340033,-0.11878393172167778,-0.23462986198243418,-0.17791578539849295,
688159.SH,20260430,监管审批,,,,,,80.0,1、用于公司主营业务相关项目及补充流动资金。,20260430,0,0.0989237462789101,0.06397166076265881,0.05169189443739164,0.26484684309231077,0.2341357601085472,-0.03667430714732245,-0.027914124449539668,-0.37257762033757047,-0.326085499567323,
688133.SH,20260430,监管审批,,,,3.0,,80.0,1、用于公司主营业务相关项目及补充流动资金。,20260430,0,-0.02518454190186714,-0.004899777282850737,-0.016384667957879517,-0.0044543429844098315,-0.028626665075187963,-0.05122494432071267,-0.04259708056859257,0.06458797327394183,0.12239997780882295,
688363.SH,20260430,监管审批,,,,3.0,,80.0,1、用于公司主营业务相关项目及补充流动资金。,20260430,0,-0.046136101499423265,-0.0026602176541716815,-0.01417095607489316,-0.007255139056832061,-0.03135945648675309,-0.12212817412333743,-0.11414508217741148,-0.07413080616753032,-0.02385186691938246,
688007.SH,20260430,监管审批,,,,3.0,,80.0,1、用于主营业务相关项目建设、资产收购及补充流动资金。,20260430,0,0.013623978201634968,0.0033602150537632713,-0.008220007836852394,0.021505376344086002,-0.003297260079914932,-0.06518817204301086,-0.056687285518639996,-0.2715053763440861,-0.2319447805608057,
688218.SH,20260430,监管审批,,,,3.0,,80.0,1、用于公司主营业务相关项目及补充流动资金。,20260430,0,0.0625,0.13058823529411745,0.11753961769319732,0.21941176470588242,0.18980386703686247,0.2705882352941178,0.2821425674970399,0.13735294117647068,0.19911641685321024,
600029.SH,20260430,监管审批,,,,150.0,,80.0,1、引进46架飞机项目;2、补充流动资金。,20260430,0,-0.01636363636363647,0.01848428835489835,0.0067295118620833705,0.03512014787430662,0.009986938321588035,-0.011090573012939031,-0.0020977398348757115,-0.027726432532347522,0.0494744279359427,
603211.SH,20260430,监管审批,,,,5.0,,80.0,1、精密零部件产业化建设项目;2、补充流动资金。,20260430,0,0.005628517823639934,0.03395522388059691,0.022021890495625085,0.15261194029850755,0.12462597413991472,-0.011194029850746356,-0.002202137476823629,-0.1602008980596129,-0.09797162072467847,
000407.SZ,20251111,监管审批,,,,6.29,,80.0,募集配套资金1、支付本次交易现金对价及中介机构费用;2、偿还上市公司银行借款;3、数智化建设项目。,20251111,0,0.10052910052910069,0.10096153846153832,0.1016820926411206,0.6105769230769231,0.6363083363601103,0.17548076923076916,0.2035141544408674,0.21153846153846145,0.18979241764567556,
300328.SZ,20260430,监管审批,,,,8.0,,80.0,1、湖南逸昊非晶合金项目(一期);2、东莞生产基地数字化升级改造项目;3、补充流动资金。,20260430,0,0.016319639842431233,-0.009413067552602405,-0.02084586835351654,-0.017165005537098543,-0.04102870669517955,0.10908084163898124,0.11916647609413333,-0.19435215946843853,-0.15060179051856992,
000576.SZ,20260430,监管审批,,,,3.0,,80.0,1、用于公司主营业务相关项目及补充流动资金。,20260430,0,-0.0576923076923076,-0.0022675736961451642,-0.013782843794007515,-0.00793650793650802,-0.0320242814059325,-0.1462585034013606,-0.13849484512631205,-0.2142857142857144,-0.1518981096351446,
605287.SH,20260430,监管审批,,,,3.0,,80.0,1、用于公司主营业务相关项目及补充流动资金。,20260430,0,-0.005572532806039976,0.03886478669558935,0.026874789880236172,0.012834417932031883,-0.011757683497320759,-0.24258857556037605,-0.23570091284702022,-0.39624932146502534,-0.3515112783676957,
603759.SH,20260430,监管审批,,,,3.0,,80.0,1、合理合法使用。,20260430,0,-0.03111587982832631,0.019933554817275878,0.008162051700851158,0.009966777408637828,-0.014555696344793034,-0.08859357696566983,-0.08030553187671308,-0.19565295495084234,-0.13065166375690562,
603668.SH,20260430,监管审批,,,,3.0,,80.0,1、用于公司主营业务相关项目及补充流动资金。,20260430,0,0.033639143730886945,-0.00295857988165682,-0.01446587477228356,-0.04585798816568043,-0.06902501005751627,-0.1597633136094675,-0.15212246385660377,-0.22559171597633132,-0.18353779807404302,
603863.SH,20260430,监管审批,,,,3.0,,80.0,1、合理合法使用。,20260430,0,-0.0038525041276830096,0.058011049723756924,0.045800077440110165,0.07292817679558028,0.046876970316992894,-0.11657458563535905,-0.10854099109187554,-0.2900552486187846,-0.2515019958893322,
002828.SZ,20260430,监管审批,,,,3.0,,80.0,1、合理合法使用。,20260430,0,-0.04380165289256199,-0.016421780466724156,-0.027773690619888658,-0.012100259291270454,-0.036086934897283096,-0.17199654278305954,-0.1644669381919719,0.07173725151253252,0.1363244303734945,
605288.SH,20260430,监管审批,,,,3.0,,80.0,1、合理合法使用。,20260430,0,0.034912718204488824,-0.010120481927710867,-0.021545118147234477,-0.004819277108433773,-0.028982738425097132,0.14409638554216864,0.15450044040708444,0.0013012048192770909,0.07549781949358736,
603717.SH,20260430,监管审批,,,,3.0,,80.0,1、用于公司主营业务相关项目及补充流动资金。,20260430,0,0.10072992700729921,-0.011936339522546358,-0.02334001812847286,-0.0053050397877983935,-0.029456706555550216,-0.09283819628647227,-0.0845887504386742,-0.19496021220159154,-0.15124286330102743,
603636.SH,20260430,监管审批,,,,3.0,,80.0,1、合理合法使用。,20260430,0,0.007874015748031482,0.024553571428571175,0.012728746662239887,0.2645089285714284,0.2338060503129633,0.0390625,0.0485114095452861,-0.1919642857142858,-0.1480842442791277,
002989.SZ,20260430,监管审批,,,,3.0,,80.0,1、合理合法使用。,20260430,0,0.1001883239171375,0.09996576514892164,0.08727057498554802,0.08216364258815445,0.05588819460720762,-0.06710030811365975,-0.05861680995694707,-0.22458062307428972,-0.18247179819493098,
603188.SH,20260430,监管审批,,,,3.0,,80.0,1、合理合法使用。,20260430,0,0.06400000000000006,0.009398496240601517,-0.0022514171170773256,-0.048872180451127845,-0.07196601632055077,-0.15601503759398494,-0.14834010219081517,-0.23684210526315796,-0.1953991350446661,
003001.SZ,20260430,监管审批,,,,3.0,,80.0,1、用于公司主营业务相关项目及补充流动资金。,20260430,0,0.017303102625298106,-0.0017595307917888103,-0.013280664436941758,0.051026392961877054,0.025506972212512746,0.009970674486803333,0.01915503206550273,0.17974013433298341,0.2438054288020668,
301316.SZ,20250520,监管审批,,,,18.7,,80.0,募集配套资金拟用于1、高性能计算智造基地项目;2、新一代高性能计算研发中心项目;3、补充流动资金或偿还债务;4、支付交易,20250520,0,0.19999999999999996,0.20000000000000018,0.1974864841312971,0.43132183908046007,0.44837034655776975,0.17364378078817766,0.17075864974825006,0.4905880541871923,0.36797835674786716,
688648.SH,20260429,监管审批,,,,3.0,,80.0,1、用于公司主营业务相关项目和偿还贷款及补充流动。,20260429,0,-0.04112184953572107,-0.01916996047430819,-0.02027785954100858,-0.010079051383399151,-0.0376107384978378,-0.20573122529644272,-0.19598830147687696,-0.4223320158102767,-0.37776454020387906,
688651.SH,20260429,监管审批,,,,3.0,,80.0,1、用于公司主营业务相关项目建设及补充流动资金。,20260429,0,0.04923830250272032,0.01114856105781703,0.01000641562797977,0.08478091781177088,0.054610984688682196,-0.07078039927404711,-0.05938209674742534,-0.1987960362316139,-0.15147181773887963,
688433.SH,20260429,监管审批,,,,39.1,,80.0,1、先进增材制造设备产能提升项目;2、增材制造综合服务平台建设项目;3、全球运营中心建设项目。,20260429,0,-0.027329192546583836,0.012899106002554284,0.011754983240220618,0.1951468710089399,0.16190743936098673,0.15101850741571843,0.1651375134623141,-0.06083636439769846,0.011620745162963075,
688429.SH,20260429,监管审批,,,,3.0,,80.0,1、用于主营业务相关项目建设、资产收购及补充流动资金。,20260429,0,0.010226442658875179,0.02386117136659438,0.022704666375437776,0.062183658712942735,0.03264220068983281,-0.11785972523499644,-0.10703892279514982,-0.2624728850325381,-0.21890982754481203,
688244.SH,20260429,监管审批,,,,3.0,,80.0,1、用于公司主营业务相关项目建设及补充流动资金。,20260429,0,0.019895287958115127,0.013347022587268942,0.012202393879617413,0.047227926078028615,0.018102416976948366,-0.11396303901437366,-0.10309443774596239,-0.196611909650924,-0.14915868270566757,
688320.SH,20260429,监管审批,,,,3.0,,80.0,1、用于公司主营业务相关项目及补充流动资金。,20260429,0,0.06863373957665164,0.012304921968787408,0.011161470368540982,0.15156062424969985,0.11953341354721214,0.10534213685474181,0.11890085221271529,-0.06602641056422554,-0.0108599707914947,
688210.SH,20260429,监管审批,,,,3.0,,80.0,1、用于主营业务相关项目建设、资产收购及补充流动资金。,20260429,0,-0.028213166144200552,0.035023041474654626,0.03385392856471792,0.16013824884792638,0.12787247720079598,0.0741935483870968,0.08737017856912899,-0.37788018433179715,-0.34113381834170997,
688718.SH,20260429,监管审批,,,,3.0,,80.0,1、用于公司主营业务相关项目建设及补充流动资金。,20260429,0,0.02937576499388017,0.01189060642092743,0.010747622811862145,0.17003567181926282,0.13749463298754883,-0.046373365041617265,-0.034675672833867965,-0.29131985731272303,-0.23664470508621427,
688246.SH,20260429,监管审批,,,,3.0,,80.0,1、用于公司主营业务相关项目及补充流动资金。,20260429,0,-0.013145539906103343,-0.0009514747859181716,-0.0020799525894816817,0.12654614652711693,0.09521463862286961,0.056137012369172234,0.06909215146346326,-0.0742150333016175,-0.0195322658384397,
688685.SH,20260429,监管审批,,,,3.0,,80.0,1、用于公司主营业务相关项目建设和偿还银行贷款及补充流动资金。,20260429,0,0.012197731649903787,0.028964059196617375,0.027801790225528977,0.11141649048625779,0.08050576866280612,-0.03382663847780121,-0.02197504143960982,-0.056228424914433583,-0.0004832535893791734,
688613.SH,20260429,监管审批,,,,3.0,,80.0,1、用于公司主营业务相关项目建设及补充流动资金。,20260429,0,-0.012499999999999956,0.04303797468354431,0.041859808485408934,0.069873417721519,0.040118092076650624,-0.1321518987341772,-0.12150641170651011,-0.30835443037974686,-0.25499350698434575,
688678.SH,20260318,监管审批,,,,10.22,,80.0,1、高端制造关键金属零部件产业化项目;2、具身智能机器人关键金属零部件研发项目;3、补充流动资金。,20260318,0,0.04787437763309077,-0.021198830409356773,-0.007412462143939091,0.0007309941520465824,0.03411049358887697,0.067251461988304,0.06920872937175138,0.12607579717598116,0.11812059863255309,
688135.SH,20260429,监管审批,,,,3.0,,80.0,1、用于公司主营业务相关项目建设及补充流动资金。,20260429,0,0.011994421199442051,0.016813671444321887,0.015665126974633514,0.07056229327453156,0.04078780861882203,-0.008544652701212851,0.0036170666397477014,-0.40104740904079383,-0.3548378116292191,
688393.SH,20260429,监管审批,,,,3.0,,80.0,1、用于公司主营业务相关项目建设及补充流动资金。,20260429,0,0.040598290598290676,0.010266940451745477,0.009125790858706795,0.04599589322381914,0.016904649427563756,-0.09733059548254619,-0.08625797180330264,-0.22387160512959592,-0.17802850974036732,
688356.SH,20260429,监管审批,,,,3.0,,80.0,1、用于公司主营业务相关项目建设及补充流动资金。,20260429,0,0.0042475728155340065,-0.01963746223564955,-0.0207448332345459,-0.00493454179254782,-0.03260930803730544,-0.24159113796576026,-0.23228809093405367,-0.2859051465707767,-0.23081224574903314,
688277.SH,20260429,监管审批,,,,3.0,,80.0,1、用于公司主营业务相关项目及补充流动资金。,20260429,0,-0.03877139979859012,0.04347826086956541,0.0422995973450484,0.03352540597171294,0.004780991438611659,-0.09219486642221064,-0.08105924515501395,-0.10214772132006278,-0.06256886720934962,
688360.SH,20260429,监管审批,,,,3.0,,80.0,1、用于公司主营业务相关项目建设及补充流动资金。,20260429,0,0.004466778336124966,0.013896609227348478,0.012751359732709355,0.1161756531406335,0.08513256945807579,0.20400222345747654,0.21877115598426777,-0.22292088499166773,-0.16296870579836742,
688098.SH,20260429,监管审批,,,,3.0,,80.0,1、用于公司主营业务相关项目建设及补充流动资金。,20260429,0,0.02290950744558984,-0.01007838745800671,-0.011196555934139596,0.0033594624860022737,-0.024545976653436385,-0.10302351623740191,-0.09202072495619773,-0.0627099664053753,-0.00734763627876478,
688025.SH,20260429,监管审批,,,,13.83,,80.0,1、杰普特高密度光互联产品生产基地建设项目;2、杰普特高密度光互联产品生产线建设项目;3、杰普特总部及研发中心升级建设项,20260429,0,0.02997742950694615,0.09879629629629605,0.09755514814411548,0.15753086419753082,0.12533760914728842,0.14145061728395047,0.15545225849431343,-0.09669214889361977,-0.02700133735293897,
688178.SH,20260429,监管审批,,,,3.0,,80.0,1、用于公司主营业务相关项目建设及补充流动资金。,20260429,0,0.04700981850639674,-0.04035237283319104,-0.04143634525211648,0.07985223074737147,0.04981937429725525,0.05996021597044621,0.0729622525163558,-0.23500994600738834,-0.18982475210290528,
688288.SH,20260429,监管审批,,,,3.0,,80.0,1、用于公司主营业务相关项目建设及补充流动资金。,20260429,0,-0.07444818555929678,0.010913500404203802,0.00977162048772584,-0.0004042037186741121,-0.02820496775198933,-0.12934518997574784,-0.11866527436359153,-0.3461665700121299,-0.29572287875839876,
300789.SZ,20250513,监管审批,,,,8.06,,80.0,1、轨道交通智能运维机器人研发与产业化项目;2、轨道交通智能运维AI大模型研发与产业化项目;3、营销与技术服务体系升级建,20250513,0,-0.04552183567727608,-0.026754556029468635,-0.03506826888323067,-0.06242729740209396,-0.06398247729537465,-0.032958511050794836,-0.040759270254991264,0.24387593104306893,0.15518060691622693,
300962.SZ,20251201,监管审批,,,,8.0,,80.0,1、中金辐照长沙灭菌技术服务中心项目;2、合肥市综合灭菌技术中心项目;3、中金健康科技(嘉兴)有限公司年灭菌医疗器械30,20251201,0,0.031746031746031855,-0.04562334217506647,-0.0416335419931011,-0.09496021220159168,-0.09728312466544975,-0.13793103448275879,-0.14907811553687855,-0.018567639257294655,-0.06504329935854791,
000620.SZ,20260429,监管审批,,,,3.0,,80.0,1、合理合法使用。,20260429,0,0.03308823529411753,-0.003558718861210064,-0.004684251645594717,0.117437722419929,0.08635953805931917,0.0,0.01226653260189181,-0.007117437722419906,0.05152854187789235,
300825.SZ,20260429,监管审批,,,,3.0,,80.0,1、合理合法使用。,20260429,0,0.0918141592920354,-0.00405268490374866,-0.005177659727533146,0.0678824721377913,0.03818251868294431,0.4062816616008105,0.4235318614502792,0.15400202634245197,0.22216474957565335,
600234.SH,20260429,监管审批,,,,3.0,,80.0,1、用于公司主营业务相关项目建设及补充流动资金。,20260429,0,0.00925147182506314,0.016666666666666607,0.015518288246598955,0.31125,0.2747815074610169,0.0691666666666666,0.0822816344401891,-0.19500000000000006,-0.14745156338534549,
603669.SH,20260429,监管审批,,,,3.0,,80.0,1、用于公司主营业务相关项目建设及补充流动资金。,20260429,0,0.04357798165137594,-0.015384615384615219,-0.01649679019749284,0.02857142857142847,-3.520591373340487e-05,-0.05274725274725278,-0.04112774604084546,0.2571428571428571,0.3313977359731961,
300537.SZ,20260429,监管审批,,,,3.0,,80.0,1、合理合法使用。,20260429,0,-0.012158054711246202,-0.010109890109890163,-0.011228023002122445,0.13538461538461521,0.10380729193368654,0.15736263736263734,0.17155946388605758,-0.22857142857142865,-0.16905519263627367,
603185.SH,20260429,监管审批,,,,3.0,,80.0,1、合理合法使用。,20260429,0,-0.03805774278215235,-0.01273306048203715,-0.013848230365501424,-0.005911778080945784,-0.03355936542443183,-0.17780809458844937,-0.16772265077570714,-0.2526759778165797,-0.20853425247571378,
300830.SZ,20260429,监管审批,,,,3.0,,80.0,1、合理合法使用。,20260429,0,0.03907815631262501,0.008678881388621162,0.007539525591737872,0.09353905496624892,0.06312554048226549,-0.05496624879459966,-0.043373961475550615,-0.16972034715525552,-0.12067873293696263,
002755.SZ,20260429,监管审批,,,,3.0,,80.0,1、合理合法使用。,20260429,0,0.06295081967213112,0.04565083281924731,0.04446971526055665,0.08760024676125844,0.05735190244521715,-0.1159777914867367,-0.1051339042452124,-0.1966053395045313,-0.13462289818200446,
300149.SZ,20260429,监管审批,,,,3.0,,80.0,1、合理合法使用。,20260429,0,-0.05660377358490565,-0.0010000000000000009,-0.0021284229917845066,0.014000000000000012,-0.014201373829955344,-0.1369999999999999,-0.12641398236456736,-0.030000000000000027,0.027294389461136603,
300947.SZ,20260429,监管审批,,,,3.0,,80.0,1、合理合法使用。,20260429,0,-0.007437070938215107,0.009798270893371708,0.008657650687225127,0.05244956772334275,0.023178834294801387,-0.09106628242074943,-0.0799168173411049,-0.19135446685878976,-0.1435907017950775,
603285.SH,20260429,监管审批,,,,3.0,,80.0,1、合理合法使用。,20260429,0,0.023166945306902553,0.017507002801120386,0.016357675177233855,0.13958916900093343,0.10789490848065375,0.08146591970121353,0.09473175666306322,-0.2622617830200866,-0.20534478071247553,
300783.SZ,20260429,监管审批,,,,3.0,,80.0,1、用于公司主营业务相关项目建设及补充流动资金。,20260429,0,-0.0090543259557343,-0.014720812182741128,-0.01583373679621436,-0.011167512690355319,-0.03866892751266682,-0.06294416243654821,-0.05144973645528317,-0.08808652188029176,-0.015505814338118484,
300031.SZ,20260429,监管审批,,,,3.0,,80.0,1、合理合法使用。,20260429,0,0.00217675228559,0.0047784535186794486,0.003643503460020625,0.052128583840139076,0.022866777617202905,0.06472632493483932,0.07778682511174484,-0.19816885970833453,-0.1363070450268027,
301060.SZ,20260429,监管审批,,,,3.0,,80.0,1、合理合法使用。,20260429,0,0.10853530031612224,-0.018060836501901156,-0.019169988382406578,0.06558935361216722,0.03595317638293927,-0.06558935361216733,-0.05412737495469622,-0.17811572608768533,-0.11470679858714605,
300915.SZ,20260429,监管审批,,,,3.0,,80.0,1、合理合法使用。,20260429,0,0.044967880085653,0.014754098360655776,0.013607880286984342,0.04508196721311486,0.01601614153232367,-0.006147540983606481,0.006043582606388487,-0.17075123434805295,-0.12177051090534219,
300635.SZ,20260429,监管审批,,,,3.0,,80.0,1、用于公司主营业务相关项目及补充流动资金。,20260429,0,0.04581818181818198,0.025034770514603455,0.023876939881543047,0.09179415855354645,0.06142917313862517,-0.013908205841446586,-0.0018122786999427154,-0.20166898470097372,-0.15451446087680154,
002623.SZ,20260429,监管审批,,,,3.0,,80.0,1、合理合法使用。,20260429,0,-0.01653282947567325,0.01777137367915471,0.016621747434470313,0.16858789625360227,0.1360871229642444,-0.08741594620557147,-0.07622170415773555,-0.21462441931345755,-0.16823512612467295,
300084.SZ,20260429,监管审批,,,,3.0,,80.0,1、用于公司主营业务相关项目及补充流动资金。,20260429,0,0.007054673721340388,0.034150612959719995,0.03298248550363203,0.10858143607705784,0.07774956280313483,0.02977232924693518,0.042404065096168786,-0.007005253940455258,0.05164735194985193,
002224.SZ,20260429,监管审批,,,,3.0,,80.0,1、合理合法使用。,20260429,0,-0.015945330296127436,0.011574074074074181,0.010431448004926791,0.0,-0.027812005749462854,-0.11805555555555558,-0.10723715527472044,-0.1898729457610927,-0.14202167260793053,
300980.SZ,20260429,监管审批,,,,3.0,,80.0,1、用于公司主营业务相关项目及补充流动资金。,20260429,0,0.04280874653526334,-0.019196692262256287,-0.02030456113399759,-0.0020673360897813797,-0.02982184507602914,-0.19698759598346127,-0.18713741814986895,-0.4034154009448646,-0.357388495709954,
300720.SZ,20260429,监管审批,,,,3.0,,80.0,1、合理合法使用。,20260429,0,-0.03955841766329349,0.00766283524904221,0.006524627129661065,0.08955938697318011,0.05925655503830085,0.04932950191570895,0.06220113646108483,-0.12560079208249353,-0.058140301912212644,
301075.SZ,20260429,监管审批,,,,3.0,,80.0,1、合理合法使用。,20260429,0,0.009168628422748126,0.024554941682013443,0.023397653040831745,0.03278084714548801,0.004057140286742644,-0.06286065070595459,-0.051365200325323546,-0.31749539594843457,-0.2771823190478684,
301133.SZ,20260429,监管审批,,,,3.0,,80.0,1、合理合法使用。,20260429,0,0.028648770584254413,0.01754385964912264,0.016394490393489836,0.06798245614035103,0.038279721929850075,-0.1328947368421053,-0.1222583618623071,-0.42828947368421055,-0.39452060197929484,
300961.SZ,20260429,监管审批,,,,3.0,,80.0,1、合理合法使用。,20260429,0,0.03795507358636718,0.012686567164179152,0.011542684475631226,0.06791044776119404,0.038209716248148284,-0.0791044776119404,-0.06780828266363115,-0.2067164179104477,-0.15986002769873187,
301168.SZ,20260429,监管审批,,,,3.0,,80.0,1、用于公司主营业务相关项目及补充流动资金。,20260429,0,0.013018322082931633,0.011661113755354613,0.010518389370313797,0.0797239409804853,0.04969465252610328,-0.019276534983341254,-0.007246458626274155,-0.045221729404115396,0.02844005980510822,
001296.SZ,20260429,监管审批,,,,3.0,,80.0,1、合理合法使用。,20260429,0,-0.07477768795472917,0.002621231979030192,0.0014887186154501908,0.01922236784622111,-0.009124250508299125,-0.09217999126256005,-0.08104418752873255,-0.265231989554471,-0.2085441406894777,
300157.SZ,20260429,监管审批,,,,3.0,,80.0,1、合理合法使用。,20260429,0,-0.03050847457627126,0.0017482517482518833,0.00061672446171257,0.0034965034965035446,-0.02441274702830709,-0.18181818181818188,-0.17178192787117952,-0.23426573426573438,-0.18903658246705757,
300120.SZ,20260429,监管审批,,,,3.0,,80.0,1、合理合法使用。,20260429,0,0.04748603351955305,0.006666666666666599,0.005529583772042157,0.010666666666666602,-0.017442000477457253,0.1386666666666665,0.15263415845602046,-0.10399999999999998,-0.051076522724558315,
002405.SZ,20260429,监管审批,,,,3.0,,80.0,1、合理合法使用。,20260429,0,0.01714285714285735,0.014606741573033544,0.013460689946596549,0.05617977528089879,0.02680529729831993,-0.02359550561797774,-0.011618408055007023,-0.2629213483146069,-0.2042560348422534,
002175.SZ,20260429,监管审批,,,,3.0,,80.0,1、用于公司主营业务相关项目建设及补充流动资金。,20260428,1,0.09885931558935379,-0.04844290657439443,-0.05619990220686044,-0.10380622837370246,-0.1348564435194185,-0.0657439446366781,-0.06093251697217772,-0.11072664359861595,-0.08099263647481958,
000707.SZ,20260429,监管审批,,,,3.0,,80.0,1、合理合法使用。,20260429,0,0.0016666666666664831,-0.009983361064891838,-0.01110163687832888,-0.021630615640598982,-0.04884103058350109,-0.1514143094841931,-0.1410051054459821,-0.2529118136439267,-0.20878401827186577,
605277.SH,20260429,监管审批,,,,3.0,,80.0,1、用于公司主营业务相关项目建设及补充流动资金。,20260429,0,-0.023037542662116106,-0.0030567685589519833,-0.0041828683225776375,0.05676855895196509,0.027377705714541456,0.12401746724890828,0.1378052641560128,-0.233974534221281,-0.17487515154065825,
603255.SH,20260429,监管审批,,,,3.0,,80.0,1、合理合法使用。,20260429,0,-0.00031948881789145567,-0.00319590923617763,-0.004321851833097301,0.04889741131351877,0.019725470479470486,-0.0738255033557047,-0.06246455369757675,-0.23709251441166646,-0.1782336860111483,
301396.SZ,20260429,监管审批,,,,3.0,,80.0,1、合理合法使用。,20260429,0,-0.025417423137593542,-0.03270728355474095,-0.03379989150371243,-0.00485570316078765,-0.03253266206602501,-0.2735779217687051,-0.264667241663347,-0.3152968076893927,-0.2624714933979513,
301260.SZ,20260429,监管审批,,,,3.0,,80.0,1、合理合法使用。,20260429,0,0.11103723404255339,0.025134649910233176,0.023976706458147312,0.05326152004787543,0.02396820459661586,-0.06523040095751065,-0.0537640191955987,-0.15619389587073618,-0.10635332312881207,
001255.SZ,20260429,监管审批,,,,3.0,,80.0,1、合理合法使用。,20260429,0,-0.03169213355970579,0.017533606078316888,0.01638424840463104,0.05084745762711873,0.021621282093784888,-0.06984219754529519,-0.05843238653658056,-0.34040811552175654,-0.28952015561015565,
301205.SZ,20260429,监管审批,,,,3.0,,80.0,1、合理合法使用。,20260429,0,-0.05325725154541139,-0.014732965009207954,-0.015845875895425188,0.22212456052235074,0.1881348252185433,0.30876443997990966,0.3248184416511197,-0.09119345028654757,-0.02107841043004377,
301320.SZ,20260429,监管审批,,,,3.0,,80.0,1、合理合法使用。,20260429,0,0.015845070422535024,0.013287117273252491,0.012142556231800938,0.04217215482380143,0.0131872568619118,-0.1380704794916232,-0.1274975929277743,-0.27076432414465323,-0.2276910119576312,
301257.SZ,20260429,监管审批,,,,3.0,,80.0,1、用于公司主营业务相关项目建设及补充流动资金。,20260429,0,-0.05460273013650674,-0.029988893002591666,-0.03108457151652788,-0.010551647537948905,-0.03807019080542007,-0.21473528322843394,-0.20510280797904024,-0.20743494682003694,-0.14628801702501437,
301085.SZ,20260429,监管审批,,,,3.0,,80.0,1、合理合法使用。,20260429,0,0.0237856426422125,-0.019034289713086183,-0.020142342027040128,0.09727081875437382,0.06675351643445926,0.021553533939817848,0.03408445366846835,-0.11140657802659204,-0.05892058050994409,
301024.SZ,20260429,监管审批,,,,3.0,,80.0,1、用于公司主营业务相关项目建设及补充流动资金。,20260429,0,0.00248880039820798,0.02408142999006957,0.022924676205224426,0.1330685203574975,0.10155561215477937,0.16236345580933453,0.17662162503526724,-0.2028301886792453,-0.15574425297154215,
300923.SZ,20260429,监管审批,,,,3.0,,80.0,1、用于公司主营业务相关项目建设及补充流动资金。,20260429,0,-0.005617977528089901,0.020127118644067687,0.018974831461664454,0.04343220338983045,0.014412260949977718,-0.13771186440677963,-0.1271345788793009,-0.29098473340362885,-0.23628372614091864,
300815.SZ,20260429,监管审批,,,,3.0,,80.0,1、合理合法使用。,20260429,0,0.07301107754279967,0.0037541060534962423,0.002620313049122913,0.032848427968090066,0.004122841551117862,-0.03613327076489914,-0.024309968106858038,-0.24470060739506183,-0.18642874851289826,
002927.SZ,20260429,监管审批,,,,3.0,,80.0,1、合理合法使用。,20260429,0,0.048481308411214785,0.016155988857938786,0.015008187275289409,0.09192200557103081,0.06155346447412424,0.3058495821727021,0.32186782864559027,-0.13481894150417828,-0.08371582756618035,
301017.SZ,20260429,监管审批,,,,3.0,,80.0,1、合理合法使用。,20260429,0,-0.018261504747991264,-0.024553571428571508,-0.02565538942382084,0.05803571428571419,0.028609618916862756,0.09077380952380953,0.10415382201962298,-0.07559783140787169,-0.004279579008929724,
002887.SZ,20260429,监管审批,,,,3.0,,80.0,1、合理合法使用。,20260429,0,0.04031620553359683,0.010638297872340496,0.009496728811582589,0.08586626139817621,0.05566614269302228,0.03799392097264431,0.05072650724482064,-0.260291924044841,-0.20322294578524702,
300588.SZ,20260429,监管审批,,,,3.0,,80.0,1、合理合法使用。,20260429,0,-0.04347826086956519,0.005421184320266725,0.004285508263395688,-0.03753127606338624,-0.06429946174718959,-0.1972477064220184,-0.18740071924160073,-0.048373644703919916,0.007835480060838451,
300597.SZ,20260429,监管审批,,,,3.0,,80.0,1、合理合法使用。,20260429,0,0.0371944739638681,0.0071721311475410054,0.006034477304226238,0.029713114754098324,0.0010747276862599353,-0.10758196721311453,-0.09663509231941814,-0.23258196721311475,-0.18725336138838167,
002857.SZ,20260429,监管审批,,,,3.0,,80.0,1、合理合法使用。,20260429,0,0.05490196078431375,0.022304832713754497,0.021150085688883102,0.07063197026022294,0.04085554774778677,-0.07620817843866179,-0.06487645594211866,-0.2318773234200744,-0.18650709683667144,
300513.SZ,20260429,监管审批,,,,3.0,,80.0,1、合理合法使用。,20260429,0,0.02408256880733939,0.016797312430011146,0.015648786438689166,0.04927211646136609,0.02008975432559157,-0.06382978723404253,-0.052346224798229035,-0.19260918253079506,-0.14491952898087124,
002654.SZ,20260429,监管审批,,,,3.0,,80.0,1、用于公司主营业务相关项目建设及补充流动资金。,20260429,0,-0.024147727272727182,0.056768558951964865,0.05557488333743388,0.11790393013100409,0.08681277959885336,0.10262008733624461,0.1161454125850554,-0.1679016374727047,-0.10370468612862793,
300131.SZ,20260429,监管审批,,,,3.0,,80.0,1、用于公司主营业务相关项目建设及补充流动资金。,20260429,0,0.009732360097323589,-0.02108433734939774,-0.022190074026828044,0.09759036144578292,0.06706417200269765,0.011445783132529863,0.02385271580637105,-0.15421686746987961,-0.08896412686627586,
002382.SZ,20260429,监管审批,,,,3.0,,80.0,1、用于公司主营业务相关项目及补充流动资金。,20260429,0,-0.030585106382978622,0.019204389574759784,0.018053144663324527,-0.026063100137174278,-0.0531502387957733,-0.12071330589849116,-0.10992750699888543,-0.18655692729766815,-0.1385097889349145,
301230.SZ,20260429,监管审批,,,,3.0,,80.0,1、合理合法使用。,20260429,0,0.008413461538461453,-0.013110846245530383,-0.014225589400124306,0.058402860548271596,0.028966554105455122,-0.15113230035756864,-0.14071963704521195,-0.23805162787114065,-0.1792667957225852,
301042.SZ,20260429,监管审批,,,,3.0,,80.0,1、合理合法使用。,20260429,0,0.008809320829781253,0.016713615023474127,0.015565183572770591,-0.023474178403755874,-0.05063332016848954,-0.03934272300469488,-0.02755878919718746,-0.6479437921718447,-0.6207824176731864,
300769.SZ,20260429,监管审批,,,,3.0,,80.0,1、合理合法使用。,20260429,0,0.19999999999999973,0.12915881983678612,0.12788337561888818,0.2600439422473322,0.2249995928809736,0.02652228499686138,0.039114154072343865,-0.26789077212806023,-0.2246477296231253,
300949.SZ,20260429,监管审批,,,,3.0,,80.0,1、用于公司主营业务相关项目建设及补充流动资金。,20260429,0,0.02872531418312385,0.012964348042882046,0.011820151586235728,0.04113687359760654,0.012180768883132131,-0.06274460234355528,-0.05124772845190351,-0.2225081525804038,-0.17658452298358218,
603065.SH,20260429,监管审批,,,,3.0,,80.0,1、合理合法使用。,20260429,0,-0.002406738868832803,-0.0024125452352231624,-0.0035393726829432426,0.003618817852834688,-0.024293834479557463,-0.05790108564535568,-0.04634479859821761,0.9042001779434738,1.0166743909404419,
300966.SZ,20260429,监管审批,,,,3.0,,80.0,1、合理合法使用。,20260429,0,0.05394016013485037,0.06597361055577777,0.06476953735178714,0.14354258296681333,0.11173837007458465,0.08116753298680512,0.09442970977829468,0.029019008698707438,0.08979943740726037,
300405.SZ,20260429,监管审批,,,,3.0,,80.0,1、合理合法使用。,20260429,0,0.07395498392282951,0.03143712574850288,0.030272063318798503,0.08083832335329344,0.050778041689951925,-0.0119760479041916,0.0001435801156415284,-0.19610778443113774,-0.14862478063363427,
300382.SZ,20260429,监管审批,,,,3.0,,80.0,1、合理合法使用。,20260429,0,-0.013513513513513375,0.017612524461839474,0.01646307764569266,0.07827788649706457,0.04828881571828947,0.02935420743639905,0.041980814380812026,-0.1030658838878018,-0.050087231754283645,
002568.SZ,20260429,监管审批,,,,3.0,,80.0,1、合理合法使用。,20260429,0,0.10000000000000009,0.043811610076670116,0.04263257001670806,0.0021905805038333614,-0.025682349683196826,0.10569550930996718,0.11925855932268314,0.09795368095884083,0.16280583127548454,
600774.SH,20260429,监管审批,,,,3.0,,80.0,1、用于公司主营业务相关项目建设及补充流动资金。,20260429,0,0.016241299303944245,0.0022831050228311334,0.0011509735914148056,0.0011415525114155667,-0.02670220210305807,-0.113013698630137,-0.10213345224695214,-0.23630136986301364,-0.19119245569187449,
600180.SH,20260429,监管审批,,,,3.0,,80.0,1、合理合法使用。,20260428,1,0.047945205479452024,-0.04901960784313719,-0.05677190226612894,-0.22549019607843135,-0.252324455371029,-0.5392156862745098,-0.536842642630105,-0.49673202614379086,-0.470752909787983,
300032.SZ,20260429,监管审批,,,,3.0,,80.0,1、合理合法使用。,20260429,0,-0.031192660550458662,-0.009469696969696906,-0.010588552993719635,0.005681818181818121,-0.02228821032758488,-0.1553030303030304,-0.14494152738552335,-0.2954545454545454,-0.25383959528361677,
688653.SH,20260428,监管审批,,,,3.0,,80.0,1、用于公司主营业务相关项目建设及补充流动资金。,20260428,0,0.02491103202846978,0.00694444444444442,-0.00013466274559303937,0.07430555555555562,0.04826619985353586,0.015277777777777724,0.017790238792634305,-0.1937500000000001,-0.13967646371753695,
688251.SH,20260428,监管审批,,,,3.0,,80.0,1、用于公司主营业务相关项目建设及补充流动资金。,20260428,0,-0.05217391304347818,-0.06391437308868508,-0.07049532254276814,-0.04189602446483187,-0.0651188497490015,-0.2232415902140673,-0.2213193820605306,-0.41961936342768724,-0.38646660060217974,
688376.SH,20260428,监管审批,,,,3.0,,80.0,1、用于公司主营业务相关项目建设及补充流动资金。,20260428,0,0.06264501160092784,0.014410480349345,0.0072788847933931144,0.022125181950509498,-0.0026494094561572146,0.014847161572052459,0.017358556960877403,0.0033243583948270317,0.06063670204462035,
688786.SH,20260428,监管审批,,,,3.0,,80.0,1、用于公司主营业务相关项目建设及补充流动资金。,20260428,0,-0.05446885344568153,0.012730744748567835,0.0056109582138925695,0.04487587523870129,0.019549845377737185,0.23488224061107554,0.2379381466452497,0.04799000463530012,0.10785375934698527,
688113.SH,20260428,监管审批,,,,3.0,,80.0,1、用于公司主营业务相关项目建设及补充流动资金。,20260428,0,0.05742474070326331,0.01866028708133971,0.011498814169632388,0.06842105263157894,0.04252432736088729,-0.06267942583732056,-0.06035988191293651,-0.2150436712452648,-0.17020504404832804,
688179.SH,20260428,监管审批,,,,3.0,,80.0,1、用于公司主营业务相关项目建设及补充流动资金。,20260428,0,-0.01863684771033025,0.048290830168204124,0.040921046071338285,0.23982637004883367,0.20977506882313124,0.11502984264785687,0.1177891554894972,-0.005829598161014693,0.050959849079961206,
688383.SH,20260428,监管审批,,,,3.0,,80.0,1、用于公司主营业务相关项目建设及补充流动资金。,20260428,0,-0.011168215062265396,0.0036981509245377353,-0.003358133894390214,0.018290854572713622,-0.006390799201868691,0.36211894052973514,0.3654897133473667,-0.025187406296851456,0.04019127792542343,
688229.SH,20260428,监管审批,,,,3.0,,80.0,1、合理合法使用。,20260428,0,-0.06455203116304942,0.02558001189768011,0.01836989134312539,0.2516359309934564,0.22129838591791873,-0.0327186198691255,-0.030324933322282366,-0.1751338488994647,-0.11981176548897099,
688090.SH,20260428,监管审批,,,,3.0,,80.0,1、用于公司主营业务相关项目建设及补充流动资金。,20260428,0,-0.07049643481770462,-0.0023158199449991868,-0.009329824830155098,0.25879287885366886,0.2282818614265183,0.24316109422492382,0.24623748755568586,0.1769537097305014,0.24418418700097266,
600278.SH,20260428,监管审批,,,,3.0,,80.0,1、用于公司主营业务相关项目建设及补充流动资金。,20260428,0,-0.01111111111111096,-0.002808988764045006,-0.009819526531474554,0.016853932584269593,-0.007792892623542658,-0.07443820224719111,-0.07214775722357969,-0.1179775280898877,-0.0544703029167104,
603221.SH,20260428,监管审批,,,,3.0,,80.0,1、用于公司主营业务相关项目建设及补充流动资金。,20260428,0,0.03952901597981495,-0.014563106796116498,-0.021491009754910362,0.006472491909385258,-0.01792270467653745,-0.005663430420711935,-0.003202791646383374,1.008090614886732,1.0787300415181424,
301313.SZ,20260428,监管审批,,,,3.0,,80.0,1、合理合法使用。,20260428,0,0.01128349788434413,-0.0016736401673639323,-0.008692159759866702,0.010878661087865948,-0.013623333611431865,0.319386331938633,0.3226513563438611,-0.008089260808925913,0.05843616101385041,
300345.SZ,20260428,监管审批,,,,3.0,,80.0,1、合理合法使用。,20260428,0,-0.04166666666666674,0.030595813204508993,0.023350430133446176,0.17874396135265713,0.15017319474669177,-0.02254428341384851,-0.020125418906593584,-0.08051529790660228,-0.018847342061867778,
603629.SH,20260428,监管审批,,,,3.0,,80.0,1、用于公司主营业务相关项目建设及补充流动资金。,20260428,0,0.10000000000000009,0.10004189359028048,0.09230828472911456,0.40418935902806874,0.3701541760173892,1.017008797653959,1.0220001961476997,0.3506786917607878,0.4278327653113323,
603709.SH,20260428,监管审批,,,,3.0,,80.0,1、用于公司主营业务相关项目建设及补充流动资金。,20260428,0,0.03386127799016947,0.03909138932910716,0.031786279930182904,0.05071315372424734,0.025245638072736165,-0.14685684099313268,-0.14474560702937167,-0.25128841781629874,-0.20107386537684357,
301046.SZ,20260428,监管审批,,,,3.0,,80.0,1、合理合法使用。,20260428,0,-0.023199999999999887,0.006961506961506991,-0.00011772018290123754,0.0491400491400491,0.023710662891865075,0.08968058968058945,0.09237717189694683,-0.24246043484923852,-0.19165380767208373,
002184.SZ,20260428,监管审批,,,,3.0,,80.0,1、合理合法使用。,20260428,0,-0.027996500437445282,0.010801080108010952,0.003694859667181971,0.08280828082808256,0.05656283339856216,0.08910891089108897,0.0918040784003551,-0.10981098109810972,-0.05010782672683323,
300812.SZ,20260428,监管审批,,,,3.0,,80.0,1、合理合法使用。,20260428,0,-0.042564802182810224,0.001994870333428267,-0.005049439936212763,0.1265317754345967,0.09922654420082577,0.14562553434026793,0.14846056092673976,-0.28155797931862003,-0.2405188122364832,
300805.SZ,20260428,监管审批,,,,3.0,,80.0,1、合理合法使用。,20260428,0,-0.030131826741996215,0.01844660194174752,0.011286631297634298,0.046601941747572706,0.021234074944076253,-0.16407766990291273,-0.16200905152892064,-0.17427151030436894,-0.11889159161039042,
300583.SZ,20260428,监管审批,,,,3.0,,80.0,1、用于公司主营业务相关项目建设及补充流动资金。,20260428,0,0.021352313167259718,0.0334494773519165,0.026184032206431063,0.08501742160278747,0.05871842832485297,-0.1045296167247387,-0.10231363753443068,-0.14425087108013945,-0.08685752959631399,
300423.SZ,20260428,监管审批,,,,3.0,,80.0,1、合理合法使用。,20260428,0,-0.040506329113924044,0.04221635883905006,0.034889280011475954,0.07651715039577844,0.050424189362933136,-0.13720316622691286,-0.13506804276016937,-0.23218997361477567,-0.18069452763675342,
301578.SZ,20260428,监管审批,,,,3.0,,80.0,1、用于公司主营业务相关项目建设及补充流动资金。,20260428,0,-0.009683098591549255,0.01244444444444448,0.005326670682720858,0.06340740740740736,0.0376322044454116,-0.06903703703703701,-0.06673322599939235,-0.15161624729054746,-0.09707391034780799,
301115.SZ,20260428,监管审批,,,,3.0,,80.0,1、合理合法使用。,20260428,0,-0.07194244604316546,0.0449612403100772,0.03761486418138138,0.30335917312661476,0.27176794385201264,0.5498708010335913,0.5537061947070196,0.25089709609144717,0.33479220246183927,
300902.SZ,20260428,监管审批,,,,3.0,,80.0,1、合理合法使用。,20260428,0,-0.06213176218532401,0.025699600228440866,0.018488638933747303,0.052541404911479184,0.027029575533085604,-0.11193603655054252,-0.1097383856852302,-0.08737864077669899,-0.02617099528198641,
300576.SZ,20260428,监管审批,,,,3.0,,80.0,1、用于公司主营业务相关项目建设及补充流动资金。,20260428,0,-0.008547008547008406,-0.01854754440961348,-0.025447435633387028,-0.011755485893417128,-0.03570886702443399,0.13714733542319735,0.13996138140246828,-0.206901928175511,-0.16159822468214247,
605055.SH,20260428,监管审批,,,,3.0,,80.0,1、用于公司主营业务相关项目建设及补充流动资金。,20260428,0,-0.0070796460176991705,0.008021390374331583,0.0009347119466578402,0.21568627450980382,0.18622008850683391,0.28342245989304815,0.28659848616551353,-0.21340788792306775,-0.16065276592382272,
301555.SZ,20260428,监管审批,,,,3.0,,80.0,1、合理合法使用。,20260428,0,0.023064250411861442,-0.013150831991411538,-0.020088663645655758,0.02764358561460023,0.0027352374055289452,0.06226516371443913,0.06489390224264202,-0.2254428341384862,-0.18119823258482193,
301135.SZ,20260428,监管审批,,,,3.0,,80.0,1、合理合法使用。,20260428,0,-0.08876364917224366,0.030537301894085767,0.023292330174255582,0.07730962504831851,0.051197455765775945,-0.09030823301970026,-0.08805706082810894,-0.25910659422604476,-0.2167849490628433,
301150.SZ,20260428,监管审批,,,,3.0,,80.0,1、合理合法使用。,20260428,0,0.024955723715987643,0.036286522148916145,0.029001131767790733,0.09959158027018544,0.07293933395391794,0.03361608545397421,0.03617392743167991,-0.17726991472129738,-0.13027355807552232,
301057.SZ,20260428,监管审批,,,,3.0,,80.0,1、合理合法使用。,20260428,0,0.01530771633864414,0.0003076923076923421,-0.006724756618297856,0.038461538461538325,0.01329098131135864,-0.05753846153846143,-0.05520619550721917,-0.3786993217784477,-0.3432091059951379,
301081.SZ,20260428,监管审批,,,,3.0,,80.0,1、合理合法使用。,20260428,0,0.05738786279683383,0.013724266999376011,0.006597495719367519,0.027448533998752245,0.0025449135120492183,0.23393636930754824,0.2369899346377029,-0.3169194581123025,-0.2779002252694087,
300721.SZ,20260428,监管审批,,,,3.0,,80.0,1、合理合法使用。,20260428,0,-0.0164957646009809,-0.0031731640979147935,-0.010181141608680111,-0.10063463281958296,-0.12243373325333051,0.5865820489573892,0.5905082902601404,-0.050317316409791424,0.01337595620781129,
300424.SZ,20260428,监管审批,,,,3.0,,80.0,1、合理合法使用。,20260428,0,0.012921348314606673,0.007764836383804763,0.0006799616039974143,0.057681641708264175,0.03204522165485102,0.13366611203549628,0.13647154319206845,-0.22296173044925116,-0.1708473651017599,
002698.SZ,20260428,监管审批,,,,3.0,,80.0,1、合理合法使用。,20260428,0,-0.0730296456977585,0.0015600624024960652,-0.005481191043139266,0.1684867394695786,0.14016459063138598,-0.018720748829953338,-0.01629242239829576,0.06616369595992277,0.13470704011927004,
002036.SZ,20260428,监管审批,,,,3.0,,80.0,1、用于公司主营业务相关项目建设及补充流动资金。,20260428,0,-0.09944751381215466,-0.030674846625766916,-0.03748947944944925,0.03435582822085892,0.009284786565887826,0.13006134969325167,0.13285786031098112,-0.13006134969325156,-0.07171634607045596,
000526.SZ,20260428,监管审批,,,,3.0,,80.0,1、合理合法使用。,20260428,0,-0.06335616438356162,0.010968921389396646,0.003861520976397026,0.08287629494210846,0.05662919896511598,-0.11547836684948198,-0.11328948202531886,0.06946983546617913,0.14119698703341044,
301231.SZ,20260428,监管审批,,,,3.0,,80.0,1、合理合法使用。,20260428,0,-0.02664933376665579,-0.026377295492487463,-0.03322214132870982,0.050751252086811194,0.025282812995214066,0.12487479131886481,0.12765846700018368,-0.08981636060100151,-0.028772207982401654,
301428.SZ,20260428,监管审批,,,,3.0,,80.0,1、合理合法使用。,20260428,0,0.028437499999999893,0.0012154360376788187,-0.005823394586131125,0.08447280461865692,0.05818701193835296,-0.07323002127013056,-0.07093658641686829,-0.09875417806137932,-0.03830946655500245,
002826.SZ,20260428,监管审批,,,,3.0,,80.0,1、用于公司主营业务相关项目建设及补充流动资金。,20260428,0,0.0030364372469635637,-0.015136226034308864,-0.022060099801083033,-0.032795156407668946,-0.056238571392145054,-0.10141271442986899,-0.09918902198544044,-0.17520109447445942,-0.12808656175138255,
300629.SZ,20260428,监管审批,,,,3.0,,80.0,1、合理合法使用。,20260428,0,-0.04807692307692302,0.004040404040404066,-0.0030182869157310277,0.07515151515151519,0.04909165481492961,-0.06699475355847806,-0.06468588857625446,-0.3051139186285534,-0.2654203244685017,
300293.SZ,20260428,监管审批,,,,3.0,,80.0,1、合理合法使用。,20260428,0,0.03991006183249035,-0.015675675675675738,-0.022595756957317414,0.033513513513513615,0.00846288814715268,-0.05891891891891898,-0.05659006904178443,-0.14756756756756773,-0.09039667012448749,
002048.SZ,20250614,监管审批,,,,29.21,,80.0,1、芜湖汽车零部件智能制造项目;2、重庆汽车内饰件生产基地建设项目;3、研发中心建设项目;4、数字化升级改造项目;5、补,20250613,1,-0.021113243761996303,0.0424836601307188,0.03887411435513499,-0.013071895424836666,-0.008048803710404617,0.16862745098039222,0.12428803521684917,1.013136210617109,0.7831678508613424,
603291.SH,20260428,监管审批,,,,3.0,,80.0,1、用于公司主营业务相关项目建设及补充流动资金。,20260428,0,-0.06528925619834702,-0.0035366931918656697,-0.010542114989217977,0.06896551724137923,0.04305559506635381,-0.094606542882405,-0.09236600751966606,-0.29716840735872974,-0.25702094614306503,
301070.SZ,20260428,监管审批,,,,3.0,,80.0,1、合理合法使用。,20260428,0,-0.016488046166529435,-0.025565800502933778,-0.032416351380826436,0.1027870913663036,0.07605739124776223,-0.016869237217099653,-0.014436328935186316,-0.1481753667618999,-0.09104523316599755,
301191.SZ,20260428,监管审批,,,,3.0,,80.0,1、合理合法使用。,20260428,0,-0.046219035202086034,0.02050440844781609,0.013329970835924243,0.08892078463536324,0.06252718041744632,0.04299090971225472,0.045571951134472544,0.03517243951637372,0.09430402352901912,
002674.SZ,20260428,监管审批,,,,3.0,,80.0,1、合理合法使用。,20260428,0,-0.04789135096497488,0.026276276276276267,0.019061260784174694,0.01051051051051033,-0.013982560839386426,0.1351351351351351,0.13794420161530896,0.7740240240240237,0.8753606193704346,
002362.SZ,20260428,监管审批,,,,3.0,,80.0,1、合理合法使用。,20260428,0,-0.04281183932346733,0.00717835450027593,9.76028557035935e-05,0.06681391496410827,0.04095614400131242,-0.08669243511871894,-0.08443231507909765,-0.10933186085035895,-0.0495965728653146,
002264.SZ,20260428,监管审批,,,,3.0,,80.0,1、用于公司主营业务相关项目建设及补充流动资金。,20260428,0,-0.0036991368680638903,0.027227722772277252,0.020006018339422393,0.07549504950495045,0.04942686247473582,-0.15594059405940597,-0.15385183923972467,-0.21732722338385757,-0.1609733573039661,
300988.SZ,20260428,监管审批,,,,3.0,,80.0,1、用于公司主营业务相关项目建设及补充流动资金。,20260428,0,0.0038138825324178782,0.014057750759878473,0.006928634993736971,0.10980243161094227,0.08290269147068074,-0.040253467863224146,-0.03787842745663195,-0.21869880298413213,-0.17406896586046572,
605318.SH,20260428,监管审批,,,,3.0,,80.0,1、用于公司主营业务相关项目。,20260428,0,0.006551580698835435,0.014154354788717738,0.007024559868647806,0.02004339291249102,-0.004680739437180947,-0.048248786031614754,-0.045893531269541876,-0.18152701725384857,-0.13477383672679977,
300823.SZ,20260428,监管审批,,,,3.0,,80.0,1、合理合法使用。,20260428,0,0.07619610159480206,0.028540065861690556,0.02130913528190037,0.08177826564215152,0.05555778404443412,-0.06366630076838642,-0.06134919901780456,-0.26799535452359635,-0.22618145710969595,
300195.SZ,20260428,监管审批,,,,3.0,,80.0,1、合理合法使用。,20260428,0,-0.11254851228978002,0.026239067055393583,0.01902431315474784,0.023323615160349753,-0.0014800242471159075,-0.1428571428571429,-0.14073601102517497,-0.2302049198578161,-0.1785763403897479,
600975.SH,20260428,监管审批,,,,3.0,,80.0,1、合理合法使用。,20260428,0,0.011049723756906049,0.021857923497267784,0.014673970287796267,0.007285974499089409,-0.017128939533514242,-0.08561020036429878,-0.0833474021683257,-0.1056466302367941,-0.0456641813819304,
003030.SZ,20260428,监管审批,,,,3.0,,80.0,1、合理合法使用。,20260428,0,-0.008360427310729168,0.021545667447306682,0.014363909487097093,0.07119437939110074,0.04523043335477528,0.09601873536299754,0.098731002295678,0.06644844465597721,0.12736659065085276,
920533.BJ,20260428,监管审批,,,,1.0,,80.0,1、合理合法使用。,20260428,0,-0.03443822643133876,0.007579135086937194,0.0004955658403131835,0.16718680338831926,0.13889616280942474,-0.02808738296923763,-0.025682235714383217,-0.2628521334308983,-0.2207444426367563,
001376.SZ,20260428,监管审批,,,,3.0,,80.0,1、合理合法使用。,20260428,0,-0.03155183515775928,0.013962765957446832,0.006834317961609493,0.05585106382978733,0.030259013898330078,-0.031914893617021156,-0.02951921812595093,-0.25112669552085853,-0.19720645302324447,
002326.SZ,20260428,监管审批,,,,3.0,,80.0,1、合理合法使用。,20260428,0,-0.09992652461425422,0.003673469387754924,-0.003382641912916373,-0.032653061224489965,-0.05609992035667544,-0.15510204081632661,-0.15301121086767244,-0.24857142857142855,-0.1944672021973226,
300252.SZ,20260428,监管审批,,,,3.0,,80.0,1、用于公司主营业务相关项目建设及补充流动资金。,20260428,0,0.0013531799729364913,0.018918918918918726,0.011755627751486308,0.08243243243243237,0.05619609493445221,0.0006756756756756133,0.0031520015430193116,-0.26824324324324333,-0.22644350583988038,
300806.SZ,20260427,监管审批,,,,3.0,,80.0,1、合理合法使用。,20260427,0,0.029454651501895635,0.019971671388101964,0.021898961535800288,0.17606232294617574,0.14968647155908,0.1429178470254957,0.1394902946168386,-0.18583569405099154,-0.127744347851662,
002929.SZ,20260427,监管审批,,,,3.0,,80.0,1、合理合法使用。,20260427,0,-0.025013211203100183,-0.006684733514002006,-0.004807812046123017,0.2849141824751582,0.25609708251294183,0.37524841915085827,0.3711241191901653,-0.1118964001000593,-0.04739681968967824,
002877.SZ,20260427,监管审批,,,,3.0,,80.0,1、用于公司业务相关项目建设及补充流动资金。,20260427,0,0.028571428571428692,-0.012222222222222245,-0.010355764130660194,0.022222222222222143,-0.0007034177645917072,-0.0755555555555556,-0.07832791735782485,-0.2657298575216157,-0.2133390308311438,
002941.SZ,20260427,监管审批,,,,3.0,,80.0,1、用于公司主营业务相关项目及补充流动资金。,20260427,0,-0.05196451204055763,-0.045454545454545525,-0.043650881586536405,-0.05614973262032097,-0.07731770467278187,-0.18983957219251346,-0.19226920204995002,-0.3424838509137976,-0.2955694898086464,
300663.SZ,20260427,监管审批,,,,3.0,,80.0,1、合理合法使用。,20260427,0,0.000779423226812126,-0.03816199376947049,-0.036344550241291906,-0.21728971962616828,-0.23484376385621797,-0.37772585669781933,-0.37959202515802093,-0.19236760124610597,-0.13371233754564937,
920806.BJ,20260427,监管审批,,,,1.0,,80.0,1、合理合法使用。,20260427,0,-0.01859678782755725,-0.031869078380706184,-0.030039744057744455,0.027562446167097576,0.004517039608057383,-0.10249784668389306,-0.10518940992737524,-0.17338618818617269,-0.11440655868834992,
002562.SZ,20260427,监管审批,,,,3.0,,80.0,1、合理合法使用。,20260427,0,0.04129263913824044,-0.0017241379310345417,0.00016215684324305535,0.0344827586206895,0.011282148439131223,-0.10517241379310338,-0.10785595614605425,-0.26665725758060643,-0.2143326017078656,
920123.BJ,20260427,监管审批,,,,1.0,,80.0,1、合理合法使用。,20260427,0,-0.0029325513196482023,-0.030147058823529305,-0.028314470653995394,-0.0051470588235293935,-0.027458880923867612,-0.17941176470588216,-0.18187266702683036,-0.2872367928700207,-0.23638050511460373,
920407.BJ,20260427,监管审批,,,,1.0,,80.0,1、合理合法使用。,20260427,0,-0.016328828828828912,-0.01602747567258156,-0.01416820780766015,0.03548941041785936,0.012266223798230946,-0.08929593589009721,-0.0920270909916101,-0.2714881139664209,-0.2195081439865607,
603439.SH,20260427,监管审批,,,,3.0,,80.0,1、合理合法使用。,20260427,0,0.027472527472527597,-0.008912655971479722,-0.007039944280325505,-0.01782531194295911,-0.039852795608503966,0.31907308377896615,0.3151172507877602,-0.13321318408371507,-0.07136717506995083,
002976.SZ,20260427,监管审批,,,,3.0,,80.0,1、合理合法使用。,20260427,0,0.02525951557093431,-0.013837327033412117,-0.011973920767383461,0.04994937563280466,0.026401891664191712,0.2477219034762066,0.24398004904045312,-0.16633328668757486,-0.10578724992248223,
002115.SZ,20260427,监管审批,,,,3.0,,80.0,1、合理合法使用。,20260427,0,0.09983498349835007,0.050262565641410184,0.052247092027816855,0.14928732183045756,0.12351196026140854,-0.02550637659414856,-0.0284288333348659,-0.22505626406601664,-0.16976334036473817,
300950.SZ,20260427,监管审批,,,,3.0,,80.0,1、用于公司主营业务相关项目。,20260427,0,0.005560704355885404,-0.020737327188940058,-0.01888695883630831,0.012903225806451646,-0.009813414657340758,-0.0930875576036867,-0.09580734182480699,-0.32494762896080587,-0.27678204284731667,
300981.SZ,20260427,监管审批,,,,3.0,,80.0,1、合理合法使用。,20260427,0,-0.028647568287808234,0.005486968449931462,0.007386888989190377,0.015089163237311576,-0.007676501805955027,-0.07704353056465385,-0.07981143000566093,0.03340171768332589,0.10845374674102959,
002888.SZ,20260427,监管审批,,,,3.0,,80.0,1、合理合法使用。,20260427,0,-0.005860415556739329,-0.008038585209003246,-0.006164221915146539,0.07609860664523027,0.05196466716519277,0.03269024651661301,0.029593261067434096,-0.19054627377836064,-0.1327910316255272,
300141.SZ,20260427,监管审批,,,,3.0,,80.0,1、合理合法使用。,20260427,0,-0.004594180704440953,-0.023076923076923106,-0.02123097551383979,0.019230769230769162,-0.0036277806724712702,-0.0838461538461539,-0.0865936525664317,-0.21076923076923093,-0.15345040730304726,
300749.SZ,20260427,监管审批,,,,3.0,,80.0,1、合理合法使用。,20260427,0,-0.0037799244015119804,-0.03499156829679573,-0.033168134082847134,0.07841483979763919,0.05422895356255841,-0.0720910623946035,-0.07487381403539839,-0.2913153456998313,-0.23984627964629113,
002796.SZ,20260427,监管审批,,,,3.0,,80.0,1、合理合法使用。,20260427,0,-0.00848484848484854,-0.06025148445686346,-0.05847578018376787,0.01589242053789741,-0.006891259362892033,-0.12766329025497725,-0.1302793836149928,-0.5743974851554314,-0.5434875962278666,
300135.SZ,20260427,监管审批,,,,3.0,,80.0,1、合理合法使用。,20260427,0,0.034574468085106336,0.020565552699228773,0.022493965016916695,0.03084832904884327,0.00772922915155605,-0.07969151670951158,-0.08245147497494554,-0.15681233933161964,-0.09557483243890041,
603176.SH,20260427,监管审批,,,,3.0,,80.0,1、用于补充公司流动资金。,20260427,0,-0.01081081081081059,0.007285974499089187,0.009189294354948307,0.02914389799635697,0.006063023811485602,-0.04371584699453557,-0.046583694461022396,-0.2771968908153135,-0.22562424713295925,
688757.SH,20260425,监管审批,,,,10.34,,80.0,1、青岛检测分析能力提升建设项目;2、苏州总部检测分析能力提升建设项目;3、半导体检测分析大模型研发平台建设项目。,20260424,1,0.020952380952381056,0.01455223880597023,0.012952380498288285,0.05932835820895521,0.03888791768191302,0.550373134328358,0.5451368860088317,0.17740426875454895,0.23909413706688243,
688593.SH,20260425,监管审批,,,,3.0,,80.0,1、用于公司主营业务相关项目及补充流动资金。,20260424,1,-0.006039415130324244,0.09561880396546196,0.09389111092164226,0.0981771666133675,0.07698711266232583,0.2833386632555166,0.2790043002753646,-0.13319357729730774,-0.08777742289065049,
688455.SH,20260425,监管审批,,,,3.0,,80.0,1、合理合法使用。,20260424,1,-0.01904761904761898,-0.05692850838481911,-0.058415647935537884,-0.0887025595763461,-0.10628664574668079,-0.03221535745807591,-0.03548396460558623,-0.3923212709620477,-0.36048206180900844,
688207.SH,20260425,监管审批,,,,3.0,,80.0,1、用于公司主营业务相关项目及补充流动资金。,20260424,1,0.014830508474576343,0.03340292275574108,0.031773338602342216,0.10299234516353506,0.08170937916117404,0.17954070981210846,0.17555691525142536,0.14822546972860118,0.22242296175645682,
688302.SH,20260425,监管审批,,,,3.0,,80.0,1、用于公司主营业务相关项目及补充流动资金。,20260424,1,-0.008911521323997529,-0.12160137015628347,-0.12298652637757956,-0.05673303361164628,-0.07493399290644265,-0.12588310854206808,-0.128835361133796,-0.2986512524084779,-0.25333060809245467,
688306.SH,20251016,监管审批,,,,10.25,,80.0,1、智能机器人研发及产业化项目;2、医疗健康智能设备应用及技术服务能力提升项目;3、信息化建设项目;4、补充流动资金项目,20251016,0,-0.07968413496051685,-0.05304212168486733,-0.03418247567017729,-0.04758190327613099,-0.04908300687459366,-0.1365054602184087,-0.16077913203257477,-0.06864274570982842,-0.12433228316457179,
688395.SH,20260425,监管审批,,,,3.0,,80.0,1、用于公司主营业务相关项目及补充流动资金。,20260424,1,0.017570664629488197,0.06493993993993996,0.06326062472587024,0.10885885885885882,0.08746269459897826,0.0653153153153152,0.06171730693522148,-0.2758105731816286,-0.23786680861479326,
688628.SH,20260425,监管审批,,,,3.0,,80.0,1、用于公司主营业务相关项目及补充流动资金。,20260424,1,-0.02834489593657097,0.07201142390860871,0.07032095759561852,-0.04538963688290487,-0.06380947451170571,-0.061607507139942896,-0.06477684489805835,-0.3408763175238728,-0.3063416600128178,
688607.SH,20260425,监管审批,,,,3.0,,80.0,1、用于公司主营业务相关项目及补充流动资金。,20260424,1,-0.013564760793465691,-0.028981221351471076,-0.03051243127888137,0.02025728227118151,0.0005707439670383785,-0.13795652816797288,-0.1408680038513377,-0.42806446843116963,-0.3911064117055545,
688677.SH,20260425,监管审批,,,,2.6,,80.0,1、用于公司主营业务相关项目及补充流动资金。,20260424,1,-0.015419816951850351,0.1999595837122361,0.19806735457365177,0.14064868141861164,0.1186391115301908,0.4421541881378195,0.43728343975026696,-0.22944406405045525,-0.18907093523014196,
688335.SH,20260425,监管审批,,,,3.0,,80.0,1、用于公司主营业务相关项目及补充流动资金。,20260424,1,-0.03125000000000011,0.012662044015676832,0.011065166376434288,-0.060898402170636134,-0.0790189879271962,-0.12631896291829958,-0.12926974345037,-0.4385335208746237,-0.40225196667894814,
688215.SH,20260425,监管审批,,,,3.0,,80.0,1、用于公司主营业务相关项目及补充流动资金。,20260424,1,0.020241884150222766,-0.01048165710007487,-0.012042039188783549,-0.05278263039680564,-0.07105981533150396,-0.07661592213626156,-0.07973457029839315,-0.4410900839798295,-0.4118061073264975,
688221.SH,20260425,监管审批,,,,3.0,,80.0,1、用于公司主营业务相关项目。,20260424,1,-0.002106371774618143,0.19999999999999996,0.19810770712853798,0.17308707124010558,0.15045158118934676,0.12875989445910307,0.12494760761689672,0.12031662269129284,0.17901539485987894,
688398.SH,20260425,监管审批,,,,3.0,,80.0,1、用于公司主营业务相关项目及补充流动资金。,20260424,1,-0.03428011753183158,0.08857336037863428,0.08685677737037767,0.14266396213657884,0.12061550607529026,0.10682893847194053,0.10309072149645893,-0.3415862043398248,-0.3070887412108141,
688081.SH,20260425,监管审批,,,,3.0,,80.0,1、用于公司主营业务相关项目及补充流动资金。,20260424,1,-0.012373453318335281,0.015375854214122908,0.013774697138469572,0.023158694001518487,0.0034161710411930724,0.05542900531511008,0.051864387073802254,-0.4848139711465451,-0.45152302587797166,
688365.SH,20260425,监管审批,,,,3.0,,80.0,1、用于公司主营业务相关项目及补充流动资金。,20260424,1,-0.01790416008425466,0.07506702412868638,0.0733717394069342,0.09865951742627321,0.07746015619762692,-0.015549597855228026,-0.018874492133740373,-0.21554959785522787,-0.16485898525878173,
002272.SZ,20260425,监管审批,,,,9.5,,80.0,1、液冷系统扩能及关键零部件产业化建设项;2、储能电站及储能系统集成建设项目;3、补充流动资金。,20260424,1,0.021635883905013253,-0.05475206611570249,-0.056242637721580446,-0.017045454545454586,-0.036012211898311386,0.08626033057851257,0.082591582259403,-0.31921487603305787,-0.2752230380709899,
603906.SH,20260425,监管审批,,,,3.0,,80.0,1、用于公司主营业务相关项目及补充流动资金。,20260424,1,0.06929392446633842,-0.03224815724815733,-0.03377421550931026,0.03194103194103182,0.012029047968028062,-0.19656019656019674,-0.19927374352992333,-0.4434889434889435,-0.41433065461435004,
300318.SZ,20260425,监管审批,,,,3.0,,80.0,1、合理合法使用。,20260424,1,0.007259528130671544,0.0018018018018020054,0.00022204979499584887,0.010810810810810922,-0.008693451585602863,-0.108108108108108,-0.11112039419376785,-0.14414414414414412,-0.08883936323132546,
002921.SZ,20260425,监管审批,,,,3.0,,80.0,1、合理合法使用。,20260424,1,0.06946564885496165,-0.00713775874375433,-0.008703413861648523,0.08708065667380449,0.06610471721306199,-0.016773733047822814,-0.020094492917847817,-0.24411134903640253,-0.19526637596062268,
601330.SH,20260425,监管审批,,,,3.0,,80.0,1、用于公司主营业务相关项目及补充流动资金。,20260424,1,-0.06420021762785633,0.011627906976743985,0.0100326600792906,0.011627906976743985,-0.007892121830013865,0.037209302325581284,0.03370621952180697,-0.12855400623599456,-0.08289476240339122,
301255.SZ,20260425,监管审批,,,,3.0,,80.0,1、合理合法使用。,20260424,1,-0.00755235152763456,0.0031131096506398226,0.0015312898284214338,0.03666551366309223,0.016662367693987212,-0.049809754410238716,-0.05301893803612445,-0.3603723679937616,-0.3268592022659581,
603790.SH,20260425,监管审批,,,,3.0,,80.0,1、合理合法使用。,20260424,1,0.0030068728522338883,0.038115631691648666,0.036478616016979215,0.08822269807280514,0.06722472216876829,0.21156316916488205,0.2074712215762211,-0.1846146586333961,-0.14189270181059566,
300317.SZ,20260425,监管审批,,,,3.0,,80.0,1、合理合法使用。,20260424,1,-0.02249488752556228,0.008368200836820217,0.00677809420494313,0.12343096234309625,0.10175361971928809,0.03556485355648542,0.03206732473317753,-0.043933054393305526,0.017847294018157767,
002286.SZ,20260425,监管审批,,,,3.0,,80.0,1、合理合法使用。,20260424,1,0.0038610038610040753,-0.010576923076923261,-0.012137154939691253,-0.018269230769230815,-0.0372123745513504,-0.1230769230769232,-0.12603865331219433,-0.27555651810313964,-0.23759944236973896,
301395.SZ,20260425,监管审批,,,,3.0,,80.0,1、合理合法使用。,20260424,1,0.030645161290322465,0.028951486697965656,0.02732892206183335,0.12519561815336466,0.10348422532986046,-0.05242566510172142,-0.0556260137203054,-0.2363067292644757,-0.18695742735383314,
301002.SZ,20260425,监管审批,,,,3.0,,80.0,1、合理合法使用。,20260424,1,0.03314310798946418,0.020820055236881352,0.01921031314223942,0.03441682600382423,0.014457069948721868,0.2067134055661779,0.20263783762570076,-0.40450393031654985,-0.3733030292376508,
000593.SZ,20260425,监管审批,,,,3.0,,80.0,1、合理合法使用。,20260424,1,0.0707739307535642,0.09985734664764623,0.09812296980040758,0.28388017118402264,0.259106855073326,0.03566333808844502,0.03216547664232938,-0.07037565382786493,-0.021668166504109188,
000510.SZ,20260425,监管审批,,,,3.0,,80.0,1、合理合法使用。,20260424,1,0.009544787077826689,-0.04872727272727273,-0.05022734489446812,0.12363636363636354,0.10195505765890145,0.3090909090909091,0.30466957017509766,-0.018181818181818188,0.04526255632371945,
300986.SZ,20260425,监管审批,,,,3.0,,80.0,1、合理合法使用。,20260424,1,-0.04156064461407949,0.04601769911504405,0.04436822258549533,0.038938053097345104,0.018891056978481258,-0.13185840707964602,-0.13479047862835059,-0.3701760866960635,-0.3371765849083066,
603937.SH,20260425,监管审批,,,,3.0,,80.0,1、用于公司主营业务相关项目及补充流动资金。,20260424,1,0.10007942811755366,-0.09963898916967506,-0.1010587781051222,0.21155234657039723,0.18817464361968894,0.04981949458483759,0.046273821970543194,-0.291696750902527,-0.25458533953636864,
300753.SZ,20260425,监管审批,,,,3.0,,80.0,1、合理合法使用。,20260424,1,-0.018034596981965523,0.029985007496251992,0.028360813090086978,0.04272863568215901,0.02260849776803675,-0.1285607196401799,-0.13150392883693252,-0.13943028485757114,-0.08382089779721724,
002862.SZ,20260425,监管审批,,,,3.0,,80.0,1、合理合法使用。,20260424,1,-0.0028571428571430024,0.09054441260744994,0.08882472142579179,0.07621776504298006,0.05545143225292737,-0.04068767908309456,-0.04392767171266121,-0.23037249283667605,-0.18063972489810498,
301021.SZ,20260425,监管审批,,,,2.0,,80.0,1、合理合法使用。,20260424,1,-0.010898752171852877,0.013254551261577818,0.011656739291303841,-0.025071862024912295,-0.04388374454273014,0.4449057809006709,0.44002573925160515,0.047927416397553824,0.10283337014174365,
300700.SZ,20260425,监管审批,,,,3.0,,80.0,1、合理合法使用。,20260424,1,-0.0238948626045401,0.0367197062423501,0.035084891817494634,0.09241126070991457,0.07133246372258073,0.20379436964504283,0.19972866049055615,-0.14320685434516522,-0.0878415064494491,
301408.SZ,20260425,监管审批,,,,3.0,,80.0,1、用于公司主营业务相关项目及补充流动资金。,20260424,1,-0.054441260744985565,0.008585858585858475,0.006995408727142216,0.13989898989898975,0.1179038858037309,-0.1474445685354776,-0.15032399920056272,-0.2963115181297,-0.25944189659740857,
002902.SZ,20260425,监管审批,,,,3.0,,80.0,1、合理合法使用。,20260424,1,-0.03737971872686896,0.09996155324875056,0.0982270120770048,0.22222222222222232,0.19863863697165662,0.29603998462129955,0.2916627240501195,-0.2003075740099961,-0.14863203295432292,
001212.SZ,20260425,监管审批,,,,3.0,,80.0,1、合理合法使用。,20260424,1,-0.007992007992007943,0.04048338368580073,0.038842634277614696,0.11681772406847957,0.09526798824627902,0.0886203423967773,0.08494362334620709,-0.36173212487411877,-0.3204877205085871,
300816.SZ,20260425,监管审批,,,,3.0,,80.0,1、合理合法使用。,20260424,1,-0.029751332149200782,0.0688024408848209,0.06711703485158127,0.16033562166285287,0.13794617925605412,0.4459191456903129,0.44103568149117867,-0.26274743869630635,-0.22411923373161313,
603538.SH,20260425,监管审批,,,,3.0,,80.0,1、合理合法使用。,20260424,1,0.036543654365436495,-0.020493226814866317,-0.02203782155190548,0.1896491837443557,0.1666941167909095,-0.1931226120180618,-0.19584776912594382,-0.29547451270383684,-0.2585610364345884,
600367.SH,20260425,监管审批,,,,3.0,,80.0,1、合理合法使用。,20260424,1,0.009349955476402494,-0.04278782531980607,-0.04429726346532614,0.050286722540802575,0.03002074634742047,0.3321570357300394,0.32765779300889375,0.3651077025314331,0.43663225585278,
603976.SH,20260425,监管审批,,,,3.0,,80.0,1、合理合法使用。,20260424,1,-0.0004761904761905189,0.019533111005240578,0.017925398306761542,0.01476893758932829,-0.004811699478251219,0.04430681276798509,0.040779758749601935,0.10608652456644552,0.16403971350360513,
603327.SH,20260425,监管审批,,,,3.0,,80.0,1、合理合法使用。,20260424,1,-0.023323615160349753,0.06865671641791038,0.06697154017914575,0.0885572139303481,0.06755278332183878,0.020895522388059806,0.0174475379350576,-0.15407235490428417,-0.1097501400010562,
603080.SH,20260425,监管审批,,,,3.0,,80.0,1、合理合法使用。,20260424,1,-0.010082493125572856,0.0037037037037035425,0.002120952567387979,0.006018518518518423,-0.013393273432041886,0.12268518518518512,0.11889341513698337,-0.14622912732252147,-0.10149596803128447,
603527.SH,20260425,监管审批,,,,3.0,,80.0,1、用于公司主营业务相关项目及补充流动资金。,20260424,1,-0.011216566005176731,0.05671902268760887,0.05505267112613388,0.18324607329842935,0.16041455859131348,0.14921465968586367,0.1453332886808365,-0.20753840999750706,-0.16601753868153302,
300903.SZ,20260425,监管审批,,,,3.0,,80.0,1、合理合法使用。,20260424,1,-0.05511257035647288,0.06378754033258871,0.06211004234982087,0.29064283941424685,0.2657390331522267,0.8446264581782079,0.8383963952482449,0.1610821543807397,0.23611043598967596,
300642.SZ,20260425,监管审批,,,,3.0,,80.0,1、合理合法使用。,20260424,1,0.015815085158150666,-0.0059880239520957446,-0.007555492099115213,-0.008383233532934242,-0.027517134163006718,-0.14215853365367193,-0.14505581743466434,-0.25850667350247114,-0.21059191578984815,
300582.SZ,20260425,监管审批,,,,3.0,,80.0,1、合理合法使用。,20260424,1,0.019440124416796323,0.1998474446987033,0.19795539239333215,0.1624713958810069,0.14004074229964925,0.19527078565980172,0.19123386415735233,-0.21967963386727685,-0.16925590118436473,
003040.SZ,20260425,监管审批,,,,3.0,,80.0,1、合理合法使用。,20260424,1,-0.005161290322580614,-0.03826199740596625,-0.03977857237806859,-0.021400778210116767,-0.04028349671547771,-0.13294422827496766,-0.1358726325584937,-0.27764955765316124,-0.23097179914636212,
002861.SZ,20260425,监管审批,,,,3.0,,80.0,1、合理合法使用。,20260424,1,-0.000652315720808816,0.06853785900783294,0.06685287019659314,0.07375979112271525,0.05304088656333805,0.19060052219321122,0.18657937409310432,-0.048955613577023493,0.012500180724800192,
002723.SZ,20260425,监管审批,,,,3.0,,80.0,1、合理合法使用。,20260424,1,-0.025870646766169347,0.054136874361593534,0.05247459461751047,0.038815117466802995,0.018770493472149097,-0.06741573033707848,-0.07056545133437553,-0.3207354443309499,-0.27684186438277825,
688117.SH,20260424,监管审批,,,,3.0,,80.0,1、用于公司主营业务相关项目及补充流动资金。,20260424,0,0.03201707577374613,-0.023009307135470558,-0.02454993423846419,-0.04912099276111692,-0.06746883141309168,-0.10599793174767336,-0.1090173447676025,-0.14590898694176457,-0.1011590539573668,
688269.SH,20260424,监管审批,,,,3.0,,80.0,1、用于公司主营业务相关项目及补充流动资金。,20260424,0,0.050203873598368975,-0.003882552778451953,-0.005453341065548845,-0.0016986168405727087,-0.02096150156598009,-0.0497452074739142,-0.05295460910137606,-0.3017302040691151,-0.26514449353570424,
688129.SH,20260424,监管审批,,,,3.0,,80.0,1、用于公司主营业务相关项目及补充流动资金。,20260424,0,0.013262599469495928,0.10172026925953648,0.09998295474964891,0.09012715033657459,0.06909242676791383,0.1641735228122665,0.16024162956831933,-0.29191081904922833,-0.2548106237420994,
688157.SH,20260424,监管审批,,,,3.0,,80.0,1、用于公司主营业务相关项目及补充流动资金。,20260424,0,0.0007876082961404407,0.020461699895068408,0.018852522894808876,-0.08630640083945429,-0.10393672247566244,-0.19307450157397688,-0.19579982117063433,-0.4703709600814865,-0.44262114925268614,
688228.SH,20260424,监管审批,,,,3.0,,80.0,1、用于公司主营业务相关项目及补充流动资金。,20260424,0,-0.022917459109927596,0.020243309002432985,0.018634476385114507,0.04875912408759131,0.028522623915586465,-0.060924574209245796,-0.06409621851301239,-0.3575669099756691,-0.3160533524626331,
688058.SH,20260424,监管审批,,,,3.0,,80.0,1、用于公司主营业务相关项目及补充流动资金。,20260424,0,-0.008480565371024817,0.022095509622238163,0.02048375624989518,0.07662152530292254,0.05584740169190616,-0.059871703492516026,-0.06304690377413025,-0.2312900926585887,-0.1816166193509643,
301226.SZ,20260424,监管审批,,,,1.8,,80.0,1、用于公司主营业务相关项目及补充流动资金。,20260424,0,-0.03184053844162582,0.04304812834224592,0.041403334560701,0.050802139037433136,0.030526217542233614,0.061764705882353166,0.058178689372000436,-0.33415329557283047,-0.2992663866305322,
300290.SZ,20260424,监管审批,,,,3.0,,80.0,1、合理合法使用。,20260424,0,0.01618341200269713,0.049767750497677454,0.04811236047187961,0.06370272063702731,0.04317787389697125,-0.15461181154611803,-0.15746703548100438,-0.6142253376858775,-0.5868605069794355,
300475.SZ,20260424,监管审批,,,,3.0,,80.0,1、合理合法使用。,20260424,0,0.03619157235117343,0.05516815797593333,0.053504251989656915,0.20123418697932727,0.1780555797347192,0.18926257327985185,0.18524594398402106,0.006338135299733372,0.05906502672674385,
301397.SZ,20260424,监管审批,,,,3.0,,80.0,1、合理合法使用。,20260424,0,0.033575073865162564,-0.015072765072765004,-0.01662590739406633,0.024428274428274666,0.004661254074854515,-0.10005197505197483,-0.10309147001544805,-0.11809835075094699,-0.07189128487700347,
300434.SZ,20260424,监管审批,,,,3.0,,80.0,1、合理合法使用。,20260424,0,0.10993249758919976,0.01303214596003488,0.011434684703066411,-0.0017376194613379914,-0.020999751605410344,-0.1268462206776716,-0.12979522044323144,-0.08933900429711572,-0.04162509804339143,
300543.SZ,20260424,监管审批,,,,3.0,,80.0,1、用于公司主营业务相关项目及补充流动资金。,20260424,0,-0.04806687565308254,0.0373216245883643,0.03568586099201254,0.05708013172338111,0.036683072211690426,-0.020856201975850808,-0.024163173667668514,-0.17825492221324557,-0.12515435488963111,
603161.SH,20260424,监管审批,,,,3.0,,80.0,1、合理合法使用。,20260424,0,0.009708737864077888,0.0027472527472527375,0.001166009848709626,0.014423076923076872,-0.005150886534451171,-0.09615384615384626,-0.09920650670335818,-0.03355226789344978,0.028898879367082797,
603139.SH,20260424,监管审批,,,,3.0,,80.0,1、合理合法使用。,20260424,0,-0.025495750708215303,-0.0293604651162791,-0.03089107701012883,0.0784883720930234,0.057678226439841884,0.08982558139534902,0.08614479175651768,-0.03837209302325584,0.023767600654271748,
603203.SH,20260424,监管审批,,,,3.0,,80.0,1、合理合法使用。,20260424,0,0.014134275618374659,0.050740418118466746,0.049083494282664564,0.038109756097560954,0.0180787425165303,0.5696864111498254,0.5643849339437415,0.15106122324305815,0.21137085279486056,
300214.SZ,20260424,监管审批,,,,3.0,,80.0,1、合理合法使用。,20260424,0,0.012787723785166127,-0.002525252525252486,-0.004098181153677327,0.148989898989899,0.12681937979773505,0.039141414141414144,0.035631805800641736,0.5075757575757576,0.5662038854082634,
301093.SZ,20260424,监管审批,,,,3.0,,80.0,1、合理合法使用。,20260424,0,0.0,0.04655636783378214,0.044906041871752844,0.11658330126971905,0.0950380887902944,0.6160061562139283,0.6105482381602301,0.04079240510274884,0.09532452131393132,
300975.SZ,20260424,监管审批,,,,3.0,,80.0,1、合理合法使用。,20260424,0,-0.0665380906460944,0.03667355371900838,0.03503881207256199,0.1823347107438018,0.15952078137927783,0.6167355371900827,0.6112751557165623,0.3487339054158791,0.4194005568129364,
300897.SZ,20260424,监管审批,,,,3.0,,80.0,1、合理合法使用。,20260424,0,0.003017729158808047,-0.008273787138021738,-0.009837650840555767,-0.0075216246709288725,-0.02667215061322381,-0.0371457121281733,-0.040397667438274665,-0.330737347446468,-0.2956714605645874,
300907.SZ,20260424,监管审批,,,,3.0,,80.0,1.用于公司主营业务相关项目和偿还银行贷款及补充流动资金。,20260424,0,-0.027045300878972167,0.0389159138290478,0.03727763618089175,0.06532314107018755,0.044767027247327285,0.43676164002779716,0.43190910449517217,0.3840517916955424,0.45656891689457346,
603217.SH,20260424,监管审批,,,,3.0,,80.0,1、用于公司主营业务相关项。,20260424,0,-0.020909392631928148,0.0264406779661015,0.024822072651189853,0.045762711864406835,0.025584029445856693,-0.03559322033898327,-0.03885041905297382,-0.3853373812687466,-0.3531322525697018,
301107.SZ,20260424,监管审批,,,,3.0,,80.0,1、合理合法使用。,20260424,0,-0.022564469914040153,0.009527299377061205,0.007935364950263146,0.01722242579699529,-0.002405552946471601,0.027482594356907253,0.024012362650154495,-0.12409954651324784,-0.07820691212738151,
301051.SZ,20260424,监管审批,,,,3.0,,80.0,1、合理合法使用。,20260424,0,-0.008448199199644235,0.04484304932735417,0.04319542511565522,0.04663677130044852,0.026441223327624108,0.12914798206278033,0.1253343844889716,-0.19999795078622074,-0.14830240210375012,
300928.SZ,20260424,监管审批,,,,3.0,,80.0,1、合理合法使用。,20260424,0,0.009462656302805073,0.014730498828255723,0.013130359420432614,0.15902243053230647,0.13665832701594383,0.10478741211918319,0.10105609021863371,-0.1911617007030466,-0.13889515998775037,
300827.SZ,20260424,监管审批,,,,3.0,,80.0,1、用于公司及子公司(全资子公司、控股子公司)主营业务相关项目建设及补充流动资金。,20260424,0,-0.049537987679671436,-0.0029705644072373083,-0.004542790818579001,0.040237645152579216,0.020165572546421817,-0.0069861710367028484,-0.010339987532902661,-0.31044469448524115,-0.2743155779870706,
300929.SZ,20260424,监管审批,,,,3.0,,,1、用于公司主营业务相关项目及补充流动资金。,20260424,0,0.01194267515923575,0.033044846577497955,0.03141582707826518,0.12116443745082606,0.09953082892221543,-0.0007867820613691734,-0.004161536446252279,0.06215578284815115,0.13079151451228532,
300650.SZ,20260424,监管审批,,,,3.0,,80.0,1、合理合法使用。,20260424,0,-0.03589743589743588,0.030585106382978733,0.02895996567444259,0.0957446808510638,0.07460156331985068,-0.005319148936170026,-0.00867859565226936,-0.31611066901211815,-0.2802784201504085,
300461.SZ,20260424,监管审批,,,,3.0,,80.0,1、合理合法使用。,20260424,0,0.00033846674564208534,0.00118423278633073,-0.000394545369270749,-0.09829132126543727,-0.11569038594407388,-0.1443072238199965,-0.1471972505897421,-0.5078666892234815,-0.48208145985105,
300334.SZ,20260424,监管审批,,,,3.0,,80.0,1、合理合法使用。,20260424,0,0.05329593267882182,0.04660452729693754,0.04495412539173427,0.08388814913448739,0.06297381121587664,0.029294274300932344,0.02581792380519099,0.0066577896138482195,0.07170728145041827,
300153.SZ,20260424,监管审批,,,,3.0,,80.0,1、合理合法使用。,20260424,0,-0.014774774774774735,0.0314557425018287,0.029829228877858105,0.1506949524506216,0.128491533125473,0.029261155815654583,0.025784917174672017,-0.2571302477909786,-0.21820773119821446,
002907.SZ,20260424,监管审批,,,,3.0,,80.0,1、合理合法使用。,20260424,0,-0.004322766570605263,0.01447178002894356,0.012872048597569963,-0.00940665701881338,-0.028520810016591236,-0.11432706222865407,-0.1173183443460808,-0.08308478216529414,-0.03504318715593424,
002953.SZ,20260424,监管审批,,,,3.0,,80.0,1、合理合法使用。,20260424,0,-0.012448132780082943,0.01008403361344512,0.008491221266458071,0.005042016806722671,-0.014350932898173352,-0.1033613445378152,-0.10638966239816061,-0.19497125361847611,-0.14295088343285733,
001324.SZ,20260424,监管审批,,,,3.0,,80.0,1、合理合法使用。,20260424,0,-0.006896551724138056,0.013888888888889062,0.012290076624806634,0.05406746031746046,0.03372853229089712,-0.05902777777777768,-0.06220582834395094,-0.11278190886578898,-0.06629628905035811,
002333.SZ,20260424,监管审批,,,,3.0,,80.0,1、用于公司主营业务相关项目建设、补充流动资金或偿还贷款。,20260424,0,-0.012522361359570633,0.03079710144927561,0.029171626443445398,0.007246376811594235,-0.012189107475927274,-0.06884057971014479,-0.07198548840453867,-0.02701595637901233,0.03585756256223083,
000751.SZ,20260424,监管审批,,,,3.0,,80.0,1、合理合法使用。,20260424,0,-0.029673590504451064,-0.04587155963302758,-0.04737613500483229,-0.02905198776758422,-0.04778707112968916,-0.19877675840978593,-0.20148281913765043,-0.3059972811865598,-0.2696351433311486,
603045.SH,20260424,监管审批,,,,3.0,,80.0,1、合理合法使用。,20260424,0,0.04103552740291905,0.06772486772486785,0.06604116092830248,0.3584656084656086,0.332253117066982,0.9126984126984128,0.906238442754731,0.410032079323418,0.48391043665402234,
603353.SH,20260424,监管审批,,,,3.0,,80.0,1、合理合法使用。,20260424,0,-0.0019172829361818744,0.02661909989023048,0.025000213219873002,0.30076838638858394,0.2756692010081545,0.4165751920965972,0.41179083450882725,-0.22667527181618763,-0.176703592153025,
300916.SZ,20260424,监管审批,,,,3.0,,80.0,1、合理合法使用。,20260424,0,0.010101010101010166,0.005277777777777715,0.003692544467170933,0.03888888888888875,0.018842841425907864,-0.02416666666666656,-0.027462457556398423,-0.47876032119853584,-0.45145006931840725,
301027.SZ,20260424,监管审批,,,,3.0,,80.0,1、合理合法使用。,20260424,0,-0.029674796747967358,0.0946795140343526,0.09295330216690023,0.024717218265605467,0.004944622549950539,-0.10934227063259316,-0.11235038844333789,-0.21784666945957265,-0.16730449195409436,
301120.SZ,20260424,监管审批,,,,3.0,,80.0,1、合理合法使用。,20260424,0,-0.1295025728987994,0.0,-0.0015769107262183502,0.0024630541871921707,-0.01688013273014366,0.1857938694537975,0.18178895539875484,-0.28516672649079977,-0.24771317576204,
300872.SZ,20260424,监管审批,,,,3.0,,80.0,1、合理合法使用。,20260424,0,-0.019076923076923213,-0.011919698870765383,-0.01347781329598119,0.1461731493099121,0.12405698116373598,0.18381430363864504,0.17981607539229172,-0.06524466750313673,-0.004841459980379881,
603676.SH,20260424,监管审批,,,,3.0,,80.0,1、用于公司主营业务相关项目及补充流动资金。,20260424,0,0.01764705882352957,0.02215799614643532,0.02054614423842205,0.025048169556840083,0.005269187917374518,-0.11368015414258203,-0.11667362113492918,-0.14801049409707034,-0.1033706691725026,
301357.SZ,20260424,监管审批,,,,3.0,,80.0,1、合理合法使用。,20260424,0,-0.010536482570901673,-0.006566687372437596,-0.008133243018902614,-0.03735912680805764,-0.055933918434185825,-0.17330730322122645,-0.1760993847843192,-0.1271417988187573,-0.06400466514886571,
300395.SZ,20260424,监管审批,,,,3.0,,80.0,1、合理合法使用。,20260424,0,-0.019421000090752427,0.006015733456733008,0.004429336455900712,0.07320684868116611,0.05249861351150531,0.29014345210550685,0.2857861065520688,-0.257380842202684,-0.21847145545552016,
688327.SH,20260423,监管审批,,,,3.0,,80.0,1、用于公司主营业务相关项目及补充流动资金。,20260423,0,0.010614101592115288,0.00900225056264059,0.01230377168416985,0.033758439609902435,0.0290048433457033,0.11252813203300827,0.09853947707405952,-0.2513128282070517,-0.19453050141023143,
688670.SH,20260423,监管审批,,,,3.0,,80.0,1、用于公司主营业务相关项目及补充流动资金。,20260423,0,-0.015752625437572942,0.007113218731475746,0.010408558817743385,0.06224066390041494,0.05735609603802061,0.0652045050385297,0.05181088571991288,-0.20924718435091894,-0.14927449283790162,
688227.SH,20260423,监管审批,,,,3.0,,80.0,1、用于公司主营业务相关项目及补充流动资金。,20260423,0,0.06549815498154987,0.045887445887445866,0.0493096577719232,0.2428571428571431,0.23714203491234276,-0.2616450216450217,-0.2709289154469301,-0.4632900432900433,-0.4225846040823309,
688683.SH,20260423,监管审批,,,,3.0,,80.0,1、用于公司主营业务相关项目及补充流动资金。,20260423,0,0.05544747081712065,0.022811059907834164,0.026157764353474944,0.01382488479262678,0.009162950243660983,-0.003456221198156695,-0.01598651744124746,-0.3645430417254214,-0.3273696256471331,
688191.SH,20260423,监管审批,,,,3.0,,80.0,1、用于公司主营业务相关项目及补充流动资金。,20260423,0,0.02142347060223737,-0.06245630389186663,-0.05938859981753808,0.06688417618270814,0.06197825576657201,0.3167093917501749,0.30015341187689093,-0.38106552163864116,-0.3448586494190069,
688083.SH,20260423,监管审批,,,,3.0,,80.0,1、用于公司主营业务相关项目及补充流动资金。,20260423,0,-0.03616636528028938,-0.014821763602251403,-0.011598196207704414,0.06397748592870567,0.05908493152865524,0.1420262664165104,0.12766670917478562,-0.13255209949219904,-0.08180751118936591,
688379.SH,20260423,监管审批,,,,3.0,,80.0,1、用于公司主营业务相关项目。,20260423,0,0.007894736842105177,-0.00995430809399478,-0.006714814067807828,0.07310704960835501,0.06817251416308312,0.12630548302872047,0.11214359504871063,-0.1734900889706198,-0.12514032048441437,
001258.SZ,20231129,监管审批,,,,18.29,,80.0,1、立新能源三塘湖20万千瓦/80万千瓦时储能规模+80万千瓦风电项目;2、补充流动资金。,20231129,0,-0.009925558312655292,-0.013784461152882121,-0.01638382673529515,-0.020050125313283096,-0.0026377186593571356,-0.003759398496240518,0.03283929861730939,-0.14035087719298245,-0.14186540572801642,
300991.SZ,20260423,监管审批,,,,6.0,,80.0,1、高速数据通讯连接器及组件生产项目;2、新能源精密连接器及结构件生产项目;3、补充流动资金和偿还银行贷款。,20260423,0,-0.02874702616970637,-0.02612778117983272,-0.02294120781162412,0.03449683608899767,0.029739844409960803,-0.1514594815268422,-0.16212882119550986,-0.5303123086344153,-0.4946900073738023,
301292.SZ,20260423,监管审批,,,,2.95,,80.0,1、新能源电解液溶剂智能化技改升级项目;2、海科新源材料科技(湖北)有限公司新能源电解液添加剂升级改造项目;3、水合PG,20260423,0,-0.14643839804341174,0.00704393505253087,0.010339048438085863,0.012774594078318824,0.008117489147012824,-0.14481852913085014,-0.15557137050072567,-0.37631327602674314,-0.33982840354110033,
601595.SH,20260423,监管审批,,,,3.0,,80.0,1、合理合法使用。,20260423,0,-0.004775169120573075,-0.01999200319872052,-0.016785353165082895,-0.030387844862055258,-0.03484647324348367,-0.1195521791283487,-0.13062271336555986,-0.33266693322670926,-0.2936288057328804,
603381.SH,20260423,监管审批,,,,3.0,,80.0,1、合理合法使用。,20260423,0,-0.014876033057851346,-0.025167785234899376,-0.021978070697395102,0.012583892617449743,0.00792766460063099,-0.0813758389261745,-0.0929263930705746,-0.39639261744966436,-0.3506135084382639,
301380.SZ,20260423,监管审批,,,,3.0,,80.0,1、合理合法使用。,20260423,0,-0.02147690497205068,-0.004209260372820212,-0.0009509681760790922,0.033674082982561915,0.028920874620732562,0.010222489476849228,-0.0024797995081835555,-0.11655471662833616,-0.049551994159635515,
603278.SH,20260423,监管审批,,,,3.0,,80.0,1、合理合法使用。,20260423,0,0.029641185647425905,-0.05681818181818188,-0.053732029440986095,-0.1515151515151515,-0.15541679260599395,0.07121212121212106,0.0577429636061042,-0.37424242424242427,-0.3267833886118804,
002470.SZ,20260423,监管审批,,,,3.0,,80.0,1、合理合法使用。,20260423,0,-0.02631578947368418,0.0033783783783785104,0.006661497823607476,-0.04391891891891897,-0.04831532651392112,-0.18581081081081074,-0.19604822531830834,-0.3783783783783784,-0.34201431172853924,
603330.SH,20260423,监管审批,,,,3.0,,80.0,1、合理合法使用。,20260423,0,0.012587412587412583,-0.015193370165745734,-0.011971018692092494,0.02209944751381232,0.017399463524153003,-0.03314917127071815,-0.04530611566649945,-0.08563535911602194,-0.016287634450465882,
300811.SZ,20260423,监管审批,,,,3.0,,80.0,1、合理合法使用。,20260423,0,-0.050084793668739525,-0.00380861699595314,-0.0005490138679725698,0.14984527493453959,0.14455786929517322,0.4816710307069747,0.4630408637795509,0.08930799815425838,0.15303111728217655,
300658.SZ,20260423,监管审批,,,,3.0,,80.0,1、合理合法使用。,20260423,0,-0.07477064220183482,0.004462072384729954,0.00774873774737328,0.07734258800198313,0.07238857601488724,-0.38919186911254344,-0.39687202024138846,-0.5307375108190551,-0.5032862577749126,
001314.SZ,20260423,监管审批,,,,3.0,,80.0,1、用于公司主营业务相关项目及补充流动资金。,20260423,0,0.10002268088001798,-0.0008247422680413008,0.0024446242925111328,0.045773195876288586,0.04096435140485388,0.2375257731958762,0.2219654286566246,-0.03045249863820687,0.02626478521001463,
000558.SZ,20260423,监管审批,,,,2.0,,80.0,1、用于公司主营业务相关项目及补充流动资金。,20260423,0,-0.02947845804988658,-0.01869158878504673,-0.015480683710698329,-0.007009345794392607,-0.01157547699424788,-0.12850467289719625,-0.13946264068080616,-0.22429906542056077,-0.16546794659905428,
301285.SZ,20260423,监管审批,,,,3.0,,80.0,1、合理合法使用。,20260423,0,-0.0043151969981237714,0.0036743923120405864,0.0069584803341520285,-0.02487280949689097,-0.02935679801131008,0.08441680798944784,0.07078161790132964,-0.42622950819672134,-0.38271330436765916,
300590.SZ,20260423,监管审批,,,,3.0,,80.0,1、合理合法使用。,20260423,0,0.20032976092333055,-0.0350274725274724,-0.03187001952935509,0.007554945054945028,0.0029218419630892,0.05639711943054304,0.04311424201122138,-0.30427319460832514,-0.26357406986529586,
301446.SZ,20260423,监管审批,,,,3.0,,80.0,1、合理合法使用。,20260423,0,-0.03416458852867843,0.01420087787245028,0.017519409241337103,0.10689388071262584,0.10180398116297273,0.18960826913617024,0.17465042750132653,-0.25730351698481446,-0.2138567264138702,
300569.SZ,20260423,监管审批,,,,3.0,,80.0,1、合理合法使用。,20260423,0,-0.05752212389380529,-0.010954616588419341,-0.00771839563681731,-0.032863849765258246,-0.037311092578059535,-0.12676056338028163,-0.13774046116776306,-0.2728094537668617,-0.23026974058672578,
002606.SZ,20260423,监管审批,,,,3.0,,80.0,1、合理合法使用。,20260423,0,0.09975267930750187,0.051724137931034475,0.05516544785226141,0.0862068965517242,0.08121212325870597,0.2158920539730136,0.20060372649559977,-0.07044973921321429,-0.016072242578772378,
603306.SH,20260423,监管审批,,,,3.0,,80.0,1、用于公司主营业务相关项目及补充流动资金。,20260423,0,-0.013035381750465591,-0.0892452830188678,-0.08626523423010746,-0.042924528301886755,-0.047325508465625554,0.11688679245283029,0.10284333277035085,-0.3375199461633436,-0.29876571369462646,
300021.SZ,20260423,监管审批,,,,3.0,,80.0,1、用于公司主营业务相关项目及补充流动资金。,20260423,0,-0.011441647597254079,0.011574074074074181,0.014884010369741185,0.0439814814814814,0.039180875962714135,-0.06481481481481477,-0.07657360320101991,-0.1462913849103421,-0.09635052716205939,
603477.SH,20260423,监管审批,,,,3.0,,80.0,1、合理合法使用。,20260423,0,-0.002753303964757814,-0.019878520154610668,-0.016671498797056983,0.038652678078409775,0.033876576330522656,-0.08006626173384868,-0.09163328217960165,-0.1762198184031044,-0.1137422480072342,
603309.SH,20260423,监管审批,,,,3.0,,80.0,1、合理合法使用。,20260423,0,0.010598031794095242,0.043445692883895104,0.04685991519341326,0.023970037453183712,0.019261451812493613,-0.014981273408239515,-0.02736665648094949,-0.10850798716964649,-0.056356849170629,
603569.SH,20260423,监管审批,,,,3.0,,80.0,1、用于公司主营业务相关项目。,20260423,0,-0.05908419497784345,0.010989010989011172,0.014297032920134845,0.050235478806907485,0.04540611514002424,-0.0219780219780219,-0.03427542965598995,-0.043589539976421565,0.028947045848739084,
603201.SH,20260423,监管审批,,,,3.0,,80.0,1、用于公司主营业务相关项目及补充流动资金。,20260423,0,-0.038414634146341275,0.02029169308814205,0.02363015400135904,0.01775523145212432,0.013075223743625575,0.01585288522511097,0.0030798010294790235,-0.03707485218530793,0.01925503248407323,
301188.SZ,20260423,监管审批,,,,3.0,,80.0,1、合理合法使用。,20260423,0,-0.031363967906637646,0.04555722891566272,0.04897836030868774,0.010918674698795261,0.006270103957964679,0.6905120481927711,0.6692559657035124,0.3670965043698291,0.44706989440729283,
688719.SH,20260422,监管审批,,,,3.0,,80.0,1、用于公司主营业务相关项目及补充流动资金。,20260422,0,0.0627429205996668,-0.009230233368164309,-0.006081651481035899,0.03291536050156729,0.032599439133793595,0.4106583072100314,0.3949262873859518,-0.16614420062695912,-0.11394879373454869,
688359.SH,20260422,监管审批,,,,3.0,,80.0,1、用于公司主营业务相关项目及补充流动资金。,20260422,0,0.02081372241397328,-0.024692622950819643,-0.021593179220113945,-0.00532786885245895,-0.005632093372855085,0.4844262295081967,0.46787153107368096,0.2704918032786885,0.3500185472018744,
688611.SH,20260422,监管审批,,,,3.0,,80.0,1、用于公司主营业务相关项目及补充流动资金。,20260422,0,-0.009747182455071557,-0.015687480775146145,-0.012559419470004607,-0.0362965241464166,-0.03659127677752472,0.1591817902183943,0.1462543004001866,-0.09474007997539224,-0.038075114756463524,
301225.SZ,20260422,监管审批,,,,18.0,,80.0,1、马来西亚PEEK精密零部件产业化项;2、江门进气系统及新能源汽车零部件智能工厂项目;3、台州PEEK精密零部件产业化,20260422,0,-0.010704960835509203,-0.030526964018650515,-0.027446061326668603,-0.15069939297967805,-0.15095915502764545,0.07310636051728703,0.06113880575883335,-0.3278645354798221,-0.2857920523432561,
300790.SZ,20250418,监管审批,,,,8.9,,80.0,1、车载光学生产项目;2、东莞市宇承科技有限公司多元化应用光学项目;3、玻璃非球面镜片扩产项目;4、补充流动资金。,20250418,0,0.008897676717745773,0.03527682508574226,0.03065197178759682,0.050465458108770234,0.04462197979245719,0.010779029887310276,-0.022294194607533235,0.042005230816553274,-0.029132887948060793,
600869.SH,20260422,监管审批,,,,20.0,,80.0,1、AIDC用全合成光纤预制棒制造项目;2、补充流动资金。,20260422,0,0.09987195902688861,-0.038416763678696175,-0.035360934097682484,0.012805587892898762,0.012495817180939728,0.22235157159487784,0.20871959632628267,-0.061295448193868785,-0.0025370081013277312,
002637.SZ,20260422,监管审批,,,,3.0,,80.0,1、用于公司主营业务相关项目及补充流动资金。,20260422,0,0.007200000000000095,-0.0214455917394758,-0.018335829220285316,0.011914217633042012,0.011604719550305731,-0.15965051628276417,-0.16902230721854472,-0.24844132554883191,-0.20139732723881953,
301293.SZ,20260422,监管审批,,,,3.0,,80.0,1、用于公司主营业务相关项目建设和补充流动资金。,20260422,0,0.004356033105851642,-0.02920341188376474,-0.02611830305588836,-0.07647824201243325,-0.0767607049015614,-0.07575538528263714,-0.0860627960331467,-0.27020384559780253,-0.22452207753169362,
301099.SZ,20260422,监管审批,,,,3.0,,80.0,1、合理合法使用。,20260422,0,-0.06591022860003348,-0.03143979992854584,-0.028361798151295692,0.0562700964630225,0.05594703195418327,0.2252590210789569,0.211594621195069,0.2287102796666809,0.3056216989412246,
300858.SZ,20260422,监管审批,,,,3.0,,80.0,1、合理合法使用。,20260422,0,-0.04136460554371013,0.029804270462633342,0.033076900676501264,-0.18638790035587183,-0.18663674692857835,-0.23354092526690384,-0.242088671589608,-0.38443653700462965,-0.34590519208467807,
605167.SH,20260422,监管审批,,,,3.0,,80.0,1、用于与公司主营业务相关项目及补充流动资金。,20260422,0,-0.02759740259740262,-0.017807456872565575,-0.014686132670801988,-0.03338898163605997,-0.033684623550880866,-0.1163049526989427,-0.1261601443718835,-0.2517778703087552,-0.20494272383078604,
002685.SZ,20260422,监管审批,,,,3.0,,80.0,1、华东重机智能制造基地项目。,20260422,0,-0.03423848878394342,-0.030562347188264116,-0.02748155694097998,0.017114914425427896,0.01680382568840666,0.08679706601466997,0.07467682903034367,-0.39364303178484117,-0.35568796964839644,
002846.SZ,20260422,监管审批,,,,3.0,,80.0,1、合理合法使用。,20260422,0,0.023327194597912992,-0.03119376124775064,-0.028114977580539824,-0.06718656268746259,-0.0674718674745366,-0.21175764847030598,-0.22054832742995423,-0.4484558706873836,-0.4139318315546733,
603618.SH,20260422,监管审批,,,,3.0,,80.0,1、合理合法使用。,20260422,0,0.10019267822736033,0.1001751313485113,0.10367139416142401,0.03222416812609441,0.03190845816232257,0.3292469352014009,0.31442283568077056,-0.044483362521891445,0.015327434168779241,
600589.SH,20260422,监管审批,,,,3.0,,80.0,1、合理合法使用。,20260422,0,0.017224880382775254,0.012229539040451431,0.01544631825553977,-0.08466603951081841,-0.08494599812875103,0.21542803386641562,0.2018732716495144,-0.3207902163687677,-0.27827491450411246,
600468.SH,20260422,监管审批,,,,3.0,,80.0,1、用于公司主营业务相关项目及补充流动资金。,20260422,0,0.012422360248447228,-0.006134969325153561,-0.0029765509526680223,-0.07239263803680995,-0.07267635052454557,-0.14969325153374247,-0.15917608841567776,-0.36439297785901215,-0.32460700147164834,
300892.SZ,20260422,监管审批,,,,3.0,,80.0,1、合理合法使用。,20260422,0,-0.017027314650585268,-0.0007217610970768895,0.002453859989855589,0.015156983038614236,0.014846493142878003,-0.11006856730422243,-0.11999330873145797,-0.32476389640871584,-0.2824973280141657,
300466.SZ,20260422,监管审批,,,,1.35,,80.0,1、用于公司主营业务相关项目建设及补充流动资金。,20260422,0,-0.01611047180667413,0.04795321637426886,0.05128352239163059,0.05029239766081872,0.049971161455492075,0.05497076023391778,0.043205458297228994,-0.20350877192982475,-0.15365220948027836,
002645.SZ,20260422,监管审批,,,,3.0,,80.0,1、合理合法使用。,20260422,0,0.00872219799389451,-0.05058365758754868,-0.04756649335854135,0.01297016861219169,0.012660347562549745,0.382187635105923,0.3667731274502102,-0.09529480301843007,-0.038664560823513106,
002481.SZ,20260422,监管审批,,,,3.0,,80.0,1、用于公司主营业务相关项目建设及补充流动资金。,20260422,0,-0.015590200445434355,-0.002262443438913908,0.0009082814908298875,0.03167420814479627,0.03135866638852347,-0.0678733031674208,-0.07826861690014641,-0.07692307692307687,-0.019142852057794313,
920179.BJ,20260422,监管审批,,,,1.0,,80.0,1、用于公司主营业务相关项目及补充流动资金。,20260422,0,0.05897041874759901,-0.08398331217123167,-0.08107228919824594,-0.14293488118991482,-0.14319701804542062,0.2985670233992379,0.28408507404935124,0.04102809859026957,0.10619150602019478,
300993.SZ,20260422,监管审批,,,,3.0,,80.0,1、合理合法使用。,20260422,0,-0.008814102564102644,-0.015359741309620034,-0.01223063847638628,-0.011317704122877914,-0.011620096627773413,-0.07841552142279706,-0.08869326565925573,-0.24271028973224862,-0.19530755583919368,
300952.SZ,20260422,监管审批,,,,3.0,,80.0,1、合理合法使用。,20260422,0,-0.00428150923200421,-0.03869927438860532,-0.03564434260255278,-0.12335393711367926,-0.12362206288064037,0.0717549045955388,0.059802421616866,-0.4011188925542387,-0.36363178374380434,
603150.SH,20260422,监管审批,,,,3.0,,80.0,1、用于公司主营业务相关项目及补充流动资金。,20260422,0,0.036506084347391,-0.03345127050498542,-0.030379661009814152,-0.01640398842071411,-0.016704825264851952,0.14104213573496316,0.12831694395198956,-0.187354539420018,-0.13648679885128367,
300578.SZ,20260422,监管审批,,,,3.0,,80.0,1、合理合法使用。,20260422,0,0.021911421911422035,-0.0041058394160585765,-0.0009409726416399478,-0.031021897810219135,-0.03131826370726398,-0.08804744525547459,-0.09821777183033142,-0.3645072992700731,-0.3247284788592838,
301287.SZ,20260422,监管审批,,,,3.0,,80.0,1、合理合法使用。,20260422,0,-0.047957778797613426,-0.024102193299590402,-0.021000873233768202,0.05061460592913947,0.050293271175102294,-0.024584237165582334,-0.035462321560080556,-0.2441539056755837,-0.19684153527417247,
300667.SZ,20260422,监管审批,,,,3.0,,80.0,1、合理合法使用。,20260422,0,0.01264431006047273,-0.03528773072747038,-0.032221957346387,0.055374592833876246,0.055051802218467394,0.03257328990227992,0.021057770244875762,-0.27850162866449524,-0.2333392623508196,
002795.SZ,20260422,监管审批,,,,3.0,,80.0,1、合理合法使用。,20260422,0,0.004819277108433662,-0.034772182254196426,-0.03170477050399889,0.08033573141486805,0.08000530633361302,0.05395683453237399,0.04220284015269993,-0.39448441247002397,-0.356582016762532,
688523.SH,20260421,监管审批,,,,15.5,,80.0,1、大型飞机复合材料零部件智能制造项目;2、补充流动资金。,20260421,0,-0.024357601713062005,-0.027983539094650345,-0.03299753630701907,-0.15308641975308634,-0.15174934430579956,-0.06694101508916339,-0.07325298539283287,-0.42729766803840874,-0.38373038019211947,
688448.SH,20260421,监管审批,,,,3.0,,80.0,1、用于公司主营业务相关项目及补充流动资金。,20260421,0,-0.012345679012345623,-0.01749999999999985,-0.022568074934208204,-0.007812500000000111,-0.006246071528079544,0.12156250000000002,0.11397533851482788,-0.09336002495840268,-0.024389038529384788,
688238.SH,20260421,监管审批,,,,3.0,,80.0,1、用于公司主营业务相关项目建设及补充流动资金。,20260421,0,-0.03776223776223764,0.0,-0.0051583459890161,-0.02470930232558144,-0.023169549892461228,-0.0843023255813955,-0.09049684985214324,-0.1482558139534884,-0.08346092478691092,
688800.SH,20260421,监管审批,,,,3.0,,80.0,1、用于公司主营业务相关项目及补充流动资金。,20260421,0,-0.030606969289628694,0.01866666666666661,0.01341203155252213,-0.03818666666666659,-0.03666819179169978,0.45845333333333316,0.4485871680874485,-0.15834686792452823,-0.09431963732767046,
688155.SH,20260421,监管审批,,,,3.0,,80.0,1、用于公司主营业务相关项目及补充流动资金。,20260421,0,0.008657047724750289,0.005831866197183011,0.0006434374245600782,-0.09584066901408439,-0.09441321611913367,0.04841549295774672,0.041323157355739104,-0.4013009502000242,-0.35575600934637885,
688369.SH,20260421,监管审批,,,,3.0,,80.0,1、用于公司主营业务相关项目及补充流动资金。,20260421,0,-0.01843137254901961,-0.027167399121054703,-0.03218560626578271,-0.041150619256891785,-0.03963682375928734,-0.0531362365161806,-0.05954159357654021,-0.34518577706751896,-0.2953719765219034,
688388.SH,20260421,监管审批,,,,3.0,,80.0,1、用于公司主营业务相关项目及补充流动资金。,20260421,0,0.023508137432187937,-0.00863761287789544,-0.013751403071168178,-0.0457400863761287,-0.044233536557356734,-0.12053396152336082,-0.12648338552304594,-0.3150471898387325,-0.26294065110820386,
688258.SH,20260421,监管审批,,,,3.0,,80.0,1、用于公司主营业务相关项目及补充流动资金。,20260421,0,0.024463778103195777,0.05641974270579331,0.05097036416328948,0.004792735222399758,0.006379064367678433,0.1022450180778609,0.09478853576110802,-0.15845969742155885,-0.09444105012338933,
301127.SZ,20260421,监管审批,,,,16.0,,80.0,1、南宁水质净化厂及配套管网项目;2、楚雄州楚北片区垃圾焚烧发电厂项目;3、岑溪市生活垃圾焚烧发电项目;4、株洲市南部生,20260421,0,-0.004953560371516952,-0.018046048537647907,-0.023111306764572292,-0.121966397013068,-0.12058019043918788,-0.10827629122588689,-0.11430863608283937,-0.0645720232603052,0.006588958016829682,
000017.SZ,20260421,监管审批,,,,3.0,,80.0,1、合理合法使用。,20260421,0,-0.034175334323922835,-0.0015384615384615996,-0.006688871610571523,-0.03076923076923077,-0.02923904552421963,-0.12153846153846148,-0.12748109028257548,-0.19999999999999996,-0.13914145563603364,
301041.SZ,20260421,监管审批,,,,3.0,,80.0,1、公司主营业务相关项目投建及补充流动资金。,20260421,0,-0.005655355954756969,0.00970224155235866,0.004493848044546445,-0.014051522248243686,-0.012494943711024664,0.14452994312479084,0.13678741116326165,-0.331628159489713,-0.28078298785556166,
603680.SH,20260421,监管审批,,,,3.0,,80.0,1、合理合法使用。,20260421,0,-0.0014992503748125774,-0.020270270270270174,-0.025324055191941364,0.07282282282282271,0.07451655532297585,0.03828828828828823,0.031264461340252625,-0.30413601342301755,-0.25119942680004037,
301363.SZ,20260421,监管审批,,,,3.0,,80.0,1、合理合法使用。,20260421,0,-0.010849233071455355,0.02874432677760952,0.023437707605853175,-0.02042360060514381,-0.018877082066628192,0.051815431164901504,0.044700095613967816,-0.13103584127369494,-0.06493097401801817,
601700.SH,20260421,监管审批,,,,3.0,,80.0,1、合理合法使用。,20260421,0,-0.05360443622920508,-0.009765624999999889,-0.014873596516467025,-0.01562500000000011,-0.0140709056105357,0.072265625,0.06501194769545915,-0.091796875,-0.02270697478211836,
605179.SH,20260421,监管审批,,,,3.0,,80.0,1、合理合法使用。,20260421,0,-0.006711409395972923,-0.02083333333333337,-0.025884213780911658,-0.03547297297297314,-0.033950213820018726,-0.1413288288288289,-0.14713757942305572,-0.11356999605239071,-0.04613644640139525,
301049.SZ,20260421,监管审批,,,,3.0,,80.0,1、合理合法使用。,20260421,0,0.021978021978022122,-0.004301075268817289,-0.00943723482347203,0.04860215053763439,0.05025764434734192,0.04043010752688181,0.033391791570489326,-0.2765591397849463,-0.22152469267731656,
300240.SZ,20260421,监管审批,,,,3.0,,80.0,1、合理合法使用。,20260421,0,-0.0014144271570015743,-0.014164305949008305,-0.01924958754724515,-0.03824362606232279,-0.03672524111271702,-0.08640226628895165,-0.09258258485180748,-0.2750127435819574,-0.21986065719692283,
300235.SZ,20260421,监管审批,,,,3.0,,80.0,1、合理合法使用。,20260421,0,0.029517638588912876,0.0034965034965035446,-0.0016798786672993504,-0.038461538461538325,-0.0369434975438685,-0.08321678321678327,-0.08941865097950696,-0.2772209931342354,-0.22223689531588087,
603887.SH,20260421,监管审批,,,,3.0,,80.0,1、公司主营业务相关项目及补充流动资金。,20260421,0,-0.03188929001203378,0.02237414543194527,0.017100385859582623,-0.015537600994406597,-0.013983368622664805,-0.13300186451211937,-0.1388669454695245,-0.48725916718458673,-0.4482533412831944,
000635.SZ,20260421,监管审批,,,,3.0,,80.0,1、用于公司主营业务相关项目及补充流动资金。,20260421,0,-0.024242424242424176,-0.001242236024844856,-0.006394174130644803,0.012422360248447228,0.01402073476002097,-0.06583850931677016,-0.07215793786671076,-0.2658385093167701,-0.20998850975294392,
300891.SZ,20260421,监管审批,,,,3.0,,80.0,1、用于公司主营业务相关项目建设及补充流动资。,20260421,0,-0.0174621653084982,0.007109004739336511,0.0019139880442373691,0.0165876777251186,0.01819262828395174,-0.05805687203791465,-0.06442894191515869,-0.29383886255924163,-0.24011893892043257,
002886.SZ,20260421,监管审批,,,,3.0,,80.0,1、合理合法使用。,20260421,0,0.015493581230633158,0.0043591979075847664,-0.0008216343324732867,-0.05579773321708814,-0.05430706203453384,0.22280320243184493,0.21453116644505332,-0.26535661783848064,-0.20946995925726686,
605056.SH,20260421,监管审批,,,,3.0,,80.0,1、合理合法使用。,20260421,0,-0.043358568479008985,-0.01978417266187049,-0.024840465043190263,-0.0798561151079138,-0.07840342639780762,-0.10899280575539572,-0.11502030352496617,-0.5305389060627332,-0.49482550754706167,
603151.SH,20260421,监管审批,,,,3.0,,80.0,1、合理合法使用。,20260421,0,-0.08100059559261463,-0.009721322099805696,-0.014829522145960339,0.020738820479585307,0.022350324707157032,-0.05897602073882058,-0.06534187274624215,-0.16783482856584064,-0.10452937731099887,
688352.SH,20260420,监管审批,,,,3.0,,80.0,1.用于公司主营业务相关项目及补充流动资金。,20260420,0,-0.05407463823305414,-0.04106280193236711,-0.041755172123344786,0.048309178743961345,0.04722732552227704,0.1594202898550725,0.16079961354282601,0.1395496981761173,0.23581177594043856,
688071.SH,20260420,监管审批,,,,3.0,,80.0,1、用于公司主营业务相关项目及补充流动资金。,20260420,0,-0.009750152346130414,0.03353846153846174,0.03279222787118896,0.012923076923077037,0.011877742095998123,0.1923076923076923,0.19372614104235808,-0.10769230769230764,-0.032315698313968744,
688020.SH,20260420,监管审批,,,,3.0,,80.0,1、公司主营业务相关项目建设及补充流动资金。,20260420,0,-0.017333753545540453,0.2000213812272824,0.1991549438478879,0.4830019243104553,0.48147146894279214,0.4772289929441951,0.47898640305684625,0.5180671370536669,0.6463040160879117,
920304.BJ,20260420,监管审批,,,,1.0,,80.0,1、合理合法使用。,20260420,0,0.0023923444976079455,-0.032617342879872724,-0.03331581084670987,-0.07478122513922036,-0.07573604928141198,-0.1280827366746221,-0.1270454457581277,-0.3375782874589559,-0.2816210172254062,
300517.SZ,20260420,监管审批,,,,3.0,,80.0,1、合理合法使用。,20260420,0,0.02348993288590595,-0.022950819672131084,-0.023656267045474633,-0.003278688524590123,-0.004307303158331055,0.04262295081967227,0.043863324604782594,-0.2860800144141471,-0.2257724900648691,
002374.SZ,20260420,监管审批,,,,3.0,,80.0,1、合理合法使用。,20260420,0,0.0031446540880502027,-0.025078369905956133,-0.02578228114912906,-0.00940438871473337,-0.010426681636692914,0.15673981191222564,0.1581159467246822,-0.15047021943573657,-0.07870722223546411,
688371.SH,20260418,监管审批,,,,3.0,,80.0,1、用于公司主营业务相关项目及补充流动资金。,20260417,1,0.004728132387706863,-0.0056470588235294494,-0.013125592672737052,-0.00047058823529422256,-0.00744664088599134,0.9482352941176471,0.8963911752986216,0.6105616,0.6806740670748495,
688176.SH,20260418,监管审批,,,,3.0,,80.0,1、用于公司主营业务相关项目。,20260417,1,-0.023223082336382816,-0.025216138328530313,-0.03254749302492843,-0.0691642651296831,-0.0756608814565014,-0.09221902017291073,-0.11637580714926099,0.03962536023054741,0.08488329934901562,
688197.SH,20260418,监管审批,,,,3.0,,80.0,1、用于公司主营业务相关项目或者用于补充主营业务相关流动资金。,20260417,1,-0.01806942463147898,0.0157384987893463,0.008099124045654271,-0.07506053268765123,-0.0815159969758773,0.025665859564164784,-0.0016279395228420146,-0.0009685230024213398,0.042522245396459324,
688680.SH,20260418,监管审批,,,,3.0,,80.0,1、用于公司主营业务相关项目及补充流动资金。,20260417,1,-0.0011723329425558093,-0.01623630672926446,-0.023635198787694045,-0.032081377151799706,-0.03883680745240281,-0.059076682316118845,-0.08411541374085052,-0.32276995305164313,-0.2932881441169427,
688665.SH,20260418,监管审批,,,,3.0,,80.0,1、用于公司主营业务相关项目及补充流动资金。,20260417,1,0.01785334750265677,0.002923366047191678,-0.0046196260138274825,-0.009814157444142824,-0.016724998176131822,0.11609939444560458,0.08639908576410793,-0.035467082222577995,0.006521862776655674,
600207.SH,20260418,监管审批,,,,3.0,,80.0,1、用于公司主营业务相关项目及补充流动资金。,20260417,1,0.05360443622920519,0.012280701754385781,0.00466733312089751,0.024561403508771784,0.017410644150795296,0.11228070175438587,0.08268201157770472,-0.25087719298245625,-0.21826568148110403,
300107.SZ,20260418,监管审批,,,,3.0,,80.0,1、合理合法使用。,20260417,1,-0.016949152542372947,-0.008620689655172376,-0.016076858810810335,0.0431034482758621,0.0358232777379599,0.06465517241379315,0.03632383613908052,-0.1321839080459769,-0.09440532995610385,
603988.SH,20260418,监管审批,,,,3.0,,80.0,1、合理合法使用。,20260417,1,0.004160363086233021,-0.006026365348399287,-0.01350204643118158,-0.06553672316384196,-0.07205865732868322,-0.13333333333333341,-0.1563960351429241,-0.42726548107065554,-0.402332668751609,
002496.SZ,20260418,监管审批,,,,3.0,,80.0,1、合理合法使用。,20260417,1,0.025380710659898442,0.04950495049504955,0.04161161808543068,0.0742574257425741,0.06675982109565193,0.23267326732673288,0.1998708334886441,-0.01980198019801993,0.05500423626463724,
603115.SH,20260418,监管审批,,,,3.0,,80.0,1、合理合法使用。,20260417,1,0.0076660988074956915,-0.06466610312764165,-0.07170075442539425,0.23647506339814028,0.22784528718344088,1.0614961961115807,1.0066381129740498,0.7215046020826863,0.796446743217011,
600538.SH,20260418,监管审批,,,,3.0,,80.0,1、合理合法使用。,20260417,1,-0.007507507507507505,0.03177004538577921,0.024010097293418076,0.010590015128593144,0.003536766799102864,0.04387291981845687,0.01609461611436469,-0.2677760968229955,-0.23590024413725197,
605066.SH,20260418,监管审批,,,,3.0,,80.0,1、合理合法使用。,20260417,1,-0.0072289156626507145,-0.040048543689320426,-0.047268343784769074,-0.07645631067961167,-0.08290203336279245,-0.06674757281553412,-0.09158217563234039,-0.21226838307330487,-0.17797611691248827,
002413.SZ,20260418,监管审批,,,,3.0,,80.0,1、合理合法使用。,20260417,1,-0.005886681383370118,0.04219096965210967,0.03435264573197294,0.002960769800148144,-0.004039231454799008,-0.11028867505551443,-0.13396461388298808,-0.40044411547002223,-0.3743436904917785,
688173.SH,20260417,监管审批,,,,3.0,,80.0,1、合理合法使用。,20260417,0,0.0041180507892930596,0.006835269993164639,-0.0007371435185922204,0.021872863978126933,0.014740868843692523,0.3315105946684893,0.29607801951331614,0.018455228981544725,0.06279157023615833,
688733.SH,20260417,监管审批,,,,3.0,,80.0,1、用于公司主营业务相关项目及补充流动资金。,20260417,0,-0.001686340640809414,-0.01621621621621616,-0.023615259375503017,-0.024324324324324298,-0.031133893711083105,0.25236486486486487,0.21903842167041865,0.000655639491517368,0.04421711244425097,
301419.SZ,20260417,监管审批,,,,3.0,,80.0,1、合理合法使用。,20260417,0,-0.006352683461117281,0.03880070546737224,0.030987879742507607,-0.08377425044091702,-0.09016889875603151,-0.05423280423280419,-0.07940043517580997,-0.11262779307075388,-0.07399787997617668,
002467.SZ,20260417,监管审批,,,,3.0,,80.0,1、合理合法使用。,20260417,0,-0.03539823008849552,-0.00917431192660556,-0.016626317286145387,-0.09567496723460023,-0.1019865564361393,-0.1205766710353866,-0.1439788379588195,-0.41677588466579296,-0.39138642946977453,
603725.SH,20260417,监管审批,,,,3.0,,80.0,1、用于公司主营业务相关项目建设及补充流动资金。,20260417,0,-0.012917115177610405,0.0021810250817884125,-0.005356383828814426,0.07851690294438396,0.0709895699704366,0.18647764449291193,0.15490451358673618,0.5492665574543631,0.6167106716687367,
000668.SZ,20260417,监管审批,,,,3.0,,80.0,1、合理合法使用。,20260417,0,-0.02718832891246692,-0.021813224267211995,-0.029170172298672137,0.04021813224267201,0.032958099297845767,0.23585548738922957,0.2029683720983786,0.20420087977628376,0.29610242401248343,
001202.SZ,20260417,监管审批,,,,3.0,,80.0,1、合理合法使用。,20260417,0,-0.008766803039158333,0.002358490566037652,-0.005180253063432172,-0.022405660377358694,-0.029228620766478697,-0.007075471698113178,-0.033497997446945815,-0.15094339622641506,-0.11398147364192102,
000151.SZ,20260417,监管审批,,,,3.0,,80.0,1、合理合法使用。,20260417,0,-0.051131601005867555,-0.007950530035335635,-0.015411739465099328,-0.028268551236749095,-0.03505059253450571,0.06625441696113077,0.03788052349397675,-0.17756183745583043,-0.1417586936378742,
300810.SZ,20260417,监管审批,,,,3.0,,80.0,1、合理合法使用。,20260417,0,0.029818628957885007,0.043880597014925415,0.03602956539825364,0.040000000000000036,0.03274148947361555,-0.03761194029850745,-0.06322186589005296,-0.31378370608070394,-0.2839106994762737,
301158.SZ,20260417,监管审批,,,,3.0,,80.0,1、合理合法使用。,20260417,0,-0.06017191977077363,-0.00696864111498241,-0.01443723533662733,0.04529616724738683,0.038000692984738293,0.15897212543554007,0.12813093866490854,-0.24396579030725385,-0.21105340518982496,
002183.SZ,20260417,监管审批,,,,3.0,,80.0,1、合理合法使用。,20260417,0,0.037288135593220195,0.016339869281045694,0.008695971626632604,-0.06862745098039202,-0.07512781391408851,0.18300653594771243,0.15152577405075984,-0.23529411764705888,-0.20200422920167793,
600961.SH,20260417,监管审批,,,,3.0,,80.0,1、用于公司主营业务相关项目建设及补充流动资金。,20260417,0,0.10009960159362552,0.10004526935264835,0.09177182293152053,0.3680398370303304,0.35849182591725537,0.249434133091897,0.2161856790431782,0.07152557718424624,0.118172226247647,
002734.SZ,20260417,监管审批,,,,3.0,,80.0,1、合理合法使用。,20260417,0,-0.03198653198653212,0.017391304347825987,0.009739498844588246,0.03362318840579692,0.026409183796798352,-0.01565217391304352,-0.04184646667069236,-0.08819290784217937,-0.04849927257387965,
603683.SH,20260417,监管审批,,,,3.0,,80.0,1、合理合法使用。,20260417,0,0.011863224005582707,-0.01172413793103444,-0.019156966035402512,-0.024137931034482696,-0.030948801322834174,-0.033448275862069,-0.05916899993592151,-0.11560347286846107,-0.07710309983732644,
688206.SH,20260416,监管审批,,,,3.0,,80.0,1、用于公司主营业务相关项目及补充流动资金。,20260416,0,-0.004269594388533138,0.02480857580398177,0.025851084463852203,0.024502297090352343,0.015065512991113916,0.07718223583460948,0.04773314911688664,0.4143208862042349,0.4500647943770213,
688690.SH,20260416,监管审批,,,,7.1,,80.0,1、生物层析介质及功能性微球生产项目;2、补充流动资金。,20260416,0,-0.008626198083067083,0.027392845633258167,0.028437983197433292,0.07379954882371909,0.06390868324256016,0.1466322913309699,0.11528450944466373,0.2273334142493022,0.2583516176034628,
688698.SH,20260416,监管审批,,,,3.0,,80.0,1、用于公司主营业务相关项目及补充流动资金。,20260416,0,0.004695503699487791,-0.020960203937119504,-0.019964254557058414,-0.056507576830477135,-0.06519817159244568,0.10607562668177306,0.07583662350950737,-0.2798489901589287,-0.261648727532968,
688019.SH,20260416,监管审批,,,,3.0,,80.0,1、用于公司主营业务相关项目及补充流动资金。,20260416,0,0.006352987889616912,-0.033339909252318,-0.03235655339489363,-0.03424738607220357,-0.04314302148150917,0.19944762280528705,0.16665592249471617,0.4541767939474086,0.49092797417592937,
688499.SH,20260416,监管审批,,,,3.0,,80.0,1、用于公司主营业务相关项目及补充流动资金。,20260416,0,0.011874134177716211,0.0539800508507724,0.05505223482374566,0.045374535497750834,0.03574549530686877,0.1050264032857422,0.07481608483343205,-0.2562096616467827,-0.2374119660083801,
600666.SH,20260416,监管审批,,,,3.0,,80.0,1、用于与公司主营业务相关项目及补充流动资金。,20260416,0,0.09951845906902079,0.0350364963503651,0.03608940958333706,-0.04233576642335757,-0.05115689902354004,-0.13868613138686114,-0.1622335924980376,-0.5051094890510948,-0.492602199403117,
002628.SZ,20260416,监管审批,,,,3.0,,80.0,1、合理合法使用。,20260416,0,0.028455284552845406,0.10079051383399218,0.10191031676155338,0.09881422924901173,0.088692951164967,0.12252964426877466,0.09184080468568179,0.007905138339920903,0.03337776556554983,
300886.SZ,20260416,监管审批,,,,3.0,,80.0,1、用于公司主营业务相关项目。,20260416,0,0.032081662413416145,0.02472624514305921,0.02576867005028638,0.03179088661250429,0.022286966650414186,0.03179088661250429,0.003582754057417148,-0.2500942595605897,-0.23114201033202186,
301281.SZ,20260416,监管审批,,,,3.0,,80.0,1、用于公司主营业务相关项目。,20260416,0,-0.004616568350859329,-0.014686936356609115,-0.01368460535959748,0.009791290904406003,0.0004900112248780175,-0.02164390620973977,-0.0483911848858668,0.3050563121362051,0.3380387940017635,
300967.SZ,20260416,监管审批,,,,3.0,,80.0,1、合理合法使用。,20260416,0,-0.06212121212121213,-0.03931071620893911,-0.03833343428386238,-0.10877759827679045,-0.1169867291038783,-0.08454496499730735,-0.10957259153543153,-0.1732546745602348,-0.15236047064721125,
002629.SZ,20260416,监管审批,,,,3.0,,80.0,1、合理合法使用。,20260416,0,0.032457496136012454,0.0029940119760480943,0.0040143292996641655,-0.0029940119760478723,-0.012177525064647865,-0.13473053892215558,-0.1534800863488095,-0.38772455089820357,-0.35787686501525273,
002971.SZ,20260416,监管审批,,,,3.0,,80.0,1、合理合法使用。,20260416,0,0.014527027027027017,-0.007659007659007622,-0.00664952734972335,0.1282051282051282,0.11781312787017284,0.2827172827172828,0.24764907305283845,0.5758171964476115,0.6156425753388821,
301128.SZ,20260416,监管审批,,,,3.0,,80.0,1、合理合法使用。,20260416,0,0.06864949960643196,-0.03409270268848319,-0.03311011262644237,-0.04508865154942909,-0.05388442707363572,0.017449248787831273,-0.010366797709834175,-0.029299418986353576,-0.0047670566565138905,
605166.SH,20260416,监管审批,,,,3.0,,80.0,1、用于公司主营业务相关项目建设及补充流动资金。,20260416,0,0.09980237154150196,0.017969451931715952,0.019005003345100357,0.039532794249775405,0.029957562870330134,0.038634321653189696,0.01023909641753673,-0.24711617620202286,-0.22808866234352698,
688382.SH,20260415,监管审批,,,,3.0,,80.0,1、用于公司主营业务相关项目及补充流动资金。,20260415,0,0.004723665564478008,0.06393982134461673,0.05650576044328792,0.0944992947813823,0.07342934865367656,-0.053596614950634724,-0.07749261965405696,0.17912552891396327,0.19698373390159296,
688315.SH,20260415,监管审批,,,,3.0,,80.0,1、用于公司主营业务相关项目建设及补充流动资金。,20260415,0,-0.010217983651226281,-0.013076393668272401,-0.01997231959118473,-0.008947006194081175,-0.02802553213626846,0.026152787336545025,0.00024316759089626494,-0.08736709151296096,-0.07354499610533338,
688165.SH,20260415,监管审批,,,,3.0,,80.0,1、用于公司主营业务相关项目及补充流动资金。,20260415,0,-0.009786989061600582,0.0034883720930234396,-0.0035232967271987548,-0.0034883720930232176,-0.022671980904599764,0.1755813953488372,0.14589881073821043,0.06511627906976747,0.08124778023810242,
688006.SH,20260415,监管审批,,,,3.0,,80.0,1、用于公司主营业务相关项目及补充流动资金。,20260415,0,-0.06736574515411498,0.03270868824531514,0.025492848469673923,0.04599659284497437,0.02586036071938902,0.1659284497444633,0.13648959506676772,-0.17874480703690843,-0.16630665416560342,
001239.SZ,20251209,监管审批,,,,4.87,,80.0,募集配套资金1、支付本次交易中的现金对价;2、补充上市公司流动资金、偿还上市公司债务;3、支付本次交易相关税费和中介机构,20251209,0,-0.0060606060606061,0.003658536585366079,0.005980964422185986,-0.03902439024390236,-0.017741263716881228,0.006707317073170849,-0.036060632747931476,-0.022560975609755896,-0.06693516508958997,
002527.SZ,20250217,监管审批,,,,12.19,,80.0,1、补充流动资金。,20250217,0,0.10049261083743843,0.1002685765443152,0.11064048643039581,0.6114592658907789,0.6032429452016776,0.3025962399283797,0.27586896370067815,0.4386750223813787,0.4337053746289137,
002148.SZ,20260415,监管审批,,,,3.0,,80.0,1、合理合法使用。,20260415,0,-0.00649350649350644,0.013071895424836333,0.005993263704393126,0.006535947712418277,-0.012840636900307345,0.020915032679738266,-0.004862337528459992,-0.21307189542483673,-0.20115363646306716,
300608.SZ,20260415,监管审批,,,,3.0,,80.0,1、合理合法使用。,20260415,0,-0.03954372623574143,0.05700712589073631,0.04962150577447888,0.040380047505938155,0.020351938161501604,0.21773555027711788,0.18698860357697633,-0.2723673792557405,-0.26134716793955814,
300085.SZ,20260415,监管审批,,,,3.0,,80.0,1、合理合法使用。,20260415,0,-0.027551823668328312,0.025364274150026844,0.018199751958870802,0.01592012951969779,-0.0036371077495208626,0.048030221262816974,0.021568212047456292,-0.2134376686454399,-0.2015249494273128,
300022.SZ,20260415,监管审批,,,,3.0,,80.0,1、合理合法使用。,20260415,0,0.004136504653567741,0.003089598352214118,-0.003919284118427346,0.04531410916580847,0.025191015371532677,-0.09989701338825951,-0.12262396633604145,-0.19567456230690017,-0.18349281558794128,
300846.SZ,20260414,监管审批,,,,15.87,,80.0,1、京北云计算软件研发中心项目-算力中心(二期);2、首都在线智算中心建设项目;3、首都在线天枢智算云研发项目;4、偿还,20260414,0,0.01725282017252816,-0.024461839530332652,-0.02460328157150249,-0.05153294194390079,-0.0651040088880156,0.02315720808871502,-0.0037525832719533803,-0.3356164383561643,-0.316462783290524,
600178.SH,20260414,监管审批,,,,3.0,,80.0,1、合理合法使用。,20260414,0,0.010563380281690016,-0.010452961672473782,-0.010596434843084812,-0.0008710801393727596,-0.015167038382792986,-0.10017421602787457,-0.12384029971101884,-0.23257839721254348,-0.21045423653442064,
301007.SZ,20260413,监管审批,,,,3.0,,80.0,1、合理合法使用。,20260413,0,-0.028172866520787765,0.0,-0.00945397059016373,-0.0050661412890515845,-0.027871669739919946,0.20433436532507732,0.14974923930217887,-0.13137870350796899,-0.1330314517076432,
688392.SH,20260411,监管审批,,,,13.44,,80.0,1、半导体先进超声设备研发及产业化项目;2、高性能功率超声设备研发升级及产业化项目;3、检测超声技术平台建设项目;4、补,20260410,1,-0.005035636814378797,-0.020088764307404916,-0.02066201080055885,0.026551428793895493,0.010030855135211736,0.2968153858132836,0.218458407369148,0.8849809175664674,0.8614626210993985,
688035.SH,20260411,监管审批,,,,3.0,,80.0,1、用于公司主营业务相关项目及补充流动资金。,20260410,1,0.060504201680672276,-0.03803486529318556,-0.03859761334619394,0.017432646592709933,0.0010588239966682345,0.3083993660855784,0.22934245324644476,0.5575733923497419,0.5381400535455534,
688225.SH,20260411,监管审批,,,,3.0,,80.0,1、用于公司主营业务相关项目及补充流动资金。,20260410,1,-0.001796407185628679,-0.006598680263947276,-0.007179818434519092,0.017996400719855865,0.0016135054740455956,0.007798440311937549,-0.05309537813549858,-0.23095380923815234,-0.24054894950862105,
688051.SH,20260411,监管审批,,,,3.0,,80.0,1、用于公司主营业务相关项目及补充流动资金。,20260410,1,0.014657980456026065,-0.006420545746388395,-0.007001788125365893,0.025682182985554025,0.009175598338040603,0.4860353130016053,0.3962451715042741,-0.2886035313001605,-0.2974793946580284,
002185.SZ,20251017,监管审批,,,,4.0,,80.0,募集配套资金1、支付现金对价、中介机构费用及其他并购整合费用。,20251017,0,0.10016977928692716,-0.023919753086419804,-0.0300172159775538,-0.07947530864197538,-0.10523776101635551,-0.1195987654320988,-0.15285503094752606,-0.09876543209876543,-0.16387481689449257,
300164.SZ,20260411,监管审批,,,,3.0,,80.0,1、用于公司主营业务相关项目及补充流动资金。,20260410,1,0.015331010452961591,0.03568977350720659,0.0350838966593523,-0.06863417982155118,-0.08362290537767492,-0.14344543582704183,-0.19520070358169972,-0.36993822923816067,-0.37779930590968125,
300228.SZ,20260411,监管审批,,,,3.0,,80.0,1、合理合法使用。,20260410,1,0.023758099352051865,-0.0052742616033756295,-0.0058561745567288215,-0.02742616033755274,-0.04307805785186436,0.07594936708860756,0.010937691343358535,-0.19310639260575602,-0.2031737428368552,
301162.SZ,20260411,监管审批,,,,3.0,,80.0,1、合理合法使用。,20260410,1,0.005158794131871813,0.04699278267842821,0.04638029358843054,0.10617481956696051,0.08837284484514063,0.11403368083400145,0.04672085121299374,-0.11168414656290049,-0.12276737578969943,
688449.SH,20260410,监管审批,,,,20.62,,80.0,1、企业级PCIeGen6SSD主控芯片;2、企业级PCIeGen7SSD主控芯片;3、消费级PCIeGen6SSD主控,20260410,0,-0.028596000860030113,0.008410801239486565,0.007820882546432095,0.07613988490482515,0.05882127062311726,0.5613103142983622,0.46697186028213444,0.8140179282868525,0.7913850140560252,
688788.SH,20260410,监管审批,,,,3.0,,80.0,1、公司主营业务相关项目及补充流动资金。,20260410,0,-0.016983695652173947,-0.000863856254319284,-0.0014483492876915527,-0.005701451278507297,-0.02170297049335579,0.005701451278507186,-0.055065661605216754,0.022153303654935952,0.009400227904341252,
688028.SH,20260410,监管审批,,,,3.0,,80.0,1、合理合法使用。,20260410,0,-0.021342685370741576,-0.0342991706767688,-0.03486410410510543,0.07914405651684264,0.061777095277537164,0.42367154704617604,0.3376495874490002,0.39277036063294024,0.3753932158848652,
688168.SH,20260410,监管审批,,,,3.0,,80.0,1、用于公司主营业务相关项目及补充流动资金。,20260410,0,-0.011333050007083179,0.09098724745665554,0.09034902167568659,0.1739504226966615,0.1550577166073137,0.2367101303911736,0.16198486873187234,0.2007180278802818,0.18573705789279815,
300370.SZ,20260410,监管审批,,,,3.0,,80.0,1、合理合法使用。,20260410,0,0.0039525691699604515,0.007874015748031482,0.0072844110736243195,-0.011811023622047223,-0.027714219813719798,0.03937007874015763,-0.023431380701385507,-0.20866141732283472,-0.218534692547954,
300922.SZ,20260410,监管审批,,,,3.0,,80.0,1、合理合法使用。,20260410,0,0.00654911838790917,0.008508508508508372,0.007918532656859156,-0.0010010010010009784,-0.01707816585118771,-0.05205205205205199,-0.10932954716515708,-0.15732368379006423,-0.16783748329101,
605086.SH,20260410,监管审批,,,,3.0,,80.0,1、合理合法使用。,20260410,0,-0.011070110701106861,-0.03128587830080376,-0.03185257450032253,-0.009184845005740572,-0.025130305010072407,-0.08495981630310012,-0.1402489382042026,-0.3193344755567704,-0.32782691887520743,
001288.SZ,20260410,监管审批,,,,3.0,,80.0,1、合理合法使用。,20260410,0,-0.026685899747565966,0.0022230455724343567,0.0016367467064697383,0.044090403853279225,0.02728757065918508,0.1085587254538718,0.041576706960952725,-0.14219451187546017,-0.15289707315487966,
603350.SH,20260410,监管审批,,,,3.0,,80.0,1、合理合法使用。,20260410,0,0.0014442518775275026,0.10008653014133251,0.099442981294662,0.06489760599942307,0.04775991679515279,0.03230458609749065,-0.030069957793269153,-0.1402241892981696,-0.15095133365430713,
688557.SH,20260409,监管审批,,,,3.0,,80.0,1、合理合法使用。,20260409,0,-0.02562500000000001,0.0009621552277099266,-0.004073384936360336,0.03207184092366888,0.009327179211059189,0.1064785118665812,0.04128474485414935,0.004810776138550299,0.003619314322306444,
603182.SH,20260409,监管审批,,,,2.66,,80.0,1、补充流动资金。,20260409,0,0.06834975369458163,-0.09971181556195985,-0.10424089519628865,-0.151585014409222,-0.1702822708152304,-0.13602305475504328,-0.1869286178259365,-0.31653188495391316,-0.31734231233092336,
301078.SZ,20260409,监管审批,,,,3.0,,80.0,1、合理合法使用。,20260409,0,-0.017381228273464666,0.014150943396226134,0.009049054397495926,0.04363207547169812,0.02063265085045396,0.028301886792452935,-0.03228570971938505,-0.23061329088605897,-0.23152559687202545,
002644.SZ,20260409,监管审批,,,,3.0,,80.0,1、合理合法使用。,20260409,0,-0.022421524663677084,-0.005733944954128489,-0.010735799048019024,-0.008027522935779796,-0.029888480210665813,-0.061926605504587284,-0.1171979349207607,-0.17200879221553378,-0.1729905889196376,
301309.SZ,20260408,董事会预案,,,,,,80.0,募集配套资金1、用于标的公司项目建设、补充流动资金以及支付本次交易的相关税费和中介机构费用等。,20260408,0,0.09455432132213515,-0.09579207920792077,-0.08922025780315423,-0.2012376237623762,-0.20762659698648234,-0.09876237623762385,-0.1478285410917316,-0.22836831929226176,-0.22744740508204808,
000551.SZ,20260408,监管审批,,,,3.0,,80.0,1、合理合法使用。,20260408,0,0.10023677979479095,0.0,0.0072680422872315464,0.017216642754662725,0.009080343290626125,0.22812051649928278,0.16125783552098172,0.38152495329361447,0.38317375283497856,
002246.SZ,20260408,监管审批,,,,3.0,,80.0,1、合理合法使用。,20260408,0,-0.01016949152542379,0.03724315068493156,0.04478187776625098,0.09289383561643838,0.0841522252699003,0.011558219178082085,-0.04351414024530342,-0.22747159948789242,-0.22654961507536442,
002583.SZ,20260408,监管审批,,,,3.0,,80.0,1、合理合法使用。,20260408,0,0.02851524090462143,0.0009560229445506607,0.008231013646970764,0.030592734225621365,0.02234944488224966,-0.041108986615678855,-0.09331398039237315,-0.24760994263862335,-0.24671199260265264,
300706.SZ,20251203,监管审批,,,,9.0,,80.0,1、光掩膜版材料项目;2、超高纯半导体靶材项目;3、半导体材料研发项目;4、补充流动资金及偿还银行贷款。,20251203,0,-0.03897581792318627,0.013025458851391392,0.013602124812877037,0.11426879810538781,0.10784217016122444,0.00444049733570151,-0.018549563916255618,0.13499111900532856,0.07442577608917955,
688568.SH,20250304,监管审批,,,,24.88,,80.0,1、星图云空天信息云平台建设项目;2、星图低空云低空监管与飞行服务数字化基础服务平台建设项目;3、星图洛书防务与公共安全,20250304,0,0.0346975088967969,0.014961306964746512,0.009569078576842305,0.05107480653482388,0.033778305881933646,-0.06448839208942381,-0.07125661519279403,-0.13118464680181663,-0.14094418642450024,
002106.SZ,20260404,监管审批,,,,25.0,,80.0,1、微腔电子纸显示器件(MED)项目;2、补充流动资金。,20260403,1,-0.011753183153771052,0.01090188305252715,0.008285654875493487,0.0574826560951438,0.028726412959772185,0.07829534192269594,0.0009085918773812374,0.46073032780873,0.40165060174462774,
600531.SH,20260404,监管审批,,,,18.39,,80.0,1、先进稀贵金属材料智造项目;2、数智化升级改造项目;3、废水资源化项目;4、补充流动资金。,20260403,1,-0.014683153013910322,0.0007843137254901489,-0.0018057300409688448,0.06274509803921569,0.033845752736487045,0.23215686274509806,0.14372782902243353,0.19529411764705884,0.14695004777171383,
301552.SZ,20260404,监管审批,,,,3.0,,80.0,1、合理合法使用。,20260403,1,-0.023443815683104163,0.11534216335540837,0.11245564227584248,0.2017108167770416,0.16903256127425093,0.1575607064017659,0.0744852654109307,-0.1236728213188173,-0.15911616679701912,
002660.SZ,20260404,监管审批,,,,3.0,,80.0,1、合理合法使用。,20260403,1,-0.030156815440289586,0.047263681592039974,0.04455334857308113,0.06965174129353247,0.04056458287488596,0.11318407960199006,0.033293445957057966,-0.17164179104477606,-0.2051450155184129,
002348.SZ,20260404,董事会预案,,,,8.54,,80.0,1、补充流动资金。,20260403,1,-0.02399999999999991,0.09972677595628432,0.09688066771716697,0.2622950819672132,0.22796935182269218,0.7199453551912567,0.5965088752965602,0.437158469945355,0.37903211554669847,
000659.SZ,20260404,董事会预案,,,,9.33,,80.0,1、偿还债务和补充公司流动资金。,20260401,3,0.008830022075055455,-0.08315098468271331,-0.06938996928947228,-0.05908096280087538,-0.06851853721004397,-0.12472647702407014,-0.17320888108137766,-0.3282275711159739,-0.34402510221670346,
688160.SH,20260403,监管审批,,,,3.0,,80.0,1、合理合法使用。,20260403,0,0.0024437927663734094,-0.011604095563139905,-0.014162077953521868,0.03559239395416869,0.007431415144688813,0.13895660653339825,0.05721633854235009,0.3393702581132343,0.28519898060820736,
300093.SZ,20260403,监管审批,,,,24.31,,80.0,1、北京通州区人工智能智算中心项目(一期);2、上海办公研发中心项目;3、补充流动资金及偿还债务。,20260403,0,0.02140181915462791,-0.009429020429544188,-0.011992631944717669,0.005238344683080154,-0.02209721309849777,0.20429544264012556,0.11786595827072688,0.2111052907281301,0.1628133283276294,
920239.BJ,20260403,监管审批,,,,9.03,,80.0,1、高倍率锂电池马来西亚生产基地建设项目;2、补充流动资金及偿还借款。,20260403,0,-0.02498311951384191,-0.003462603878116366,-0.006041656562565945,0.029432132963989055,0.0014386708147493543,0.08344875346260383,0.005692155050877279,-0.1268663599861557,-0.1621805417261578,
002860.SZ,20260403,监管审批,,,,3.0,,80.0,1、合理合法使用。,20260403,0,-0.056382145653876226,-0.006639004149377681,-0.009209836265609339,0.014937759336099532,-0.012661555703741945,0.11286307053941913,0.03299547496867827,0.3339649851168953,0.2800123256838327,
003029.SZ,20260403,监管审批,,,,3.0,,80.0,1、合理合法使用。,20260403,0,-0.020962363030014197,0.01119221411192206,0.008575234554056177,0.03990267639902689,0.011624487601040956,0.042822384428223836,-0.032018553919436754,-0.20875912408759123,-0.2407611256272939,
300179.SZ,20260402,监管审批,,,,3.0,,80.0,1、合理合法使用。,20260402,0,0.017969888295289005,0.03482824427480913,0.04527988241330272,0.1622137404580153,0.14269702664120754,0.3392175572519083,0.2616722113592409,1.7656512583840929,1.6904032916710872,
300378.SZ,20260402,监管审批,,,,3.0,,80.0,1、合理合法使用。,20260402,0,-0.0033696215655779627,-0.007022106631989544,0.003006848103662252,0.042912873862158696,0.025399544440488864,0.06788036410923293,0.0060463836940094495,-0.06858398691048107,-0.09392599665825785,
603507.SH,20260401,监管审批,,,,10.0,,80.0,1、大兆瓦级海上风力发电机核心部件产业化项目;2、年产20万吨风电核心零部件绿色智能铸造项目(一期);3、补充流动资金。,20260401,0,-0.023640661938534313,-0.013317191283292895,-0.005949228601110246,0.1188861985472156,0.11391572026306496,0.15690072639225194,0.11087204055729338,-0.1985472154963679,-0.2304874972312304,
300083.SZ,20260401,监管审批,,,,3.0,,80.0,1、合理合法使用。,20260401,0,-0.001312335958005173,-0.030223390275952777,-0.022981673072230868,-0.01182654402102501,-0.016216351233139248,0.3390275952693822,0.2857527730647178,0.7950065703022338,0.7234702094835601,
300736.SZ,20260401,监管审批,,,,3.99,,80.0,1、补充流动资金。,20260401,0,-0.12147134302822937,0.06134371957156781,0.06926920570519468,-0.014118792599805197,-0.018498416853368727,0.3437195715676731,0.2902580734468714,0.4693281402142164,0.41077103533314796,
920047.BJ,20260630,监管审批,,,,3.0,,80.0,1、创新药物研发项目;2、生物工程新药产业化项目(续建);3、补充流动资金;4、偿还银行贷款。,20260630,0,-0.022359657469076866,-0.026277372262773713,-0.030550704082570657,0.06326034063260333,0.09101590113173974,-0.0948905109489051,-0.05629972602142164,,,
300657.SZ,20241108,监管审批,,,,5.18,,80.0,1、用于补充流动资金。,20241108,0,0.07991360691144722,0.19999999999999996,0.19385535553404631,0.06549999999999989,0.10439052288685491,0.08699999999999974,0.10239798016871737,0.2829999999999999,0.334906938847251,
001228.SZ,20241205,监管审批,,,,3.92,,80.0,1、补充流动资金。,20241205,0,0.005674378000873004,0.0078125,-0.002615075845168846,0.02473958333333348,-0.0026868190394545577,-0.1480034722222222,-0.10623830892719655,-0.03689236111111094,-0.03612205536650481,
000159.SZ,20250925,监管审批,,,,6.62,,80.0,1、全部用于补充流动资金。,20250925,0,-0.012455516014235002,0.007207207207207356,0.013836515150486228,0.0612612612612613,0.04935354370851641,0.09009009009009028,0.06211617641728995,0.04684684684684681,0.01769524098769293,
688233.SH,20260514,监管审批,,,,8.1,,80.0,1、硅零部件扩产项目;2、碳化硅陶瓷零部件研发及产业化建设项目;3、新建研发中心项目。,20260514,0,0.006596858638743486,0.001872464371164062,0.012175661538526894,-0.022365546655570556,0.0017657843981455645,0.037813490056549215,0.08750518071662294,0.21086928046276432,0.2839757161316554,
002916.SZ,20260613,监管审批,,,,43.67,,80.0,1、无锡深南电路AI算力电子电路产品项目;2、补充流动资金。,20260612,1,0.008879200340280669,0.05349143610013174,0.03678595281817931,0.20511198945981546,0.1670218385405935,0.03712779973649538,0.06832247777637201,-0.03826086956521735,-0.01409604101360995,
603950.SH,20260408,董事会预案,,,,20.0,,80.0,募集配套资金1、热交换系统扩产及研发能力提升项目;2、热交换系统风扇部件生产基地建设项目;3、湖北倍沃得高强度紧固件产业,20260408,0,0.10002696144513323,0.10000000000000009,0.10799484651595481,0.4666666666666668,0.45493540047188197,0.7169117647058825,0.6234377757535221,1.0508481809280874,1.0532957932799745,
688584.SH,20260314,监管审批,,,,9.0,,80.0,1、12英寸半导体大硅片产业化项目;2、补充流动资金。,20260313,1,-0.022685185185185364,-0.01563240170535285,-0.013062862712552747,-0.08005684509711009,-0.04788232569348694,-0.06726669824727605,-0.04227011326819341,0.3585978209379441,0.395547251898412,
000552.SZ,20260417,监管审批,,,,8.65,,80.0,1、购买甘肃能化金昌能源化工开发有限公司100%股权。,20260417,0,-0.032727272727272716,-0.04511278195488733,-0.05229449388694729,0.022556390977443552,0.015419625277701687,0.022556390977443552,-0.004654662632484152,-0.06390977443609025,-0.023159023195691963,
002064.SZ,20260606,董事会预案,,,,58.29,,80.0,1、购买浙江华峰合成树脂有限公司100%股权及浙江华峰热塑性聚氨酯有限公司100%股权。,20260605,1,0.015904572564612307,0.007827788649706457,0.025238227390037782,0.022856013641747275,0.021897807528423963,0.09895254798997377,0.09528088683845826,0.07819894771318481,0.10205426670324225,
688530.SH,20260520,监管审批,,,,5.0,,80.0,1、欧莱高性能铜及铜合金零部件和超导材料产业化项目;2、高纯及超高纯金属材料研发试制项目;3、补充流动资金。,20260520,0,-0.045211389128559154,-0.10536779324055667,-0.08673735907413915,-0.12326043737574555,-0.10859904076362803,0.16266040122898962,0.1779740358173203,0.14476775709380085,0.21333774488520563,
688515.SH,20260428,监管审批,,,,6.89,,80.0,1、面向数据中心场景的新一代高速互联网络通信方案研发项目;2、面向汽车场景的新一代高速通信芯片研发及产业化项。,20260428,0,-0.03614011701103459,0.16926623127160978,0.1610459555349184,0.4449481367652708,0.409925029689608,0.4716096811371493,0.47525140563252366,0.04141375336150577,0.11125924096144324,
001306.SZ,20251029,监管审批,,,,8.0,,80.0,1、智能传动系统核心零部件产业化项目;2、智能核心传动零部件制造基地项目;3、装备开发及产业化项目;4、技术研究和应用中,20251029,0,-0.00010660980810217602,-0.017485872694317117,-0.010233224905981886,-0.048939119309095,-0.03765776053713166,-0.12197462416035842,-0.08740366123019294,-0.053630451007570135,-0.08104872696439025,
000859.SZ,20241214,监管审批,,,,3.3,,80.0,募集配套资金1、用于支付本次交易的现金对价;2、支付中介机构费用及发行费用等。,20241129,15,0.02473498233215543,0.10000000000000009,0.08055032242563875,0.09482758620689657,0.08130063257759335,-0.1827586206896551,-0.13991522769630715,-0.06034482758620685,-0.08864703586915135,True
600903.SH,20250409,董事会预案,,,,,,80.0,募集配套资金拟用于1、支付本次交易的中介机构费用、交易税费等费用、补充流动资金等用途。,20250409,0,0.0314371257485031,0.100145137880987,0.08757668373237393,0.03918722786647333,0.010893834930548518,0.0014513788098695635,-0.05277424408945608,0.010190245148367527,-0.07954052624124464,
601969.SH,20260210,监管审批,,,,7.68,,80.0,募集配套资金1、支付本次交易现金对价;2、补充标的公司流动资金及偿还贷款;3、支付中介机构费用及相关税费。,20260210,0,-0.04203013481363982,-0.01407284768211925,-0.014934678081178432,0.0008278145695364003,-0.0037229357276711283,0.0281456953642385,0.04469242648889238,-0.09910726341538456,-0.10800152964165188,
603733.SH,20250927,监管审批,,,,30.0,,80.0,1、广西三江口新区高性能纸基新材料项目二期工程;2、补充流动资金。,20250926,1,-0.012992455993294127,0.013588110403397025,0.004554273810595921,-0.023354564755838747,-0.03877101534206995,-0.015286624203821653,-0.05203883833281564,0.022929936305732257,-0.012456971066657663,
301182.SZ,20260425,监管审批,,,,1.3,,80.0,1、液冷精密结构元器件产品高端化设备改造项目。,20260424,1,-0.047128352780724136,0.07124681933842236,0.06955755873858038,0.13024809160305306,0.1084392079663723,0.3520992366412212,0.34753264089795666,-0.19179389312977113,-0.1395682042277978,
002988.SZ,20251118,监管审批,,,,16.21,,80.0,1、华东汽车轻量化高性能铝型材及零部件产能扩充项目;2、华南汽车轻量化高性能铝型材及零部件产能扩充项目;3、研发创新中心,20251118,0,-0.013629842180774898,-0.03490909090909089,-0.03660350208636043,-0.10351515151515145,-0.08734833551571808,-0.10666666666666658,-0.07980667772620831,-0.15127272727272723,-0.19114358254137598,
002968.SZ,20250929,监管审批,,,,4.59,,80.0,募集配套资金1、拟用于支付现金对价、支付本次交易中介机构费用等。,20250929,0,-0.07874617737003042,-0.03153526970954357,-0.03658506895635105,0.029875518672199064,0.029156860005189023,0.016597510373443924,-0.008470786483638526,0.02619723787488537,-0.0003522061627037054,
002027.SZ,20250410,监管审批,,,,77.65,,80.0,1、购买新潮传媒90.02%股权。,20250410,0,0.09954058192955584,-0.03064066852367686,-0.03500783834358401,0.0,-0.017285793319304688,0.01949860724233976,-0.02618658862882617,0.08356545961002793,-7.677323265675717e-06,
300814.SZ,20260530,监管审批,,,,8.44,,80.0,1、鹤山中富AI用PCB产线改扩建项目;2、数字化升级建设项目;3、补充流动资金。,20260529,1,0.05228844254198228,-0.09600100131422495,-0.09358845256623505,-0.01251642781150264,-0.002505390357059545,0.19581951311095813,0.19425422567763206,-0.16741348569797476,-0.12740111498332396,
301112.SZ,20250520,监管审批,,,,13.13,,80.0,募集配套资金拟用于1、支付现金对价;2、支付中介机构费用及其他并购整合费用。,20250520,0,0.1998730964467006,0.19989423585404542,0.19738094151855834,0.05869910100475928,0.07130929044426093,-0.008989952406134427,-0.011426120769991055,0.258594785682722,0.1550679088653586,
688175.SH,20260331,监管审批,,,,0.96,,80.0,募集配套资金1、支付本次交易的现金对价;2、支付本次交易的中介机构费用及相关税费。,20260331,0,-0.05500705218617774,-0.05671641791044768,-0.07025967482287088,0.008358208955223878,-0.017674107860247146,0.06179104477611941,0.006044586579638134,-0.021263834799059578,-0.06967877438295078,
002155.SZ,20260126,监管审批,,,,10.5,,80.0,募集配套资金1、支付本次交易的中介机构费用及相关税费、补充上市公司或标的公司流动资金及偿还债务等。,20260126,0,0.10013060513713556,0.1001187178472498,0.09817914236053871,0.31776810447170534,0.35611534656020916,0.6098140087059754,0.613691142212281,0.14721013058963184,0.15421787715884605,
600339.SH,20250829,监管审批,,,,58.96,,100.0,1、油气储运工程总承包项目;2、伊拉克巴士拉石油公司巴士拉省海水输送管道总包项目;3、阿拉伯联合酋长国阿布扎比天然气公司,20250829,0,-0.011111111111111183,0.011235955056179803,0.0066428323917686605,-0.0337078651685393,-0.02219779126578314,-0.028089887640449396,-0.020518592534013225,-0.04214080361278849,-0.05586472154854227,
000151.SZ,20250528,监管审批,,,,1.51,,80.0,募集配套资金1、通用技术东莞基站节电服务二期项目;2、补充流动资金。,20250528,0,0.04122990915443747,-0.05369127516778527,-0.060306849831389786,-0.14429530201342278,-0.15546328873546822,-0.16577181208053682,-0.19202465177247008,-0.11610738255033548,-0.217166871652549,
688598.SH,20260429,监管审批,,,,3.0,,80.0,1、高性能陶瓷汽车制动盘产能扩建项目。,20260429,0,0.02006552006551998,-0.004817342432757887,-0.005941453535684871,0.14171015656362917,0.10995690712506145,0.20674427940586115,0.22154684745133957,0.12043356081894818,0.18661351628172018,
300174.SZ,20250725,监管审批,,,,1.0,,80.0,募集配套资金1、支付中介机构费用及相关税费、本次交易的现金对价。,20250725,0,0.020979020979020824,-0.01743462017434616,-0.018603888020667148,-0.055417185554171744,-0.04647443894544656,0.11145703611457058,0.04402636437636187,0.028642590286426017,-0.0751468036675157,
605008.SH,20250719,董事会预案,,,,,,80.0,募集配套资金拟用于1、支付本次交易的现金对价、中介机构费用、交易税费等费用、标的公司项目建设、补充上市公司和标的公司流动,20250707,12,-0.014906027219701912,0.017105263157894735,-0.00765644540434951,-0.03881578947368414,-0.0710531058248538,-0.06249999999999989,-0.11921590581563002,0.16842105263157925,0.050255595123235075,True
688655.SH,20260328,监管审批,,,,1.3,,80.0,1、珠海迅捷兴HDI产线建设项目;2、补充流动资金。,20260327,1,-0.01356063541263075,-0.027101335428122653,-0.029472797790247363,-0.0706991358994501,-0.0626452920127254,0.3232521602513747,0.2673537077413153,0.9450117831893166,0.890175909751072,
300691.SZ,20250604,监管审批,,,,2.0,,80.0,募集配套资金用于1、泛安防及智能产品光学镜头建设项目;2、支付中介机构费用及相关税费。,20250604,0,0.04522079621421926,0.021901709401709324,0.01951746227156459,-0.03418803418803429,-0.0416007050288717,0.006944444444444642,-0.015961493526434944,0.07532051282051277,-0.04469316527562295,
002445.SZ,20260309,董事会预案,,,,,,80.0,募集配套资金1、支付本次交易中的现金对价、本次交易相关中介机构费用等。,20260309,0,0.1007194244604317,0.10130718954248374,0.09421939447243188,0.3202614379084967,0.32408070042185666,0.16013071895424846,0.22169491073414194,0.15359477124182996,0.173318896390795,
300904.SZ,20250718,监管审批,,,,6.0,,80.0,1、风电增速器智慧工厂(一期);2、补充流动资金。,20250718,0,-0.018811136192625977,0.020897239263803824,0.013639123175447798,0.026648773006134885,0.009744125199323106,0.12538343558282228,0.0759792321254591,0.5103527607361964,0.38159008449648035,
003033.SZ,20250822,监管审批,,,,6.98,,80.0,1、农机部件扩产项目;2、微型链系统软硬件一体化研发制造项目;3、补充流动资金。,20250822,0,-0.05499704316972198,-0.0035460992907800915,-0.01837720821734745,-0.060283687943262554,-0.06811923774378581,0.09970796829370054,0.10134016157133208,0.25865665415102224,0.25504602099333207,
603958.SH,20241226,监管审批,,,,2.6,,80.0,"募集配套资金用于1、年产1,000万套高端智能手机精密结构件项目;2、补充流动资金、偿还债务;3、支付本次交易中介机构费",20241226,0,0.10033670033670039,0.09975520195838428,0.09908712857508317,-0.11811505507955933,-0.06686037050413463,-0.2313341493268054,-0.1969611500647318,-0.009179926560587415,0.009334105599143605,
601933.SH,20250731,监管审批,,,,31.14,,80.0,1、门店升级改造项目;2、物流仓储升级改造项目;3、补充流动资金或偿还银行贷款。,20250731,0,-0.030737704918032738,0.0021141649048626032,0.005845795826282751,0.0021141649048626032,-0.016183913280901185,0.08456659619450324,0.008269558869065552,-0.012684989429175397,-0.10794704857786197,
000612.SZ,20250315,监管审批,,,,319.17,,80.0,1、购买三门峡铝业99.4375%股权。,20250228,15,-0.01632653061224465,0.09958506224066377,0.06581205705371329,0.1728907330567082,0.15757671510874038,-0.06362378976486871,-0.04695289919675616,0.08648232438387748,0.06843366635439985,True
688286.SH,20260429,监管审批,,,,2.12,,80.0,1、现金方式取得“浦丹光电”54.00%股权项目;2、补充流动资金。,20260429,0,0.05102479575748897,-0.10159552706941233,-0.10261032212764754,-0.014046093004227433,-0.041467448734299306,-0.12382381017318977,-0.11307616637567797,-0.2480820187738978,-0.1900710380661631,
301335.SZ,20250315,监管审批,,,,2.24,,80.0,募集配套资金1、用于支付本次交易的现金对价。,20250228,15,-0.05125523012552302,0.0,-0.030714317924736112,-0.09849320102903336,-0.11026385528569804,-0.2190371187063579,-0.2051331487106497,0.39985299522234485,0.37659861966990715,True
688170.SH,20260623,监管审批,,,,2.8,,80.0,1、激光器生产建设项目;2、总部研发中心建设项目;3、补充流动资金。,20260623,0,-0.037456242707118004,-0.01078918656806882,-0.011886897052235335,0.16389865438234952,0.16726848782165904,-0.3816220147896714,-0.3429155182972947,,,
688499.SH,20260430,监管审批,,,,12.9,,80.0,1、消费锂电前段设备研发及产业化项目;2、智慧物流装备生产建设项目;3、固态电池设备关键技术研发建设项目;4、补充流动资,20260430,0,-0.024165915238954172,0.02494917760118298,0.01311978696948568,0.005359452966180012,-0.019051152758280954,-0.005729070412123449,0.003312518594489111,-0.3699870633893918,-0.3233029818437545,
002973.SZ,20240828,监管审批,,,,9.0,,80.0,1、“城市大管家”装备集中配置中心项目;2、智慧城市管理数字化项目;3、补充流动资金或偿还贷款。,20240828,0,0.0,0.020408163265306145,0.0255853022905137,-0.0036014405762303525,0.015419495596684873,0.06842737094837936,-0.018118527792455152,0.1968787515006003,0.02092411393160054,
003018.SZ,20260507,监管审批,,,,3.0,,80.0,1、金富华南液冷板生产基地项目;2、卓晖金属液冷组件扩产项目;3、联益热能液冷组件扩产项目。,20260507,0,0.006623845845042053,-0.035692921236291086,-0.035660669641844445,0.07198404785643087,0.07254203965710038,0.010368893320040096,0.040823796554656955,-0.23915724361345747,-0.1701004421310277,
603598.SH,20250819,监管审批,,,,4.7,,80.0,1、全球社交营销云项目;2、内容创意云项目;3、补充流动资金。,20250819,0,-0.010816657652785278,-0.008201202843083566,-0.018451105153995284,0.01585565882996187,-0.021196328257280572,-0.029524330235101037,-0.06334319622943241,-0.03335155822854019,-0.08710103791708923,
001208.SZ,20251217,监管审批,,,,0.4,,80.0,募集配套资金1、研发中心建设及数字化改造项目;2、补充标的公司流动资金;3、支付中介机构的费用。,20251217,0,0.05209914011127981,0.02163461538461542,0.02002877824610194,0.012019230769230838,-0.0061284106552405015,0.22307692307692317,0.15400971262841523,-0.1201923076923076,-0.10704240803498088,
002587.SZ,20260427,监管审批,,,,2.65,,80.0,1、Micro LED COB智能制造升级建设项目;2、智能视讯技术研发中心建设项;3、全球品牌及总部运营中心建设项目。,20260427,0,0.0641025641025641,0.009036144578313365,0.010942771472637336,0.07831325301204828,0.05412964508986584,0.09650365861557453,0.09321529999384981,-0.23714890693826562,-0.1827188040440696,
002846.SZ,20250916,监管审批,,,,15.0,,80.0,1、复合集流体项目;2、罐头易开盖制造项目;3、补充流动资金。,20250916,0,-0.02423654871546288,0.005961251862891315,0.0022045920991133894,-0.05613512170889212,-0.04624845755593199,-0.14754098360655732,-0.15884373508717964,-0.22553402881271722,-0.22721740100915944,
000938.SZ,20260212,监管审批,,,,54.1,,80.0,1、收购新华三6.98%股权;2、研发设备购置项目;3、偿还银行贷款。,20260212,0,0.019498607242339983,-0.004683840749414525,0.007981758817703133,0.012880562060889833,0.00585766681893829,0.021857923497267784,0.06755688262851356,0.14168618266978927,0.15757442527406718,
603138.SH,20260512,监管审批,,,,6.14,,80.0,1、新一代高性能混合事务分析数据库建设项目;2、多模态时序数据库建设项目。,20260512,0,-0.03069306930693083,0.027068437180796767,0.02026995262602549,-0.0076608784473951586,0.003037413712145165,-0.10469867211440231,-0.059050174456425575,-0.32124616956077623,-0.2715492076808642,
603316.SH,20260618,监管审批,,,,1.0,,80.0,1、嵌入式存储芯片扩产项目;2、补充流动资金。,20260618,0,0.02074288470815233,0.07230623818525528,0.05360243635239592,0.023156899810963916,0.03921752690379865,-0.32325141776937616,-0.2645819204997395,,,
300835.SZ,20260212,监管审批,,,,7.6,,80.0,1、越南龙磁二期工程;2、芯片电感智造项目;3、补充流动资金及偿还银行贷款。,20260212,0,0.14902560183416114,-0.05254406385101429,-0.04048749530922846,-0.005099212947566767,-0.011997443859795842,-0.15641281454384226,-0.1186863797574248,0.3450312119729493,0.3637492997719789,
688047.SH,20260528,监管审批,,,,23.0,,80.0,1、基于Xnm工艺的信息化芯片研发及产业化项目;2、基于Xnm工艺的CPU关键核心技术研发项;3、基于Xnm工艺的通用G,20260528,0,0.015818252831662605,-0.06568407561678946,-0.058779486825695226,-0.1015059275873118,-0.09245967672370592,-0.07132329381608471,-0.05486532830136304,-0.3079141300865108,-0.28841046928715064,
301396.SZ,20250828,监管审批,,,,12.9,,80.0,1、智能算力集群建设及运营项目;2、补充流动资金。,20250828,0,-0.011784511784511564,-0.02932587004137277,-0.03293137082977715,-0.1837430031637869,-0.16689679796100632,0.03175955220248228,0.029161023287176402,-0.2453490311300499,-0.25408184530550604,
688512.SH,20260429,监管审批,,,,2.74,,80.0,1、新一代移动通信射频前端模组研发项目;2、面向新兴应用场景的通信模组研发项目;3、补充流动资金。,20260429,0,-0.025974025974025983,0.05666666666666664,0.05547310614482592,0.13583333333333347,0.10424353013623522,0.11416666666666653,0.1278336284072743,0.050000000000000044,0.1120196999321581,
002256.SZ,20260415,监管审批,,,,2.35,,80.0,1、分布式光储算一体化节点建设项目;2、补充流动资金项目。,20260415,0,-0.021276595744680993,0.0024154589371980784,-0.004588713122791743,0.08937198067632846,0.06840073925541268,0.18599033816425137,0.15604493523492025,-0.2125603864734299,-0.2006343805572579,
300943.SZ,20250319,监管审批,,,,1.57,,80.0,1、购买浙江春晖仪表股份有限公司61.3106%股份。,20250319,0,0.0686131386861315,0.031420765027322384,0.03670983432188257,0.07855191256830585,0.09703583610338007,-0.1646174863387978,-0.12741425969960363,0.1571348129575132,0.16998062261193514,
600593.SH,20250729,监管审批,,,,9.56,,80.0,1、用于偿还债务和补充流动资金。,20250729,0,-0.005247813411078828,-0.041617819460726624,-0.043209611302994166,-0.08763188745603734,-0.0896208341111202,-0.017291910902696217,-0.08300356743053194,0.44460726846424414,0.29835294477410246,
300238.SZ,20260326,监管审批,,,,0.97,,80.0,1、生物硬脑膜修复材料(第三代硬脑膜补片)产业化项目;2、补充流动资金及偿还银行贷款。,20260326,0,-0.05419695968274951,0.0475192173305381,0.040924171514890695,0.07756813417190767,0.06926447984284279,0.009783368273934112,-0.03744418953742579,-0.19217330538085253,-0.23750206019879683,
300048.SZ,20260228,监管审批,,,,16.52,,80.0,1、高压变频器研发及产业化项目;2、光伏并网逆变器研发及产业化项目;3、户用储能系统研发及产业化项目;4、分布式光伏标杆,20260227,1,0.016042780748662944,0.09473684210526323,0.08957817207712604,0.03552631578947385,0.045240195481385914,-0.09999999999999998,-0.04270369053636325,-0.20394736842105265,-0.19146932425020158,
300756.SZ,20260121,监管审批,,,,5.61,,80.0,1、文旅文娱机器人研发和产业化项目;2、IP赋能提升项目;3、补充流动资金。,20260121,0,-0.013293943870014813,0.011414670658682624,0.010031959197733809,-0.047342814371257536,-0.055213730757030066,-0.0813997005988023,-0.08797714930156997,0.03948353293413165,0.04892054131464674,
002859.SZ,20260317,董事会预案,,,,2.28,,80.0,募集配套资金1、补充流动资金、支付中介机构费用及相关税费。,20260317,0,0.010793054903801114,0.03551532033426197,0.03218241622674345,-0.04271123491179185,-0.0011204917958581584,-0.02228412256267409,-0.01677360729325572,0.9258761721392448,0.9039848288083583,
301148.SZ,20251201,监管审批,,,,10.0,,80.0,募集配套资金1、绿色成套装置生产基地项目;2、电渗析膜组器生产基地项目;3、研发中心建设项目;4、补充流动资金。,20251201,0,0.20012110202845879,0.2000504540867809,0.20506730092689018,0.42381432896064575,0.4201599083533396,0.15615539858728544,0.14120559937780097,0.38521695257315836,0.3196201016546041,
002925.SZ,20250821,监管审批,,,,7.77,,80.0,1、马来西亚智造基地扩建项目;2、墨西哥智造基地建设项目;3、健康环境产品扩产项目;4、研发中心升级项目。,20250821,0,-0.01276595744680864,0.0,-0.014287438686679588,0.019935344827586077,0.0006971742020718263,-0.05118534482758608,-0.06618085870424151,0.015086206896551824,-0.0017993528700325223,
600569.SH,20260424,监管审批,,,,15.0,,80.0,1、用于补充流动资金。,20260424,0,0.0,0.004739336492891155,0.0031549522561220567,-0.004739336492890933,-0.023943548523726377,-0.11848341232227466,-0.12146065673438311,-0.1469194312796207,-0.09179398739645206,
688693.SH,20260328,监管审批,,,,9.01,,80.0,募集配套资金1、支付交易现金对价;2、支付中介机构费用及相关税费;3、补充上市公司流动资金。,20260313,15,-0.05023873780361232,0.19999999999999996,0.25265837683193637,0.23300546448087434,0.30143931206662966,1.0981420765027323,1.1028166986031183,1.1276502732240439,1.1636725054682278,True
600539.SH,20250308,监管审批,,,,2.2,,80.0,募集配套资金拟用于1、支付本次交易的现金对价、中介机构费用及相关税费;2、偿还有息负债。,20250221,15,0.07984031936127733,0.09981515711645117,0.10404620187620472,0.3179297597042514,0.302340428819168,-0.10536044362292052,-0.023732089544539203,-0.008317929759704135,-0.010147323838497924,True
603267.SH,20260328,监管审批,,,,3.0,,80.0,1、多层片式瓷介电容器及可调电容器产业化技术改造项目;2、微纳系统封装管壳产业化项目;3、补充流动资金。,20260327,1,-0.003972194637537174,-0.0023928215353938853,-0.004824511455489899,-0.06161515453639077,-0.05348258375873738,0.040279162512462774,-0.0036655950399152593,0.562695259055179,0.5186380660917604,
300713.SZ,20260213,监管审批,,,,3.46,,80.0,1、智能高频开关电源系统生产项目;2、智能高频开关电源模块生产线自动化及技术升级改造项目;3、营销网络及信息化建设项目;,20260213,0,-0.0016492578339747377,0.02698237885462551,0.018168642275312008,0.013215859030836885,-0.011134295722002974,-0.16134361233480166,-0.10222861752452617,-0.013766519823788514,-0.021158535785810062,
603327.SH,20250425,监管审批,,,,3.0,,80.0,1、崇州市福蓉科技绿色低碳铝合金新材料项目。,20250425,0,0.0,-0.019837691614066788,-0.017856958287483238,0.051397655545536436,0.036424007562670724,0.03155996393146965,0.017700982092487827,0.14355362144596473,0.04502584371593432,
300889.SZ,20251203,监管审批,,,,12.3,,80.0,"募集配套资金1、拟用于支付本次交易中的现金对价、本次交易税费、中介费用,以及补充上市公司和标的公司流动资金、偿还债务等。",20251203,0,0.07906976744186034,-0.0980603448275863,-0.09754691459352116,-0.15768678160919547,-0.16254488557500046,-0.25646551724137934,-0.273483850678656,0.006824712643678232,-0.04690142050100887,
300142.SZ,20260319,监管审批,,,,22.03,,80.0,1、补充流动资金。,20260319,0,0.008957654723126929,0.009685230024212954,0.02231559378259962,-0.062146892655367325,-0.03381927276856245,0.005649717514124353,-0.005488737692031731,-0.030669895076674725,-0.05462518895345947,
603657.SH,20251212,监管审批,,,,4.92,,80.0,1、苏州尚腾科技制造有限公司年产清洁电器制品800万台新建项目(一期);2、补充流动资金和偿还银行贷款。,20251212,0,-0.05565167243367941,-0.036030534351145005,-0.030691011247755418,-0.0729770992366412,-0.07323963814304235,-0.07725190839694651,-0.13285920832067333,-0.15328244274809155,-0.1894683891938611,
300767.SZ,20260211,监管审批,,,,6.3,,80.0,1、补充流动资金和偿还银行贷款。,20260211,0,0.1306666666666667,0.02075471698113196,0.02025278634390082,-0.02264150943396226,-0.026093586516169887,-0.021226415094339646,0.009415943784488956,0.0693396226415095,0.0615808310901107,
605268.SH,20260526,监管审批,,,,2.4,,80.0,1、湖北王力安防产品有限公司智能门窗系列产品项目;2、补充流动资金。,20260526,0,-0.022789425706472244,-0.017723880597015018,-0.0053314982202500305,-0.021455223880597063,-0.004581114194449176,-0.12126865671641796,-0.11388116407777304,-0.09272303716498898,-0.034259502703595346,
603933.SH,20260410,监管审批,,,,2.25,,80.0,募集配套资金1、支付本次交易现金对价;2、支付中介机构费用、发行费用及相关税费;3、补充上市公司流动资金。,20260410,0,0.10000000000000009,-0.02568283734203025,-0.026252811311477275,-0.0012229922543823823,-0.017296584538450954,0.0717488789237668,0.006991007663094351,-0.05174416448338015,-0.06357524545532922,
600601.SH,20250611,监管审批,,,,19.8,,80.0,1、人工智能及算力类高密度互连电路板产业基地项目。,20250611,0,0.03757828810020869,-0.01408450704225328,-0.014183630048485552,-0.028169014084507005,-0.024295436604782505,0.14486921529175079,0.11513070015401916,0.8350100603621731,0.6371289480875102,
300065.SZ,20250217,监管审批,,,,7.0,,80.0,募集配套资金拟用于1、支付本次重组现金对价;2、中介机构费用及相关税费;3、重点海域海面态势船载机动感知能力建设项目;4,20250217,0,0.2004504504504505,0.060037523452157515,0.07003018697404184,0.25703564727954964,0.2506264204288966,0.6210131332082551,0.5877524308878099,0.4849906191369606,0.47986098236839414,
000829.SZ,20230809,监管审批,,,,17.08,,80.0,1、天音营销网络建设项目;2、天音数字化平台建设项目;3、天音彩票研发与产业化运作项目;4、天音总部运营管理中心建设项目,20230809,0,-0.015538290788013387,-0.007891770011273946,-0.010962386967747761,-0.055242390078917625,-0.026943098175753466,-0.027057497181510515,-0.00043630658287596713,0.2401352874859075,0.3177970905669889,
600397.SH,20260212,监管审批,,,,18.98,,80.0,1、收购江硬公司100%股权;2、收购华茂公司100%股权;3、收购九冶公司100%股权。,20260212,0,0.099923136049193,0.08245981830887472,0.09623433857439334,0.5045422781271838,0.49411040372643966,0.0838574423480083,0.13232910932147557,-0.10761705101327745,-0.09519822962028635,
600358.SH,20250529,监管审批,,,,9.3,,80.0,募集配套资金1、本次交易的现金对价;2、支付中介机构费用等。,20250529,0,0.05073995771670159,0.05030181086519114,0.055308828026436,0.2756539235412476,0.2673970006811255,0.24547283702213307,0.2233652663984913,0.20321931589537234,0.05781947634377205,
300008.SZ,20260627,监管审批,,,,10.0,,80.0,1、高端绿色船舶扩产及智造升级项目;2、无人特种船艇研发及建造设备升级项目;3、水下安防研发及运维项目;4、新能源水上综,20260626,1,-0.03732503888024874,-0.02584814216478193,-0.036999963225823995,0.024232633279483107,0.0200840744350963,-0.00011223417094941013,0.05838059118730854,,,
002943.SZ,20260429,监管审批,,,,1.76,,80.0,1、-12英寸大尺寸硅片及碳化硅切磨抛设备研发及产业化项目;2、海外营销服务中心建设项目;3、补充流动资金项目。,20260429,0,0.013738019169329041,0.0843050740624014,0.08308029450716559,0.2913646391427671,0.2554491983742755,0.17396785376615176,0.18836836871794715,-0.40230876932177895,-0.3561964867088294,
002526.SZ,20240726,监管审批,,,,3.0,,80.0,1、补充流动资金。,20240726,0,0.02690582959641241,0.004366812227074135,0.004037562340162504,0.048034934497816595,0.04282595823907376,-0.07423580786026196,-0.06238800592654936,0.15283842794759828,0.01409761441293056,
000803.SZ,20250717,监管审批,,,,6.53,,80.0,1、偿还银行借款。,20250717,0,-0.0850767085076708,0.004573170731707155,-0.0004453711302302432,-0.03963414634146356,-0.06331255329525665,0.060975609756097615,0.017680211131163803,-0.004573170731707266,-0.08829022084952165,
600234.SH,20260314,监管审批,,,,3.0,,80.0,1、补充流动资金及偿还借款。,20260313,1,0.10029498525073732,-0.046916890080428764,-0.04442901439398783,-0.07037533512064342,-0.037862210088037695,0.1414209115281504,0.1720101751025298,0.7117962466487937,0.7583515231693105,
300603.SZ,20260423,监管审批,,,,2.55,,80.0,1、立昂云数据人工智能算力资源池项目;2、补充流动资金。,20260423,0,-0.01563857515204159,-0.08649602824360114,-0.08350698371404441,-0.09973521624007065,-0.10387496025462606,-0.07149161518093561,-0.08316645112237808,-0.3442188879082083,-0.29448279142240363,
688156.SH,20260424,监管审批,,,,1.52,,80.0,1、洋河酒糟资源化利用项目;2、补充流动资金。,20260424,0,-0.01062155782848162,-0.006361829025844923,-0.007928707715634031,0.041351888667992,0.021258315997069177,0.03896620278330021,0.03545718620341365,-0.26918489065606366,-0.22196015154432802,
600958.SH,20260507,监管审批,,,,235.5,,80.0,1、购买上海证券93.75%股权。,20260507,0,0.021413276231263323,-0.023060796645702264,-0.023028122565339815,0.03668763102725392,0.03722725024931739,-0.05974842767295585,-0.03140702599210854,-0.009723137439822227,0.08656558275228798,
301362.SZ,20260131,监管审批,,,,2.35,,80.0,1、购买厦芝精密49%股权。,20260116,15,0.001112842198975894,0.20008892841262793,0.2258393649024124,1.1591818586038243,1.1784759076438158,1.4206313917296578,1.4237692410987903,2.635615829257448,2.5677388915606203,True
300067.SZ,20260421,董事会预案,,,,,,80.0,募集配套资金1、用于支付本次交易的现金对价和相关交易税费及支付中介机构费用。,20260421,0,0.1995249406175772,0.19999999999999973,0.19380998481318046,0.4653465346534653,0.4676599688915617,0.32871287128712856,0.31972437611019267,-0.1306930693069307,-0.0645621262975713,
002853.SZ,20251216,监管审批,,,,3.95,,80.0,1、补充流动资金和偿还银行贷款。,20251216,0,0.0997536945812807,0.10022396416573343,0.08729922100063137,0.27659574468085113,0.24560338052475128,0.27099664053751416,0.18205555053281297,0.4042553191489362,0.3573264908296898,
002996.SZ,20250723,监管审批,,,,3.69,,80.0,1、年产63万吨低碳环保型铝合金扁锭项目;2、年产50万吨绿色循环高性能铝板带项目。,20250723,0,-0.025284450063211006,0.015564202334630295,0.008965379739364288,-0.027237354085603238,-0.03622823078648518,0.023346303501945442,-0.02662596430023878,0.031128404669260812,-0.05828071832930393,
300852.SZ,20260409,监管审批,,,,9.3,,80.0,1、年产558万平方米高可靠性电路板新建项目——年产60万平方米高多层、HDI电路板项目(一期)。,20260409,0,-0.010452114730189588,0.00736919675755332,0.002301424690620557,0.059444853844264234,0.03609694932020768,0.26768641768007106,0.1929942731217098,0.421927758295761,0.4202416969300806,
000952.SZ,20260212,监管审批,,,,6.0,,80.0,1、偿还借款和补充流动资金。,20260212,0,-0.005006257822277926,0.005031446540880502,0.017820675105030714,0.012578616352201255,0.005557814677013884,-0.11572327044025166,-0.07617714059613467,-0.10188679245283028,-0.08938822608300079,
600152.SH,20260314,监管审批,,,,5.0,,80.0,1、用于补充流动资金。,20260313,1,0.05053763440860215,0.10030706243602872,0.10317924342398554,-0.07062436028659147,-0.038119944775863335,0.10644831115660192,0.1361003340690643,0.057318321392016314,0.08607393230013693,
605178.SH,20251023,监管审批,,,,5.23,,80.0,募集配套资金1、支付本次交易现金对价、中介机构费用及相关税费等。,20251023,0,0.0999162712810493,0.09997462572951044,0.09220540752423001,0.6107586906876428,0.5847036266906833,0.7508246637909162,0.7469760619201791,0.6376554174067497,0.5613894004416651,
002108.SZ,20260304,监管审批,,,,6.0,,80.0,1、补充流动资金。,20260304,0,-0.017892644135188873,0.012145748987854255,0.005717736732403722,0.020242914979756943,0.007664832917960718,-0.0080971659919028,0.025544915657659262,-0.010121457489878694,-0.008330635742808234,
300640.SZ,20260427,监管审批,,,,1.46,,80.0,1、跨境业务能力提升项目;2、补充流动资金。,20260427,0,0.025862068965517127,-0.007002801120448154,-0.005126480658049437,0.09523809523809534,0.07067490953793776,-0.03361344537815114,-0.0365115894325192,-0.20048949640876912,-0.14344371202009887,
300323.SZ,20260427,监管审批,,,,9.98,,80.0,1、用于补充流动资金。,20260427,0,0.0369685767097967,-0.03832442067736208,-0.036507284063373446,0.13636363636363624,0.11087811760359112,0.5196078431372548,0.5150506166169804,-0.07219251336898413,-0.004809390953926851,
002240.SZ,20251101,监管审批,,,,53.0,,80.0,1、木绒锂矿采选尾工程项目;2、补充流动资金。,20251031,1,0.030303030303030276,0.014509803921568531,0.008965759300832987,0.07058823529411784,0.05913512275984645,0.38274509803921575,0.40628293734240395,0.5462745098039217,0.4771334844755104,
300432.SZ,20260114,监管审批,,,,30.54,,80.0,1、年产50万吨高端储能用磷酸铁锂项目;2、新能源汽车电驱动系统关键零部件项目;3、机器人集成电关节项目;4、智能底盘线,20260114,0,0.07918673087212413,0.008428358948934012,0.011736658187610383,-0.0297471492315321,-0.027589984348474594,-0.10213187902825982,-0.1034121497444267,0.3267228557263262,0.3511743677415302,
002880.SZ,20250719,监管审批,,,,15.0,,80.0,1、卫光生物智能产业基地项目;2、补充流动资金。,20250718,1,0.006484641638225153,-0.0023736859952525613,-0.009466356365354422,0.002712783994574419,-0.013797737335113802,-0.010512037978975819,-0.0539504457683897,-0.09155645981688709,-0.16900434119106533,
600579.SH,20250729,监管审批,,,,3.0,,80.0,募集配套资金1、补充上市公司或标的公司流动资金或偿还债务。,20250729,0,0.1004784688995215,0.10000000000000009,0.0981729929228139,-0.020652173913043415,-0.022787135181502327,-0.005434782608695565,-0.07193930077113686,-0.060869565217391175,-0.15594861513936575,
300410.SZ,20250627,监管审批,,,,4.0,,80.0,1、用于补充流动资金和偿还银行贷款。,20250627,0,-0.06476683937823835,0.04432132963988922,0.03819719036242497,0.03601108033241007,0.021662064584985208,0.0041551246537396835,-0.04318736725217809,0.3324099722991687,0.19433691852684754,
300990.SZ,20260130,监管审批,,,,11.4,,80.0,1、南方总部暨工业领域冷却设备及组件项目;2、三河同飞制冷股份有限公司液冷温控项目;3、补充流动资金。,20260130,0,0.017028420673941724,-0.022992571630704006,0.0018723779060139112,-0.04020752269779504,-0.02784551697926807,0.013559721730927787,0.018840863209626857,0.04292034185367122,0.02744981467432628,
688216.SH,20260402,监管审批,,,,1.1,,80.0,1、高密度高性能芯片封测项目。,20260402,0,-0.0337078651685393,-0.012003000750187676,-0.0020243524332266283,0.06451612903225801,0.04664002249482291,0.19129782445611387,0.12231754462152478,0.924231057764441,0.871876490591937,
300522.SZ,20241017,监管审批,,,,3.1,,80.0,1、年产5000吨LCD显示光刻胶专用纳米颜料分散液项目;2、补充流动资金及偿还银行贷款。,20241017,0,-0.011032308904649124,0.03984063745019917,0.010452438815660381,-0.008764940239043839,-0.04227029513158276,0.06772908366533859,0.0012441109019458718,0.054183266932270824,0.05446955946420484,
600058.SH,20260115,监管审批,,,,80.0,,80.0,募集配套资金1、支付本次交易的现金对价;2、鲁中矿业(整合)铁矿资源采选工程项目;3、陈台沟铁矿采选工程(一期)项目;4,20260115,0,0.09982638888888884,0.10023677979479095,0.10310370595361351,0.23362273086030005,0.23063791262631606,0.03235990528808208,0.027011684690775306,-0.10970797158642465,-0.10306171887590077,
300731.SZ,20260429,监管审批,,,,1.23,,80.0,1、数据中心液冷部件生产建设项目;2、创源智热研发中心建设项目;3、补充流动资金。,20260429,0,0.02024584237165561,0.0001417434443657939,-0.000987969206631245,0.08688873139617326,0.056660175749556396,0.23155112423849333,0.24665798625486124,-0.3329015351537421,-0.2814344374907074,
300131.SZ,20251108,监管审批,,,,5.09,,80.0,募集配套资金1、支付本次交易现金对价;2、支付本次交易中介机构费用和相关税费;3、补充流动资金和偿还债务。,20251024,15,0.09913378248315685,0.1996497373029773,0.17926478255644263,-0.03590192644483359,-0.045609510893952154,0.0718038528896674,0.08484955441163966,0.4264448336252189,0.3852665950737113,True
002863.SZ,20260429,监管审批,,,,2.95,,80.0,1、年产60万件锻造铝合金汽车轮毂生产线智能制造项目;2、偿还银行贷款。,20260429,0,0.021818181818181737,-0.007117437722420017,-0.00823895074686043,0.017793594306049876,-0.010513286990556425,-0.08007117437722433,-0.06878683744630254,-0.247343216802415,-0.18927523702299354,
600325.SH,20260204,监管审批,,,,26.5,,100.0,1、珠海华发城建国际海岸花园二期项目;2、绍兴金融活力城项目;3、成都阅天府项目;4、成都锦宸院三期观著园项目;5、成都,20260204,0,0.09950248756218905,0.02941176470588225,0.03605036874281553,0.009049773755656076,0.0017766279403241825,-0.08597285067873306,-0.0919276261142069,-0.2036199095022624,-0.22996899050858755,
300842.SZ,20260422,监管审批,,,,27.6,,80.0,1、年产2000吨贱金属少银光伏浆料项目;2、下一代高效光伏电池金属化浆料研发项目;3、存储芯片封装测试基地项目;4、半,20260422,0,-0.00023441162681669958,0.00398593200468933,0.007176513739119983,0.056037514654161846,0.05571452128141563,0.1800703399765533,0.16690989574464243,-0.33177022274325907,-0.2899422170523892,
603936.SH,20260428,监管审批,,,,3.0,,80.0,1、800G及以上数连产品用印制电路板项目;2、补充流动资金及偿还银行贷款。,20260428,0,-0.023869346733668362,0.016731016731016846,0.009583107141182712,0.18275418275418276,0.15408621514150367,0.5431145431145432,0.5469332173886117,-0.13474788221056866,-0.07671719472558891,
688621.SH,20260424,监管审批,,,,2.4,,80.0,1、核酸药物发现与中试实验平台研发建设项目;2、补充流动资金。,20260424,0,-0.0387571545380212,-0.014630826811840691,-0.016184666030325978,-0.028411024157876774,-0.047158475336289696,-0.048826131337189604,-0.05203863706312295,-0.024247641927499397,0.0388047634736437,
002449.SZ,20250711,监管审批,,,,9.7,,80.0,1、超高清显示Mini/MicroLED及显示模组产品生产建设项目;2、光电传感及智能健康器件产业化建设项目;3、智慧家,20250711,0,-0.018595041322314043,0.00210526315789461,-0.0005917501403572833,-0.011578947368421022,-0.01837600083673674,-0.02631578947368407,-0.059784408755918506,-0.049473684210526336,-0.14217408035295354,
688320.SH,20250426,监管审批,,,,2.2,,80.0,1、工业智能化核心零部件产能升级项目;2、补充流动资金。,20250425,1,0.05097940733299855,-0.017921146953405076,-0.015936540631656504,0.1142174432497014,0.09834913720622529,0.027240143369175573,0.013439198209411307,0.19044205495818378,0.08787440269270341,
920089.BJ,20260420,监管审批,,,,0.98,,80.0,1、高性能新材料智能制造技术改造项目;2、补充流动资金。,20260420,0,-0.008255933952528327,-0.015088449531737713,-0.015799573680084444,-0.00520291363163361,-0.006229542468461302,-0.17117585848074923,-0.17018983401543442,-0.31026855424315425,-0.2520043274400491,
600529.SH,20260114,监管审批,,,,32.35,,80.0,1、补充流动资金。,20260114,0,0.022395326192794496,0.018571428571428683,0.021913003658817543,-0.013809523809523827,-0.011616924775613269,-0.02476190476190465,-0.02615249737284664,-0.11619047619047629,-0.09990186014884683,
301178.SZ,20250624,监管审批,,,,1.55,,80.0,募集配套资金拟用于1、支付本次交易现金对价、中介机构费用及相关税费。,20250624,0,-0.00044933722758921935,-0.012811867835468616,-0.022925938877107588,0.04360530456282308,0.03238334362054229,0.2065632726455382,0.15223041654520242,0.4362778152393796,0.27215294531186585,
920174.BJ,20241209,监管审批,,,,1.0,,80.0,募集配套资金用于1、用于支付本次交易的现金对价、中介机构费用、相关税费。,20241125,14,-0.014089595375722519,0.2997434957860021,0.2394013937412709,0.26859655551484063,0.22267848858025152,0.07475265665078767,0.08610562552880152,0.24880908757786746,0.20875007188935757,True
