ts_code,t0,plan_amount_yi,exp_date,impl_first,impl_last,total_vol_wan,total_amt_yi,n_progress,stopped,outcome,days,ret,ex
000002.SZ,20220331,25.0,20220630,20220510,20220630,7761.173199999999,13.750527219199999,3,False,完成,36,0.10452586206896552,-0.013372404105285951
000012.SZ,20200430,0.03,,20200616,20200616,3750.4056,1.237633848,3,False,完成,0,0.0,
000012.SZ,20250214,4.85,20260304,20250402,20251231,28604.664699999998,13.5955920105,9,False,完成,184,-0.09984561673367476,-0.2401731822133345
000026.SZ,20200513,0.0,,20200605,20200605,6.7,0.0029774826,2,False,完成,0,0.0,
000026.SZ,20200829,0.0,,20200914,20201109,5.3,0.0023853418000000003,2,False,完成,34,-0.18941176470588228,
000026.SZ,20210413,0.0,,20210423,20210423,20.1359,0.013735119100000002,2,False,完成,0,0.0,
000026.SZ,20210702,0.0,,20210706,20210706,16.002,0.0109641022,2,False,完成,0,0.0,
000026.SZ,20210820,0.0,,20210824,20211103,13.540099999999999,0.0061569220000000004,3,False,完成,44,-0.14048934490923437,-0.1365746755879491
000026.SZ,20220423,0.0,,20220711,20220711,43.5838,0.0309763491,4,False,完成,0,0.0,
000026.SZ,20230516,0.0,,20230706,20230731,236.12300000000002,0.18499475189999998,3,False,完成,17,0.024006622516556275,-0.002585801553604661
000030.SZ,20210826,2.6,20220824,20210907,20211031,5922.4328000000005,3.5223964465,4,False,完成,31,-0.08116883116883122,-0.04769036038422947
000034.SZ,20200530,3.0,20210529,20200610,20200630,80.09,0.18343358,2,False,完成,12,0.05367965367965355,
000034.SZ,20200708,0.0,,20200731,20210228,5107.804300000001,11.5029863548,7,False,完成,138,-0.2559553982628162,
000034.SZ,20211022,2.0,20220421,20211028,20220331,1418.6914000000002,2.11431369,5,False,完成,104,-0.03288590604026842,0.04627859543507529
000034.SZ,20240628,2.0,20250627,20240716,20240930,1116.29,2.616461384,4,False,完成,52,0.29600000000000004,0.15608972834805734
000034.SZ,20241031,4.0,20251029,20250115,20251014,1206.8586,4.3510873554,4,False,完成,177,0.20489995379694248,0.005982533848730487
000035.SZ,20210205,1.6,20220204,20210208,20210331,4124.783,1.7294139112,3,False,完成,32,0.1499999999999999,0.18024931930992394
000035.SZ,20211112,15.0,20221111,20211115,20220131,46248.035,26.693973559,7,False,完成,53,-0.10452961672473882,-0.058746217149313495
000036.SZ,20240111,3.0,20250110,20240117,20250108,97546.33740000002,30.355809221699996,14,False,完成,235,0.09248554913294793,-0.04163382411066974
000036.SZ,20250410,0.6,20250709,20250522,20250709,1624.506,0.576541882,4,False,完成,33,0.03878116343490312,0.005217974339980058
000039.SZ,20231117,3.0,20240215,20240115,20240131,15253.130000000001,12.424635174999999,10,False,完成,12,-0.04425837320574166,-0.010758263173180516
000039.SZ,20250930,5.0,20251229,20251009,20251128,73986.0932,60.13181810369999,23,False,完成,36,0.0835322195704058,0.09617600467251308
000045.SZ,20200609,0.0,,20201112,20201112,156.615,0.007633629,3,False,完成,0,0.0,
000045.SZ,20210312,0.08,,20210513,20210513,125.04299999999999,0.07823298299999999,2,False,完成,0,0.0,
000048.SZ,20240621,2.0,20241220,20240626,20240930,4872.69,6.6352026911,7,False,完成,66,0.20596722983773552,0.07441050620034573
000048.SZ,20260116,0.01,,20260127,20260526,1377.6200000000001,2.3963510424999996,3,False,完成,75,-0.30833333333333335,-0.30924583404999584
000050.SZ,20250416,2.0,20260702,20250804,20260513,10467.773399999998,9.7919134214,8,False,完成,184,-0.1571582346609257,-0.28812939067456267
000055.SZ,20260602,0.6,20270601,20260608,20260626,3274.7,1.1937525428,3,False,完成,13,-0.05882352941176472,-0.07469814836347788
000056.SZ,20240427,,,20250410,20250410,2756.05,0.004799172,6,False,完成,0,0.0,
000063.SZ,20251212,12.0,20261212,20260527,20260720,9183.5858,31.9890515002,4,False,完成,37,-0.03130384836300992,0.04459516706901123
000066.SZ,20231205,3.0,20241130,20240201,20240731,1392.6538,1.219043735,4,False,完成,117,0.03952095808383227,-0.019908703591189347
000066.SZ,20241228,2.56,20250627,20241231,20250307,2863.8304,4.161653998799999,4,False,完成,41,0.13109128345916243,0.12412110564100653
000069.SZ,20200321,19.69,20210320,20200325,20210127,76064.16560000001,48.2070930572,10,False,完成,207,0.11119644979355514,
000070.SZ,20220427,2.0,20230512,20220520,20220729,12438.3366,7.4068536407,7,False,完成,49,0.2415730337078652,0.20086291511853216
000078.SZ,20210427,1.46,,20240820,20240820,11971.0,2.8486979999999997,3,False,完成,0,0.0,
000100.SZ,20210621,0.0,,20210625,20210910,15186.7417,11.789069355,4,False,完成,55,-0.0579150579150578,-0.08222294933509
000100.SZ,20220321,5.5,20230318,20220323,20220624,24124.022,11.640718205999999,5,False,完成,61,-0.07103871503904458,-0.09286804216884248
000100.SZ,20231129,6.0,20241128,20240604,20240607,17526.37,7.7,2,False,完成,3,0.013605442176870763,0.02686664838999775
000100.SZ,20250416,8.0,20260415,20250718,20250725,23024.6385,10.5,2,False,完成,5,0.022172949002217557,0.005341999455629631
000100.SZ,20260603,12.0,20270601,20260623,20260717,32155.161699999997,16.0,2,False,完成,18,0.030927835051546504,0.12462146554649634
000157.SZ,20220721,39.88,20230720,20220722,20230331,238431.17010000005,145.7949320091,11,False,完成,168,0.0,-0.0008818891806010587
000333.SZ,20200222,,20210221,20200309,20200331,4418.691,21.008261431,6,False,完成,16,-0.10150306179254032,
000333.SZ,20200606,0.51,,20200731,20201022,7358.943299999999,45.3632223324,3,False,完成,53,0.09268292682926838,
000333.SZ,20210224,140.0,20220223,20210225,20210331,26571.731,231.4926810919,5,False,完成,24,-0.12465403449009993,-0.0882521595345459
000333.SZ,20210510,50.0,20220521,20210524,20210603,452.815,2.1803850201,2,False,完成,8,-0.03292403877195893,-0.056379099734884086
000333.SZ,20210605,0.76,,20210630,20211130,13687.2276,93.9508800006,4,False,完成,102,-0.05030124702255856,-0.04302377679172087
000333.SZ,20220311,50.0,20230310,20220314,20220531,5019.197700000001,27.7485012421,6,False,完成,51,-0.03898394778620562,-0.02779298932096108
000333.SZ,20220609,1.27,,20220630,20221024,18135.1251,98.1134150482,6,False,完成,76,-0.2980625931445604,-0.19880054217256637
000333.SZ,20250430,0.15,,20250430,20250531,2142.38,14.8889577482,3,False,完成,19,0.07389296386851396,0.05193192182205508
000333.SZ,20250613,0.06,,20250617,20250829,9284.2555,67.06384817,4,False,完成,53,0.022897585345545313,-0.10185756922287648
000333.SZ,20250906,0.05,,20250925,20260131,55007.33929999999,403.6620864651,7,False,完成,83,0.07190058668420996,0.0030134384569384665
000333.SZ,20260331,130.0,20270330,20260330,20260331,4170.4978,30.9997856,2,False,完成,1,0.05894590846047154,0.06749679503455153
000333.SZ,20260430,0.08,,20260430,20260531,5871.952,46.47989783,2,False,完成,18,-0.0030826140567200566,0.007598248715585898
000333.SZ,20260622,0.02,,20260630,20260831,41724.2483,333.13222789,5,False,完成,38,0.16152522176618556,0.1930231045769406
000338.SZ,20220520,15.33,20230519,20220524,20221011,27654.555,33.2781700806,6,False,完成,93,-0.1832844047961686,-0.1583058042443506
000338.SZ,20250111,,,20250415,20250415,189.0,0.0,2,False,完成,0,0.0,
000338.SZ,20250703,,,20250630,20250731,2621.965,3.999672401,2,False,完成,23,0.00563290391197091,-0.03061128135865887
000338.SZ,20250809,,,20250831,20250930,9148.494999999999,13.578428629600001,4,False,完成,22,-0.07397622192866593,-0.07990282768388446
000401.SZ,20220525,3.72,20230524,20220607,20220624,2826.0,2.965279,2,False,完成,13,0.03088803088803105,-0.002344000570881244
000403.SZ,20220702,0.0,,20220818,20221031,292.1008,0.4546301846,5,False,完成,46,-0.14224952741020802,-0.02839766449501302
000403.SZ,20230523,0.03,,20230531,20240205,222.48069999999998,0.43160898686,2,False,完成,169,0.038521813286157114,0.2315996245557823
000403.SZ,20260429,3.0,20270427,20260525,20260731,2479.1661999999997,2.721292939,3,False,完成,42,-0.1422697368421053,-0.07057936375671714
000404.SZ,20250509,3.0,20260508,20250715,20260430,9523.398,6.798477259,9,False,完成,192,0.15159944367176625,-0.01843426441426832
000408.SZ,20201023,5.0,20211109,20201113,20220106,18953.0795,7.3802022692,7,False,完成,279,3.5578456046747116,
000408.SZ,20221101,3.0,20231116,20221117,20221214,1918.1882,5.808962785,3,False,完成,19,-0.09765100671140947,-0.11500488750983906
000408.SZ,20240810,3.0,20250826,20240906,20250224,1905.7984000000001,5.2541746,4,False,完成,102,0.4183454779254181,0.16301132072748992
000408.SZ,20260324,4.0,20270323,20260324,20260520,765.65,6.0633710821,3,False,完成,37,0.07195702758480271,-0.00038908644313218055
000411.SZ,20241220,0.01,,20250310,20250310,25.944000000000003,0.0122933805,2,False,完成,0,0.0,
000415.SZ,20260324,5.0,20260623,20260403,20260605,25343.088,11.457835792,4,False,完成,41,-0.0974477958236658,-0.1305314809340492
000423.SZ,20240103,1.24,20241231,20240110,20240125,171.24,0.85866155,2,False,完成,11,0.017137096774193505,0.00719486604283559
000423.SZ,20251205,2.0,20261222,20251223,20260630,945.4300000000001,4.5995200197,5,False,完成,122,-0.05005348663282572,-0.09052057686441917
000425.SZ,20230220,10.0,20240217,20230222,20230313,13447.020100000002,9.6527959576,3,False,完成,13,0.015514809590973178,0.022490234988627567
000425.SZ,20240430,6.0,20250522,20240718,20240930,14218.822,9.0867368156,5,False,完成,50,0.21028037383177578,0.07992475111746389
000425.SZ,20241017,0.16,,20241031,20241231,11299.346000000001,7.456365910800001,2,False,完成,43,0.020592020592020477,-0.001312857865245598
000425.SZ,20250408,36.0,20260408,20250408,20250417,12975.5213,11.062258762,2,False,完成,7,0.0703703703703702,0.026387912082189713
000425.SZ,20250429,0.0,,20250430,20250930,88175.21489999999,76.001772389,9,False,完成,105,0.3321992434524381,0.12505114260137318
000425.SZ,20251031,0.11,,20260209,20260331,4176.2033,3.2131117817000003,2,False,完成,30,-0.1500843170320404,-0.09958781967810504
000425.SZ,20260429,6.0,20270528,20260529,20260831,14704.35,13.813468820799999,5,False,完成,59,-0.1710326140169912,-0.1539239937610678
000498.SZ,20231230,0.5,20240328,20240125,20240223,1275.9775,0.6993182275000001,3,False,完成,15,0.001776198934280604,-0.03115280532711817
000498.SZ,20250429,1.0,20260519,20250610,20250620,943.78,0.5521668294000001,2,False,完成,8,-0.005136986301369939,0.00224207724866865
000501.SZ,20240806,1.5,20241105,20240816,20241104,5612.35,4.0672317825999995,6,False,完成,49,0.21449953361555574,0.056449321111600836
000503.SZ,20240606,0.12,,20240828,20240828,286.3604,0.14489836239999998,2,False,完成,0,0.0,
000503.SZ,20250606,0.0,,20251104,20251104,206.006,0.104322086,2,False,完成,0,0.0,
000507.SZ,20201125,1.2,20210610,20201218,20210527,4755.8,2.6550251186,7,False,完成,104,0.1007194244604317,
000507.SZ,20221112,1.6,20231128,20221222,20231127,10066.8,5.748386662499999,13,False,完成,224,0.004101595835466876,0.011630154821970606
000510.SZ,20210522,1.6,20220521,20210528,20210715,5195.91,2.6284642322000003,4,False,完成,33,0.031067961165048397,0.04153723754918914
000513.SZ,20200306,5.0,20201226,20200402,20201130,1646.1896000000002,6.7058448218999995,5,False,完成,160,0.08575496971631336,
000513.SZ,20220915,8.0,20231025,20221206,20230930,9760.2204,33.257905205499995,19,False,完成,200,0.08519770343643573,0.12080422818108993
000513.SZ,20231031,6.0,20241219,20240118,20241122,19398.199999999993,68.5130911116,34,False,完成,202,0.06145125131232576,-0.07545646186790189
000513.SZ,20241129,10.0,20251224,20241129,20251107,99080.14670000003,362.1845446492001,96,False,完成,227,0.007397670679002433,-0.16172181821084053
000516.SZ,20230419,,,20230620,20230620,1425.3002,0.0,2,False,完成,0,0.0,
000516.SZ,20240426,0.03,,20240527,20240704,1879.9003,1.010939179,4,False,完成,27,-0.16221033868092694,-0.11505278643583638
000516.SZ,20250423,0.13,,20250430,20250613,3537.3062,1.8467533713999997,3,False,完成,28,0.0,-0.029009391778965665
000521.SZ,20250509,3.0,20260508,20250715,20260507,12784.3544,8.7571693436,11,False,完成,194,-0.21320495185694643,-0.34027395386461945
000523.SZ,20250118,1.0,20250417,20250123,20250416,5054.602800000001,1.5118920104,5,False,完成,52,0.17931034482758634,0.16280858728420688
000525.SZ,20260428,0.01,,20260703,20260807,21.99,0.009455700000000001,2,False,完成,19,0.10294117647058831,0.13194380536043537
000526.SZ,20250102,1.5,20260117,20250115,20250531,503.64009999999996,2.4817577665000004,6,False,完成,87,0.2025196101735205,0.15927881670184618
000526.SZ,20250625,0.02,,20250922,20251030,810.8403000000001,4.0661813495,3,False,完成,22,-0.14348554671135316,-0.17749871726935973
000526.SZ,20260617,0.02,,20260618,20260820,587.0,1.8507251359999999,4,False,完成,38,0.39746929661332353,0.4643264785370045
000528.SZ,20210717,0.0,,20220207,20220223,51200.3163,0.01256544,3,False,完成,12,0.00805369127516764,-0.009155480925833404
000528.SZ,20220830,0.13,,20230222,20230222,375.873,0.138674952,2,False,完成,0,0.0,
000528.SZ,20240330,2.0,20250328,20240715,20240719,2114.414,2.1998185896,2,False,完成,4,-0.06874427131072425,-0.0713353736906358
000528.SZ,20241203,6.0,20251128,20241220,20250228,9810.375199999999,10.95317097,5,False,完成,43,0.08325709057639519,0.09864431844299304
000528.SZ,20260701,4.0,,20260811,20260831,861.2900000000001,0.699964445,2,False,完成,14,-0.04512195121951201,-0.05762716383141164
000531.SZ,20241221,1.0,20250318,20250113,20250317,1861.9,1.1547506319999998,3,False,完成,39,0.17301038062283736,0.08215393135591276
000534.SZ,20230829,5.0,20240828,20230830,20240207,17590.725700000003,22.5166008064,11,False,完成,108,-0.24184988627748294,-0.1594780893082024
000534.SZ,20240330,0.01,,20240329,20240827,17052.2185,20.949454226300006,7,False,完成,101,-0.2618708047006326,-0.21200916510898904
000537.SZ,20250829,0.93,20260915,20251127,20260309,2951.5959000000003,2.5016019872,4,False,完成,64,0.13116726835138381,0.07004934055986412
000538.SZ,20200327,20.0,20210421,20200617,20201225,3374.8966,35.925885810699995,4,False,完成,129,0.2704381586245146,
000538.SZ,20220408,11.05,20230420,20220505,20220606,2392.3274,13.4322946877,3,False,完成,21,0.027189781021897952,-0.026326242889136986
000541.SZ,20201203,3.5,20211218,20210106,20211130,14099.2461,8.951711,7,False,完成,217,-0.09579093040377051,-0.09909188002416869
000546.SZ,20220126,0.5,20230125,20220222,20220308,500.4,0.79200112,3,False,完成,10,0.04093959731543606,0.09265136672067165
000550.SZ,20250414,2.0,20260411,20250416,20250930,2551.1256000000003,5.00232175,5,False,完成,115,0.12737262966302598,-0.04880533930960629
000552.SZ,20201125,3.0,20211124,20210126,20210930,18338.1374,5.1526619239,5,False,完成,165,0.4395438194898631,0.4400530423796003
000554.SZ,20250425,0.35,20260521,20251216,20260520,869.47,0.63260454,4,False,完成,99,0.23961661341853047,0.13913748283885408
000555.SZ,20200827,0.02,,20201125,20210126,3270.668,5.1121103397,5,False,完成,43,-0.17374053025471448,
000555.SZ,20220419,2.0,20230415,20220429,20220731,2552.7963,2.7498360804999997,5,False,完成,61,0.06318754403876858,-0.004192564322872072
000555.SZ,20240127,1.0,20250126,20240205,20240724,1578.5692,1.3615209691,4,False,完成,110,0.12427133629477027,0.04687787745671157
000561.SZ,20220730,0.0,,20231229,20231229,41.95440000000001,0.0087738094,9,False,完成,0,0.0,
000561.SZ,20240430,0.1,20250513,20240521,20250506,390.57,0.27366864,6,False,完成,231,0.040221041128551516,-0.009387836603827027
000568.SZ,20240605,0.01,,20240814,20240814,2.1266,0.0181273511,2,False,完成,0,0.0,
000573.SZ,20200512,,,20200811,20200811,1045.0,0.0,2,False,完成,0,0.0,
000576.SZ,20200908,1.25,20210907,20201030,20201230,1389.9574,1.4938301019,3,False,完成,43,-0.019830028328611693,
000576.SZ,20221231,0.01,,20230504,20230504,22.959,0.012007557,2,False,完成,0,0.0,
000576.SZ,20240522,0.09,,20240531,20250227,1861.1058,1.1362950634,6,False,完成,179,0.12517580872011247,0.025131050933208998
000581.SZ,20200215,6.0,20210213,20200227,20200731,4841.7258,9.7656659686,5,False,完成,105,0.1559252036709191,
000581.SZ,20220419,7.25,20230415,20220510,20221130,9174.1,17.724955619,9,False,完成,139,-0.023127239464169613,-0.05892797119662585
000581.SZ,20221209,0.05,,20221221,20230228,9100.0,17.113978381499997,5,False,完成,43,0.24943820224719082,0.16897887037699433
000581.SZ,20250418,1.5,20260509,20250528,20250703,791.26,1.53903475,3,False,完成,25,0.00733072053674122,-0.027948680600420217
000589.SZ,20221117,1.2,20231116,20221130,20230116,2458.98,1.2083190320000001,3,False,完成,32,0.03157894736842115,0.0072064729561658325
000589.SZ,20230202,0.01,,20230131,20230411,6381.393999999999,3.1847467958999998,4,False,完成,49,-0.023391812865497075,-0.04045705521532206
000589.SZ,20240131,0.01,,20240131,20240930,2684.6440000000002,1.46661477,7,False,完成,159,0.05055445941706749,-0.12197691303178104
000591.SZ,20250424,2.0,20260515,20250814,20260430,3949.83,1.84722553,4,False,完成,170,0.13630051196207904,0.013136967592567661
000592.SZ,20240701,1.6,20250627,20240701,20241130,16880.579999999998,2.4653478499999997,7,False,完成,102,0.8776978417266186,0.690447469618582
000593.SZ,20240327,0.25,20250325,20240408,20240430,392.58000000000004,0.20998184,2,False,完成,16,-0.04770318021201414,-0.0654226991874377
000595.SZ,20200104,0.21,,20210303,20210303,984.2,0.21357140000000002,2,False,完成,0,0.0,
000597.SZ,20210317,0.02,,20210617,20210617,282.9211,0.0735694,2,False,完成,0,0.0,
000597.SZ,20250306,0.0,,20250614,20260609,217.5,0.0038817529,3,False,完成,239,-0.16359698757847663,-0.29563391438987363
000601.SZ,20241029,1.95,20251113,20241126,20250408,14653.528000000002,6.389161419800001,9,False,完成,87,0.3404083833142397,0.3890757192278298
000603.SZ,20240106,1.0,20250105,20240125,20240630,2134.33,1.9249942569999998,6,False,完成,99,0.23874345549738218,0.21315620956110348
000623.SZ,20200326,6.0,20210410,20200521,20210228,11141.6881,18.3761103334,8,False,完成,187,0.03872037807462947,
000623.SZ,20220430,3.0,20230429,20220505,20221231,5120.3684,7.2877230237,8,False,完成,164,0.07888729115690318,0.07137894630487884
000623.SZ,20230921,1.5,20240320,20230925,20231117,1914.542,3.2205238348,4,False,完成,33,-0.041617819460726735,-0.02240176357359913
000623.SZ,20241109,6.0,20250208,20241119,20250208,8529.58,15.5505543111,6,False,完成,51,-0.11274252753015201,-0.10137052025548177
000625.SZ,20260303,0.0,,20260410,20260630,18904.6356,16.515317068499996,6,False,完成,53,-0.29150197628458496,-0.3102202390047616
000626.SZ,20220407,0.6,20221022,20220505,20220930,617.7,0.80025346,4,False,完成,104,-0.3467181467181466,-0.3373504218593699
000629.SZ,20250428,0.08,,20250429,20251018,7840.1318,2.1269164831999996,5,False,完成,113,0.15564202334630384,-0.01082331910243306
000630.SZ,20240907,3.0,20250920,20241122,20250909,17809.190000000002,6.14643201,7,False,完成,195,0.36102718327201244,0.16795250539549578
000631.SZ,20200326,,20210324,20200427,20210323,153883.87660000002,45.8183832826,17,False,完成,219,0.013372268284786548,
000631.SZ,20220416,2.88,20230413,20220607,20220916,17351.7157,6.731201142799999,5,False,完成,72,0.21203438395415475,0.2567591214155398
000631.SZ,20250111,5.0,20260212,20251205,20260211,29129.525100000003,11.7421283498,7,False,完成,46,0.16715542521994142,0.10242003877788042
000635.SZ,20230425,0.04,,20230818,20230818,64.1602,0.0470981964,2,False,完成,0,0.0,
000650.SZ,20210727,2.0,20220726,20210730,20210809,4044.0,3.9630948447,3,False,完成,6,-0.03853955375253548,-0.06530297189677003
000650.SZ,20231208,1.5,20241207,20231208,20240329,5137.0,3.3488558504999997,5,False,完成,73,-0.02086438152011927,-0.043919168089149196
000650.SZ,20260424,1.5,20270422,20260428,20260805,10200.350000000002,5.7819976439000005,8,False,完成,64,-0.032041156007946214,0.017925694143515303
000651.SZ,20200413,60.0,20210410,20200716,20200930,21514.0231,119.18044731149999,5,False,完成,54,-0.048044293623861534,
000651.SZ,20201014,60.0,20211013,20210131,20210517,36249.8491,210.3331209587,6,False,完成,67,0.03534635879218495,0.025178194173794965
000651.SZ,20210527,150.0,20220526,20210531,20210909,177364.9343,871.5299195178,10,False,完成,72,-0.2163299221456395,-0.2328074874026428
000651.SZ,20231031,30.0,20241030,20231107,20231229,18124.9332,59.3486668142,4,False,完成,38,-0.04794317845516416,-0.021593860414240384
000651.SZ,20260429,100.0,20270630,20260818,20260831,237.11,0.93352105,3,False,完成,9,0.02142203202894888,0.022448425498202473
000652.SZ,20250626,0.7,20260711,20250804,20260513,5758.9545,2.453575821,7,False,完成,184,-0.0045977011494252595,-0.15927559579154016
000661.SZ,20211124,6.0,20221123,20211203,20220121,352.7903,9.056037502599999,3,False,完成,34,-0.36425393979102727,-0.3489377994329117
000661.SZ,20240120,1.2,20250119,20240124,20240201,109.74,1.3238747473,2,False,完成,6,-0.07061207944872305,-0.053830006915308926
000661.SZ,20241116,5.0,20251114,20241122,20250430,913.8234,9.7736810838,4,False,完成,105,-0.19799270072992692,-0.20088855772656855
000672.SZ,20220316,3.0,20230315,20220606,20220715,2009.2667999999999,3.0001016092999997,2,False,完成,29,-0.015101772816809023,-0.01256604334339062
000672.SZ,20240618,2.0,20240917,20240620,20240823,4613.262,2.8856606713999997,5,False,完成,46,0.013988457669296128,0.06765450729571132
000676.SZ,20201210,0.0,,20210506,20210506,4919.3562999999995,0.33086462250000004,3,False,完成,0,0.0,
000676.SZ,20230131,3.0,20240719,20230316,20240425,5303.7472,3.3772574403,4,False,完成,269,0.06020066889632103,0.1206237376578505
000680.SZ,20250423,3.0,20260422,20250604,20260228,4444.214400000001,4.2269420248000005,6,False,完成,178,0.5230197885455503,0.23520783064444029
000681.SZ,20230901,0.7,20240918,20230926,20240202,554.3299999999999,0.82456375,4,False,完成,86,-0.23975409836065564,-0.13613233625159593
000683.SZ,20200602,4.0,20210619,20200630,20210531,23368.6235,5.6011767216,8,False,完成,223,1.3009839115946686,
000685.SZ,20220625,1.51,20230711,20220725,20221130,1413.1721,1.0301835152,4,False,完成,86,-0.03629032258064524,-0.005999021758255507
000688.SZ,20260729,6.0,20270727,20260731,20260831,355.40999999999997,1.041575038,2,False,完成,21,0.13978494623655924,0.09574221333888944
000703.SZ,20200829,10.0,20210828,20201119,20210326,12932.2454,17.303359985300002,5,False,完成,85,0.0723897097338071,
000703.SZ,20211028,10.0,20221027,20211104,20220721,19133.4654,19.0566088931,7,False,完成,173,-0.08654759394797351,-0.015396461502714454
000703.SZ,20221028,20.0,20231027,20221031,20231017,102695.48,74.25852696860001,11,False,完成,233,0.0731343283582091,0.007004849594591134
000703.SZ,20231216,10.0,20241215,20231218,20240930,68785.6178,44.9977823991,10,False,完成,190,0.06774902956326634,-0.062081481094357405
000703.SZ,20241024,2.5,20251022,20241022,20250127,21783.8317,13.882224414100001,6,False,完成,68,-0.0331230283911671,-0.022633251330529847
000703.SZ,20260123,10.0,20270122,20260213,20260518,20958.362699999998,26.374198,4,False,完成,56,0.15463108320251173,0.140809977367522
000715.SZ,20230907,1.0,20240906,20231024,20231130,3936.0315,2.8786797573999996,6,False,完成,27,0.16789396170839477,0.14190108071368024
000723.SZ,20231030,3.0,20240427,20231102,20240325,7310.092199999999,5.057298380400001,6,False,完成,95,-0.03458213256484144,-0.039973284361741745
000725.SZ,20200829,20.0,20201127,20200902,20200903,53074.851500000004,30.316628387100003,2,False,完成,1,-0.005226480836237002,
000725.SZ,20210831,30.0,20220827,20210902,20220228,249474.54379999998,132.8546596201,9,False,完成,114,-0.1993185689948893,-0.16815992473850838
000725.SZ,20241031,0.12,,20241122,20241231,29258.121300000003,12.636903890700001,4,False,完成,27,0.03537735849056589,0.009252804715180085
000725.SZ,20250422,0.05,,20250613,20251231,106242.3939,42.7873834749,7,False,完成,137,0.09603535555831644,-0.06740838171358621
000725.SZ,20260401,63.0,20270330,20260409,20260731,279648.94200000004,118.1884523203,7,False,完成,77,0.38647071516374165,0.4349174576683046
000731.SZ,20210427,0.5,20220518,20210604,20210624,623.8599999999999,0.34784854000000004,2,False,完成,13,-0.023049645390070816,-0.01614957555349139
000731.SZ,20230425,0.95,20240518,20230523,20231013,5827.1932,4.67973505,8,False,完成,95,-0.11520569345599718,-0.06989613769623171
000731.SZ,20240430,1.0,20250523,20240604,20240913,5454.3453,3.6869917016,6,False,完成,72,-0.030486643584902495,0.10830606786833719
000731.SZ,20250509,0.7,20260523,20250618,20251030,3449.9755,2.4177912585,7,False,完成,90,0.01198577254075417,-0.13982658182422014
000739.SZ,20220506,4.0,20221105,20220517,20220831,3366.2563999999998,7.438518717500001,5,False,完成,75,-0.2238141669498156,-0.25009991916745744
000739.SZ,20240328,3.0,20240927,20240402,20240731,3171.4,4.4009974,5,False,完成,80,0.12583899386201347,0.17802096844101167
000739.SZ,20250220,1.5,20260219,20250430,20251112,3106.73,4.44953997,5,False,完成,130,0.18051222582743143,-0.032299608600650176
000739.SZ,20251120,3.6,20261118,20251128,20260108,5524.0,8.994401004,4,False,完成,27,0.018750000000000044,-0.029750686251419967
000739.SZ,20260612,1.5,20261229,20260701,20260831,913.01,1.6593895189999999,3,False,完成,37,0.2611983711460151,0.30110927827951794
000757.SZ,20240426,0.3,20250425,20240429,20250408,8687.080000000002,2.53369799,13,False,完成,227,-0.05899705014749268,-0.06872131348441235
000757.SZ,20260403,0.2,20270423,20260608,20260831,738.0,0.271316,4,False,完成,57,0.14102564102564097,0.133308636555032
000759.SZ,20240815,0.29,,20241107,20241226,1064.9805999999999,0.3259926065,2,False,完成,35,1.2139639639639639,1.2612552023883916
000759.SZ,20250827,0.0,,20250917,20251218,750.8104000000001,0.2306660664,2,False,完成,60,0.006337135614702172,0.006329451215284276
000759.SZ,20260422,,,20260817,20260819,1286.8208,0.39977232840000004,2,False,完成,2,-0.06178160919540221,-0.040525558320972266
000776.SZ,20220331,4.06,20230330,20220505,20220511,1812.7753,2.7859470347,2,False,完成,4,0.004487179487179471,0.007461197163835642
000778.SZ,20220214,0.05,,20220511,20220511,82.14,0.022362353600000003,2,False,完成,0,0.0,
000778.SZ,20231223,0.3,,20250110,20250110,2408.6324,0.6554936249,3,False,完成,0,0.0,
000785.SZ,20210205,4.0,20220224,20210322,20210915,14863.894,10.0290672246,9,False,完成,122,-0.23348287329154604,-0.2780924530047134
000785.SZ,20211016,5.0,20221102,20211104,20211231,7976.9619999999995,3.9828369005999997,5,False,完成,41,0.042424242424242475,0.01008713489698998
000785.SZ,20240719,0.5,20250805,20241009,20241113,2075.89,0.5985030539,3,False,完成,25,0.07011070110701101,0.013974098040598015
000785.SZ,20241121,1.0,20251206,20241209,20241231,3080.4126,1.0914648146,2,False,完成,16,0.10185185185185164,0.1185423072706644
000789.SZ,20250118,2.0,20250417,20250211,20250409,17112.2684,8.787224735399999,8,False,完成,40,-0.009842519685039464,0.03093656752028706
000790.SZ,20240430,0.11,,20240706,20240706,442.32000000000005,0.12263752460000002,3,False,完成,0,0.0,
000792.SZ,20220930,15.0,20230929,20221121,20230926,43214.151399999995,102.64375046069999,11,False,完成,209,-0.30701047542304605,-0.31085893223735583
000795.SZ,20220506,1.2,20230505,20220705,20230412,5296.9556,3.7008577344000004,5,False,完成,188,-0.1351689612015019,-0.11519507988014077
000795.SZ,20240328,1.6,20250327,20240416,20240930,8574.18,4.88694041,7,False,完成,113,0.17019191506737452,0.05465293594324727
000797.SZ,20200922,0.0,,20201204,20201204,51.653999999999996,0.019216979999999998,2,False,完成,0,0.0,
000800.SZ,20230401,0.88,,20230428,20230630,1463.3325,0.9253986327,2,False,完成,40,0.02864354920958667,0.06758228268765087
000800.SZ,20231121,0.03,,20231129,20240328,84.6662,0.0566121527,2,False,完成,79,-0.14013346043851282,-0.1369849862088388
000801.SZ,20250419,2.0,20260429,20250613,20250930,1144.8987000000002,1.7473256023000001,4,False,完成,77,0.047837483617300114,-0.08865674585782635
000803.SZ,20230420,0.41,,20230705,20230705,677.7280000000001,0.54286696,2,False,完成,0,0.0,
000803.SZ,20231027,0.04,,20240130,20240130,222.04,0.1285593143,2,False,完成,0,0.0,
000810.SZ,20220322,2.0,20230318,20220406,20221031,2352.6786,3.3878233033,5,False,完成,138,0.02518022745106485,0.1633396955678441
000812.SZ,20250813,0.7,20261015,20260325,20260331,2703.2011,1.1238889829,3,False,完成,4,0.03676470588235303,0.04741430204518027
000813.SZ,20221001,0.12,,20220930,20230525,19945.9871,6.7437480878,8,False,完成,154,0.038961038961039085,-0.01844167442671507
000813.SZ,20240703,3.0,20250718,20240903,20250715,37491.71,10.393835989999998,10,False,完成,206,0.34959349593495936,0.07928191666263262
000818.SZ,20240208,4.0,20250223,20240326,20241231,13864.664900000002,30.606401326900002,13,False,完成,187,-0.3610545698184613,-0.4221098366031195
000821.SZ,20220430,0.25,20230428,20220510,20221223,366.13,0.4180109418,3,False,完成,156,0.9974874371859295,0.9909148512731116
000821.SZ,20251025,1.37,20261023,20251118,20260904,7511.7,7.7733149292000006,11,False,完成,188,-0.4451701149239229,-0.4438011939050398
000837.SZ,20240316,0.4,20250402,20240416,20240711,726.7706000000001,0.6248733636,4,False,完成,58,-0.10582295080051396,-0.09478094325342723
000848.SZ,20200516,3.0,20210515,20200622,20210412,13794.2785,9.1604872019,9,False,完成,195,-0.025966347348463037,
000848.SZ,20220412,4.0,20230506,20220623,20220930,8221.7533,6.9529727581,7,False,完成,70,-0.08040770101925265,0.009520158190861938
000848.SZ,20241025,6.87,20251111,20250103,20250228,590.0,0.5123943599999999,3,False,完成,34,-0.01146788990825709,-0.044053071000203836
000848.SZ,20250827,0.06,,20251031,20251218,7815.4,7.054015316000001,4,False,完成,34,-0.060671722643553694,-0.041668984425895284
000850.SZ,20240208,1.0,20240506,20240307,20240506,4128.41,1.3830234799999999,4,False,完成,37,0.0640243902439026,0.025633743855740354
000850.SZ,20240626,0.96,20240925,20240704,20240924,3639.37,1.13108543,4,False,完成,56,0.21999630737417375,0.26023844180484335
000858.SZ,20260430,100.0,20270518,20260529,20260831,3175.0784,24.0254040088,4,False,完成,62,-0.13110187777074245,-0.11316914812942214
000863.SZ,20200203,1.0,20200803,20200211,20200717,19856.6138,2.2187999932,5,False,完成,107,0.100985221674877,
000876.SZ,20200918,8.0,20210917,20201104,20210108,4571.5329,11.8361212039,4,False,完成,46,-0.11343442546444549,
000876.SZ,20210126,4.0,20220125,20210203,20210518,1959.2804999999998,4.3667723873,5,False,完成,65,-0.32708688245315165,-0.32931906096714425
000876.SZ,20250319,1.46,,20250705,20250705,2337.22,1.8711956399999998,3,False,完成,0,0.0,
000882.SZ,20240625,0.6,20240924,20240704,20240923,3734.02,0.42366612,3,False,完成,55,0.04424778761061954,0.12350864358732072
000882.SZ,20260623,1.5,20260922,20260626,20260831,11869.03,1.6391635,6,False,完成,40,0.12781954887218028,0.13941004157863035
000883.SZ,20220629,0.04,,20221010,20221231,6620.389999999999,2.8195196898,6,False,完成,59,-0.0389016018306636,-0.0747142283385599
000883.SZ,20230428,0.46,,20230616,20230728,2202.3597999999997,0.4951845916,2,False,完成,28,0.050458715596330306,0.04962769283920876
000883.SZ,20250425,0.37,,20250610,20250801,1900.3038,0.38187345320000005,2,False,完成,38,0.0026366235891155387,-0.04668911907700468
000892.SZ,20211030,0.5,20221029,20211117,20211126,1449.61,0.48997983,2,False,完成,7,-0.08645533141210382,-0.09330500159366772
000893.SZ,20230415,2.5,20240414,20230427,20230630,2219.6958000000004,5.3229472842,3,False,完成,41,-0.07012565869477094,-0.04578383997865143
000893.SZ,20231019,,,20240106,20240118,1086.4029,2.4868968734,2,False,完成,9,-0.07137030995106042,-0.04415560859152712
000893.SZ,20240821,,,20250116,20250116,480.0,0.0,2,False,完成,0,0.0,
000898.SZ,20201127,2.1,20211126,20201210,20201224,6649.8997,2.1015743894,3,False,完成,10,-0.01253918495297801,
000902.SZ,20200722,6.0,20210721,20200720,20201231,7493.596299999999,8.113166554900001,7,False,完成,112,0.39372822299651555,
000903.SZ,20201127,1.0,20211126,20201130,20210510,3269.2799999999997,1.4037064099999998,4,False,完成,105,-0.1864596425317654,
000912.SZ,20240601,1.5,20250619,20240715,20241031,6124.7111,2.218210944,4,False,完成,71,0.2266288951841362,0.11225694253838703
000913.SZ,20230429,0.0,,20230629,20230629,21.0,0.01247,2,False,完成,0,0.0,
000921.SZ,20230103,2.46,20231230,20230116,20230316,2112.8294,3.7037076361,4,False,完成,38,0.15080789946140039,0.1510576834803914
000921.SZ,20240109,0.05,,20240117,20240530,2201.3595000000005,5.252038815300001,4,False,完成,85,0.6606924643584524,0.5220743279042757
000921.SZ,20240604,0.07,,20240723,20240802,1507.2933,3.505568068,2,False,完成,8,0.06451612903225801,0.06819148905164396
000925.SZ,20210210,1.0,20220208,20210316,20220208,3516.0572999999995,2.6598990459,8,False,完成,217,0.3490427098674522,0.346739205247508
000925.SZ,20220422,1.0,20230420,20220427,20221031,4718.47,3.2964489015,7,False,完成,123,0.05285355365419031,0.076432045411855
000925.SZ,20240123,0.6,20250122,20240129,20240131,1616.5500000000002,1.14435211,3,False,完成,2,-0.07806191117092864,-0.046716954702868074
000925.SZ,20240712,0.3,20250917,20240919,20240920,977.8299999999999,0.42559571600000007,3,False,完成,1,0.014814814814814836,0.014521251233860832
000925.SZ,20250122,0.15,20260209,20250328,20260909,5274.4915,4.1375117615,12,False,完成,348,0.06399331922953855,-0.09761814255551249
000926.SZ,20240203,0.4,20240930,20240206,20240927,1452.3916,0.390101383,3,False,完成,154,0.15117515722578134,0.04005092766723384
000929.SZ,20250310,0.3,20260321,20250513,20250922,1183.65,0.92786836,6,False,完成,93,0.12359550561797739,-0.009556254235439154
000932.SZ,20250122,4.0,20260214,20250317,20260131,19286.269699999997,9.4098992856,7,False,完成,216,0.22679036518667806,0.020688421021065162
000933.SZ,20241231,4.5,20251230,20250408,20250531,3097.452,5.1167783084,3,False,完成,35,0.05132469429840425,-0.012096790939842839
000935.SZ,20231025,1.0,20241023,20231101,20240731,2024.816,3.035165818,6,False,完成,182,-0.1836834703309822,-0.16025932616846206
000949.SZ,20221104,1.8,20230203,20221121,20230203,17735.94,6.158685,7,False,完成,48,0.09275362318840585,0.033029156991198017
000950.SZ,20250712,1.0,20260728,20250814,20260708,2848.19,1.5099693198000002,4,False,完成,215,-0.01597667137097325,-0.09141920076821697
000951.SZ,20220520,1.96,20230519,20220601,20221231,1172.0638000000001,1.4835174942,3,False,完成,145,0.1749802058590657,0.210313653950285
000952.SZ,20260425,0.1,,20260717,20260717,275.04,0.09928914,2,False,完成,0,0.0,
000957.SZ,20250426,2.0,20260424,20250616,20260331,4034.7900000000004,4.3441809172,6,False,完成,192,0.08392764665856944,-0.056200145068935115
000959.SZ,20230913,0.06,,20231205,20231205,2525.7565,0.8030365591,2,False,完成,0,0.0,
000959.SZ,20250930,5.2,20260929,20251104,20260323,21831.227199999998,10.5780959195,6,False,完成,91,0.10849056603773599,0.15119411170745223
000960.SZ,20250613,2.0,20260630,20250807,20250930,54.0,0.100301,2,True,停止,38,0.2827050997782705,0.2023915945613155
000962.SZ,20240402,0.0,,20240920,20240920,26.0,0.00090423,2,False,完成,0,0.0,
000967.SZ,20200414,4.0,20210413,20200924,20210228,935.9186,0.7337912812,3,False,完成,99,0.10349438582378068,
000967.SZ,20210409,4.0,20220408,20210427,20210630,13018.8408,10.1769861178,5,False,完成,42,-0.13037974683544307,-0.16636031486740666
000967.SZ,20250411,3.0,20260410,20250902,20251124,6627.375,4.576806165,4,False,完成,53,-0.07348703170028825,-0.06832705086347879
000970.SZ,20240724,1.34,20250723,20240731,20241105,3175.3638,2.700498906,5,False,完成,62,0.39036144578313237,0.20635947116954245
000975.SZ,20250430,2.0,20260515,20250623,20260430,1194.2545,2.6056099871000002,6,False,完成,208,0.368139433703333,0.1250719628603909
000977.SZ,20250624,3.0,20260709,20250805,20251125,610.8433,3.7229310658,5,False,完成,74,0.0891465845261823,0.018106164705312233
000981.SZ,20240727,10.0,20250724,20250107,20250630,559.31,0.12688384,3,False,完成,113,-0.0766129032258065,-0.13419192319454254
000987.SZ,20240430,2.0,20240728,20240530,20240726,4992.8978,2.7355660509,4,False,完成,40,-0.07352941176470595,-0.009183567330461884
000988.SZ,20250417,4.0,20260415,20250425,20250430,1130.0,4.547008954200001,2,False,完成,3,0.017055430147981054,0.02202701250845185
000989.SZ,20240319,1.0,20250318,20240426,20241130,3320.0,2.6205392839,5,False,完成,144,-0.008344289973775898,-0.07924123922773318
000997.SZ,20200814,0.05,,20201026,20201204,128.8,0.09542999999999999,3,False,完成,29,-0.04031765424557121,
000997.SZ,20210130,0.16,,20210209,20210304,2349.8487999999998,3.500873,3,False,完成,12,0.03564223268325484,0.0652017528483726
000997.SZ,20210329,1.21,,20210331,20210628,6980.357399999999,8.978917,5,False,完成,58,0.18021201413427557,0.12639103193145895
000997.SZ,20241026,7.0,20251203,20250210,20251031,7671.6649,19.841139000000002,9,False,完成,178,0.3310722921858129,0.11814993228881532
000999.SZ,20250816,0.0,,20250909,20251107,537.0432,0.34951097870000003,3,False,完成,37,0.021552997840260657,-0.02706774974539039
001201.SZ,20240208,0.5,20250207,20240219,20240731,989.3199999999999,1.719917606,6,False,完成,111,-0.006630500301386455,-0.016164585005328136
001202.SZ,20240208,0.5,20240507,20240219,20240331,705.3,0.8460140348,4,False,完成,29,0.1834061135371181,0.132576960284152
001203.SZ,20230308,3.0,20240307,20230315,20240301,12137.231399999999,15.5581780791,7,False,完成,233,-0.2763087236696231,-0.2198161424086178
001203.SZ,20250429,4.0,20260428,20250523,20250930,8958.09,8.721913820800001,7,False,完成,91,0.5293804801925808,0.31888434253512643
001203.SZ,20260703,8.0,20270702,20260709,20260909,3411.4300000000003,9.4712277793,5,False,完成,44,-0.1490703851261621,-0.13074875965001653
001205.SZ,20240206,0.6,20240805,20240220,20240408,409.4,0.5989022864,4,False,完成,32,0.28744326777609674,0.23491446111428638
001205.SZ,20240426,0.11,,20240430,20240723,806.078,1.1611690435,4,False,完成,56,-0.09736928037113068,-0.038711582170026015
001206.SZ,20230825,0.5,20240911,20230919,20231206,644.7993999999999,1.0116345624,5,False,完成,50,0.037950664136622514,0.09249701666032273
001206.SZ,20250412,0.4,20260411,20250416,20260410,571.1300000000001,1.2128217216000001,9,False,完成,229,0.3342045675098664,0.09649096463632256
001207.SZ,20230831,0.4,20240830,20230831,20240606,745.25,1.1080826400000001,6,False,完成,182,-0.09059286236608133,-0.0693900736630263
001207.SZ,20260730,0.45,20270729,20260806,20260831,25.39,0.04171747,2,False,完成,17,0.11794871794871797,0.09384543085673314
001209.SZ,20240208,0.7,20250207,20240229,20240430,969.2520000000001,1.377094276,5,False,完成,41,0.13053263315828967,0.09788795990209431
001211.SZ,20240207,0.2,20241121,20240223,20241121,508.23,0.80785785,8,False,完成,181,0.18982630272952838,0.060788723384817
001212.SZ,20250430,1.5,20260428,20250515,20250617,398.0856,2.5876637124,3,False,完成,22,-0.042511517475463,-0.044372418551889004
001215.SZ,20240427,1.0,20250517,20240520,20240731,757.41,2.62812046,6,False,完成,51,-0.32450422751729424,-0.27108613552736627
001215.SZ,20250426,0.6,20260520,20250911,20251013,160.45,0.6269881900000001,3,False,完成,16,0.2818731117824773,0.2771955546645237
001218.SZ,20240726,0.41,20241112,20240830,20241112,413.942,0.5759907643,4,False,完成,45,0.2051835853131747,0.0009993657700331227
001222.SZ,20240203,0.3,20250201,20240219,20240301,256.754,0.3061827402,2,False,完成,9,0.11688311688311681,0.07390668875090967
001228.SZ,20240201,1.0,20250131,20240219,20241112,1086.58,2.5545890002,8,False,完成,178,-0.0030074152299177648,-0.15201164801321487
001228.SZ,20250103,0.6,20251231,20250218,20250318,442.1964,0.9645997419999999,4,False,完成,20,0.09090909090909083,0.057426105144410045
001230.SZ,20231221,0.3,20250105,20240207,20240729,446.55800000000005,0.728479875,7,False,完成,111,0.29734848484848486,0.2694666963140886
001231.SZ,20240220,0.36,20250306,20240315,20241231,939.5575000000001,1.4723132689999998,9,False,完成,194,0.04811922794353318,-0.044794449620513155
001231.SZ,20260427,0.01,,20260717,20260717,10.061,0.008642399,2,False,完成,0,0.0,
001233.SZ,20260715,1.0,20261014,20260727,20260831,169.6134,0.7553188517,3,False,完成,23,0.08642266824084999,0.039518608762912244
001255.SZ,20240229,0.6,20250227,20240416,20250123,577.3399999999999,1.21072485,6,False,完成,190,0.4281945865261505,0.32955440671179503
001256.SZ,20240130,0.3,20250129,20240206,20240325,814.4,0.9786397256999999,4,False,完成,28,0.1736672051696282,0.08182344362781802
001256.SZ,20240420,0.2,20250419,20240606,20250418,269.74,0.3585909756,5,False,完成,210,1.019504876219055,0.879023720607869
001256.SZ,20260630,0.3,20270629,20260715,20260831,164.26,0.38686648,4,False,完成,33,-0.04767676767676754,-0.05501572589430326
001259.SZ,20240227,0.4,20250226,20240306,20240717,262.48,0.60828825,5,False,完成,89,-0.20017176938369774,-0.17936495879605063
001266.SZ,20231109,0.15,20241124,20240111,20240112,45.62,0.13333033,2,False,完成,1,-0.0075008523695874185,-0.005891454922084871
001266.SZ,20250414,0.4,20260429,20250516,20250731,458.93600000000004,1.160626768,5,False,完成,53,0.16518942061704722,0.09809749686877489
001267.SZ,20260428,,,20260708,20260827,16.8,0.0074384031,2,False,完成,36,-0.02785852713178283,-0.024342836223461006
001268.SZ,20240220,0.3,20250219,20240416,20250124,423.5,0.67719078,6,False,完成,191,0.22164384368682888,0.12941536473787751
001283.SZ,20240207,1.0,20240806,20240219,20240331,395.39099999999996,1.360254411,5,False,完成,29,0.12307692307692308,0.07483900341017113
001283.SZ,20240427,0.01,,20240506,20240718,837.242,3.08351143,5,False,完成,52,-0.07944318909874881,-0.028860596116888182
001283.SZ,20241130,0.38,,20241226,20250510,1522.7993,8.368177855999999,8,False,完成,85,-0.08322454308093996,-0.06784136406106533
001288.SZ,20240301,2.0,20250318,20240326,20250314,4578.0016000000005,10.6417205068,13,False,完成,233,0.7356851807173754,0.5387049830474677
001296.SZ,20240208,0.8,20250206,20240304,20241130,1254.8698,1.9147664776000002,8,False,完成,181,0.2863621832661001,0.1753193221820648
001299.SZ,20240222,0.5,20250220,20240304,20240821,1682.8600000000001,1.92963647,8,False,完成,116,0.012278602620087398,0.07702907815014504
001300.SZ,20240309,0.3,20250325,20240820,20250319,225.8,0.26413615,4,False,完成,137,0.27327935222672073,0.065266536854244
001301.SZ,20241204,0.02,,20241216,20250228,285.01,1.7908922758,5,False,完成,47,-0.15226715686274506,-0.13556369961203185
001301.SZ,20250315,0.01,,20250331,20250506,225.22,1.3937639655,3,False,完成,22,-0.07150480256136604,-0.06600774473667048
001309.SZ,20250711,0.0,,20250901,20250901,0.3756,0.0009096969,2,False,完成,0,0.0,
001309.SZ,20251015,0.0,,20251231,20251231,4.0614,0.0062732437,2,False,完成,0,0.0,
001313.SZ,20230218,1.44,20240217,20230317,20230517,2567.89,2.4136253671,5,False,完成,39,-0.037634408602150726,-0.04750528474970306
001313.SZ,20240206,1.99,20250205,20240206,20250117,5068.774,3.2359962438,6,False,完成,228,0.4926860427978279,0.28440976904585047
001314.SZ,20250422,0.24,,20250619,20260320,303.12,1.1674934734,4,False,完成,173,-0.08056608070894677,-0.21880334840964133
001316.SZ,20241128,0.04,,20250606,20250606,22.1,0.038560475000000004,2,False,完成,0,0.0,
001319.SZ,20260603,0.36,20270602,20260625,20260731,40.91,0.0777159014,3,False,完成,26,-0.07715133531157259,-0.007793555615703052
001322.SZ,20231030,1.0,20241027,20231129,20240331,605.1,0.67169755,6,False,完成,80,-0.2517985611510791,-0.2565909945844622
001322.SZ,20240420,0.14,,20240430,20241025,5641.825000000001,4.7548103227,9,False,完成,117,0.02714462849122712,-0.03351713257626454
001322.SZ,20250107,1.0,20260106,20250120,20250331,575.77,0.46983591999999996,4,False,完成,44,-0.012269938650306567,-0.03932460872185928
001322.SZ,20250422,0.13,,20250430,20250725,1300.539,1.0777060077,3,False,完成,58,0.13096947713869755,0.03195329501395716
001323.SZ,20230906,2.4,20240904,20231102,20240229,2412.0561,7.7510633167,6,False,完成,78,-0.06442992874109255,-0.06621886055658499
001323.SZ,20240703,2.4,20250719,20240701,20250430,2198.402,6.464483391499999,6,False,完成,202,0.0642316232989808,-0.02804020464346746
001324.SZ,20240206,0.24,20250204,20240208,20240219,373.91999999999996,0.6026680294,4,False,完成,1,0.051777916406737345,0.03564615285644246
001326.SZ,20250426,0.15,20260424,20250807,20250930,33.41,0.12316027,3,False,完成,38,0.3315568022440394,0.24818456477325612
001330.SZ,20231211,0.8,20241210,20231227,20240731,2937.64,1.7058271,9,False,完成,142,-0.3459302325581395,-0.35130200784774746
001330.SZ,20240829,0.2,20250111,20240830,20240930,1718.63,0.93616069,2,False,完成,19,0.25059665871121717,0.06532784406233172
001336.SZ,20240220,0.15,20250219,20240222,20240630,151.34,0.29386621,4,False,完成,85,0.1344755970924194,0.14248695845430537
001339.SZ,20241031,0.07,,20250120,20250120,72.85000000000001,0.07685675,2,False,完成,0,0.0,
001358.SZ,20240709,0.5,20250708,20240718,20250225,917.8743999999999,1.8916667896,7,False,完成,144,0.222582387898433,0.08779066562931526
001360.SZ,20240219,0.6,20240507,20240226,20240426,655.65,0.8715862027999999,5,False,完成,42,0.006493506493506551,-0.02987800978352273
001376.SZ,20241129,0.36,20251128,20241219,20250103,327.64,0.48600318,3,False,完成,10,-0.09270216962524647,-0.047893363662988575
001378.SZ,20250430,0.4,20260428,20250820,20251031,157.81,0.3598109337,4,False,完成,46,-0.009896729776247781,-0.05710866230806044
001380.SZ,20240409,0.2,20250407,20240521,20240624,143.3736,0.2816291257,3,False,完成,23,-0.05161943319838069,0.010750366957401614
001380.SZ,20260613,0.2,20270612,20260622,20260722,208.51,0.33822793659999995,3,False,完成,22,-0.07865853658536592,-0.008119965224418824
001390.SZ,20260423,0.3,20270421,20260515,20260831,386.5,0.6909093399999999,5,False,完成,74,-0.12625300902708148,-0.09357402664043102
001872.SZ,20241020,3.89,20251029,20241204,20250919,12777.0092,24.999945693999997,11,False,完成,195,0.02878769081986432,-0.09386667805221549
001914.SZ,20241017,1.56,20251128,20241210,20251127,994.7801999999999,1.1465745037000001,4,False,完成,234,0.048119904711159345,-0.07429195404502997
001965.SZ,20241017,6.18,20251101,20250123,20251022,12766.6384,16.017934741999998,8,False,完成,177,-0.1591232243391647,-0.30599441393287263
001979.SZ,20241017,7.02,20251101,20241119,20250630,19783.6444,19.624090864899998,10,False,完成,147,-0.1976212259835316,-0.22054718175039445
002001.SZ,20210820,6.0,20220818,20210831,20220531,6036.1337,17.6193342957,5,False,完成,177,-0.11145799064707917,-0.011764698356164338
002001.SZ,20250415,6.0,20260411,20250506,20251231,9863.046,21.8993751795,7,False,完成,164,0.18196315917493466,-0.012425824703129362
002001.SZ,20260624,6.0,20270623,20260701,20260831,770.2614,2.2337928376,3,False,完成,42,-0.09873248832555037,-0.070211674483873
002004.SZ,20231228,0.3,20241227,20240108,20241122,2754.384,1.190767308,6,False,完成,210,0.045319483497161084,-0.07614857169488409
002005.SZ,20210118,0.8,20210413,20210126,20210331,2807.4635,0.3019955855,4,False,完成,41,0.5523809523809522,0.6098942667399174
002005.SZ,20221027,0.3,20241024,20231009,20240430,4766.2415,0.63312185,9,False,完成,137,-0.28275862068965507,-0.2845840743033612
002008.SZ,20240206,10.0,20250202,20240206,20250110,3779.5626999999995,8.0602990198,4,False,完成,223,0.5146557600545332,0.333463563534375
002009.SZ,20240228,0.32,,20240604,20240604,553.35,0.32947155,3,False,完成,0,0.0,
002010.SZ,20210706,4.0,20220705,20210708,20210731,2551.7,2.105407043,2,False,完成,16,-0.12252475247524763,-0.08942685650265114
002010.SZ,20220426,0.01,,20220613,20220703,29274.6815,2.014366381,4,False,完成,14,0.029473575118677653,-0.010666274722342939
002010.SZ,20230425,0.29,,20231018,20231018,1467.9,0.3067911,2,False,完成,0,0.0,
002015.SZ,20221229,10.0,20231228,20230106,20231227,13804.5796,16.1138661256,7,False,完成,236,-0.05070957015913791,0.028442982863182475
002019.SZ,20200228,0.01,,20200618,20200618,222.75,0.1483515,3,False,完成,0,0.0,
002019.SZ,20210625,,,20210628,20210628,57.099999999999994,0.0380286,4,False,完成,0,0.0,
002019.SZ,20210830,1.5,20220826,20210908,20210930,632.6442,1.0709696176999999,2,False,完成,14,-0.10598290598290605,-0.07916873317109108
002019.SZ,20220413,0.57,,20220729,20220729,808.125,0.5795209,5,False,完成,0,0.0,
002019.SZ,20230831,0.5,20240829,20231120,20231219,490.98,0.77313209,3,False,完成,21,-0.01658163265306123,0.029003828487467853
002020.SZ,20200121,6.0,20210205,20200229,20200731,9656.3414,9.995218000000001,8,False,完成,104,0.4985505953428062,
002020.SZ,20250109,7.0,20260108,20250110,20250630,37708.95510000001,47.74678,13,False,完成,110,0.11720621325397396,0.02771692214896193
002020.SZ,20260703,2.0,,20260723,20260831,483.25,0.65491681,3,False,完成,27,-0.09328621908127221,-0.11819751204393769
002021.SZ,20240709,0.4,20250724,20240805,20250620,2477.57,0.47770338,4,False,完成,210,0.3132530120481929,0.11813599983191114
002022.SZ,20201029,0.0,,20201222,20201222,42.68,0.02795076,2,False,完成,0,0.0,
002022.SZ,20211109,0.0,,20211228,20221128,49.83,0.03145349,3,False,完成,215,-0.01874512605749923,0.1570597644733298
002022.SZ,20231030,2.0,20241026,20240103,20241009,10385.68,8.2012944419,12,False,完成,181,-0.3793755912961211,-0.4349105876978615
002023.SZ,20210202,2.0,20220201,20210205,20210324,5138.187,6.4278514345,5,False,完成,28,0.02657807308970095,0.06599171139424276
002023.SZ,20250424,0.8,20260422,20250617,20250809,1425.3008,1.4985046796,4,False,完成,38,0.101068999028183,0.026034411977438277
002023.SZ,20260725,1.0,20261024,20260730,20260831,1219.97,1.1265178319000002,3,False,完成,22,0.12761276127612775,0.07624164788805299
002024.SZ,20240626,1.0,20240925,20240628,20240924,12272.1735,1.5991811302,4,False,完成,60,0.10077519379844957,0.1408662988220606
002025.SZ,20250403,0.63,,20250610,20250619,144.42680000000001,0.6588750616000001,2,False,完成,7,-0.04250928600907966,-0.03604227376884983
002025.SZ,20260402,0.61,,20260416,20260616,140.6216,0.6382814424000001,2,False,完成,40,-0.17273918741808658,-0.18008706309798506
002026.SZ,20250422,0.6,20260520,20250604,20250626,978.8299999999999,1.1334545999999999,3,False,完成,16,-0.007544006705783812,-0.028337514236871142
002026.SZ,20260421,0.6,20270418,20260519,20260609,1168.91,1.4681149858,4,False,完成,15,-0.033463035019455356,0.004982932071731394
002029.SZ,20200715,3.0,20210715,20200723,20210630,41704.732299999996,23.6109514068,15,False,完成,227,0.1430834578044755,
002029.SZ,20240713,3.0,20250712,20240718,20250531,17802.844200000003,9.4593138215,11,False,完成,208,0.29841897233201586,0.1547665885762497
002032.SZ,20200429,0.0,,20200430,20200731,363.295,2.4108885,3,False,完成,61,0.31249331047061557,
002032.SZ,20200828,0.0,,20200930,20210407,4778.5514,33.245674,8,False,完成,122,-0.052129375967775116,
002032.SZ,20210423,6.25,20220512,20210604,20210910,1215.1280000000002,7.279019,6,False,完成,69,-0.29127459366980324,-0.3125693300352237
002032.SZ,20211214,0.82,20220610,20211215,20211221,151.95,0.962024,2,False,完成,4,-0.013013168086754345,-0.0068858385638163044
002032.SZ,20220401,0.0,,20220506,20220731,490.90689999999995,2.4778770000000003,5,False,完成,59,-0.0458297288987084,-0.11964645072348878
002032.SZ,20220831,0.0,,20220831,20230228,1208.5207,5.97414,3,False,完成,117,0.2747310766534312,0.24462067596568682
002032.SZ,20230331,0.0,,20230602,20230818,1490.075,7.2211535,6,False,完成,53,0.0500984467293808,0.08299518533303196
002032.SZ,20230831,0.0,,20230913,20231201,1622.0,7.959175999999999,2,False,完成,51,0.09801898472967396,0.13113413780799466
002032.SZ,20240330,0.0,,20240807,20240807,2.025,0.0002025,2,False,完成,0,0.0,
002034.SZ,20240207,0.5,20250223,20240705,20241104,590.7050999999999,0.8720949,4,False,完成,79,0.18696586181119956,0.0577797431290874
002034.SZ,20241128,2.0,20251126,20241204,20251107,9224.980000000001,14.64383065,14,False,完成,224,0.1825336199449954,-0.004688913317404064
002035.SZ,20231207,2.0,20241205,20240102,20240628,4332.2128,2.6311600625000002,4,False,完成,116,0.04148353210739675,0.03968422482235212
002036.SZ,20221012,0.01,,20221128,20221128,69.2,0.0386354,2,False,完成,0,0.0,
002036.SZ,20230508,2.0,20240507,20230509,20230630,803.725,0.5723615925000001,4,False,完成,36,0.08370535714285698,0.13636943450838124
002036.SZ,20231031,0.01,,20231101,20240131,975.9199999999998,0.828830742,4,False,完成,64,-0.36442307692307685,-0.31096846018435176
002036.SZ,20241029,,,20241225,20241225,921.0500000000001,0.0,4,False,完成,0,0.0,
002042.SZ,20220322,1.0,20230321,20220428,20230228,6533.67,2.2679538612,4,False,完成,202,-0.03586547692113995,-0.1252704651451816
002042.SZ,20230318,2.0,20230617,20230320,20230616,6005.1542,1.9207434810000001,4,False,完成,60,0.009422310127371825,-0.00242672201385441
002042.SZ,20240201,2.0,20240430,20240201,20240408,12480.2913,3.6375932958000003,5,False,完成,39,0.4660194174757284,0.33307809670975974
002043.SZ,20200107,2.0,20210106,20200120,20200309,5734.7789999999995,4.308262483,4,False,完成,29,-0.007444168734491385,
002043.SZ,20201224,3.0,20210708,20210111,20210623,11540.3442,11.189711563500001,7,False,完成,107,0.09336332958380211,0.08271792017813384
002043.SZ,20240106,2.0,20240405,20240110,20240328,2727.4444,2.5262056041000003,4,False,完成,50,0.06548279689234171,0.01842739761012302
002045.SZ,20210104,1.0,20211230,20210105,20210131,1329.1299,1.17455168,3,False,完成,18,0.04772727272727284,0.061446271359544946
002045.SZ,20230217,4.0,20240216,20230221,20230331,4970.5788,7.3331500499999995,5,False,完成,28,0.26947819871336676,0.2825355704870123
002048.SZ,20220125,2.15,20220724,20220127,20220214,1741.1482,3.3497270882,3,False,完成,7,-0.04939516129032262,-0.05899709931183039
002048.SZ,20241115,0.5,20260603,20250205,20251202,499.89,0.7436726300000001,5,False,完成,203,1.2248397631355918,0.8434130496041141
002048.SZ,20260305,2.1,20270303,20260407,20260714,1271.68,3.1929388035,4,False,完成,66,-0.14793134232003446,-0.16446135651816318
002049.SZ,20230330,6.0,20230928,20230425,20230704,1227.3899999999999,11.61672966,4,False,完成,45,-0.10009569377990413,-0.09468229117343518
002049.SZ,20250423,2.0,20260421,20250627,20260722,386.5376,2.4960981672,3,False,完成,249,0.040885119631811184,-0.07830471959800356
002050.SZ,20210717,4.0,20220716,20210902,20210930,766.0605,1.8057237647000002,3,False,完成,18,-0.12730061349693234,-0.12023819339236053
002050.SZ,20211026,0.01,,20211031,20220430,6227.7654,14.215714469400002,7,False,完成,122,-0.293423271500843,-0.17741588212143
002050.SZ,20230621,0.02,,20230922,20230930,771.5467,2.0162972938999997,2,False,完成,4,0.07960741548527794,0.08722817501891544
002050.SZ,20231107,4.0,20241106,20231201,20240430,4769.8813,11.0375100231,6,False,完成,98,-0.23095823095823098,-0.2490865236594344
002050.SZ,20241231,6.0,20260228,20250311,20250408,169.81,0.4178342972,2,False,完成,19,-0.2502459822892751,-0.19440458835221786
002050.SZ,20250731,0.1,,20251020,20251231,3610.13,13.6348498852,9,False,完成,52,0.19978308026030378,0.1680573791377975
002050.SZ,20260728,4.0,20270727,20260729,20260902,1242.4022,4.4657454762,3,False,完成,25,-0.011104941699056292,-0.03943590329758706
002051.SZ,20251014,1.0,20261029,20251201,20260430,3048.7183999999997,2.7230685628,6,False,完成,99,0.11946902654867264,0.0655250147222084
002054.SZ,20210521,1.0,20220520,20210601,20210705,2203.07,2.3781560215999997,4,False,完成,23,-0.026173285198555996,-0.0012673060906959188
002054.SZ,20230711,1.0,20240709,20231102,20240529,2236.8281,1.1071683365,4,False,完成,137,-0.15680900173110224,-0.18434923650119794
002055.SZ,20200430,0.41,,20200713,20200713,620.8516,0.41398171,2,False,完成,0,0.0,
002056.SZ,20220408,2.5,20230407,20220408,20230406,9609.3764,13.825635223199999,8,False,完成,242,0.48797439519631336,0.4606740734589003
002056.SZ,20240424,4.0,20250423,20240424,20250422,20312.515199999998,27.4468308022,12,False,完成,240,-0.021383222724591366,-0.09698984006965317
002062.SZ,20240208,1.0,20240507,20240229,20240507,1622.2555,0.6505578797,3,False,完成,43,0.06516290726817053,0.02030363432511173
002062.SZ,20250827,3.0,20260825,20251030,20251203,4852.4580000000005,5.2224287514,5,False,完成,24,-0.22926829268292692,-0.2076247608463383
002067.SZ,20240430,0.45,20241122,20240606,20240725,2215.87,0.60415135,3,False,完成,34,-0.033221515326778306,0.021050289614755302
002067.SZ,20241031,1.5,20260219,20250430,20250630,258.65999999999997,0.09078649,3,False,完成,39,0.10919540229885039,0.05593413104163503
002068.SZ,20241205,1.5,20251220,20241231,20250121,2942.53,3.1522907900000003,3,False,完成,14,0.020676691729323293,0.055030693458052005
002073.SZ,20241211,0.0,,20250311,20250319,30.02,0.01186772,2,False,完成,6,0.08704883227176241,0.07226456706748707
002074.SZ,20220506,4.0,20221105,20220506,20220731,1011.963,3.5379590301,3,False,完成,59,0.4491735064958948,0.3370622399382166
002074.SZ,20231206,6.0,20241204,20240111,20240831,5598.278200000001,11.0506804294,5,False,完成,154,-0.10817910794608854,-0.09423612181953
002075.SZ,20200408,3.24,20201007,20200507,20200917,2209.7421000000004,2.8235627632,4,False,完成,93,-0.03385232845222497,
002079.SZ,20220428,0.9,20230426,20220509,20220531,609.0,0.56257207,2,False,完成,16,0.1621315192743764,0.09564936484230002
002079.SZ,20260725,1.0,20270723,20260803,20260831,663.0,0.61060884,2,False,完成,20,0.04905239687848373,0.0025682968368232473
002081.SZ,20210430,0.48,,20210510,20210719,4236.5851999999995,3.2900585752000002,3,False,完成,49,-0.17940051306567417,-0.20516806814244548
002082.SZ,20210315,1.0,20220314,20210323,20220313,1481.48,1.8138629608999999,4,False,完成,235,-0.13120770682591432,-0.10449565414308803
002083.SZ,20200507,2.0,20200806,20200521,20200806,6050.825,3.218825,6,False,完成,53,0.10367583237670241,
002083.SZ,20210106,2.0,20220121,20210122,20211130,27946.96,11.349037,11,False,完成,205,0.05432098765432092,0.06700116672991974
002083.SZ,20230517,4.0,20240602,20230605,20240531,40110.295000000006,19.107396617000003,18,False,完成,239,0.0010619688664137428,0.04828939504555696
002083.SZ,20241012,2.0,20250110,20241017,20250102,13416.382399999999,6.78504963,6,False,完成,54,0.010395010395010562,-0.01846114840276125
002084.SZ,20200331,0.01,,20200528,20200528,53.45,0.0136832,2,False,完成,0,0.0,
002084.SZ,20201209,0.74,20211208,20201214,20210331,948.9739999999999,0.672974816,5,False,完成,71,-0.19182665970551116,
002084.SZ,20210413,0.0,,20210521,20210531,351.72679999999997,0.233782975934,3,False,完成,6,-0.0015797788309637184,-0.03718136711398268
002084.SZ,20210605,0.0,,20210630,20211208,1282.0806,0.818818591194,4,False,完成,108,-0.09833024118738387,-0.10982442721995112
002084.SZ,20240220,0.4,20250219,20240222,20250122,3235.6548,0.9000723949999999,8,False,完成,225,0.05376597307496067,-0.02010003068711852
002084.SZ,20250218,0.4,20260213,20250402,20251231,1303.8700000000001,0.48097184000000004,6,False,完成,184,0.23566878980891715,0.043036952163596265
002085.SZ,20201231,2.0,20211230,20210104,20210205,6297.01,3.7591109581,3,False,完成,24,-0.23313782991202336,-0.2316846372518171
002088.SZ,20260429,0.01,,20260623,20260727,387.34000000000003,0.21452770459999998,4,False,完成,20,-0.1275000008921906,-0.07288709590079046
002090.SZ,20210202,2.0,20220201,20210209,20210603,13932.141399999999,11.0136680763,11,False,完成,73,0.10367454068241488,0.10961041254481962
002090.SZ,20260704,2.0,20270703,20260714,20260731,330.194,0.29412111,2,False,完成,11,0.05549389567147611,0.09263851229455988
002093.SZ,20240206,2.0,20240505,20240207,20240229,2985.0077,1.8768198875,3,False,完成,10,0.25834797891036887,0.1809418115931738
002096.SZ,20220801,,,20221125,20221125,889.12,0.0,2,False,完成,0,0.0,
002097.SZ,20200429,1.0,20210428,20200520,20210129,3710.3203999999996,2.8411967380000003,8,False,完成,173,0.1947781063384313,
002099.SZ,20240203,3.0,20240502,20240205,20240430,9640.6423,4.3140000447,5,False,完成,53,0.5023696682464454,0.30753953467918094
002099.SZ,20250410,3.0,20260409,20250805,20260331,6011.33,3.8590342982,5,False,完成,156,0.13397129186602874,0.05405931788239715
002099.SZ,20260623,3.0,20270622,20260625,20260731,5573.8346,2.8457548246,4,False,完成,20,0.013011152416356753,0.08914520020465133
002102.SZ,20250212,5.0,20260227,20250305,20250628,97060.15999999999,31.456493000000002,10,False,完成,77,-0.03105590062111796,-0.05433329803008213
002102.SZ,20250703,5.0,20260718,20250722,20260819,66386.9835,22.892032,13,False,完成,255,-0.4552238805970149,-0.4989469066584796
002103.SZ,20240430,0.3,20241029,20240509,20240530,551.68,0.31030096,2,False,完成,15,-0.06632653061224492,-0.04740882399630042
002103.SZ,20240713,0.1,20241012,20240716,20240731,207.78,0.09722059,2,False,完成,11,0.059196617336152,0.07273235138602785
002108.SZ,20230601,1.1,20231130,20230608,20230609,3833.742,1.7435677784,2,False,完成,1,-0.006507592190889477,-0.011986333471474153
002110.SZ,20200828,2.0,20210827,20200904,20210228,9148.888599999998,6.22502059,6,False,完成,113,-0.040370455791486126,
002111.SZ,20220426,0.8,20230423,20220531,20221130,1244.888,1.0637530629,7,False,完成,124,0.1030817700542892,0.11536517412696612
002111.SZ,20240206,1.5,20240505,20240206,20240417,3395.9170000000004,2.1760415378,5,False,完成,43,0.5930599369085174,0.4468471902072939
002111.SZ,20250423,0.6,20260422,20250611,20250825,1167.23,1.25398612,4,False,完成,53,0.10044613417107429,-0.035919686976061405
002117.SZ,20240208,2.0,20250207,20240219,20240524,9145.172999999999,6.7452356207,7,False,完成,64,0.12062404931706783,0.05592824399582175
002119.SZ,20251011,1.0,20261009,20251103,20251225,604.5600000000001,1.0041527832,2,False,完成,38,-0.07969432314410474,-0.07576647312416374
002119.SZ,20260602,1.3,20270601,20260723,20260831,1794.1100000000001,3.8433702800000002,4,False,完成,27,0.08598726114649669,0.05615056142331465
002120.SZ,20221024,1.0,20231021,20221031,20221103,1100.01,1.40971,2,False,完成,3,-0.09939301972685899,-0.13073389077852138
002120.SZ,20231120,1.0,20240517,20231206,20240516,3227.66,2.395822,7,False,完成,104,0.005988023952095967,-0.04345679997175955
002120.SZ,20260425,1.0,20261023,20260428,20260902,6634.67,4.917089,8,False,完成,84,-0.11047221014543573,-0.07949611432643511
002123.SZ,20210615,0.24,,20210901,20210901,1145.8536,0.8248880900000001,3,False,完成,0,0.0,
002126.SZ,20231122,1.0,20241121,20231130,20241018,3625.0616,5.9887842439,10,False,完成,211,0.017869862031645534,-0.05449864083580924
002126.SZ,20250507,1.0,20260506,20250521,20250725,583.15,1.46765213,4,False,完成,46,0.08423956637863061,0.02206278135237305
002126.SZ,20260429,1.0,20270428,20260512,20260704,453.69000000000005,2.3392022753,4,False,完成,37,0.06422440007490082,0.10918840071490687
002127.SZ,20210106,7.0,20210705,20210107,20210125,16763.395,16.3009876342,4,False,完成,12,-0.09448818897637801,-0.10648930490052311
002127.SZ,20210128,5.0,20210727,20210201,20210727,12501.236499999999,11.4880911723,7,False,完成,116,0.02788665671917312,0.06561340240162283
002127.SZ,20260707,2.0,20270706,20260720,20260831,1440.0,0.43024070999999997,3,False,完成,24,0.0,-0.047667434797900254
002129.SZ,20210621,3.3,20220620,20210623,20210629,927.1510000000001,3.3440464100000002,2,False,完成,4,0.008611111111111125,0.006647056617459457
002129.SZ,20220112,3.91,20230111,20220112,20220113,1458.2921000000001,5.9800718991,2,False,完成,1,-0.00386847195357809,0.007947955068878576
002130.SZ,20231027,1.2,20241026,20231107,20231113,1685.73,1.24132519,2,False,完成,4,0.03556771545827653,0.03921733416002504
002131.SZ,20240624,6.0,20240921,20240625,20240920,83616.5986,12.0580628112,7,False,完成,61,-0.006802721088435493,0.07056175721673408
002132.SZ,20220427,1.0,20230512,20220719,20230331,1977.405,1.013055385,5,False,完成,171,-0.35703703703703715,-0.3557461252144283
002132.SZ,20240220,1.0,20240519,20240220,20240430,7346.967000000001,1.910524666,5,False,完成,48,0.011673151750972943,-0.047660287030152126
002132.SZ,20240612,0.6,20240911,20240617,20240823,7317.571000000001,1.591689829,5,False,完成,49,-0.07589285714285743,-0.023599400586495012
002132.SZ,20240830,1.0,20241128,20240906,20241122,3729.7864,0.8658500707999999,3,False,完成,48,0.3459633639857882,0.1394110940631994
002133.SZ,20250404,0.3,20260421,20250508,20251118,2712.25,0.79840245,3,False,完成,131,0.307887846434977,0.11275191407457585
002133.SZ,20260529,0.3,20270528,20260529,20260630,805.63,0.23133814,2,False,完成,21,-0.17013888888888884,-0.17537378299342
002134.SZ,20230816,0.1,20240815,20230828,20231010,160.09,0.15401395,2,False,完成,25,0.10744680851063837,0.11587363362774417
002135.SZ,20200310,5.0,20210309,20200424,20201231,4538.2337,3.9200141512,5,False,完成,168,-0.3809055118110236,
002135.SZ,20231019,3.0,20241103,20231115,20241102,12341.99,5.5886246472000005,7,False,完成,232,-0.2228393017742859,-0.270147898899622
002135.SZ,20260311,2.0,20270310,20260313,20260430,4793.12,3.3307023200000003,4,False,完成,33,0.16098226466575727,0.1562643194177762
002138.SZ,20210917,2.0,20220916,20210924,20211031,1088.79,3.5483577188,3,False,完成,20,-0.024498229043683706,-0.006422439155298498
002138.SZ,20220420,3.0,20230419,20220427,20230330,3222.5764,7.6332607644,6,False,完成,225,0.15907601160036622,0.05139908895294387
002138.SZ,20240203,1.5,20250201,20240219,20240806,1031.8400000000001,2.57322316,3,False,完成,115,-0.04644565233244069,-0.03205884884089816
002138.SZ,20241112,4.0,20251108,20241211,20250210,1782.1,5.58957162,4,False,完成,36,0.017427122940430806,0.051213164573112424
002139.SZ,20220331,0.01,,20220331,20220531,856.23,0.8861774195,3,False,完成,38,0.020663576033769226,0.04173261704352038
002139.SZ,20220820,0.09,,20220831,20221231,1597.6799999999998,1.5733470695,5,False,完成,81,-0.16840417000801944,-0.13801808468639198
002139.SZ,20231030,0.6,20241027,20231030,20231130,584.2460000000001,0.5178628909999999,4,False,完成,23,0.03451882845188292,0.03174639408171154
002139.SZ,20240124,1.5,20250123,20240129,20240930,7142.992399999999,5.4971312864,8,False,完成,161,0.4422719391698522,0.24639193467887277
002141.SZ,20240513,1.0,20240811,20240517,20240626,26234.9239,2.6768131293999997,7,False,完成,27,-0.040000000000000036,0.018617218068234465
002141.SZ,20240628,0.6,20250627,20240627,20250519,12449.719,1.4306891989,5,False,完成,214,2.1530612244897958,1.7581957894815905
002145.SZ,20220518,10.0,20220816,20220527,20220607,11629.277399999999,9.0546223939,3,False,完成,6,0.06594885598923272,0.02927777038714341
002145.SZ,20230928,10.0,20240925,20231020,20240531,103298.6015,49.032880865900005,11,False,完成,148,-0.11202935667967817,-0.1418760928965922
002145.SZ,20250313,5.0,20260312,20250509,20251230,28603.392,12.459500554,6,False,完成,160,0.15764705882352947,-0.024276895115103336
002148.SZ,20240113,0.2,20250112,20240129,20240229,468.25,0.21930221,3,False,完成,17,-0.15559772296015162,-0.19251272633656447
002150.SZ,20240827,,,20241206,20241206,17.0,0.0,2,False,完成,0,0.0,
002150.SZ,20260703,2.5,20270630,20260717,20260828,1814.66,3.9088469999999997,4,False,完成,30,0.04995374653098983,2.3606691990085693e-06
002151.SZ,20220309,2.0,20230307,20220516,20220606,1067.6756,3.19455131,3,False,完成,14,0.07267740829619473,0.018776889188025114
002157.SZ,20200828,0.01,,20201016,20201016,141.1,0.0323031,2,False,完成,0,0.0,
002157.SZ,20210226,0.16,,20210315,20210315,255.1,0.13487100000000002,3,False,完成,0,0.0,
002157.SZ,20210520,5.0,20220519,20210521,20210609,6089.1036,7.8356362346,4,False,完成,13,-0.02554750818115681,-0.053993604138896534
002157.SZ,20220831,0.02,,20241221,20241221,4791.875,3.7016309750000005,4,False,完成,0,0.0,
002161.SZ,20200222,1.0,20200820,20200430,20200506,4472.9413,3.5981694540999998,7,False,完成,1,0.01977750309023496,
002162.SZ,20240224,0.3,20250223,20240408,20240411,756.0,0.29340593,2,False,完成,3,0.0,0.004220553742767974
002164.SZ,20200519,,,20200601,20200925,16717.3593,0.0,3,False,完成,82,0.572784810126582,
002164.SZ,20260325,1.2,20270324,20260402,20260531,1708.259,2.2318135528,4,False,完成,37,0.048293089092423136,0.00982912870822683
002166.SZ,20240125,2.0,20250124,20240201,20240331,2408.6113,1.5000972878,5,False,完成,35,0.16082802547770703,0.057604892240708416
002166.SZ,20241112,0.02,,20241231,20250821,2476.9201999999996,1.6599945150000002,4,False,完成,155,0.10887733382181675,-0.014426797705407779
002168.SZ,20230719,0.03,,20231202,20231202,294.0,0.0671937,2,False,完成,0,0.0,
002169.SZ,20240207,0.5,20250206,20240207,20240630,1922.96,0.95070021,6,False,完成,90,-0.06765327695560275,-0.1109203577373622
002171.SZ,20201028,3.0,20220125,20201130,20211029,7707.134099999999,6.8561767643,8,False,完成,221,0.08678473799238362,
002171.SZ,20220511,3.5,20230509,20220616,20230508,16080.016800000001,14.074294737,9,False,完成,216,-0.12684504810885622,-0.15503778993300354
002173.SZ,20210120,1.0,20210419,20210125,20220210,1951.9976,1.0733194266,7,False,完成,250,0.13322091062394614,0.17819043427749426
002173.SZ,20230712,0.0,,20230804,20230804,403.6531,2e-08,2,False,完成,0,0.0,
002173.SZ,20260602,1.0,20260901,20260604,20260901,1185.1,2.0322725829,5,False,完成,56,0.07941009642654584,0.10053604990633658
002174.SZ,20220212,3.0,20230211,20220301,20230202,4188.93,4.893202861300001,4,False,完成,224,-0.03966942148760333,0.01971108964977586
002176.SZ,20220121,0.4,20230119,20220209,20220302,265.935,0.5045296604999999,2,False,完成,15,0.2887700534759359,0.2871995715618392
002179.SZ,20250429,3.0,20260428,20250617,20251031,590.4379,2.2172643311,3,False,完成,92,-0.07241014799154344,-0.20548944194667207
002179.SZ,20251202,0.21,,20251231,20260305,491.3559,1.7120774247000001,2,False,完成,38,-0.012133182844243917,-0.04572921960694998
002179.SZ,20260328,4.28,,20260331,20260624,2127.9934000000003,5.7881176447,2,False,完成,56,0.2592028056750506,0.19213430142460486
002180.SZ,20220419,4.0,20230418,20220428,20220731,946.7,4.16523879,5,False,完成,62,0.25389670773242234,0.14684212014597198
002180.SZ,20230525,2.0,20240524,20230530,20231130,2758.174,9.572179064,9,False,完成,124,-0.28951578407775425,-0.2438943459415347
002180.SZ,20231207,4.0,20250605,20240131,20240229,538.05,1.0118995881,2,False,完成,15,0.20773195876288653,0.11695773019148015
002180.SZ,20240427,0.54,,20240430,20241231,2087.1263,4.3665088267000005,4,False,完成,164,0.11255924170616116,0.03059231555175934
002180.SZ,20250412,0.28,,20250531,20250813,1033.3016,2.2835168912999997,2,False,完成,52,0.10000000000000009,-0.0003335908083064165
002186.SZ,20200307,0.41,20210323,20200924,20210322,403.0301,0.402806237,7,False,完成,115,-0.006290509771378572,
002191.SZ,20200324,4.0,20210323,20200326,20210318,20742.804,19.066537258799997,20,False,完成,237,0.15833892987720266,
002191.SZ,20220419,6.0,20230418,20220421,20220701,3098.1000000000004,2.7575641468,6,False,完成,47,0.1278505691138283,0.02536445303815449
002191.SZ,20220924,0.02,,20220923,20221012,7835.200000000001,6.9403761251,7,False,完成,8,-0.1659192825112107,-0.14858874048303894
002191.SZ,20221203,0.0,,20221219,20230310,7669.299999999999,6.2675806074,3,False,完成,53,0.03125,-0.00800731977997049
002191.SZ,20230415,0.45,,20230418,20230824,4661.129599999999,3.4844815281000003,4,False,完成,87,-0.15179760319573898,-0.06618951959295649
002192.SZ,20260721,1.0,,20260818,20260831,38.0,0.267082,2,False,完成,9,0.04757858963466455,0.04863126697000175
002195.SZ,20200430,1.14,,20200529,20200529,4558.008000000001,1.153627202,3,False,完成,0,0.0,
002195.SZ,20210128,5.0,20210427,20210202,20210426,38906.1593,7.2826162712,5,False,完成,53,0.06508875739644981,0.09372470782186615
002195.SZ,20240418,1.2,20241016,20240527,20240530,5334.8861,1.4735433482,2,False,完成,3,0.0036101083032489267,0.0141162939071382
002196.SZ,20220415,0.01,,20220525,20230107,72.5,0.025375,2,False,完成,149,-0.02511961722488021,-0.04060971195767993
002197.SZ,20240515,0.4,20250514,20240516,20250513,687.0,0.33089761,3,False,完成,239,-0.05156537753222812,-0.12251654155876446
002198.SZ,20241214,1.32,20251212,20250103,20250831,5746.710000000001,3.91058724,8,False,完成,159,-0.08005822416302755,-0.2342187348621566
002202.SZ,20240824,5.0,20250919,20240930,20241115,20134.7695,21.080267388000003,6,False,完成,29,0.03293413173652682,0.03472388136791049
002202.SZ,20260430,5.0,20270526,20260529,20260609,2898.5922,6.783095556299999,3,False,完成,7,-0.060631938514090544,-0.04691905014880027
002203.SZ,20240619,2.5,20250705,20240722,20240926,9129.4825,7.0639235451,5,False,完成,46,0.10389610389610393,0.09038241442348705
002203.SZ,20241111,6.0,20251128,20241210,20250430,21593.8556,22.4790472375,7,False,完成,93,-0.11481481481481481,-0.07604161840122792
002204.SZ,20240113,1.0,20250112,20240207,20240630,5501.469999999999,2.38223478,5,False,完成,90,0.09386433558992047,0.04310176475391936
002206.SZ,20250107,3.0,20260106,20250116,20251217,19155.525999999998,8.427253611000001,9,False,完成,222,0.3291430149427754,0.11132840705383518
002206.SZ,20260602,3.0,20270601,20260603,20260831,6482.075000000001,3.386871125,6,False,完成,60,-0.018248175182481896,0.00580762577391325
002212.SZ,20201228,6.0,20210627,20210107,20210205,8632.4489,17.9118140112,5,False,完成,21,-0.08687350835322183,-0.06601366254080954
002212.SZ,20220117,2.0,20230116,20220118,20220131,653.9119000000001,1.1122732977,2,False,完成,8,-0.09334126040428059,-0.03711076823165704
002212.SZ,20240202,0.6,20240801,20240205,20240207,356.68,0.20739916,3,False,完成,2,0.045217391304347876,-0.001881772540573201
002212.SZ,20240223,0.53,,20240228,20240506,3546.8281,2.4841800552,11,False,完成,43,-0.1398601398601398,-0.18994166126652023
002212.SZ,20240511,0.08,,20240510,20240730,12381.031200000001,7.099969262799999,17,False,完成,56,-0.22071307300509324,-0.14621688081768647
002212.SZ,20260424,1.5,20261022,20260430,20260521,1385.05,1.0216893,2,False,完成,12,-0.015109890109890167,-0.00668374468529731
002214.SZ,20220126,1.0,20230125,20220127,20220930,1153.2,1.6504649266999998,5,False,完成,164,-0.19734885274249225,-0.09919153307556905
002214.SZ,20230529,1.0,20240526,20230614,20240525,1285.19,1.5413002366000002,6,False,完成,227,-0.016141429669485063,0.028488635569341003
002215.SZ,20211028,,,20220217,20220217,350.4368,0.0,2,False,完成,0,0.0,
002215.SZ,20240622,,,20240910,20240910,730.9617000000001,0.0196257009,3,False,完成,0,0.0,
002215.SZ,20250820,0.01,,20260122,20260122,55.75,0.0214691952,2,False,完成,0,0.0,
002216.SZ,20260325,1.5,20270324,20260326,20260423,2449.1034,3.1066598734,4,False,完成,19,0.0898785425101214,0.03551665623367639
002218.SZ,20220219,0.5,20230218,20220316,20230217,1127.62,0.5846525899999999,4,False,完成,224,0.04830620661427676,0.030970916337639265
002219.SZ,20240802,1.0,20241119,20240918,20241115,4090.1,0.9244547498,3,False,完成,37,0.5222222222222224,0.24186306719014694
002223.SZ,20210210,5.0,20220209,20210223,20220131,4678.8932,13.2636999208,5,False,完成,230,0.08421942293441442,0.17289303550182544
002223.SZ,20260523,4.0,20270609,20260611,20260831,1923.5962,4.882812267,4,False,完成,50,0.026066350710900466,0.02625082807650503
002223.SZ,20260909,4.0,20270908,20260909,20260910,841.8793000000001,2.1499904333,2,False,完成,1,-0.011668611435239229,-0.007372247583574132
002224.SZ,20200204,2.0,20210220,20200318,20210219,6228.897,3.6779277044,7,False,完成,224,-0.14782995638118523,
002224.SZ,20251030,0.6,20261029,20251217,20260831,6489.88,2.64980158,8,False,完成,164,-0.13616182817392775,-0.16130368576067766
002225.SZ,20200307,1.6,20210306,20200331,20200608,5795.4607000000005,2.4862308691,5,False,完成,45,0.1247797624660647,
002225.SZ,20200624,0.0,,20200630,20201016,2343.7843,1.0112802692,2,False,完成,72,0.17021276595744683,
002225.SZ,20240208,1.0,20240807,20240208,20240630,9811.13,2.9374870829999997,7,False,完成,89,0.42248625063455214,0.37383030630339964
002228.SZ,20210421,0.6,20220419,20210511,20210520,3008.8786,1.1390952298,3,False,完成,7,0.007957559681697424,-0.010753038974420037
002228.SZ,20210615,1.0,20220611,20210623,20220608,20484.541099999995,7.2508239173,11,False,完成,231,-0.06230299957547991,0.024584982335043692
002228.SZ,20230525,1.0,20240524,20230922,20240207,4289.013800000001,1.0760863852,4,False,完成,91,-0.3153153153153154,-0.24206407843220246
002228.SZ,20240524,1.2,20250523,20240607,20250515,21731.871999999996,5.755657210000001,12,False,完成,225,0.3162055335968381,0.18790951497354058
002228.SZ,20250520,1.0,20260516,20250812,20251031,3298.0758,1.136748706,4,False,完成,52,0.02346041055718473,-0.05129687434456687
002229.SZ,20250527,,,20260826,20260826,300.27750000000003,0.1110378954,2,False,完成,0,0.0,
002230.SZ,20220704,10.0,20230703,20220705,20220930,5027.5548,21.09037,4,False,完成,62,-0.25358198771889917,-0.1598883399684079
002230.SZ,20221123,0.15,,20221130,20230301,1922.4411,7.74473531,2,False,完成,59,0.5466666666666666,0.47148353925876973
002233.SZ,20200317,4.0,20210315,20200612,20210131,9695.3263,11.934611997400001,6,False,完成,156,-0.028888077219245134,
002233.SZ,20210316,4.0,20220314,20210513,20220131,11887.538199999999,13.0528521554,8,False,完成,177,-0.09099018733273867,-0.07257537066733344
002233.SZ,20220315,4.0,20230314,20220506,20221231,13166.42,10.8496755713,9,False,完成,163,-0.17537746806039478,-0.198786731506001
002233.SZ,20250807,1.0,20260206,20250915,20250930,668.15,0.59105613,2,False,完成,11,-0.022321428571428714,-0.027929944002750062
002235.SZ,20210601,0.3,20220531,20210723,20220429,1313.67,0.5967176844,4,False,完成,185,-0.09766454352441623,0.05138921876469271
002236.SZ,20200403,0.15,,20200427,20200427,471.51,0.38528167,2,False,完成,0,0.0,
002236.SZ,20201013,0.09,,20201016,20201229,769.654,0.6327443580000001,3,False,完成,52,-0.07102001906577704,
002236.SZ,20220423,0.5,,20220824,20220824,3612.726,2.9323028698,2,False,完成,0,0.0,
002236.SZ,20230826,6.0,20240825,20230830,20231027,5821.0253,12.404751211299999,5,False,完成,36,-0.05646290247316854,-0.019146030623203636
002236.SZ,20250409,5.0,20260421,20250521,20260331,9455.176000000001,14.343138292699999,8,False,完成,209,0.08539904948728916,-0.055241274575942634
002239.SZ,20250607,0.01,,20250802,20250802,79.0,0.009954000000000001,2,False,完成,0,0.0,
002240.SZ,20231030,5.0,20241027,20231128,20231206,132.3875,0.29004382500000003,3,False,完成,6,0.06573615488518691,0.09072752835718112
002240.SZ,20231213,0.14,,20231231,20240331,3684.4191,7.487765377899999,6,False,完成,58,-0.15252747252747256,-0.1709841659719572
002240.SZ,20240824,0.57,,20240930,20241107,2021.8879,3.0837460534999996,3,False,完成,23,0.039895356442118945,-0.0003033275186281603
002240.SZ,20250625,5.0,20250923,20250728,20250818,5948.142,9.558243999999998,4,False,完成,15,0.11509900990099009,0.07618736452821517
002241.SZ,20210130,20.0,20210729,20210203,20210223,13720.263299999999,45.3269372106,4,False,完成,9,0.04894690002966473,0.014605831789285428
002241.SZ,20231027,7.0,20241026,20231116,20240430,9251.6046,16.2031356834,5,False,完成,109,-0.16402116402116396,-0.17853349993086076
002241.SZ,20250411,15.0,20260410,20250411,20260331,19742.3276,51.8649771205,7,False,完成,234,0.07372244837305031,-0.10660805851514255
002242.SZ,20211027,3.5,20221119,20211223,20220913,5631.38,9.5311341668,9,False,完成,175,-0.2692538593249857,-0.18427652720108334
002249.SZ,20211204,0.4,20221203,20211217,20211223,613.0,0.49725166000000004,2,False,完成,4,0.029629629629629672,0.026527943576285518
002249.SZ,20220315,0.7,20230314,20220316,20220627,1761.6471999999999,1.0764506022,3,False,完成,67,0.024350649350649345,-0.03884547236186031
002249.SZ,20230610,0.55,20240609,20230804,20231130,2007.2884,1.1019804701,4,False,完成,78,-0.09706916353924155,-0.02005499899068197
002249.SZ,20240220,0.8,20250219,20240322,20240630,1850.62,0.961103555,4,False,完成,64,-0.05797029107375529,-0.03237329121431909
002249.SZ,20241113,2.0,20260510,20250113,20251027,6003.379999999999,3.92429116,7,False,完成,188,1.5190295302068884,0.9920304579533374
002249.SZ,20260721,1.6,20270720,20260806,20260831,586.0,0.41176407,2,False,完成,17,-0.10187667560321712,-0.1212404657166527
002250.SZ,20240127,0.8,20250126,20240130,20240131,1377.6736,0.9218505589999999,2,False,完成,1,0.008982035928143839,0.024171105099336954
002250.SZ,20250301,0.8,20260228,20250312,20250325,2239.17,1.56070321,3,False,完成,9,0.01434720229555242,0.014933300444761821
002251.SZ,20200429,3.0,20210427,20200528,20201231,13051.166500000001,16.86147247,10,False,完成,147,-0.21661919757233883,
002251.SZ,20210209,2.0,20210508,20210310,20210507,3787.0051999999996,3.00787415,5,False,完成,38,-0.04187817258883242,-0.059011473388137725
002252.SZ,20230603,10.0,20240706,20230714,20230901,37552.7236,27.721062481800004,5,False,完成,35,-0.046979865771812124,-0.015208591071119604
002252.SZ,20250114,5.0,20260214,20250402,20251028,36350.8272,24.967586678100005,8,False,完成,138,-0.04970623361262283,-0.2017488224298194
002254.SZ,20231229,0.02,,20231231,20240620,4857.097,5.6923557036,9,False,完成,111,-0.35650530717272444,-0.3630361178745186
002255.SZ,20240625,1.0,20250712,20240814,20240930,3533.56,1.5515481845999999,4,False,完成,31,0.141255605381166,-0.024928135002688312
002256.SZ,20231211,1.0,20241208,20240205,20241129,3407.393,0.8495125530000001,4,False,完成,195,0.5170454545454546,0.23234392437299212
002262.SZ,20201031,2.0,20210516,20201119,20201126,1336.9119,2.3333355902,2,False,完成,5,-0.029530978575564526,
002264.SZ,20201124,0.58,20211123,20201202,20210421,2295.2650000000003,1.1665999999999999,4,False,完成,93,-0.1304715880441224,
002264.SZ,20230617,0.51,20240615,20230626,20230804,2470.01,1.4983110000000002,6,False,完成,29,0.0714285714285714,0.026635238581438125
002264.SZ,20240202,1.09,20250201,20240205,20240226,2536.5646,0.912877,3,False,完成,9,0.2103825136612021,0.09864064249895743
002264.SZ,20260723,0.22,20270722,20260727,20260805,443.06,0.26661,2,False,完成,5,0.13752122241086595,0.1186824027881892
002266.SZ,20210119,3.0,20220118,20210226,20220111,7051.1626,4.1627222061,5,False,完成,214,0.380884275404042,0.3582941053034756
002266.SZ,20240203,2.0,20250202,20240205,20240930,34682.6984,11.1466666936,9,False,完成,156,0.16293519535437562,-0.058154206606406134
002268.SZ,20230421,0.0,,20230812,20230812,14.176,0.016188992,2,False,完成,0,0.0,
002268.SZ,20241231,,,20250829,20250829,4.092,0.00150744,2,False,完成,0,0.0,
002269.SZ,20240702,0.5,20250717,20250103,20250717,1752.5099999999998,0.34339785,5,False,完成,128,-0.21544715447154472,-0.2835764907129561
002270.SZ,20250301,2.5,20260228,20250421,20250731,4288.537899999999,6.7225360934000005,6,False,完成,69,0.19617448157875583,0.10184720784479873
002271.SZ,20201027,0.19,,20201224,20210104,693.9808,0.292512,3,False,完成,6,0.04305225286569425,
002271.SZ,20211109,20.0,20221108,20211110,20220731,6264.2084,25.02938317,12,False,完成,175,0.06400633080039442,0.142246901096045
002271.SZ,20220830,0.0,,20220831,20221122,13034.931100000002,47.215402790000006,7,False,完成,53,-0.012845849802371467,0.023328701146697828
002271.SZ,20231114,6.0,20241113,20231117,20240331,11688.2004,20.32015198,7,False,完成,88,-0.29688888888888887,-0.2938374015433207
002271.SZ,20241029,10.0,20251114,20241219,20250116,8587.7278,10.87937152,4,False,完成,19,-0.010819165378670781,0.030141900500213037
002272.SZ,20230603,0.0,,20230705,20230705,26.1,0.00623925,2,False,完成,0,0.0,
002272.SZ,20240430,0.08,,20240615,20240615,325.3,0.08157339999999999,2,False,完成,0,0.0,
002273.SZ,20220211,2.0,20220809,20220316,20220422,3552.8100000000004,3.9982517506,3,False,完成,25,-0.13955618537116332,-0.11620039253538528
002273.SZ,20221025,1.5,20230424,20221102,20221231,1597.81,2.0680177503,3,False,完成,42,-0.07384131971720365,-0.09959051881519043
002273.SZ,20240206,2.0,20240804,20240328,20240430,722.29,1.0068058847,2,False,完成,21,0.03928112099922343,0.007762545406208243
002276.SZ,20210209,2.0,20210807,20210305,20210518,8182.4393,5.45265138,5,False,完成,48,-0.0643274853801169,-0.07149353038786521
002278.SZ,20210303,1.41,20220302,20210312,20210630,4046.35,2.5180069829,6,False,完成,73,-0.04604051565377554,-0.08273029240683638
002279.SZ,20240110,1.0,20250109,20240109,20240815,4227.0343,2.1201781150000003,7,False,完成,145,-0.24837662337662347,-0.24422494972697917
002281.SZ,20210423,0.01,,20210525,20210525,30.3,0.034851599999999996,4,False,完成,0,0.0,
002281.SZ,20211201,0.02,,20211230,20211230,41.6,0.0551367,2,False,完成,0,0.0,
002281.SZ,20221201,0.01,,20221230,20221230,123.4,0.1727254,2,False,完成,0,0.0,
002283.SZ,20200207,1.08,20210206,20200302,20210131,6311.1952,2.6875127613,6,False,完成,226,0.5362892641525945,
002283.SZ,20231205,1.0,20241204,20231219,20241203,5474.325,2.929198685,7,False,完成,230,-0.06690516133040825,-0.19018775345535643
002283.SZ,20250311,0.5,20260310,20250408,20251231,1757.6800000000003,0.97130443,4,False,完成,181,0.20245322118858433,-0.046982102478290155
002285.SZ,20200919,3.02,20210918,20200924,20201116,8009.0334,4.9607541097,5,False,完成,31,0.052991452991453025,
002287.SZ,20220429,0.0,,20220628,20220628,7.7385,0.0095019585,3,False,完成,0,0.0,
002287.SZ,20250303,1.6,20260227,20250328,20251204,2034.5027,4.7262324811,7,False,完成,168,0.11530465181760174,-0.03562244567893735
002291.SZ,20220413,3.0,20230505,20220510,20220531,486.0,0.67185988,2,False,完成,15,0.07621082621082631,0.02535168456524417
002291.SZ,20220706,0.01,,20220914,20221130,483.4071,0.6923178016,2,False,完成,50,-0.0604501607717044,-0.03474823144339145
002291.SZ,20230113,0.01,,20230504,20230605,863.0891,1.5162279436000001,2,False,完成,22,-0.13111009593421652,-0.09938658171351933
002292.SZ,20250218,1.3,20260217,20250827,20251128,1633.31,1.6166581400000002,2,False,完成,61,-0.061855670103092675,-0.08314555512107957
002292.SZ,20260625,1.3,20270624,20260625,20260831,2354.5352,1.5191339036000002,4,False,完成,44,0.3338533541341655,0.3786852107604428
002293.SZ,20200314,0.11,,20200612,20200612,247.93800000000002,0.1284163895,2,False,完成,0,0.0,
002293.SZ,20201023,0.03,,20210114,20210114,46.199999999999996,0.0263623305,2,False,完成,0,0.0,
002293.SZ,20211204,0.01,,20220316,20220316,61.5,0.0349018,2,False,完成,0,0.0,
002293.SZ,20230518,0.25,,20230731,20231027,516.04,0.29288304,2,False,完成,58,-0.11246730601569321,-0.03210262029220834
002294.SZ,20210726,7.0,20220725,20210728,20220630,17988.102899999998,47.346629,14,False,完成,222,0.040771114029541033,0.02943231770867194
002294.SZ,20260602,5.0,20270529,20260617,20260831,1838.2579999999998,5.815775,4,False,完成,52,0.05802387267904496,0.0903456516257981
002296.SZ,20210225,3.5,20220224,20210304,20210531,8411.4336,5.7040585504,8,False,完成,58,-0.017543859649122973,-0.04797443062698292
002296.SZ,20210706,0.0,,20210826,20220224,16778.6597,11.615278301299998,8,False,完成,117,-0.03100775193798455,-0.01074965209018297
002299.SZ,20210803,1.2,20220818,20210819,20210922,716.59,1.4001821423,2,False,完成,22,-0.025038323965253073,-0.06881837884067121
002299.SZ,20220421,,,20220430,20220624,1537.6299999999999,2.9075034512999998,3,False,完成,36,0.20351425419439195,0.09476418124108288
002299.SZ,20220824,1.5,20230823,20220825,20220930,486.78270000000003,1.0213078599999998,4,False,完成,25,-0.1020408163265305,-0.036170000574479055
002299.SZ,20221027,,,20221209,20230627,1560.6524,3.3013878982,4,False,完成,130,-0.20677588307165695,-0.2024217144806605
002301.SZ,20231219,0.6,20240617,20240124,20240617,3482.0,1.8742428911,7,False,完成,91,-0.17800404352800436,-0.2311846394400736
002311.SZ,20201027,8.0,20211026,20201125,20210331,2188.7925999999998,14.1304960534,7,False,完成,84,0.39395326777674944,
002311.SZ,20231101,5.0,20240131,20231108,20231229,1076.6461,4.7982744588,3,False,完成,37,0.0046979865771810125,0.03085035863755925
002311.SZ,20251029,16.0,20260414,20251119,20260331,4938.2330999999995,26.9110448259,5,False,完成,86,-0.14912880081995217,-0.13713005932696198
002312.SZ,20240528,0.0,,20240809,20240809,207.7775,0.17633154610000001,2,False,完成,0,0.0,
002317.SZ,20210208,1.0,20210807,20210326,20210805,1951.6834000000001,1.686370417,6,False,完成,89,0.07867714870549047,0.06367190878670903
002318.SZ,20210109,3.0,20220108,20210114,20210531,5939.636,7.807241400400001,5,False,完成,88,-0.03283285175173167,-0.04609391880087821
002318.SZ,20231031,3.0,20241028,20231123,20240903,5776.910000000001,11.111405464999999,7,False,完成,190,0.003410494696901578,0.09608347874094636
002318.SZ,20241015,3.0,20251013,20241212,20250114,3011.9668,7.0105705654,4,False,完成,22,-0.023829431438127102,0.042603142249720616
002318.SZ,20260325,2.0,20270324,20260428,20260430,440.0,1.28874223,2,False,完成,2,0.04257528556593981,0.034076318985239995
002318.SZ,20260722,4.0,20270721,20260731,20260907,1909.0800000000002,4.09510806,3,False,完成,26,-0.05208333333333337,-0.07629207949593497
002321.SZ,20240704,1.0,20241003,20240730,20240930,6619.195,1.1416335855000002,5,False,完成,42,0.29032258064516125,0.11351062054553984
002322.SZ,20240125,1.8,20250124,20240125,20240331,7276.679999999999,8.097630937,7,False,完成,40,0.10690789473684226,0.05775012314957828
002322.SZ,20250114,1.8,20260206,20250210,20260105,5823.67,7.857464850000001,7,False,完成,222,-0.05761643840438302,-0.22186578179948446
002324.SZ,20210604,1.5,20220603,20210618,20220602,1298.488,1.6110950554999999,3,False,完成,231,-0.12323506880167456,-0.032789273612910286
002324.SZ,20230819,1.5,20240818,20230825,20231031,1615.3400000000001,2.13971983,5,False,完成,41,0.07092751363990635,0.08699942290346363
002324.SZ,20240123,1.0,20250122,20240124,20240229,1015.8340000000001,0.89986358,3,False,完成,20,-0.023883696780893082,-0.08681754480397796
002324.SZ,20240419,0.01,,20240613,20240613,10.8352,0.009101,2,False,完成,0,0.0,
002324.SZ,20240711,0.0,,20240731,20241011,2587.0339999999997,2.1473422500000003,4,False,完成,45,-0.030120481927710996,-0.11421221350041155
002327.SZ,20200228,0.01,,20200331,20200331,704.3361000000001,0.33612328778500006,32,False,完成,0,0.0,
002327.SZ,20200718,0.0,,20200924,20200930,369.1743,0.28111740669999996,2,False,完成,4,-0.01187335092348285,
002327.SZ,20201023,0.01,,20201029,20210120,6618.0512,5.2676423538999995,4,False,完成,58,-0.10252961617576761,
002327.SZ,20230328,0.01,,20230920,20230920,228.43280000000001,0.09083785480000002,26,False,完成,0,0.0,
002327.SZ,20240628,0.01,,20240927,20240927,35.716,0.012576396,2,False,完成,0,0.0,
002327.SZ,20250426,0.02,,20250530,20250530,50.2,0.022021,2,False,完成,0,0.0,
002327.SZ,20250801,1.04,20260731,20250812,20250905,2593.9365,1.898677558,4,False,完成,18,0.008230452674897082,-0.030537442931055314
002328.SZ,20260403,1.2,20270402,20260603,20260808,3990.0,2.9172878416000003,4,False,完成,46,-0.2263948497854078,-0.19813361154835596
002329.SZ,20240518,0.64,,20250403,20250421,3664.535,0.636987866,2,False,完成,11,0.05144694533762051,0.06760265607620908
002330.SZ,20241130,0.0,,20250205,20250409,1473.01,0.6444847300000001,4,False,完成,44,0.09569377990430628,0.11036729100097431
002331.SZ,20210428,0.08,,20210617,20211011,182.652,0.089134176,2,False,完成,75,-0.1387900355871886,-0.15464038951275239
002332.SZ,20260515,1.5,20270514,20260616,20260808,4733.6986,3.9325238309999997,5,False,完成,34,0.014251781472683911,0.0533424790132786
002334.SZ,20240418,1.0,20260208,20240624,20250704,4428.03,2.6265484,7,False,完成,250,0.39386901892635673,0.18945624489959534
002337.SZ,20210511,0.5,20220510,20210524,20210630,1774.81,0.5386072399999999,4,False,完成,26,0.04761904761904745,0.020222322210990296
002340.SZ,20230608,1.5,20240606,20230627,20230901,2698.1499999999996,1.7982007100000001,4,False,完成,48,-0.07230255250753959,-0.05566393743797404
002340.SZ,20231212,0.15,,20231229,20240620,2351.48,1.36393929,2,False,完成,111,0.19413919413919412,0.18201990688563252
002340.SZ,20250121,2.0,20260213,20250225,20250408,4357.709999999999,2.9811715000000003,3,False,完成,29,-0.14884393063583823,-0.09459302857359764
002340.SZ,20250520,0.3,,20250619,20251107,1074.295,0.3714096775,2,False,完成,95,0.41372449270867984,0.18900024569431095
002340.SZ,20260717,1.6,20270716,20260805,20260831,1819.2388,1.23371619,2,False,完成,18,-0.04532163742690065,-0.07115503660713762
002343.SZ,20241030,0.2,20251115,20250715,20251024,222.2,0.1746312,3,False,完成,67,0.035809018567639406,-0.08095618102300184
002346.SZ,20210811,1.5,20220827,20210916,20220731,2186.562,4.18341154,8,False,完成,207,-0.30203500796881755,-0.22611751004622394
002346.SZ,20241113,3.3,20251128,20241223,20250409,10861.6418,11.711279502,10,True,停止,69,0.21670190274841428,0.2794867024133232
002350.SZ,20211127,2.0,20221126,20211224,20220831,6593.419999999999,5.09152823,9,False,完成,166,0.17649968242681724,0.32931155984393756
002350.SZ,20240921,1.0,20250920,20241022,20250408,6990.6265,4.028811108299999,6,False,完成,112,-0.032815198618307506,0.010329333292930398
002350.SZ,20250828,1.0,20260826,20251231,20260812,2163.0894,2.7200670184,5,False,完成,147,0.8785374225171181,0.8890874657829915
002351.SZ,20240207,1.0,20250206,20240307,20240910,1743.8,2.13044819,6,False,完成,127,-0.24525968921478225,-0.1673681306663728
002352.SZ,20220303,20.0,20220902,20220303,20220831,15799.737700000001,82.76223347890001,7,False,完成,123,-0.15243053123780992,-0.07858909996739694
002352.SZ,20220923,20.0,20230922,20221031,20230810,3394.294,16.4165130552,4,False,完成,191,0.01796641787957376,-0.09497176441138844
002352.SZ,20240131,10.0,20240730,20240131,20240331,4211.9161,14.894193277099998,4,False,完成,36,0.03350369108461093,-0.05234571063253779
002352.SZ,20240430,10.0,20250429,20240426,20250407,12902.1081,46.9686655966,9,False,完成,227,0.15566116272483166,0.15269771959605727
002352.SZ,20250429,60.0,20270329,20250903,20260721,385457.4659,1483.0539696785,60,False,完成,210,-0.17546710975041824,-0.18630845254624795
002353.SZ,20200317,1.6,20200616,20200507,20200616,706.4208,1.8258716186,3,False,完成,28,0.1878955696202531,
002353.SZ,20230516,2.5,20231112,20230523,20230731,1469.9312,3.6757977822,4,False,完成,47,0.13060982788990794,0.11521853563414175
002353.SZ,20240131,2.5,20240730,20240223,20240630,2152.08,6.5597871876000005,6,False,完成,84,0.23864987855700215,0.2542939858816078
002353.SZ,20250424,2.5,20260423,20250526,20260331,1839.8899999999999,7.011669177,8,False,完成,206,1.8296694633037713,1.433398512346534
002364.SZ,20250412,0.5,20250711,20250416,20250630,455.38000000000005,0.64606284,4,False,完成,49,0.15324562753624238,0.09685550283527022
002365.SZ,20240430,0.8,20250429,20240605,20250131,1406.53,1.0063884549,5,False,完成,159,0.15350097542511065,0.08778227112651837
002367.SZ,20211104,0.6,20221102,20211116,20220531,1342.6599999999999,1.02447595,5,False,完成,129,-0.05240604035075591,0.04732469921971383
002372.SZ,20231030,3.0,20240427,20231109,20231130,773.0,1.2204539250000002,2,False,完成,15,-0.09278350515463907,-0.08571468673555149
002372.SZ,20231214,0.0,,20231226,20240307,5364.0,8.0229260066,4,False,完成,45,0.11095204008589832,0.06378867107131025
002373.SZ,20200514,0.0,,20200629,20200629,39.89,0.024392735000000002,5,False,完成,0,0.0,
002373.SZ,20201216,3.0,20210615,20201228,20210228,751.6700000000001,1.32431176,4,False,完成,38,-0.08992236227477723,
002373.SZ,20210331,0.0,,20210331,20210611,3641.901500000001,6.0926403844,7,False,完成,48,0.1121333099739068,0.0663323226307313
002373.SZ,20211230,0.01,,20220630,20220630,68.655,0.0410280411,4,False,完成,0,0.0,
002373.SZ,20240124,1.0,20240723,20240130,20240531,1826.6399999999999,1.7225652624,4,False,完成,77,-0.04623655913978508,-0.1254240410313221
002373.SZ,20260618,2.0,20261217,20260622,20260831,1793.19,1.3023689424,4,False,完成,44,0.03350515463917514,0.07934271146068572
002374.SZ,20210119,0.65,20220118,20210205,20210630,971.48,0.22306056000000002,5,False,完成,93,0.23611111111111094,0.20345833042111927
002374.SZ,20240725,0.76,20260424,20260316,20260420,1935.0,0.6543385399999999,3,False,完成,24,-0.0911680911680911,-0.09057616658151668
002375.SZ,20240207,2.0,20240505,20240207,20240423,13291.853200000001,4.7797372677,5,False,完成,46,0.11436950146627556,0.04346457744086907
002376.SZ,20211014,1.0,20220429,20211104,20220428,3459.5,2.828417731,8,False,完成,117,-0.22839506172839497,-0.08541055536874509
002376.SZ,20221227,0.8,20230711,20230201,20230629,1844.33,1.40894115,6,False,完成,100,0.12633335717251826,0.16262515498662244
002376.SZ,20240207,1.5,20240506,20240207,20240505,5563.55,2.990905934,5,False,完成,51,0.27572016460905346,0.16267432720448904
002377.SZ,20260429,0.1,20270427,20260624,20260630,538.47,0.1418193433,2,False,完成,4,-0.045454545454545414,-0.04162736203157191
002378.SZ,20200206,0.7,20210205,20200225,20200930,1535.8836000000001,0.6923835179,4,False,完成,150,0.01014198782961473,
002380.SZ,20210112,1.0,20220111,20210208,20210409,1213.44,1.7114336589999999,5,False,完成,38,0.20323886639676125,0.23175160021197594
002382.SZ,20240222,0.5,20240611,20240315,20240605,1479.83,0.8147404852000001,5,False,完成,53,-0.12746858168761233,-0.13053342530547962
002383.SZ,20200529,0.32,,20200915,20200915,82.36500000000001,0.06651219,2,False,完成,0,0.0,
002383.SZ,20201121,0.0,,20211221,20211221,397.42289999999997,0.3226182183,2,False,完成,0,0.0,
002384.SZ,20210709,2.0,20220708,20210830,20210831,640.1700000000001,1.2047530000000002,2,False,完成,1,0.03394396551724155,0.029337527386160245
002384.SZ,20220426,2.0,20230425,20220429,20220531,488.68,0.79985,2,False,完成,19,0.11301775147928983,0.06433771576481018
002384.SZ,20231230,0.3,20241228,20240109,20240115,222.62,0.349977,2,False,完成,4,-0.004472843450479269,-0.0020720573712794677
002384.SZ,20250410,2.0,20260409,20250410,20250430,629.2,1.50325335,2,False,完成,14,0.09290540540540526,0.07444268023164691
002384.SZ,20260721,3.0,20270720,20260727,20260731,37.019999999999996,0.72936286,2,False,完成,4,-0.19075035394053808,-0.18526367070775507
002385.SZ,20221111,0.11,,20221212,20230515,337.5,0.1360125,3,False,完成,100,-0.252985884907709,-0.28270072870277096
002385.SZ,20240131,1.0,20250219,20240223,20240913,5531.1525,2.2733510691,5,False,完成,139,-0.249509305707321,-0.1660279200967011
002385.SZ,20260528,0.8,20270526,20260615,20260807,101.0,0.030338,2,False,完成,32,-0.006644518272425071,0.032795508178559585
002387.SZ,20250430,1.0,20260429,20251127,20260228,729.1199999999999,0.65008185,2,False,完成,58,0.027870680044593144,-0.04314703293206834
002388.SZ,20231031,,,20231114,20231114,224.25,0.06435975000000001,2,False,完成,0,0.0,
002388.SZ,20231222,,,20240715,20240715,171.6,0.0,2,False,完成,0,0.0,
002388.SZ,20250614,,,20260812,20260812,416.33799999999997,0.042429717,4,False,完成,0,0.0,
002389.SZ,20220429,2.0,20220728,20220525,20220728,1326.0762,2.3068486298,4,False,完成,45,0.1415221095974073,0.08062667583493699
002389.SZ,20240702,0.0,,20241212,20241212,285.3318,0.3609543788,3,False,完成,0,0.0,
002390.SZ,20230628,2.0,20240713,20230714,20240708,31004.314000000002,13.78322973,12,False,完成,237,-0.26329017375451114,-0.18381958571647294
002391.SZ,20240201,1.5,20250131,20240205,20250124,19434.6225,9.449573564199998,13,False,完成,234,0.14210676410302114,-0.05117176495962705
002392.SZ,20200507,2.75,20210506,20200609,20201130,9910.22,3.97412794,6,False,完成,116,0.2623537092533752,
002392.SZ,20240928,2.0,20250927,20240930,20250103,7179.05,2.9275824200000002,4,False,完成,63,0.18421052631578938,0.23032900145360902
002393.SZ,20241221,1.53,20251220,20241224,20241225,50.629999999999995,0.08462786,2,False,完成,1,-0.009582863585118395,-0.00953091072287704
002393.SZ,20241231,0.02,,20250102,20250314,1674.2149000000002,2.9690754496000005,4,False,完成,45,-0.029977375565610975,-0.07451361818120272
002393.SZ,20250822,0.01,,20251028,20251028,8.814,0.0087412904,2,False,完成,0,0.0,
002396.SZ,20231209,0.02,,20231214,20240312,627.0197000000001,1.1296191971000002,4,False,完成,56,-0.09908944831280142,-0.12767079491858424
002397.SZ,20200430,0.02,,20200703,20200703,581.0,0.16820451,2,False,完成,0,0.0,
002397.SZ,20210428,0.02,,20210914,20210914,692.0,0.1910246783,2,False,完成,0,0.0,
002398.SZ,20230328,0.16,,20230522,20230914,294.75,0.17124975,2,False,完成,81,-0.12929623567921433,-0.08197614627535288
002398.SZ,20240219,1.0,20240605,20240306,20240331,644.86,0.25940556,2,False,完成,17,0.042183622828784184,0.04176005549421391
002402.SZ,20240207,2.0,20250206,20240307,20240307,50.18,0.05420628,2,False,完成,0,0.0,
002402.SZ,20240330,0.02,,20240329,20240627,773.95,0.9180152991,3,False,完成,58,-0.16529741828874545,-0.1382902066495889
002402.SZ,20240823,0.03,,20240823,20241112,1967.6799999999998,2.1208569362,3,False,完成,50,0.6843817787418653,0.40499316660685336
002402.SZ,20251023,0.0,,20251031,20260114,16.799999999999997,0.012699624,2,False,完成,51,-0.21823850350740448,-0.25069493129385656
002404.SZ,20200623,1.0,20210622,20201015,20210621,1383.6100000000001,0.8955841400000001,3,False,完成,166,-7.87919271549864e-06,
002404.SZ,20240208,1.0,20240507,20240208,20240331,1943.8400000000001,0.97318537,3,False,完成,30,0.12500000000000022,0.06016578702076525
002405.SZ,20220430,5.0,20230428,20220607,20220930,1299.8623,1.4664054353,3,False,完成,82,-0.17273322387130707,-0.11327481037363785
002405.SZ,20221029,0.17,,20221130,20230227,10319.3278,12.427625966299999,5,False,完成,57,0.10186757215619702,0.06578192546436012
002405.SZ,20230422,0.12,,20230605,20230731,255.8,0.18105302,2,False,完成,38,-0.056397306397306446,-0.07319867887596376
002405.SZ,20240828,0.15,,20240930,20241217,593.3,0.41628422,2,False,完成,51,0.015991471215351716,0.008439098235510922
002407.SZ,20210717,1.59,20220116,20210809,20210914,507.623,2.59992014,4,False,完成,26,0.08347659980897792,0.03378842352304168
002407.SZ,20230908,3.0,20240925,20230928,20240412,7568.690199999999,10.831082014000001,8,False,完成,126,-0.08909657320872277,-0.06164349191353202
002407.SZ,20241204,3.0,20251219,20250114,20250814,7234.1,8.242864969900001,10,False,完成,141,0.09442215687877575,-0.032589097367922815
002408.SZ,20240313,2.0,20250312,20240320,20240831,8313.232,4.332472533,6,False,完成,111,0.05735826744165751,0.14570230051222088
002410.SZ,20200730,4.0,20210729,20200811,20200923,642.5565,4.4759459800000005,3,False,完成,31,0.012950699043414282,
002410.SZ,20210330,4.0,20220326,20210402,20210730,1447.9266,9.61220501,6,False,完成,80,-0.07417933388467546,-0.05046125180259975
002410.SZ,20210902,10.0,20220901,20210909,20211130,610.4194,3.7661581147999996,5,False,完成,51,0.045499181669394595,0.08341363177796945
002410.SZ,20211218,0.0,,20211231,20220228,4587.1258,29.1161958749,4,False,完成,35,-0.1201938105658017,-0.07509718808527899
002410.SZ,20220329,0.01,,20220331,20220712,1381.4676,8.511181146699998,3,False,完成,67,0.0038295597417545846,-0.005122433735691656
002410.SZ,20230325,0.06,,20230707,20230707,49.406,0.10719679000000001,3,False,完成,0,0.0,
002410.SZ,20230822,5.0,20240818,20230926,20231031,1815.6526999999999,3.986084725,3,False,完成,19,-0.24477244772447726,-0.22388215183047644
002410.SZ,20231125,0.52,,20231205,20240129,4176.6601,8.509974129,3,False,完成,38,-0.26853813559322026,-0.2459754880831131
002410.SZ,20240510,0.49,,20240820,20240820,1292.5164,2.7405232597999998,5,False,完成,0,0.0,
002410.SZ,20250401,2.1,20260331,20250407,20250531,1474.028,2.053851454,3,False,完成,36,0.04236648963635026,-0.03576414958005392
002414.SZ,20220906,4.0,20230905,20220920,20220930,2636.3882,3.1184153068,2,False,完成,8,-0.04987735077677846,-0.01908550808966225
002415.SZ,20201226,1.16,,20210702,20210702,761.1076,1.2264405727999999,2,False,完成,0,0.0,
002415.SZ,20220916,25.0,20231010,20221011,20221230,14896.1901,43.900404924499995,5,False,完成,58,0.18361774744027293,0.14167723097873908
002415.SZ,20241210,25.0,20251225,20241226,20250828,40180.4564,120.36530440589999,10,False,完成,163,0.014524806166188897,-0.1030712783549127
002419.SZ,20210115,3.25,20220201,20210205,20211130,9698.715,6.2999377044000004,6,False,完成,195,-0.13196273457812147,-0.14841658021035398
002419.SZ,20250416,2.0,20260718,20251031,20260531,8572.8678,4.6984581187000005,6,False,完成,138,-0.0801050525137027,-0.10583026859016997
002420.SZ,20240208,0.6,20250207,20240228,20240514,1096.1599999999999,0.58657673,4,False,完成,49,0.3793103448275863,0.2969132635463083
002422.SZ,20200428,,,20200730,20200730,109.55829999999999,0.0,2,False,完成,0,0.0,
002422.SZ,20210722,0.6,20220721,20210722,20210723,457.09999999999997,0.8592835867999999,2,False,完成,1,-0.017951425554382228,-0.011219473537740554
002422.SZ,20210730,0.6,20220728,20210830,20220412,620.85,1.1002848200000002,3,False,完成,146,-0.08893829905503037,0.00032176390968796653
002422.SZ,20220427,2.0,20230425,20220428,20220922,2445.3684000000003,4.2771264746,6,False,完成,100,0.22937421633521882,0.17661327116663528
002422.SZ,20260106,1.0,20270104,20260302,20260331,53.0,0.1569084,2,False,完成,21,0.14867549668874158,0.2344840416308116
002424.SZ,20210114,2.0,20210713,20210128,20210712,1849.88,1.3786402835,4,False,完成,107,-0.060723514211886265,-0.07201767053924613
002424.SZ,20230110,2.0,20230709,20230201,20230331,2235.84,1.8440262379,3,False,完成,42,-0.0277442702050662,-0.024161326582045062
002425.SZ,20210804,1.0,20220802,20210812,20220712,1959.76,1.2455919999999998,5,False,完成,219,-0.30852503382949925,-0.2572626676442076
002426.SZ,20240506,0.43,20241030,20240709,20241030,7101.805,1.2835869728,7,False,完成,74,0.4216867469879517,0.2881182504476336
002431.SZ,20240220,1.0,20240519,20240229,20240516,5373.7699999999995,1.1364839999999998,5,False,完成,50,-0.018779342723004744,-0.052476518337437494
002431.SZ,20240716,1.0,20260504,20250716,20251211,4104.56,0.9761449728999999,5,False,完成,100,0.04761904761904767,-0.052330896116647097
002432.SZ,20210330,1.0,20220329,20210406,20210521,3500.366,2.9834881172999994,5,False,完成,30,-0.038415366146458685,-0.03940534225819714
002432.SZ,20210714,1.0,20220713,20210714,20211029,6654.9306,4.886594162400001,7,False,完成,70,-0.1784741144414168,-0.18283610316148646
002432.SZ,20230830,10.0,20240829,20230830,20231117,12713.5949,46.869885587000006,9,False,完成,51,-0.027918106886466343,-0.0015751029281013684
002432.SZ,20240206,12.0,20250221,20240208,20240630,16901.0609,68.1495630909,10,False,完成,89,0.019655778826378034,-0.015221405251417353
002432.SZ,20250327,5.0,20260326,20250331,20250530,3006.6616000000004,11.5996063413,4,False,完成,40,-0.10156993339676501,-0.1047211200360676
002432.SZ,20251014,6.0,20260113,20251015,20251231,4658.9205,18.731593874300003,6,False,完成,55,-0.00521739130434784,-0.019411748995906142
002436.SZ,20210319,1.63,20220318,20210323,20210326,1988.1100000000001,1.87392852,2,False,完成,3,-0.0010604453870625141,-0.0030528441795465433
002436.SZ,20260425,1.0,20270423,20260430,20260720,386.01,1.1481694072,2,False,完成,53,0.10699343800190197,0.19910324906854782
002437.SZ,20250122,0.02,,20250310,20250412,5726.394800000001,1.397373562,3,False,完成,23,-0.04016064257028118,-0.0022392097663774813
002439.SZ,20210706,1.5,20220705,20210901,20211105,890.3529,2.5394539298,3,False,完成,40,-0.058467741935483986,-0.03809957029682065
002440.SZ,20200720,4.0,20210717,20200901,20210716,11677.3685,11.268742766499999,10,False,完成,211,-0.07625958851892989,
002440.SZ,20240430,3.0,20250428,20240723,20241231,14620.9212,8.322610694799998,8,False,完成,108,0.27083333333333326,0.1053727452537665
002442.SZ,20240625,0.0,,20240821,20250620,12.299999999999999,0.0034071,3,False,完成,198,0.4678614261727718,0.24797614754202724
002443.SZ,20240830,2.0,20250829,20241127,20250821,5766.43,3.6740965504000003,7,False,完成,179,0.21893795314201103,0.06982479767863325
002443.SZ,20260428,2.0,20270427,20260527,20260717,7223.0599999999995,7.66950836,6,False,完成,36,-0.2809847198641764,-0.2180310819588599
002444.SZ,20210706,3.6,20220705,20210706,20220228,3245.4249999999997,9.9085373492,6,False,完成,156,-0.3504384540435207,-0.3376899200167206
002445.SZ,20240625,0.6,20250710,20240718,20250618,6709.42,1.22388834,8,False,完成,220,0.45783132530120474,0.2807328009379113
002446.SZ,20250104,2.86,20260930,20250625,20260713,5401.3328,5.172553203200001,7,False,完成,254,0.3080110497237569,0.15500500444162135
002452.SZ,20240208,1.6,20240807,20240226,20240331,3649.8500000000004,2.19102907,4,False,完成,24,0.15068493150684947,0.12641449281618744
002452.SZ,20260519,1.38,20261118,20260602,20260630,1820.9700000000003,2.00432464,3,False,完成,19,0.12017543859649105,0.11489640577745175
002454.SZ,20231111,0.2,20240614,20231228,20240229,415.64,0.2642744,3,False,完成,38,-0.19838056680161942,-0.21445663021082484
002457.SZ,20210205,0.5,20220205,20210209,20211130,394.28,0.28816162,5,False,完成,193,0.07463197443542646,0.0865732503897263
002457.SZ,20240206,0.4,20250205,20240206,20240924,1059.91,0.6689571101,4,False,完成,151,0.3023559318641287,0.26885937726164677
002458.SZ,20240903,1.99,20250901,20240906,20241024,1389.55,1.1639076677,3,False,完成,27,0.12079701120797015,-0.0549817976886674
002458.SZ,20241105,2.0,20251101,20241204,20251029,10850.36,9.949990875,11,False,完成,217,-0.14047961661924346,-0.2799435390066243
002459.SZ,20210518,0.0,,20210708,20210708,9.569999999999999,0.00772299,3,False,完成,0,0.0,
002459.SZ,20211210,0.0,,20220321,20220321,2.38,0.00187306,2,False,完成,0,0.0,
002459.SZ,20231031,8.0,20241030,20231123,20240131,3179.4871,6.498820369900001,4,False,完成,48,-0.23115124153498856,-0.15579571550228255
002459.SZ,20240227,0.49,,20240229,20240731,10524.8448,19.6376640952,6,False,完成,103,-0.4036671755725192,-0.38815959638734854
002459.SZ,20250823,4.0,20260822,20250908,20250930,3080.8653999999997,4.3439772842,2,False,完成,16,-0.07594936708860767,-0.08926157577663973
002465.SZ,20250329,4.0,20260425,20250902,20250905,2268.8764,2.9436247524000003,2,False,完成,3,-0.09824046920821117,-0.08745035670656254
002468.SZ,20200828,3.0,20210914,20201015,20210115,6423.780000000001,8.187654,6,False,完成,65,-0.37928490008416815,
002468.SZ,20221228,0.55,20231227,20230105,20230330,932.14,0.94184,4,False,完成,55,0.07206317867719614,0.037207409611927256
002468.SZ,20240321,0.5,20240920,20240325,20240429,559.71,0.46910799999999997,3,False,完成,23,0.09449760765550264,0.06400198037235372
002468.SZ,20241220,2.5,20251219,20250109,20250327,5836.2173,6.3010738514,5,False,完成,49,0.1873111782477339,0.13017396251389024
002468.SZ,20260624,4.5,20270623,20260629,20260721,2567.0600000000004,3.6144410000000002,3,False,完成,16,0.002142857142857002,0.05648127719469054
002468.SZ,20260729,,,20260731,20260831,4636.26,6.482914,2,False,完成,21,-0.009219858156028327,-0.04750485682321792
002472.SZ,20200428,0.42,,20210118,20210917,862.5,0.45383,3,False,完成,164,1.1469847719448438,1.1364442497449803
002472.SZ,20221230,3.0,20231229,20230118,20230313,3036.2030999999997,8.8296334328,5,False,完成,33,-0.12873399715504974,-0.14053929857667236
002472.SZ,20231030,2.0,20240522,20231205,20240515,1951.77,4.94655912,4,False,完成,104,-0.12260536398467436,-0.1641159255252448
002475.SZ,20251231,20.0,20261231,20260213,20260629,2756.598,14.9986248196,2,False,完成,85,0.28543307086614167,0.28801122464897344
002478.SZ,20200108,1.0,20210106,20200110,20210106,6591.33,3.4857341106999997,10,False,完成,239,-0.25700313761264804,
002478.SZ,20210309,0.0,,20210315,20211231,12094.7493,3.4799555346,12,False,完成,197,0.024067388688327362,-0.03778272690998041
002478.SZ,20220430,0.6,20230428,20220506,20230303,2788.0958,0.7150631783,8,False,完成,202,0.6647667943341802,0.5012946794364437
002478.SZ,20230322,0.0,,20230428,20230505,675.4000000000001,0.3367298028,2,False,完成,2,0.021021021021021102,0.017582958762315526
002478.SZ,20240823,0.0,,20240831,20250228,3923.8599999999997,1.8758257891999999,8,False,完成,116,0.09012875536480691,-0.0670053457159967
002478.SZ,20250328,0.01,,20250430,20250514,711.48,0.33771481929999997,2,False,完成,7,0.030947775628626717,-0.0068855256499293915
002481.SZ,20201130,4.0,20210528,20201208,20210111,8968.2966,13.8272553052,5,False,完成,23,-0.22915416916616682,
002481.SZ,20211026,3.0,20221025,20211111,20211231,2881.2838,2.4527529867,3,False,完成,36,-0.07189542483660127,-0.09917665138011333
002481.SZ,20220420,0.34,,20220430,20220831,6620.2346,5.3938535547,4,False,完成,84,0.08725761772853202,0.03460313484765809
002481.SZ,20250423,3.0,20251021,20250613,20251014,12525.9991,6.7716202144999995,7,False,完成,81,0.14559877342030303,0.0008934982984498685
002481.SZ,20260708,2.0,20270707,20260804,20260831,214.37,0.0893869563,2,False,完成,19,0.019138755980861122,-0.022792984305537667
002484.SZ,20240201,1.0,20250131,20240315,20240604,1457.4665999999997,2.3789406562,4,False,完成,52,-0.1445852534562212,-0.15470326396887402
002484.SZ,20250409,1.0,20260408,20250620,20250930,322.48,0.70995234,2,False,完成,72,0.6650137741046831,0.4407913573801483
002486.SZ,20240625,0.4,20250718,20241223,20250702,1158.97,0.30003409,2,False,完成,125,0.019607843137255054,-0.010948378973679618
002487.SZ,20200530,,,20200814,20200814,31.2,0.005856,2,False,完成,0,0.0,
002488.SZ,20200102,,,20200131,20200429,2962.7385999999997,1.9220669380000002,4,False,完成,62,-0.1275071633237822,
002488.SZ,20240429,0.6,20250426,20240527,20241125,607.61,0.4073127845,3,False,完成,122,1.0303857343656753,0.9434677533487612
002488.SZ,20241129,0.6,20251128,20241225,20250120,582.1700000000001,0.64127001,3,False,完成,17,0.09255725190839681,0.14272434257315925
002488.SZ,20251210,0.6,20261209,20260128,20260316,420.88,0.514985485,3,False,完成,27,-0.012913640032284013,0.0031444511392466623
002489.SZ,20200328,1.0,20210413,20200924,20201126,1397.019,0.5984189999999999,2,False,完成,39,-0.029748283752860427,
002491.SZ,20200428,0.0,,20200629,20211227,2087.1744,6.000000000000001e-08,2,False,完成,366,-0.007913949963683886,
002492.SZ,20240924,0.15,20241223,20241008,20241031,195.69,0.09590404,2,False,完成,17,-0.015779092702169817,0.04722363038319255
002493.SZ,20220316,20.0,20230315,20220329,20220729,42507.215299999996,61.8701943755,7,False,完成,82,0.004251784177800921,-0.01096644001586633
002493.SZ,20220805,20.0,20230804,20220802,20230727,95795.01660000002,134.8870698776,10,False,完成,239,-0.08641367270107359,-0.09504904024469152
002493.SZ,20230822,30.0,20240821,20230828,20240819,242575.61859999996,278.95488521799996,15,False,完成,236,-0.2765321217682899,-0.22528799570540503
002494.SZ,20240222,0.3,20240521,20240415,20240430,845.44,0.29998986,2,False,完成,11,0.1253561253561255,0.10815880565442915
002495.SZ,20240625,1.0,20250624,20240704,20250612,9154.06,1.47554141,6,False,完成,226,0.8729987253905396,0.6279976480907346
002501.SZ,20240301,0.1,20250228,20240523,20240716,1494.7800000000002,0.15450122,4,False,完成,37,-0.009708737864077777,0.036900297974901575
002506.SZ,20210430,0.1,,20211224,20211224,543.924,0.12108275699999999,2,False,完成,0,0.0,
002506.SZ,20240206,2.0,20250205,20240624,20250123,10336.248500000002,2.149675371,5,False,完成,145,0.26,0.15582520291463853
002508.SZ,20210415,2.0,20220430,20210511,20210625,879.0802,3.436298644,3,False,完成,32,0.230896368485757,0.17435410358026537
002511.SZ,20210106,10.0,20220105,20210127,20210507,5007.5226,12.0533970921,8,False,完成,63,0.2567623803578858,0.31354377522790444
002511.SZ,20210522,0.09,,20210601,20211124,20449.1025,55.78299177050001,11,False,完成,118,-0.4845877464548629,-0.47999537726428576
002511.SZ,20240425,0.63,,20240614,20240831,1558.4500000000003,0.9894296049,3,False,完成,55,-0.12143965795417877,-0.06257897474878993
002511.SZ,20240911,0.06,,20240930,20250205,1397.57,0.9090918298,3,False,完成,80,-0.1773584905660377,-0.15010007861355745
002511.SZ,20250425,0.39,,20250430,20260206,22458.45,16.67615456,13,False,完成,190,0.24245310419944333,0.002080720247294998
002511.SZ,20260415,0.33,,20260430,20260831,7235.92,5.4969668588,6,False,完成,80,-0.16222557947077565,-0.13577412559689184
002512.SZ,20230428,0.97,,20250829,20260513,4467.79,1.251625307,2,False,完成,164,0.2555831265508681,0.14174810631340184
002513.SZ,20240430,,,20240620,20240620,1182.6,0.0,2,False,完成,0,0.0,
002516.SZ,20210219,1.0,20220218,20210222,20210729,8983.22,3.1621388823,7,False,完成,108,0.6607043558850789,0.7730109796400266
002516.SZ,20260714,1.0,20270713,20260714,20260731,1268.3784,0.6551193872000001,2,False,完成,13,-0.01855287569573283,0.015985909718007507
002517.SZ,20200122,1.0,20210121,20200204,20200214,8233.565,2.1442106623,3,False,完成,8,0.1015625,
002517.SZ,20210121,1.0,20220120,20210201,20210329,3478.96,1.5675216642,3,False,完成,35,0.06590909090909092,0.08762501775088638
002517.SZ,20220924,2.0,20230923,20220928,20221031,6009.299999999999,3.8815355696999996,3,False,完成,18,-0.11940298507462688,-0.07327023279510025
002517.SZ,20230831,2.0,20240830,20231121,20231122,2643.44,3.2797029799999997,2,False,完成,1,0.0008123476848092004,0.008809939281738233
002517.SZ,20250830,2.0,20260828,20250901,20250903,1352.01,2.9956546744,2,False,完成,2,0.024215246636771326,0.04085968580728694
002517.SZ,20260210,2.0,20270209,20260210,20260227,855.86,1.99920276,2,False,完成,7,-0.07125307125307123,-0.07895196215735734
002520.SZ,20240227,1.0,20250226,20240313,20241226,7885.45,1.2605194031,7,False,完成,193,0.09558823529411753,-0.01862439590716225
002524.SZ,20201117,0.02,,20201117,20210309,287.13710000000003,0.3201002959,2,False,完成,74,-0.3176870748299321,
002524.SZ,20210316,0.3,20220315,20210318,20210325,209.9946,0.2129173276,2,False,完成,5,-0.04038461538461535,-0.012004452166450852
002524.SZ,20230720,0.14,20240718,20230720,20230817,386.44,0.1973966,4,False,完成,20,0.07582938388625582,0.07779579071952392
002526.SZ,20211012,0.56,20221027,20211108,20220316,3698.9588000000003,0.8063143292,4,False,完成,86,0.042857142857142705,0.1507112838407214
002526.SZ,20230909,0.49,20240908,20231124,20240118,2848.397,0.7608614300000001,4,False,完成,38,-0.02230483271375472,0.044753726712783104
002527.SZ,20201111,0.3,20211110,20201124,20210331,1751.6116,1.06523749,6,False,完成,85,-0.0840312191831053,
002532.SZ,20220707,2.0,20230106,20220708,20221031,4684.83,3.0386990000000003,3,False,完成,75,-0.03105590062111796,0.12385381001092477
002532.SZ,20240124,2.0,20240723,20240205,20240630,3581.1399999999994,2.220979,4,False,完成,92,0.6815112462181467,0.5312226795977892
002532.SZ,20250411,3.0,20251009,20250430,20250831,7615.790000000001,6.062885,6,False,完成,83,0.39004210809463125,0.18146124775818495
002532.SZ,20260703,3.0,20261002,20260706,20260711,3481.51,3.999893,2,False,完成,4,-0.037898363479758945,-0.027045881781128878
002533.SZ,20201111,0.01,,20201216,20201216,43.036,0.00946792,2,False,完成,0,0.0,
002533.SZ,20210609,0.0,,20210914,20210914,8.657,0.001688115,2,False,完成,0,0.0,
002533.SZ,20220611,0.0,,20221202,20221202,10.8285,0.0017867025,2,False,完成,0,0.0,
002533.SZ,20231109,0.8,20241108,20231219,20240229,1034.38,0.8055056835,4,False,完成,45,0.1500646830530401,0.11849008639696823
002534.SZ,20200110,0.0,,20200131,20200430,6040.2558,4.660399866200001,4,False,完成,63,-0.006273525721455342,
002534.SZ,20241010,1.0,20251024,20241128,20250730,1925.7900000000002,2.3332676040000004,9,False,完成,162,0.09588922544353107,-0.0011052975243989183
002537.SZ,20230920,6.0,20240919,20231009,20240731,73535.13,46.076903077999994,15,False,完成,199,-0.21194029850746265,-0.16952434762313606
002539.SZ,20200825,2.0,20210821,20200831,20210802,13388.339999999998,10.2337213627,9,False,完成,223,0.3198265529480906,
002540.SZ,20220429,2.0,20230428,20220513,20230228,5945.1711,3.2014761401,8,False,完成,194,0.43171583274779635,0.3464482910027682
002541.SZ,20230906,1.0,20240921,20231102,20231108,300.90999999999997,0.7726373870000001,2,False,完成,4,0.03639999999999999,0.021811089222855573
002543.SZ,20230826,0.6,20240825,20231107,20240125,1756.1077,1.462665734,4,False,完成,56,0.059523809523809534,0.11463485150631625
002544.SZ,20211217,0.03,,20211224,20220429,49.85,0.0345716,2,False,完成,82,-0.18892228424216395,-0.03693387825938721
002548.SZ,20220531,0.03,,20220615,20220615,172.58999999999997,0.0508422593,2,False,完成,0,0.0,
002548.SZ,20230606,0.01,,20231122,20231122,157.41,0.046920122300000006,3,False,完成,0,0.0,
002550.SZ,20240104,1.7,20250102,20240105,20240229,6880.0,3.9495695399999997,4,False,完成,33,-0.13490725126475545,-0.15957832426020313
002551.SZ,20240310,0.09,20240609,20240510,20240608,244.0,0.07182770999999999,3,False,完成,20,-0.1877022653721684,-0.16021058832266966
002554.SZ,20240311,0.5,20250326,20240416,20241031,5700.959999999999,1.3587163100000001,7,False,完成,131,0.08084711807498612,-0.009038139438128368
002555.SZ,20210802,3.0,20220201,20210803,20210809,1951.5034,3.6059702979,2,False,完成,4,-0.04036112586298446,-0.05316956577834342
002555.SZ,20221112,6.0,20231111,20221116,20230831,3579.4507000000003,7.8954104287,5,False,完成,194,0.48540423233183394,0.4854537477678178
002556.SZ,20220428,1.0,20221027,20220601,20221024,2547.3,2.82624857,6,False,完成,96,-0.16991150442477865,-0.11287239700770602
002556.SZ,20221125,1.5,20230524,20221129,20230524,5362.397799999999,4.70906439,9,False,完成,116,-0.11555075593952491,-0.13073014049362353
002557.SZ,20210907,0.6,20220906,20211126,20220315,242.87,1.29844729,5,False,完成,71,-0.16548375046694064,-0.02926752592081272
002557.SZ,20230831,1.5,20240830,20230928,20240506,2032.5400000000002,7.1328556972,8,False,完成,139,0.12052615478739681,0.10973550127867959
002557.SZ,20240620,1.0,20250619,20240620,20240708,648.5544,1.85863359,3,False,完成,12,-0.06224066390041494,-0.035611659768049586
002557.SZ,20241115,0.8,20251114,20241231,20251112,952.8658,2.4088396405,8,False,完成,208,-0.16409402296000308,-0.2995847631613878
002558.SZ,20201030,6.0,20211028,20201030,20210813,22068.028099999996,34.416436131199994,13,False,完成,194,-0.42487876382199363,
002558.SZ,20220317,6.0,20230316,20220408,20230307,20575.358,17.57857032,12,False,完成,221,0.05211784408930242,0.041469322543774334
002558.SZ,20231226,2.0,20241225,20240124,20241220,2701.58,2.57757917,5,False,完成,218,0.3684785719717656,0.14610643598398765
002559.SZ,20230614,,,20240129,20240129,536.3,0.0137925,3,False,完成,0,0.0,
002559.SZ,20240926,0.7,20250325,20241011,20241018,988.6,0.79531934,2,False,完成,5,0.0603773584905658,0.04612907639766162
002560.SZ,20210109,0.13,20220223,20210506,20211029,263.7958,0.1499777523,3,False,完成,118,-0.08034188034188028,-0.10783658612776914
002560.SZ,20220319,0.02,20230317,20220506,20220708,57.83,0.02670002,2,False,完成,44,0.3634408602150536,0.21941458869264796
002560.SZ,20230315,0.08,,20230511,20231121,423.74,0.2621708712,3,False,完成,130,-0.01534526854219942,0.06220229076785566
002560.SZ,20231216,0.2,20241214,20240205,20240229,168.0,0.08459306999999999,2,False,完成,12,0.12477064220183487,0.008015185936428804
002560.SZ,20240330,0.03,,20240531,20240927,589.25,0.28500561999999996,4,False,完成,82,-0.10567823343848581,-0.10588539554459386
002565.SZ,20250304,1.0,20260303,20250407,20250512,5931.18,1.9861773367,3,False,完成,22,0.2923588039867113,0.1877699924376861
002565.SZ,20250920,2.0,20260918,20250929,20260623,4864.5795,3.6117362435,5,False,完成,172,0.6621438263229307,0.563489938800297
002567.SZ,20210417,1.6,20220416,20210428,20220331,6000.660800000001,3.9424395322,9,False,完成,224,0.4607332742578645,0.5527489681508089
002567.SZ,20231229,0.2,20241228,20240125,20240131,241.14,0.1500788,2,False,完成,4,-0.07704402515723285,-0.03813375425694743
002567.SZ,20241109,1.0,20251108,20241128,20250930,5126.0199999999995,2.6273829500000003,9,False,完成,206,-0.10280373831775702,-0.23846054260217864
002568.SZ,20220426,0.01,,20220430,20221130,2300.6832999999997,6.3484799723,6,False,完成,143,0.6445955142959827,0.5901783459284546
002568.SZ,20231214,2.0,20240611,20231218,20240331,949.1,2.0940652836,5,False,完成,67,-0.22723330442324363,-0.2552768434522743
002568.SZ,20240426,0.07,,20240430,20240730,1265.18,2.7193118538,4,False,完成,61,-0.20539215686274492,-0.14315346021487074
002570.SZ,20220830,1.5,20230826,20220906,20230630,10266.311299999998,5.3410790562,8,False,完成,195,-0.19470699432892258,-0.18429917455146427
002570.SZ,20240116,3.0,20250115,20240116,20241231,38408.575800000006,11.394377622000002,13,False,完成,231,0.07948717948717965,-0.06794615511835045
002570.SZ,20250430,3.0,20260429,20250804,20260331,15000.3186,9.4524982828,10,False,完成,157,-0.30852503382949925,-0.36334605742974146
002572.SZ,20210615,1.0,20220615,20210706,20210901,733.1687,1.543353602,3,False,完成,41,-0.17320819112627994,-0.18174750157787822
002572.SZ,20240112,1.0,20250111,20240116,20240229,1458.6013,2.2657169327,3,False,完成,26,0.03467843631778056,-0.006906274718502581
002573.SZ,20250418,0.24,,20250818,20250825,912.15,0.28236866230499996,4,False,完成,5,0.030226700251889005,-0.011033283254400339
002575.SZ,20241031,0.0,,20250522,20250522,2622.0,0.970036,2,False,完成,0,0.0,
002576.SZ,20250410,0.5,20270408,20250424,20260617,640.56,1.1760704899999999,5,False,完成,277,0.11421794590375844,-0.10568903910913174
002577.SZ,20240330,0.15,20250419,20240513,20250131,525.73,0.6774418600000001,6,False,完成,176,0.47915027537372135,0.4324723689646579
002577.SZ,20250402,0.23,20260422,20250418,20251222,441.74,0.8112200122000001,9,False,完成,166,-0.06263048016701456,-0.21592495400346878
002579.SZ,20210108,1.5,20220126,20210128,20211008,5677.049999999999,6.5555463358,11,False,完成,164,-0.017360547092525436,-0.04115690827912455
002579.SZ,20220317,0.9,20230401,20220407,20221129,5300.0988,3.5264070546,7,False,完成,158,0.45142573941979225,0.4914916612669491
002579.SZ,20250412,0.5,20260411,20250523,20251117,819.68,0.7258634479,5,False,完成,119,0.4844155844155844,0.2513422928460003
002582.SZ,20200609,27.32,20210624,20201211,20210623,40965.4134,47.069953881400004,15,False,完成,127,-0.12645970790304928,
002582.SZ,20240206,1.0,20240805,20240206,20240725,8106.1128,4.455793644,8,False,完成,110,0.03944116469469772,0.004421932582934884
002583.SZ,20200828,0.95,,20211213,20211213,2349.43,1.0092332721,2,False,完成,0,0.0,
002585.SZ,20201214,2.0,20210611,20201229,20210228,2659.5724,2.5219221232,4,False,完成,37,-0.0424334180525221,
002585.SZ,20220427,2.0,20221026,20220627,20220926,695.73,1.15662083,3,False,完成,64,-0.045616113744075926,0.056965266930244285
002587.SZ,20210202,0.2,20210801,20210204,20210228,226.38,0.09476650660000001,2,False,完成,11,0.03791469194312791,0.03577880768882036
002587.SZ,20210316,0.09,,20210514,20210731,591.44,0.19464015070000001,2,False,完成,54,0.0619473092887628,0.09102316229535834
002587.SZ,20220429,0.2,20221027,20220518,20220919,341.03999999999996,0.15231538,3,False,完成,86,0.2158808933002483,0.20431953398405667
002587.SZ,20240206,0.2,20240805,20240206,20240531,353.49,0.19593224,4,False,完成,72,0.24739538208754297,0.12724402284823944
002587.SZ,20260811,0.2,20270807,20260821,20260826,266.0,0.1432249,2,False,完成,3,0.024118738404452555,0.022202463429494612
002588.SZ,20231211,0.5,20250105,20240126,20240729,1139.392,0.684351548,4,False,完成,119,0.017515932845097115,0.023982149175641343
002589.SZ,20241111,2.0,20251107,20250214,20251106,20086.1588,5.9254517379,10,False,完成,178,-0.003355704697986517,-0.1677411658619582
002590.SZ,20250419,0.4,20260418,20250512,20250630,270.0,0.33808366,3,False,完成,34,0.18879538005725438,0.16284767361016983
002592.SZ,20210122,0.31,20230120,20210202,20230105,5609.750000000001,2.28596207,14,False,完成,466,0.9163763066202089,1.146245958492988
002592.SZ,20230630,0.22,20240629,20230721,20230930,882.1899999999999,0.44288021499999997,4,False,完成,49,0.0,0.018411944952592796
002594.SZ,20220423,18.5,20230527,20220601,20220613,913.5622,28.9121794611,3,False,完成,7,0.16274418294552961,0.13653079377919286
002594.SZ,20240307,4.0,20250419,20240425,20240426,283.69,6.0065792899999995,2,False,完成,1,0.04991863692926213,0.03777101542967487
002595.SZ,20220331,1.0,20230329,20220408,20220729,1253.13,2.4748806495,5,False,完成,76,0.2235093398711383,0.22298732738409055
002595.SZ,20230523,1.0,20240522,20230523,20231226,1045.9,3.4420663100000004,6,False,完成,147,-0.06662434355997782,0.04521776789437393
002597.SZ,20210619,1.0,20220618,20210716,20220120,686.51,2.2078087232000003,4,False,完成,126,0.25207591933570583,0.24652564071183014
002597.SZ,20220322,1.5,20230320,20220328,20220803,1326.1922,5.0924652275,7,False,完成,86,0.08907022881598325,0.10656757945408968
002597.SZ,20220924,1.0,20230923,20221020,20221229,749.6700000000001,2.6612222932,4,False,完成,50,-0.14141145139813582,-0.1522080354613775
002597.SZ,20230106,2.0,20240105,20230313,20230427,797.4438,2.2373765398,3,False,完成,32,-0.14621409921671025,-0.15068036725400769
002597.SZ,20230506,5.0,20240505,20230505,20231124,2193.4818999999998,5.3627419526,7,False,完成,137,-0.1256341146302401,-0.041235571843715846
002597.SZ,20231223,0.0,,20231231,20240504,3312.584,7.0741633537,4,False,完成,78,0.12323140118667264,0.07624124450286773
002597.SZ,20250212,0.28,,20250510,20250510,165.51999999999998,0.28154952,2,False,完成,0,0.0,
002599.SZ,20200618,0.1,,20200720,20211011,7308.7727,2.6265357869,11,False,完成,296,0.5645973799475865,
002599.SZ,20220127,0.6,20230126,20220316,20220707,1100.57,0.5594813384999999,3,False,完成,75,-0.04061895551257255,-0.09585032466995747
002600.SZ,20200714,0.36,,20200803,20200910,11492.5342,0.35562345,2,False,完成,28,-0.14814814814814814,
002600.SZ,20220408,6.0,20230407,20220408,20220805,15923.1731,6.665088491900001,9,False,完成,81,0.07407407407407396,0.08233625479224949
002600.SZ,20230429,0.52,,20230614,20230614,3049.7156,0.9184688407999999,2,False,完成,0,0.0,
002600.SZ,20240311,1.0,20250308,20240516,20240630,1452.82,0.701674751,3,False,完成,30,0.4866714220546511,0.5643256570678117
002600.SZ,20250415,4.0,20260411,20250508,20250630,6663.1900000000005,5.561390384399999,3,False,完成,36,0.034939759036144435,0.007167559532181178
002600.SZ,20260328,8.0,20270326,20260415,20260721,10746.75,14.8230497351,5,False,完成,65,-0.08949996461575827,-0.05113197132597613
002601.SZ,20220615,0.02,,20220726,20220905,104.0,0.162656,2,False,完成,29,-0.16399026763990276,-0.14373638086416796
002601.SZ,20240618,2.0,20250617,20240718,20241226,3884.53,6.59921212,5,False,完成,108,-0.03753358005387719,-0.15676091306360285
002601.SZ,20250607,10.0,20260606,20250701,20260531,14780.067900000002,25.4557609963,10,False,完成,220,-0.11934385457569718,-0.25155836799357656
002602.SZ,20220212,10.0,20230301,20220506,20221202,254.0,0.115062,3,False,完成,143,-0.09513274336283173,-0.13945192514794258
002602.SZ,20240112,1.0,20250110,20240709,20241118,1236.52,0.5199209064,2,False,完成,86,0.2883435582822087,0.14707040750838063
002602.SZ,20251113,10.0,20261128,20251202,20251203,8354.819599999999,14.9984870224,2,False,完成,1,-0.05368013281682338,-0.048869957688926324
002605.SZ,20210126,0.6,20220125,20210129,20210331,206.0694,0.549942221,3,False,完成,38,-0.14387974230493905,-0.13364242483465094
002605.SZ,20260430,0.04,,20260526,20260831,390.65999999999997,0.63655244,6,False,完成,68,-0.040073780785257807,-0.0017674967789981233
002606.SZ,20231128,0.5,20241127,20231206,20240229,696.01,0.49814747,4,False,完成,54,-0.09806451612903211,-0.11189574153876325
002606.SZ,20240425,0.01,,20240622,20240630,454.94,0.31010023999999997,2,False,完成,5,0.06676136363636354,0.07781035362694655
002609.SZ,20201031,0.0,,20201127,20210316,42.129999999999995,0.01552236,2,False,完成,71,-0.16166691697451108,
002609.SZ,20210914,0.01,,20210929,20220119,59.07,0.02158432,2,False,完成,74,0.1867219917012446,0.17942285251985557
002609.SZ,20220824,0.02,,20220914,20221208,59.120000000000005,0.02617444,2,False,完成,56,0.29292929292929326,0.30918194458353176
002609.SZ,20230426,0.09,,20230527,20231025,202.29399999999998,0.096205548,2,False,完成,100,-0.09885493322638195,-0.02662357998055498
002609.SZ,20240713,0.5,20250712,20240725,20240731,105.96000000000001,0.07383946,2,False,完成,4,0.06637806637806642,0.04750613655309954
002609.SZ,20240831,0.0,,20240831,20241221,858.632,0.47879407399999996,4,False,完成,73,0.26173541963015623,0.06474125289399124
002611.SZ,20200617,10.0,20210624,20200710,20201127,38230.1037,15.600291,8,False,完成,94,-0.05148514851485131,
002611.SZ,20201230,0.01,,20201228,20210602,144485.14130000002,67.954386,11,False,完成,102,0.04475777044916618,
002611.SZ,20210901,0.0,,20211011,20220630,61416.79,33.363402,11,False,完成,176,-0.08127208480565373,-0.02907449713535004
002611.SZ,20230218,0.0,,20230217,20230323,1733.91,0.7957899999999999,3,False,完成,24,-0.015452538631346546,-0.03421240193975983
002611.SZ,20230819,0.0,,20231023,20240130,6066.776,2.817341,4,False,完成,70,-0.00222717149220486,0.036112854127339444
002611.SZ,20241214,0.0,,20250113,20250113,128.0,0.0128,2,False,完成,0,0.0,
002614.SZ,20200911,0.0,,20200923,20210219,6.4,0.005757599999999999,3,False,完成,95,-0.14687694165644538,
002615.SZ,20200416,0.6,20210506,20201109,20201111,762.55,0.43714883140000005,2,False,完成,2,-0.013864818024263315,
002615.SZ,20230513,0.8,20240512,20230602,20230727,1969.935,1.2353910987,5,False,完成,37,0.046800823470799724,0.051160835367762614
002615.SZ,20230815,0.01,,20230814,20231124,1047.1629,0.6721454428999999,2,False,完成,68,0.1037593984962406,0.1536506224099654
002615.SZ,20250422,1.6,20260420,20250902,20260228,4843.2300000000005,3.8711184975000004,7,False,完成,114,0.10506798516687277,0.024170325973251083
002617.SZ,20230329,4.0,20250413,20230414,20250410,19442.8932,13.7438263451,9,False,完成,480,-0.2121896162528215,-0.184203907631312
002623.SZ,20220513,1.8,20230512,20220520,20230510,4529.9317,12.991791777400001,13,False,完成,236,0.062278281434765326,0.007043821350808832
002624.SZ,20210113,4.0,20220112,20210204,20210731,3523.475,7.6570310891,4,False,完成,116,-0.3282780697229567,-0.30761608378841077
002624.SZ,20210901,5.0,20220831,20210831,20220823,9446.6882,14.73569138,8,False,完成,236,0.21381083409635027,0.31299746230662606
002624.SZ,20231229,2.0,20241228,20240109,20241227,2713.4700000000003,2.90700136,5,False,完成,234,0.003927977610475919,-0.14573687618697095
002625.SZ,20231219,1.0,20241218,20240105,20240831,1040.052,1.3487264540000001,3,False,完成,158,0.2446504992867331,0.2827356421086633
002625.SZ,20251231,1.0,20261230,20260303,20260512,205.894,0.8792021328999999,3,False,完成,46,-0.06717892425905592,-0.08750053209263886
002625.SZ,20260701,1.0,20260930,20260707,20260713,224.55,0.66237707,2,False,完成,4,-0.06896551724137934,-0.05078124739812839
002626.SZ,20260507,4.0,20270506,20260515,20260831,4423.254800000001,6.3635610071999995,6,False,完成,75,0.02401444772739758,0.062313578307174655
002627.SZ,20221028,2.0,20231114,20221118,20231114,9681.65,5.073913999999999,11,False,完成,239,0.043222003929273,0.05727680994783202
002631.SZ,20200724,0.01,,20201124,20201124,278.51,0.01915482,3,False,完成,0,0.0,
002631.SZ,20210624,0.3,,20211103,20211103,700.8,0.331881,3,False,完成,0,0.0,
002631.SZ,20241009,0.6,20251008,20241009,20241010,671.23,0.2950882152,2,False,完成,1,0.0022573363431153126,-0.01081543406259211
002631.SZ,20241015,1.2,20251014,20241014,20241130,7222.8834,3.3362191176,5,False,完成,34,0.11790393013100431,0.10374445406493327
002633.SZ,20260213,0.8,20260902,20260421,20260521,1020.11,1.9958126800000002,5,False,完成,19,-0.01445534331440368,-0.012569931109316923
002634.SZ,20240426,0.66,,20240604,20240726,2914.254,1.31229459,3,False,完成,37,-0.22377622377622375,-0.1699939267701014
002635.SZ,20200430,0.13,,20200512,20200622,5500.7991,0.13007464,3,False,完成,29,0.11860465116279073,
002635.SZ,20210327,2.0,20211020,20210428,20210519,2384.6544999999996,3.3509176697,3,False,完成,12,0.015793251974156375,0.00019993102003224017
002635.SZ,20210714,1.0,20220130,20210802,20211105,1099.4013,1.4088128430000002,4,False,完成,62,0.19589257503949464,0.18654814789291518
002635.SZ,20230105,2.0,20230704,20230106,20230706,1688.1076,1.806066592,4,False,完成,118,0.07434671302010476,0.05828021691688745
002635.SZ,20240202,3.0,20240801,20240205,20240229,2656.3257,3.0286304399999997,3,False,完成,12,0.1348314606741572,0.017031653314344863
002637.SZ,20211123,3.42,20220608,20220128,20220531,6716.6188,12.410898109400001,7,False,完成,77,-0.07666666666666677,-0.025953136351369865
002637.SZ,20231026,1.0,20241025,20231204,20240930,2103.9300000000003,1.9173721314999999,5,False,完成,200,-0.11386200322627948,-0.19714645090038596
002637.SZ,20241120,2.0,20251119,20250103,20251118,2638.38,2.6636977711,8,False,完成,210,0.2212668657946235,-0.004518024296091161
002637.SZ,20260523,2.0,20270521,20260609,20260731,559.01,0.60343847,3,False,完成,37,-0.14819789332138056,-0.10868509470908394
002638.SZ,20220910,0.0,,20230131,20230918,6010.5821,2e-08,2,False,完成,156,0.09374999999999978,0.13914451799157845
002638.SZ,20240723,0.5,20241022,20240725,20240930,4349.1849999999995,0.7666020792,5,False,完成,45,0.4533333333333336,0.2574257639163753
002640.SZ,20240713,0.5,20241029,20240731,20240831,1706.16,0.2517692,2,False,完成,22,-0.00666666666666671,0.027071653501695936
002641.SZ,20210204,1.0,20210803,20210208,20210209,1925.1589,1.2620349268,2,False,完成,1,0.026153846153845972,0.005923361369622793
002641.SZ,20240207,0.7,20250206,20240207,20240430,2681.03,1.1231293621999998,3,False,完成,51,0.12135922330097082,0.021991826009545523
002643.SZ,20250425,0.62,,20250710,20260331,3742.538,4.5936979846,10,False,完成,174,0.36228070175438587,0.22850543729370454
002645.SZ,20221231,0.5,20231230,20230110,20230331,279.8897,0.49121552579999994,3,False,完成,53,-0.09782001117942996,-0.12630977324888004
002645.SZ,20230428,0.02,,20230531,20231225,1758.601,2.4426736178,7,False,完成,140,-0.08613140125490049,0.0033363491086857433
002645.SZ,20240203,0.3,20250202,20240206,20240430,643.45,0.43273480999999997,3,False,完成,52,0.7101910828025477,0.5364971781182954
002648.SZ,20210930,2.0,20220929,20211019,20220131,566.352,2.138267,5,False,完成,72,0.04011887072808307,0.11181722306334563
002648.SZ,20220322,0.03,,20220331,20220928,516.7117,1.99529690005,2,False,完成,122,-0.2350007251631615,-0.18296279736054943
002648.SZ,20250411,4.0,20260410,20250425,20250530,1472.8379,2.6662062118999996,3,False,完成,22,-0.12637075718015656,-0.14005326537132678
002649.SZ,20211026,2.6,20220125,20211108,20211231,3006.296,3.4376989082,4,False,完成,39,0.06375227686703089,0.022501684971309333
002650.SZ,20211218,3.0,20221217,20220107,20221216,17340.0106,7.87385886,7,False,完成,228,-0.265869459079349,-0.1704640957978769
002653.SZ,20200421,0.0,,20200610,20200610,8.2,0.0050266,2,False,完成,0,0.0,
002653.SZ,20210531,0.01,,20210604,20210813,43.34,0.02581476,4,False,完成,49,-0.10026978417266175,-0.08093956200672203
002655.SZ,20200827,0.5,20210914,20201106,20201215,1422.38,1.2046014917,4,False,完成,27,-0.04444444444444462,
002657.SZ,20240312,0.4,20250311,20240403,20240430,194.801,0.269448641,2,False,完成,17,-0.052668052668052634,-0.06350840059238061
002657.SZ,20240606,0.0,,20240731,20241231,297.8447,0.400791978,3,False,完成,102,0.5820379965457685,0.3870948079927725
002658.SZ,20240207,1.0,20240506,20240207,20240507,2933.2271,1.5618008617,3,False,完成,53,0.17602996254681647,0.057205780940755346
002661.SZ,20210715,1.2,20220730,20210813,20220531,4417.71,4.81893286,9,False,完成,189,0.08201058201058187,0.19402468655635285
002661.SZ,20240709,1.5,20250708,20240710,20240930,3360.73,2.7592912748,6,False,完成,56,0.291298428103141,0.13759884731323013
002661.SZ,20241112,2.0,20251108,20241216,20260728,10008.7635,9.982997260000001,10,False,完成,390,-0.31621778012791146,-0.39278205234938823
002663.SZ,20240207,1.0,20250206,20240220,20240826,43217.29,6.2084887145,12,False,完成,128,-0.14935064935064934,-0.12932905896230307
002664.SZ,20210721,0.01,,20211109,20211109,54.0,0.034258,2,False,完成,0,0.0,
002666.SZ,20220430,0.8,20221028,20220509,20220923,2736.92,1.26135902,4,False,完成,97,0.24708624708624694,0.213074666324512
002666.SZ,20240206,0.3,20240504,20240206,20240229,559.12,0.19575906,2,False,完成,11,0.1742857142857146,0.08639057045915033
002669.SZ,20200318,0.2,20200917,20200324,20200630,225.77999999999997,0.30325491,4,False,完成,64,0.07541196960997243,
002669.SZ,20210112,0.3,20220111,20210113,20210201,251.03,0.37755444,2,False,完成,13,-0.003989361702127492,0.022540794225547778
002669.SZ,20210717,0.3,20220716,20210720,20210831,383.89,0.41625839,3,False,完成,30,0.09784560143626564,0.09563075969130952
002669.SZ,20220315,0.4,20230314,20220329,20220630,843.6099999999999,0.9477117800000001,4,False,完成,61,0.09328968903436974,0.03066474644841355
002669.SZ,20221029,0.4,20231027,20221110,20221130,227.55,0.276158206,2,False,完成,14,0.05134474327628369,0.012910688311701168
002669.SZ,20230429,1.5,20240428,20230505,20231219,5088.719999999999,6.10680339,9,False,完成,154,0.0017286084701815252,0.1390933465566473
002669.SZ,20250118,2.0,20260117,20250304,20250531,3953.51,3.6752374000000003,7,False,完成,59,0.09164969450101834,0.08405869733763005
002671.SZ,20200925,1.0,20210924,20201013,20201202,3321.6174,1.5628246853999999,5,False,完成,36,-0.06530612244897971,
002671.SZ,20240227,0.18,20240526,20240228,20240306,591.46,0.24654531999999998,3,False,完成,5,0.06770833333333326,0.03888007988931608
002671.SZ,20241231,0.18,20250330,20250107,20250218,772.2413,0.3303550255,5,False,完成,24,0.013452914798206317,-0.01546058688953822
002673.SZ,20240207,1.0,20250226,20241231,20250103,650.11,0.5297799773,2,False,完成,2,-0.07116564417177906,-0.030577430012137308
002675.SZ,20260105,2.0,20261231,20260106,20260630,2526.5692,3.5017944942000003,5,False,完成,114,-0.10587955945315497,-0.10822274011160882
002681.SZ,20200506,0.0,,20200708,20200715,20872.675199999998,0.19376553159999998,2,False,完成,5,0.04377880184331806,
002681.SZ,20210831,2.0,20230228,20220112,20221213,8066.9311,3.0331316399999997,7,False,完成,222,-0.0924170616113742,0.02790724564329583
002681.SZ,20240124,1.2,20250122,20240206,20250120,3069.8637,1.505672925,6,False,完成,229,0.9305912596401027,0.6599045963356522
002681.SZ,20250409,1.0,20260408,20250902,20260407,3872.3454,2.4874753518,7,False,完成,140,-0.34366925064599485,-0.34907339123327163
002683.SZ,20240223,2.2,20250222,20240226,20240731,1704.2078000000001,3.2571969735,6,False,完成,106,0.07303090962429337,0.0870055271249659
002683.SZ,20260815,1.0,20270814,20260820,20260831,91.04,0.26855415,2,False,完成,7,0.030820770519262908,0.00946710183539401
002686.SZ,20250424,0.5,20260422,20250521,20251130,2124.66,1.29794559,7,False,完成,130,0.04781206622418832,-0.08719231549356754
002687.SZ,20210115,1.5,20220114,20210122,20210630,13224.264000000001,7.5076574713,10,False,完成,103,0.028026080199993197,0.032478210900402704
002687.SZ,20240206,1.5,20250204,20240206,20240708,4448.8088,1.7682149095,4,False,完成,97,0.05389719470744625,0.0059476368338973185
002687.SZ,20240730,0.0,,20240731,20241204,3655.3829,1.4520334057,3,False,完成,83,0.15458937198067657,0.008440375784621867
002688.SZ,20220422,2.0,20230512,20220525,20220930,8741.336,4.22909593,6,False,完成,90,0.16150442477876115,0.19340849073264543
002688.SZ,20240206,1.0,20250205,20240206,20240229,2534.42,0.7759554569,3,False,完成,11,0.15506329113924044,0.06860694336256445
002688.SZ,20240429,0.21,,20240531,20240717,3807.33,1.1639142042000001,3,False,完成,32,-0.21350762527233114,-0.18060273511632663
002688.SZ,20251231,,,20260326,20260326,213.0,0.04809,2,False,完成,0,0.0,
002695.SZ,20210104,2.5,20211231,20210115,20210305,3034.1287,7.000396629600001,5,False,完成,30,-0.03524416135881103,-0.01750517631882531
002695.SZ,20260722,1.0,20270721,20260722,20260831,761.63,0.7220494332999999,3,False,完成,28,0.34938271604938276,0.3090110930548149
002696.SZ,20241009,0.57,20251008,20241111,20241129,2159.324,1.141741524,4,False,完成,14,0.037735849056603765,0.08253706053313681
002698.SZ,20231102,2.0,20241101,20231225,20240315,1697.5219000000002,2.2646372965,5,False,完成,52,0.11360799001248445,0.06409180639470446
002700.SZ,20201106,0.5,20210527,20201201,20210526,3933.1450000000004,1.5089699681,7,False,完成,116,-0.055507781543493895,
002701.SZ,20240301,1.0,20240829,20240305,20240731,5158.064399999999,2.2119670067,5,False,完成,100,0.03153834143998124,0.06981410065370963
002701.SZ,20260618,2.5,20270617,20260618,20260813,10669.996200000001,4.9435790719,5,False,完成,33,0.0758928571428572,0.12069240166003747
002702.SZ,20240619,0.5,20250618,20240704,20250605,2611.9700000000003,0.8845586534000001,5,False,完成,221,0.19505494505494503,0.04443031687207655
002705.SZ,20210703,1.5,20220702,20210708,20210928,1164.22,2.4714847336,4,False,完成,56,-0.29214826624153045,-0.30722300236230926
002705.SZ,20211028,1.0,20221027,20211103,20211223,765.12,1.8922570042,4,False,完成,36,-0.036636136552872456,-0.07492444827330225
002705.SZ,20231030,0.8,20241115,20231117,20231208,810.12,1.3477288801,3,False,完成,15,-0.06161137440758291,-0.03481242247523475
002705.SZ,20240710,0.8,20250726,20240729,20240828,747.0,0.95433865,3,False,完成,22,-0.017926734216679674,0.0009073910356622861
002705.SZ,20250104,1.0,20260103,20250218,20250311,1092.33,1.6965690008,3,False,完成,15,0.14421768707483018,0.12548345502807634
002705.SZ,20260429,0.8,20270428,20260520,20260731,1216.0,1.4317948167,4,False,完成,49,-0.0937302053461403,-0.0157088167745304
002706.SZ,20210112,2.0,20220127,20210201,20210517,706.77,2.0477421700000003,3,False,完成,66,-0.08631067456342634,-0.08951392362182231
002706.SZ,20221027,2.0,20231026,20221107,20221230,3039.6422000000002,4.200476907800001,4,False,完成,39,0.10067618332081119,0.09659988844567136
002706.SZ,20240904,4.0,20241203,20240831,20241125,11624.18,7.5007096294,8,False,完成,54,0.1539763113367174,0.004929333046437057
002707.SZ,20200205,2.0,20200504,20200205,20200331,5459.1951,2.7726265422,3,False,完成,39,-0.08249496981891358,
002708.SZ,20241101,1.0,20251120,20241220,20250106,2139.5672,2.2238687604000003,4,False,完成,10,-0.12057416267942589,-0.07638339023745122
002709.SZ,20220610,5.0,20230609,20220613,20220630,1511.72,7.392041378,2,False,完成,13,0.24468511833132767,0.1922900047867082
002709.SZ,20241115,1.6,20251114,20241121,20241130,943.4100000000001,2.300084,2,False,完成,6,0.01188524590163964,0.02525399004692752
002709.SZ,20250108,1.24,,20250116,20250331,1878.8309,3.89442021,4,False,完成,46,0.010845986984815648,-0.019370849930235523
002714.SZ,20200914,,,20210108,20210108,8.6367,0.0,2,False,完成,0,0.0,
002714.SZ,20210914,,,20211108,20211108,70.3821,0.0,4,False,完成,0,0.0,
002714.SZ,20230107,,,20230220,20230228,1749.002,8.610905,2,False,完成,6,0.015996718621821282,0.01932172019471401
002714.SZ,20230314,,,20230331,20230420,3275.8361,14.995963,3,False,完成,13,-0.01632653061224487,-0.043838400134984745
002714.SZ,20230428,,,20230522,20230630,7926.7934000000005,36.649082,5,False,完成,27,-0.02067843866170993,0.0081951733344503
002714.SZ,20240927,40.0,20250925,20241018,20250826,24853.8719,101.206073,9,False,完成,210,0.35081389963572507,0.13891674611808336
002716.SZ,20250625,1.23,20260623,20250730,20251130,5331.0,2.7335627659999995,5,False,完成,81,0.3454935622317594,0.2510744989937146
002718.SZ,20240223,0.4,20250221,20240228,20240508,579.92,0.6793511400000001,4,False,完成,45,0.07766143106457224,0.01888573813447003
002721.SZ,20210116,0.6,20220114,20210129,20210930,5019.219999999999,1.47810461,9,False,完成,162,0.13533834586466176,0.10826153756605494
002722.SZ,20250416,0.2,20250715,20250422,20250430,93.57000000000001,0.13003416,2,False,完成,6,0.013005780346820872,0.019408663192570286
002722.SZ,20260728,0.6,20261027,20260730,20260909,2030.6056999999998,2.5994313328,7,False,完成,29,0.09135399673735733,0.050805853444829685
002724.SZ,20231226,1.0,20250110,20240123,20240606,8049.1864,4.4314802792,8,False,完成,86,-0.2772459736411901,-0.3431060466993727
002725.SZ,20250425,0.3,20260424,20250924,20260423,213.75,0.33573219,3,False,完成,136,0.11366711772665772,0.04847602681883911
002725.SZ,20260630,0.5,20270629,20260630,20260911,1180.19,1.2492,5,False,完成,53,-0.09577922077922074,-0.04780511474561022
002726.SZ,20201031,0.08,,20201211,20201211,235.04,0.08768848400000001,2,False,完成,0,0.0,
002726.SZ,20220108,0.01,,20220330,20220330,21.6684,0.0076623559999999995,3,False,完成,0,0.0,
002726.SZ,20221115,5.0,20231114,20221128,20231113,19455.2827,16.192053088,12,False,完成,232,-0.1815252416756178,-0.17292400173082345
002727.SZ,20220517,,,20220629,20220629,11.0,0.0,2,False,完成,0,0.0,
002727.SZ,20221125,,,20230107,20230107,4.71,0.0,2,False,完成,0,0.0,
002727.SZ,20240614,1.5,20250702,20240724,20241104,4379.67,5.691370495999999,6,False,完成,66,0.10622154779969639,-0.03021127745836738
002727.SZ,20250212,1.5,20250510,20250218,20250305,2659.3499999999995,3.46616914,4,False,完成,11,0.02985074626865658,0.024465913861972055
002728.SZ,20240612,1.2,20250611,20240624,20250430,8370.2182,6.1785152676,9,False,完成,207,0.0025284450063209896,-0.09406450556803447
002733.SZ,20231103,1.6,20241102,20231124,20241029,5206.85,6.7159393124,12,False,完成,222,-0.13150942971218105,-0.1963700034834036
002734.SZ,20210820,0.5,20220906,20210927,20211109,1585.7732,1.7250970486,5,False,完成,26,-0.07454545454545447,-0.054535142551369375
002734.SZ,20231028,,,20231229,20231229,435.93190000000004,0.0,2,False,完成,0,0.0,
002737.SZ,20201214,1.0,20211213,20201223,20201231,428.3003,0.628064,2,False,完成,6,0.01102687801516189,
002738.SZ,20230905,5.0,20240901,20230911,20240531,4366.6356000000005,16.0195049032,8,False,完成,171,-0.17617298095014888,-0.16123655057915975
002739.SZ,20260627,3.0,20270626,20260627,20260907,3919.12,3.2688157466000005,3,False,完成,45,-0.021420518602029204,0.0021103824661450332
002747.SZ,20210914,1.0,20220313,20210929,20220312,1112.71,2.6501795152,6,False,完成,106,-0.057713963704735805,0.0067842452563333655
002753.SZ,20240219,0.6,20240808,20240222,20240731,1650.1569,0.9884320119000001,4,False,完成,108,0.010903933572842694,0.027968821615061534
002756.SZ,20230829,5.0,20240915,20231009,20240911,7058.2604,32.6662380333,12,False,完成,229,-0.18915079902852738,-0.0773967661083923
002758.SZ,20221011,,,20221227,20221227,56.5,0.000507,2,False,完成,0,0.0,
002758.SZ,20240914,2.0,20250913,20240923,20240930,272.89,0.21494115,2,False,完成,5,0.2116182572614107,-0.0017558913640858265
002758.SZ,20241026,,,20241031,20250131,4389.4923,3.6850291275,7,False,完成,61,0.0011600928074246841,0.010160768345387927
002758.SZ,20250426,0.12,,20250430,20251211,1448.5737000000001,1.121454175,2,False,完成,151,0.18292288565208836,0.001426086472177568
002758.SZ,20260611,1.0,20270610,20260611,20260626,3053.485,2.468042265,4,False,完成,10,0.04430379746835422,0.03386660638062633
002759.SZ,20240207,1.0,20250206,20240208,20240229,452.1887,0.35769375480000004,2,False,完成,9,0.1461434370771313,0.08940286507722983
002759.SZ,20240325,0.46,,20240331,20240731,3705.6535,3.1899641590999996,6,False,完成,82,-0.37828040830337506,-0.3566130178748862
002760.SZ,20240224,0.5,20250223,20240325,20250220,625.53,0.98345722,7,False,完成,218,0.001088484959628877,-0.09585332240972078
002765.SZ,20231030,0.02,,20231109,20231214,57.0,0.02023,2,False,完成,25,-0.058252427184465994,-0.02824188271542938
002769.SZ,20240220,0.5,20250218,20240227,20240731,2556.7255999999998,1.5204856265000002,6,False,完成,105,-0.18167456556082162,-0.16030790585966015
002772.SZ,20241115,1.5,20251114,20241128,20250207,9527.3256,7.3712885396,8,False,完成,44,-0.02684563758389258,-0.02919284353561924
002773.SZ,20200826,0.01,,20210122,20210122,204.0321,0.4599536461,2,False,完成,0,0.0,
002782.SZ,20240403,0.8,20250402,20240410,20240831,1292.63,1.3506669900000001,5,False,完成,98,-0.00039156072304702416,0.06471550052689556
002782.SZ,20260613,0.05,,20260613,20260904,91.8,0.0586164,2,False,完成,59,-0.30884353741496606,-0.2910117891597481
002787.SZ,20220505,0.8,20220804,20220511,20220729,3992.87,2.2188668180000004,6,False,完成,56,0.228515625,0.1550534661678593
002787.SZ,20230519,0.6,20240518,20230526,20230817,2902.95,2.0348688000000004,7,False,完成,57,0.31034482758620685,0.3305419122021318
002787.SZ,20240208,1.0,20250207,20240208,20241231,4408.147599999999,2.7187779391,8,False,完成,214,0.5697211155378488,0.34217985225312475
002787.SZ,20250717,0.4,20260716,20250828,20251126,1303.75,1.1328924605,5,False,完成,58,0.18951132300357565,0.1831740297815765
002787.SZ,20251129,0.6,20261128,20251212,20260112,731.74,0.8997659887,3,False,完成,19,0.024793388429752206,-0.04309696818546083
002787.SZ,20260731,1.0,20270729,20260824,20260831,54.739999999999995,0.11445273,2,False,完成,5,0.08820709491850431,0.05973726482808961
002790.SZ,20211029,0.01,,20220217,20220217,31.75,0.009527999999999998,2,False,完成,0,0.0,
002791.SZ,20240302,2.0,20250301,20240805,20250221,470.55379999999997,1.0661786050000002,2,False,完成,130,0.01554864504664577,-0.14025427778619282
002792.SZ,20220428,0.5,20230427,20220620,20230206,789.485,0.957774,5,False,完成,153,0.11973913737822928,0.1462684021293157
002793.SZ,20220527,0.0,,20220608,20221110,19078.8505,0.4065956815,2,False,完成,105,0.11139240506329107,0.19472916045861255
002793.SZ,20240202,1.0,20250201,20240205,20240208,8099.798299999999,3.1379045402,4,False,完成,3,-0.005141388174807138,-0.061973894304993005
002795.SZ,20250429,0.06,,20251230,20251230,406.66510000000005,0.11549288840000001,2,False,完成,0,0.0,
002796.SZ,20210928,0.6,20220927,20211231,20220527,1055.6950000000002,0.8276929946000001,5,False,完成,94,-0.11407766990291268,0.03013153032258753
002796.SZ,20240222,0.4,20250221,20240606,20250123,527.86,0.444863,4,False,完成,156,0.5485175202156334,0.46157012713521306
002798.SZ,20220430,0.22,,20220523,20221014,8717.710000000001,7.6994730022,10,False,完成,97,-0.22759568018188725,-0.20877063261757423
002798.SZ,20240207,0.5,20240506,20240207,20240506,1825.28,0.6255269696,3,False,完成,52,0.23053892215568883,0.10867894310257431
002798.SZ,20240711,1.4,20260110,20240918,20251231,3180.4721,1.9207864551,5,False,完成,310,0.8725490196078431,0.28204772833093616
002801.SZ,20230810,0.8,20240809,20230822,20231225,600.015,1.3203590534,5,False,完成,83,-0.0809502859656841,-0.01749708543069528
002801.SZ,20260814,0.8,20270813,20260828,20260831,47.09,0.12776202,2,False,完成,1,0.017699115044247815,0.008988558004559666
002802.SZ,20240208,0.6,20240807,20240219,20240806,2275.3129,1.9698870190999997,10,False,完成,115,0.05807445909509101,0.0740382154972885
002802.SZ,20250818,0.2,20260305,20250915,20251130,259.21,0.33221844,4,False,完成,48,0.010785824345146189,0.0034835485652648934
002803.SZ,20210728,1.0,20220727,20210729,20210827,385.56,0.7539826395,3,False,完成,21,-0.15685350918511543,-0.1832892845940326
002803.SZ,20230831,1.2,20240830,20231025,20240229,1132.92,1.7558207454,5,False,完成,84,-0.23307912297426114,-0.2435223134944744
002803.SZ,20240515,0.01,,20240630,20240731,1201.2800000000002,1.7136117698,3,False,完成,23,-0.04941599281221942,-0.040147574151956356
002803.SZ,20241106,1.0,20251104,20241120,20250408,181.36,0.23779060000000002,5,False,完成,91,-0.29369814495608626,-0.2437514040527765
002803.SZ,20250621,0.2,,20250718,20250927,632.47,0.8115867034,2,False,完成,50,0.3352564102564102,0.23283960321772268
002810.SZ,20231213,0.09,,20240124,20240306,58.8,0.1290072,2,False,完成,24,-0.0858143607705778,-0.15172112546311767
002810.SZ,20250416,1.0,20260415,20250516,20250829,473.26,0.5577467,4,False,完成,74,0.16445182724252505,0.016412896371400088
002810.SZ,20250926,0.01,,20250930,20251208,667.7681,0.8213410647999999,3,False,完成,43,0.00900225056264059,-0.0016173647133708169
002810.SZ,20260427,0.12,,20260727,20260728,374.7,0.2401827,2,False,完成,1,-0.019677093844601368,-0.008126433874735772
002811.SZ,20240208,1.0,20250206,20240220,20240630,3384.324,2.0913331597999996,6,False,完成,87,0.1803359858532274,0.16256668356584436
002812.SZ,20210318,4.0,20220317,20210507,20210531,196.4337,2.5404743385999997,2,False,完成,16,0.3693825637863255,0.2949179850529462
002812.SZ,20230505,1.5,20231104,20230505,20230509,222.69,2.2723190379,2,False,完成,2,-0.012114645917462807,-0.01893104667256018
002812.SZ,20230929,5.0,20240328,20231123,20231225,872.754,4.9018673584,3,False,完成,22,-0.12495921696574219,-0.08207568831712697
002812.SZ,20240203,2.0,20240802,20240205,20240331,221.36149999999998,0.8945812079000001,2,False,完成,33,0.07531055900621109,-0.04454830713559388
002812.SZ,20240622,,,20240625,20240909,1382.7029999999997,4.6884590645,5,False,完成,54,-0.19124847001223988,-0.12814732978025145
002812.SZ,20250514,0.02,,20250801,20250801,136.03820000000002,0.4451701583,2,False,完成,0,0.0,
002818.SZ,20200828,0.0,,20200919,20201119,475.56399999999996,0.6341701117999999,3,False,完成,38,0.025374105400130187,
002819.SZ,20200826,0.0,,20201224,20201224,3.458,0.003811123,2,False,完成,0,0.0,
002819.SZ,20221221,1.0,20230620,20221229,20221231,10.030000000000001,0.02444238,2,False,完成,1,0.003734439834024883,-0.0013199760068766109
002819.SZ,20230412,0.0,,20230619,20231121,737.6735999999999,0.5071116748,5,False,完成,103,-0.1414358864973687,-0.08885946440635417
002820.SZ,20240220,0.5,20240607,20240308,20240322,1210.31,1.0823722416,4,False,完成,10,0.08675263774912079,0.08603441912007348
002821.SZ,20201223,0.01,,20210324,20210324,6.4,0.056991200000000006,2,False,完成,0,0.0,
002821.SZ,20210731,0.0,,20210914,20210914,1.3775,0.008508025,2,False,完成,0,0.0,
002821.SZ,20220421,0.01,,20220709,20220709,6.74,0.06310178000000001,7,False,完成,0,0.0,
002821.SZ,20220804,8.0,20230902,20220905,20220919,397.49379999999996,6.3562173861,2,False,完成,9,-0.11508745905185747,-0.09114123927452211
002821.SZ,20220927,0.08,,20221031,20230209,967.2392000000001,14.779734869599999,4,False,完成,67,0.10692087436273479,-0.020647730445477186
002821.SZ,20240316,0.0,,20240326,20240531,3313.753,28.096786191099998,11,False,完成,43,-0.16304703699661682,-0.1780497902648852
002821.SZ,20240622,2.25,,20240628,20240815,1405.4130999999998,12.246589421600001,3,False,完成,34,0.018389057750760163,0.050258829970010854
002822.SZ,20200922,1.0,20201221,20200925,20201211,1770.81,1.36227,4,False,完成,49,-0.12652068126520688,
002822.SZ,20210617,0.02,,20210907,20210907,95.7,0.035021,2,False,完成,0,0.0,
002822.SZ,20220429,0.8,20221028,20220427,20220613,789.3100000000001,0.30316435199999997,3,False,完成,29,0.08775510204081649,-0.011569396414784938
002825.SZ,20231107,0.4,20241105,20231110,20231130,47.977999999999994,0.0396443192,2,False,完成,14,0.0931677018633541,0.09652232124443905
002825.SZ,20240103,0.0,,20231231,20240229,392.342,0.2813399874,3,False,完成,37,-0.2004689331770222,-0.21113839427333292
002825.SZ,20240423,0.0,,20240430,20240704,959.8418999999999,0.6239843919,6,False,完成,43,-0.19082715341082146,-0.1505383719710076
002825.SZ,20260421,0.3,20270417,20260421,20260527,442.20000000000005,0.45603838999999996,3,False,完成,23,0.02613746369796699,0.023969246342907757
002826.SZ,20231030,1.0,20241025,20240207,20240606,1821.48,1.1762055789,4,False,完成,75,0.27348299027882716,0.1819655025768847
002826.SZ,20260815,0.7,20270813,20260817,20260911,715.2090000000001,1.26431136,4,False,完成,19,-0.04035874439461873,-0.017024205694877503
002827.SZ,20260512,2.0,20270511,20260715,20260805,461.45,1.7750010600000001,3,False,完成,12,0.8121457489878541,0.8481923814485257
002828.SZ,20230428,0.35,20240519,20230524,20240110,1397.22,1.1997635,7,False,完成,156,0.2409200968523002,0.38194904171823163
002829.SZ,20240426,0.3,20250425,20250124,20250207,291.14,0.50037197,3,False,完成,4,0.11181923522595572,0.09464211567951608
002830.SZ,20240224,0.4,20250223,20240304,20250114,1159.56,1.20358846,8,False,完成,212,0.21612607107380644,0.1404650059883894
002831.SZ,20210916,4.0,20220915,20211102,20220914,5914.1094,15.707138448299999,9,False,完成,213,-0.11852691390903503,-0.045536060463395756
002831.SZ,20221203,2.0,20231202,20221207,20231201,2270.08,6.251628407800001,9,False,完成,239,-0.1571412179076105,-0.11043822920840884
002831.SZ,20240426,2.0,20250425,20240430,20241115,925.9300000000001,2.27319625,6,False,完成,132,0.0009266368820772808,-0.06695979645818473
002831.SZ,20250409,2.0,20260408,20250430,20250603,910.6546000000001,1.9747867418,3,False,完成,20,0.15227450932310926,0.12384646987762649
002831.SZ,20260403,4.0,20270402,20260424,20260511,876.596,3.3172381555999997,3,False,完成,8,0.10985155195681506,0.07173055762051783
002835.SZ,20231213,0.2,20241212,20240123,20240229,126.80000000000001,0.16288824000000002,3,False,完成,21,-0.037683182135380466,-0.11562000346969459
002836.SZ,20240208,0.6,20240507,20240219,20240416,2520.7508,1.4305565369,6,False,完成,39,0.017045454545454364,-0.015600762265894574
002838.SZ,20230919,1.0,20240918,20231010,20240918,5676.9800000000005,6.1700662895,11,False,完成,231,-0.34839068109404847,-0.2625524267229916
002840.SZ,20201110,0.02,,20210305,20210305,67.84,0.029425600000000003,2,False,完成,0,0.0,
002840.SZ,20240820,1.0,20250819,20240909,20240930,61.9,0.06628115,2,False,完成,13,0.22263450834879395,0.0027654064494611053
002840.SZ,20241217,,,20250131,20250331,1937.33,0.8867376,6,False,完成,39,-0.023498694516971286,-0.048424059613993875
002840.SZ,20250425,0.25,,20250430,20251117,1624.81,1.7155307616,4,False,完成,133,0.1054104477611939,-0.08745120558938346
002841.SZ,20201028,0.02,,20210119,20210119,17.6945,0.0478271005,2,False,完成,0,0.0,
002841.SZ,20230926,2.0,20240922,20231024,20240329,1674.9859999999999,6.9418561184000005,6,False,完成,106,-0.2082474226804123,-0.2287946826845605
002841.SZ,20240727,2.0,20250726,20240729,20240930,1085.4152,3.1967062173,4,False,完成,43,0.28119568995481403,0.11045185720093365
002843.SZ,20201030,1.0,20211029,20201109,20210225,4314.1294,3.5476583491000007,7,False,完成,72,-0.10328068043742411,
002843.SZ,20250107,,,20250523,20250523,162.008,0.0,2,False,完成,0,0.0,
002845.SZ,20241105,4.0,20251101,20250102,20250627,13425.436000000002,18.7267315334,10,False,完成,115,-0.04163592463402166,-0.0868826037187086
002846.SZ,20240301,0.3,20240528,20240402,20240410,220.31,0.19926834999999998,2,False,完成,4,0.08378672470076198,0.10083602236556022
002847.SZ,20201202,2.5,20210601,20201216,20210203,577.0502,6.3515946823,5,False,完成,34,-0.057667691888586003,
002847.SZ,20230919,1.33,20240318,20230919,20231108,296.28499999999997,2.2569527401,5,False,完成,30,0.0753067084312189,0.10087703679003135
002847.SZ,20240711,0.7,20250201,20240809,20240831,209.49,0.7985461377999999,2,False,完成,15,0.019072847682119365,0.026236619360342717
002847.SZ,20250225,0.01,,20250611,20250611,4.018,0.010359458,2,False,完成,0,0.0,
002847.SZ,20251218,3.28,20260617,20260105,20260115,331.2602,2.3972490138,2,False,完成,8,0.03238636363636349,0.009998376771085393
002847.SZ,20260408,0.64,,20260622,20260622,252.22400000000002,0.6681606959999999,2,False,完成,0,0.0,
002849.SZ,20201211,0.0,,20210621,20210621,9.3,0.006993599999999999,3,False,完成,0,0.0,
002851.SZ,20220316,1.38,20220715,20220317,20220430,551.78,1.2764187618,3,False,完成,29,-0.22152950955943473,-0.17861305738167943
002851.SZ,20240830,0.4,20250918,20240923,20240930,90.07000000000001,0.21093622,2,False,完成,5,0.251227130745203,0.030877592299548118
002853.SZ,20210525,1.0,20220524,20210722,20220524,1387.5600000000002,1.9996627,7,False,完成,200,-0.45402892561983466,-0.3644585319405371
002857.SZ,20231129,0.3,20241128,20231220,20240229,442.23,0.59693339,5,False,完成,44,-0.3190830235439901,-0.3446157570833921
002858.SZ,20201222,0.6,20210320,20201222,20210128,1022.1600000000001,1.11793683,4,False,完成,26,0.05898460544405704,
002858.SZ,20240208,0.4,20240506,20240208,20240229,458.61,0.46845413999999996,3,False,完成,9,0.2917525773195877,0.22780353067462777
002858.SZ,20250515,0.4,20260513,20250530,20260511,1614.96,2.1033748599999997,10,False,完成,227,0.35303514376996814,0.07201083304127764
002858.SZ,20260716,0.4,20261014,20260717,20260831,98.49000000000001,0.10235875,3,False,完成,25,0.14176974310180768,0.07814266389880076
002859.SZ,20200331,0.14,,20200526,20200630,246.9602,0.623952315,2,False,完成,23,0.25811633140442747,
002859.SZ,20201205,1.01,20211204,20201210,20210228,644.7825,1.7233755988999997,4,False,完成,50,-0.00883173036656515,
002859.SZ,20210330,0.14,,20210525,20210916,501.50880000000006,1.1483680971,2,False,完成,81,0.0325113217760995,0.025140404132169225
002859.SZ,20240126,2.0,20240824,20240126,20240329,705.44,1.4853531594,4,False,完成,39,-0.006439742410303428,-0.049219687530012934
002859.SZ,20240416,0.33,,20240424,20240703,1563.1999999999998,3.1144174938999996,4,False,完成,46,-0.07527431908191218,-0.0559118795626955
002860.SZ,20220217,2.0,20230216,20220218,20220516,2096.7964,3.7653317170999996,6,False,完成,56,-0.267605633802817,-0.16824335798628365
002860.SZ,20250409,,,20250409,20250617,2331.8562,1.8233845233000001,4,False,完成,45,0.4399086422636316,0.3546402782440621
002862.SZ,20201215,0.36,20211231,20210108,20211103,300.49,0.29492078,3,False,完成,196,0.7144385026737969,0.7495116692188131
002863.SZ,20210924,1.1,20221011,20211123,20220802,3528.86,2.0350970000000004,6,False,完成,168,0.1311584476218266,0.2741648953395588
002864.SZ,20210106,0.2,20220104,20210107,20211104,101.32,0.24947072000000003,3,False,完成,198,-0.08616059829640621,-0.07337649062349039
002864.SZ,20240314,0.2,20250313,20240606,20250131,84.72,0.22739019500000002,3,False,完成,158,-0.04281009879253561,-0.10223524779806992
002865.SZ,20230915,2.0,20240612,20240122,20240612,244.44760000000002,1.5093455485,2,False,完成,90,-0.3289614408237628,-0.39106826489634083
002867.SZ,20210625,3.0,20220625,20210727,20210930,987.6995,1.8493764737,4,False,完成,45,0.0714285714285714,0.015282243211596214
002867.SZ,20211023,0.01,,20211130,20220328,3059.4752,5.2413094634999995,5,False,完成,78,-0.23381088825214902,-0.15053374565915412
002868.SZ,20200303,0.65,20210302,20200312,20200630,897.681,1.4510206873999998,6,False,完成,72,0.18431445673708136,
002869.SZ,20220507,1.4,20230524,20220602,20220630,1138.955,1.6786459693000002,4,False,完成,19,0.1355421686746987,0.0676631900934368
002869.SZ,20220826,0.09,,20220930,20221014,1489.5716,2.3535885619999997,3,False,完成,5,0.09559214020180562,0.07861741486031426
002869.SZ,20221116,1.8,20231115,20221128,20231027,1114.0,2.6332173030000003,5,False,完成,221,-0.09580984056593811,-0.07760360762691654
002870.SZ,20250422,1.2,20260418,20250616,20260407,1205.94,3.8743222719999997,8,False,完成,196,0.14299706170421134,-0.004333201639424522
002870.SZ,20260815,0.3,20270214,20260826,20260827,129.77,0.6151016,3,False,完成,1,0.03415154749199578,0.022638600981455648
002871.SZ,20210630,0.3,20211229,20210705,20210917,757.5037,0.7208694736000001,4,False,完成,54,0.05279831045406547,0.029596883833779897
002871.SZ,20231019,0.01,,20231103,20240305,1373.0005,1.4285033771000002,7,False,完成,80,-0.2738970588235293,-0.2779460245904215
002873.SZ,20201229,0.3,20210628,20210104,20210331,239.3095,0.3740267653,4,False,完成,57,0.030788177339901468,0.04907058314355184
002873.SZ,20231223,0.6,20241222,20240117,20240202,987.0699999999999,0.9709110387000001,5,False,完成,12,-0.238013698630137,-0.20913708623057448
002873.SZ,20240206,1.0,20240504,20240205,20240229,2523.176,2.1385715992,4,False,完成,7,0.15681544028950545,0.04603582961809227
002875.SZ,20210429,0.07,,20210513,20211118,71.0544,0.073763135256,2,False,完成,127,-0.1967361740707163,-0.21753799109515148
002876.SZ,20201027,1.2,20211112,20201119,20210228,728.079,3.41969073,6,False,完成,65,0.19124635762756892,
002876.SZ,20231209,0.2,20241208,20240108,20240129,47.54,0.139971966,2,False,完成,15,-0.13937397034596366,-0.13812575403364913
002877.SZ,20200401,0.2,20210331,20200410,20210131,475.534,0.355358494,5,False,完成,198,-0.16493559746670605,
002879.SZ,20240207,1.0,20240506,20240207,20240315,2819.357,3.2339303172,6,False,完成,21,0.4384765625,0.3325486024731703
002879.SZ,20260721,2.2,20261020,20260722,20260818,1332.495,2.3168354385,4,False,完成,14,0.25294985250737456,0.21340593398426067
002881.SZ,20210203,0.8,20220202,20210209,20210316,351.70619999999997,0.6391044174,3,False,完成,20,0.19999999999999996,0.2545753611230852
002881.SZ,20210428,0.01,,20210531,20210804,231.2294,0.4259318546,2,False,完成,46,0.4003476978480849,0.45602732991161665
002881.SZ,20220325,0.0,,20220531,20220531,5.75,0.007105241,2,False,完成,0,0.0,
002881.SZ,20240201,0.5,20250131,20240202,20240731,464.90999999999997,0.848582314,4,False,完成,116,0.045193614652354164,-0.02899596184323927
002881.SZ,20241105,0.6,20251114,20241227,20241231,44.16,0.12999259,2,False,完成,2,0.02532511978097185,0.04012455636699652
002881.SZ,20250301,0.0,,20250409,20251201,144.29,0.4875841737,3,False,完成,158,0.1823462443967594,-0.03732579341881659
002885.SZ,20210309,0.4,20230308,20210319,20220630,352.525,0.5342648249999999,8,False,完成,310,1.5502448028200333,1.554782560231379
002885.SZ,20240220,0.4,20250218,20240229,20240302,24.003999999999998,0.03016284,2,False,完成,1,0.04801200300075026,0.04390958471973816
002885.SZ,20240427,0.09,,20240430,20241101,828.8823000000001,0.9675987612999999,5,False,完成,122,0.10566947702199636,0.04917322215780162
002886.SZ,20231225,0.3,20241222,20240118,20240229,297.06,0.42142397,3,False,完成,24,-0.10136674259681089,-0.15185046344215836
002887.SZ,20210222,1.6,20220221,20210312,20210430,1347.962,1.7890262785000002,4,False,完成,34,-0.09141596354605908,-0.08977604206108203
002888.SZ,20210629,0.6,20220628,20210714,20220509,1026.428,1.1938705746,8,False,完成,195,-0.14681208053691286,0.0021082940324850252
002888.SZ,20260724,0.8,20261023,20260724,20260831,533.6,0.87478346,4,False,完成,26,0.32266666666666666,0.2655632594786774
002889.SZ,20210915,0.36,20220408,20211101,20220407,294.57,0.74074311,6,False,完成,105,0.006305170239596647,0.1019969247823993
002891.SZ,20230329,1.0,20240414,20230420,20240412,3175.951,6.973288102,10,False,完成,236,0.11504607953566759,0.24339382883309235
002891.SZ,20260126,2.0,20270123,20260529,20260630,16.240000000000002,0.045570879999999994,2,False,完成,21,-0.10184873949579842,-0.10751441857828425
002892.SZ,20251118,0.2,20261117,20251118,20251126,99.57,0.129637,2,False,完成,6,-0.024297646165527653,-0.0052014817569551175
002895.SZ,20240206,1.5,20250223,20240227,20240229,253.0306,0.43028488899999995,2,False,完成,2,0.01762632197414815,0.017730778844342154
002895.SZ,20240329,0.01,,20240331,20240930,992.1718,1.7064381415,4,False,完成,123,0.2059669817364056,0.09922065797193813
002895.SZ,20250226,0.8,20260314,20250317,20250531,298.15999999999997,0.67851973,4,False,完成,50,0.0623409669211199,0.08729812462201303
002899.SZ,20240220,0.3,20250219,20240227,20240229,235.01,0.28692956999999997,3,False,完成,2,-0.0546021840873635,-0.05450514129787787
002899.SZ,20260314,1.12,20270313,20260626,20260731,2090.4013,4.4882496262,7,False,完成,25,-0.17992926613616267,-0.13820045307962214
002901.SZ,20240911,2.0,20250910,20240913,20241016,551.82,1.6104555401999998,3,False,完成,16,0.2890405459654757,0.0882727831746144
002901.SZ,20241031,0.7,20251030,20241030,20241231,841.5,2.6896503187,4,False,完成,44,-0.09374081692624159,-0.11686536298878236
002901.SZ,20260520,2.6,20270519,20260521,20260831,2058.6443,8.508135664300001,6,False,完成,70,0.021700034240474952,0.04501809439682747
002902.SZ,20240423,,,20240622,20240622,65.1,0.02229,2,False,完成,0,0.0,
002907.SZ,20200826,0.0,,20201207,20201207,2.23,0.00224382,2,False,完成,0,0.0,
002908.SZ,20220528,0.01,,20220531,20220826,217.40089999999998,0.24467300620000001,3,False,完成,62,0.1823529411764706,0.16416017041887399
002908.SZ,20240207,0.5,20240505,20240208,20240430,778.4868,0.7175424348,4,False,完成,50,0.05727376861397482,-0.024085169146645824
002909.SZ,20210208,0.4,20210805,20210301,20210412,413.13,0.416288348,3,False,完成,29,0.023506366307541438,0.06502666437089832
002909.SZ,20211201,0.4,20220530,20211222,20220527,1638.5599,1.1071609781,6,False,完成,101,-0.11931527485646076,0.01921410914867816
002909.SZ,20240207,0.4,20250205,20240207,20240717,3768.3172999999997,1.6445403522,6,False,完成,103,-0.14836065384393216,-0.18663579826177035
002909.SZ,20240720,0.4,20250719,20240723,20241029,1401.6224,0.5744839852,5,False,完成,63,0.40111420612813387,0.24292706942520148
002909.SZ,20241226,0.4,20251225,20250307,20251212,769.38,0.45685887999999997,5,False,完成,189,0.19638756819710235,0.03741661953457909
002910.SZ,20240222,0.39,20240520,20240226,20240416,448.9208,0.349721802,4,False,完成,34,-0.15883100381194404,-0.16723578974262043
002913.SZ,20210428,0.0,,20210809,20210809,9.397,0.019799479000000002,2,False,完成,0,0.0,
002913.SZ,20221031,0.77,,20230411,20230411,456.1432,0.8315605794,2,False,完成,0,0.0,
002913.SZ,20250411,1.8,20260410,20250507,20250831,987.02,2.8300546808,6,False,完成,81,0.6675836716226575,0.4448622699491229
002913.SZ,20260721,1.2,20270720,20260721,20260731,574.1899999999999,2.2043385834,3,False,完成,8,-0.0739610237144871,-0.06620315110066155
002916.SZ,20211201,0.01,,20211203,20220310,8.4042,0.023196592499999998,2,False,完成,63,-0.04864306507653304,0.04121955105995512
002917.SZ,20220509,0.5,20230506,20221010,20230505,467.0,0.49018823,3,False,完成,129,0.12850971922246224,0.006552458219791335
002917.SZ,20240220,0.5,20250219,20240220,20240430,549.95,0.43273564,4,False,完成,48,0.2594142259414225,0.18555106495346796
002918.SZ,20211109,2.2,20221124,20220208,20220531,1857.1510000000003,3.7116952365,6,False,完成,75,-0.4339863713798978,-0.3867002463774335
002918.SZ,20220727,0.67,,20220731,20221031,2259.0912,3.8456952917000002,4,False,完成,60,-0.04394757131842697,0.07492125914746839
002918.SZ,20260627,1.0,20270626,20260630,20260731,1032.98,0.9659247,3,False,完成,22,-0.08756218905472635,-0.025149525693110797
002919.SZ,20220429,1.0,20230427,20220629,20220831,107.4,0.19850146800000001,4,False,完成,45,0.39828718144609554,0.4678840836000755
002919.SZ,20250521,0.5,20260520,20250610,20250703,346.5,0.57555634,3,False,完成,17,0.016383495145630977,-0.006032438628962744
002920.SZ,20250417,6.0,20250715,20250417,20250423,648.8073,6.497083705700001,2,False,完成,4,0.027650706516214152,0.022658283850674144
002921.SZ,20220525,0.6,20221124,20220527,20221012,1738.1,2.4639092631999997,7,False,完成,91,0.03005871850092956,0.06571625302453366
002921.SZ,20240220,1.0,20240519,20240220,20240430,1700.9499999999998,2.06279323,6,False,完成,48,0.09465791940018731,0.030457521737571103
002922.SZ,20231223,1.2,20241221,20240129,20240229,1451.54,1.8683584,4,False,完成,17,-0.11475409836065575,-0.153454675486681
002922.SZ,20240330,0.01,,20240603,20241130,712.59,0.9331021,2,False,完成,121,-0.24292237442922382,-0.299357897553704
002925.SZ,20210426,0.0,,20210730,20210730,2.907,0.004167125,2,False,完成,0,0.0,
002925.SZ,20211026,0.02,,20220303,20220303,12.852,0.018946466,2,False,完成,0,0.0,
002925.SZ,20220317,2.0,20230316,20220317,20220331,171.0222,0.43366677810000004,3,False,完成,10,-0.014871382636655772,-0.02612707741985476
002925.SZ,20220423,0.01,,20220430,20220929,2809.0598,6.069792382300001,5,False,完成,104,-0.047207693641712956,-0.045372477828812485
002925.SZ,20221029,0.04,,20221130,20230110,1933.6398000000002,3.9857316444,3,False,完成,28,0.0,-0.00573335185987256
002925.SZ,20230429,0.26,,20230817,20230823,282.0054,0.3942233104,2,False,完成,4,-0.04703247480403139,-0.020615009622613534
002925.SZ,20231028,0.01,,20231031,20240201,485.45309999999995,0.7818880602,3,False,完成,66,-0.2003434459072695,-0.12876003009288006
002925.SZ,20240427,0.36,,20240513,20240718,2664.3064,3.4408635671999996,7,False,完成,47,-0.09492836492129775,-0.04297730084563878
002925.SZ,20240822,1.3,20260308,20241009,20260107,1194.9771,1.6478554870000002,3,False,完成,305,0.5015612884657106,0.19766212059701194
002928.SZ,20210901,1.0,20220301,20210906,20211231,1353.8767,1.4320689999999998,5,False,完成,77,0.26,0.2537978903863134
002928.SZ,20250916,1.6,20260315,20251014,20260304,4401.8162,4.620190493100001,6,False,完成,93,-0.02556237218813895,-0.07741617453880922
002929.SZ,20230414,1.5,20240413,20230509,20230725,418.2437,1.61441367,3,False,完成,53,-0.0512070142793255,-0.014168834808600095
002929.SZ,20260715,3.0,20270714,20260724,20260831,739.7051,3.704408853,3,False,完成,23,0.02342549923195092,-0.007878530773909431
002930.SZ,20240427,0.35,20250516,20240606,20240822,735.4844,0.951657,4,False,完成,54,-0.26811303693082544,-0.21672472730359627
002931.SZ,20210818,0.8,20220817,20210927,20211027,721.02,0.9383987032000001,4,False,完成,17,0.06525285481239806,0.0713906914782323
002931.SZ,20260728,0.6,20270727,20260728,20260831,50.08,0.22497389,3,False,完成,24,0.03902220228750841,-0.006065644438245865
002932.SZ,20240302,3.5,20250318,20240327,20250131,10750.625099999997,20.7970076987,14,False,完成,204,-0.0713906292581763,-0.1449405835632357
002932.SZ,20260324,2.0,20260623,20260331,20260610,3427.0174,5.6615399974,7,False,完成,46,-0.04485981308411202,-0.0691053920816197
002933.SZ,20210413,1.6,20220412,20210517,20220216,2361.5391999999997,6.7892407908,12,False,完成,183,0.43541800109934514,0.45686554500327525
002937.SZ,20210107,0.23,20220122,20210129,20210201,165.284,0.20907599999999998,2,False,完成,1,0.015873015873015817,0.009435017668302903
002937.SZ,20240129,0.6,20250223,20240228,20240313,240.0,0.5246456831,2,False,完成,10,0.05423094904160819,0.024451046971145862
002937.SZ,20240423,0.7,20250508,20240509,20240808,243.70999999999998,0.54344226,3,False,完成,64,-0.19952145816975553,-0.12019083508798223
002937.SZ,20250412,1.2,20260428,20250731,20260224,757.0,1.7171073004,4,False,完成,134,0.49487131140455065,0.29729316606264033
002938.SZ,20231031,4.0,20241030,20231201,20231231,989.53,2.0993564391999997,2,False,完成,20,0.03621169916434552,0.055961456219296046
002940.SZ,20210123,1.0,20220122,20210310,20210518,402.59000000000003,1.25702255,4,False,完成,45,-0.0682374541003673,-0.11345962149264555
002940.SZ,20230831,0.6,20240830,20230904,20240220,448.4,0.843793917,6,False,完成,108,-0.1899585921325052,-0.11947041903083444
002940.SZ,20241105,0.7,20251104,20241128,20250630,1374.1200000000001,1.9374725495,6,False,完成,140,1.609704641350211,1.4970198659538472
002942.SZ,20210927,0.8,20220926,20211029,20220131,714.713,1.133770043,4,False,完成,64,0.1568627450980391,0.22084027817942786
002943.SZ,20240207,0.6,20240606,20240506,20240606,303.796,0.5996204239999999,3,False,完成,23,-0.10867636589549046,-0.08180139017131705
002947.SZ,20220121,0.3,20230120,20220121,20220531,259.29,0.68997806,7,False,完成,82,-0.2999406613621376,-0.22609038996029007
002947.SZ,20240206,0.6,20250202,20240206,20240229,122.67,0.3066208884,2,False,完成,11,0.31590806669671023,0.2174125069042645
002947.SZ,20250409,1.6,20260408,20250409,20250604,1202.8732,3.4366112475,4,False,完成,36,0.19568970720656886,0.12861575832838557
002947.SZ,20251016,4.0,20261015,20251029,20260131,2728.2599999999998,13.0207180755,7,False,完成,65,-0.02810057046270864,-0.05208366232417838
002950.SZ,20240326,1.08,20250325,20240403,20240630,4514.734,3.5360416989999996,5,False,完成,56,-0.15886593667497229,-0.12998352231997357
002950.SZ,20250123,1.0,20260120,20250325,20251031,853.875,0.797689085,4,False,完成,147,0.22796407015030495,0.04637915380034463
002951.SZ,20231110,0.3,20240509,20231129,20240122,649.52,0.5191694241,4,False,完成,37,-0.1127819548872182,-0.02737119323711701
002951.SZ,20240206,0.14,20240805,20240208,20240718,218.788,0.11243405179999999,4,False,完成,102,-0.23863636363636376,-0.2670820589301838
002952.SZ,20220427,0.3,20230426,20220506,20230131,1018.0,1.2086585105,7,False,完成,179,0.6129190654311665,0.48702888994222926
002953.SZ,20210428,0.0,,20210513,20210805,5.616,0.0069127776,2,False,完成,59,-0.043600896467966166,-0.05381255047829925
002953.SZ,20240924,0.45,20250923,20240927,20241031,416.58,0.3699605277,2,False,完成,19,0.05882352941176472,-0.003255195792870924
002955.SZ,20210408,0.24,,20210420,20210812,146.8761,0.27164251,2,False,完成,78,-0.11821705426356599,-0.13117452540440455
002955.SZ,20240618,1.0,20250617,20240708,20240801,508.69,1.084287668,3,False,完成,18,0.0386206896551724,0.03510100244221537
002955.SZ,20260318,1.0,20270317,20260427,20260610,445.178,1.117917874,4,False,完成,29,0.15877329192546585,0.1857948329830319
002956.SZ,20210114,0.51,20220129,20210203,20210205,158.56,0.4522909704,2,False,完成,2,0.12180746561886058,0.12853738077428023
002956.SZ,20231030,0.5,20241029,20231115,20231130,11.850000000000001,0.01761548,2,False,完成,11,0.040166204986149534,0.05498488746503005
002956.SZ,20231214,0.0,,20231231,20241025,1229.7164,1.6822584376000003,8,False,完成,195,-0.09711597539902994,-0.18598028277008005
002957.SZ,20240427,0.08,,20240430,20240731,588.2126,0.7920958262,4,False,完成,62,-0.15143053855569155,-0.10347600802692003
002959.SZ,20220409,0.16,,20220412,20221010,212.11,0.9981795702,3,False,完成,119,0.07028516532511175,0.1563586955606
002959.SZ,20231030,0.6,20241027,20240120,20240731,76.19,0.35344498,5,False,完成,126,-0.005386880104154446,-0.041421413187772815
002959.SZ,20240829,0.01,,20240930,20250305,130.62,0.5707726799999999,3,False,完成,100,-0.11246840775063183,-0.11392042149877846
002959.SZ,20260425,1.5,20270424,20260513,20260831,517.84,1.75968487,6,False,完成,74,-0.15667128983140732,-0.102454765660423
002960.SZ,20240207,2.0,20250206,20240207,20240412,4841.7055,6.533386963900001,4,False,完成,39,0.06493506493506507,-0.001997511310343314
002960.SZ,20240712,2.0,20250711,20240716,20240731,451.7178,0.50180577,2,False,完成,11,0.020535714285714324,0.03357739114804481
002960.SZ,20240823,,,20240831,20241101,2325.3917,2.4496490083999998,3,False,完成,38,0.08193277310924385,-0.06018601900429699
002960.SZ,20241210,,,20250528,20250528,1225.92,0.0,2,False,完成,0,0.0,
002960.SZ,20260316,,20270313,20260319,20260904,11062.3068,11.2248619703,7,False,完成,116,-0.05632980575870339,-0.03797658838325668
002962.SZ,20240809,0.5,20250808,20240918,20250428,464.0,0.624514331,4,False,完成,145,0.05599369085173511,-0.12741178627215077
002967.SZ,20241009,4.0,20250408,20241016,20241231,8715.6664,14.6740750572,7,False,完成,54,0.09406270847231468,0.04548739394043766
002968.SZ,20231030,0.2,20241027,20231128,20231231,66.6,0.08882081,3,False,完成,23,-0.07879234167893956,-0.05909209316926178
002968.SZ,20240119,0.17,,20240131,20240614,719.74,0.790866394,6,False,完成,85,0.001984126984126977,-0.07866175784254603
002968.SZ,20250429,0.2,20260427,20250930,20251229,179.73,0.22139586,3,False,完成,58,0.08044016289543787,0.057960363385907154
002969.SZ,20241031,1.5,20251115,20250213,20251031,8167.210000000001,2.8252717281000006,8,False,完成,175,0.11928493885649094,-0.05684054445841136
002970.SZ,20230119,0.8,20240118,20230201,20230331,693.15,1.6504651,4,False,完成,42,0.12421805183199308,0.12836100494222702
002970.SZ,20240202,0.8,20250201,20240205,20240229,471.15999999999997,1.04690463,3,False,完成,12,0.2445308701993194,0.11534384829940914
002972.SZ,20210208,0.21,20220205,20210223,20210309,230.66000000000003,0.4030794923,3,False,完成,10,0.058347775852108485,0.14563743213110936
002972.SZ,20220428,0.15,20230426,20220506,20220512,104.89,0.1745188908,2,False,完成,4,0.03621853898096994,0.018094515397735433
002972.SZ,20260722,0.1,20270720,20260730,20260730,175.6,0.1996716,2,False,完成,0,0.0,
002975.SZ,20220321,1.26,20230318,20220330,20220331,23.130000000000003,0.10035924,2,False,完成,1,0.01327742837176804,0.01776180480060474
002975.SZ,20220505,0.15,,20220430,20220915,451.154,1.829951302,6,False,完成,94,0.12457501229754908,0.07085540515494948
002975.SZ,20250422,0.5,20260421,20250422,20260203,281.21410000000003,0.9109942852999999,6,False,完成,193,1.8178921141540991,1.2858797049618165
002978.SZ,20231118,0.3,20240217,20231215,20240218,194.36,0.5755862199999999,4,False,完成,38,-0.07991156032849023,-0.05530218370362594
002979.SZ,20210702,1.9,20220719,20210909,20220622,1256.3947,3.4405414829,4,False,完成,185,-0.329574619110252,-0.24217476547660755
002979.SZ,20240426,0.21,,20240430,20250630,674.19,1.1029352698,3,False,完成,281,1.2425910171949854,1.021484085377519
002980.SZ,20240222,,,20240229,20250121,1394.8,2.9128049109,11,False,完成,219,0.30833974921771223,0.2165672106450096
002982.SZ,20230831,0.8,20240830,20231009,20240530,802.2700000000001,1.539655486,7,False,完成,156,-0.1702228544333808,-0.16881525328631475
002983.SZ,20250423,,,20250507,20250614,96.58949999999999,0.039200548,3,False,完成,26,-0.016169782718544745,-0.02617150519807032
002983.SZ,20250828,0.0,,20251101,20251130,39.4499,0.0774472831,2,False,完成,20,0.05601558694593267,0.07399165876310465
002983.SZ,20251223,0.0,,20260306,20260331,49.5099,0.1003863646,2,False,完成,17,-0.14183835182250382,-0.09060843253663864
002983.SZ,20260611,,,20260616,20260807,119.00919999999999,0.0,2,False,完成,37,-0.22225251428118242,-0.19227702665320123
002984.SZ,20221031,3.0,20230628,20221216,20230627,889.5469,2.65771638,3,False,完成,125,0.06204136090727164,0.054853814010969115
002984.SZ,20240208,2.5,20250223,20240301,20240424,773.9,2.26897866,2,False,完成,36,0.21294329100573783,0.20585168005289023
002986.SZ,20250430,0.8,20260428,20250523,20250831,1830.81,2.0666300982999997,6,False,完成,69,0.13260305641887937,-0.016991345807471858
002986.SZ,20250912,0.24,,20250930,20260131,2383.5824000000002,2.5519902936,5,False,完成,80,0.13086642599277987,0.06628423374390136
002988.SZ,20230104,2.1,20230703,20230131,20230614,4287.7297,7.3172398875999995,8,False,完成,92,0.006013229104028905,0.014325719005003235
002988.SZ,20240710,0.6,20241009,20240715,20240930,758.58,1.1075828224,4,False,完成,53,0.06142101972727265,-0.05389482099586851
002988.SZ,20250411,2.5,20260421,20250423,20250908,4268.6362,13.314044464899998,9,False,完成,94,0.6153841728786518,0.3914558863833142
002991.SZ,20210810,1.2,20220809,20210823,20220107,416.8804,1.9795259412000001,5,False,完成,91,0.6299588120528938,0.5833257435557295
002991.SZ,20231026,1.2,20241025,20231027,20240620,535.0344,4.1026314265,6,False,完成,156,-0.17296604740550925,-0.1695683263211405
002993.SZ,20221125,1.0,20231215,20230104,20230323,438.495,1.5551589872,4,False,完成,51,-0.05179282868525903,-0.09885705468247186
002993.SZ,20241029,0.8,20251025,20241029,20250414,817.206,2.4960074138,5,False,完成,111,0.1494489856137695,0.15776281391531422
002993.SZ,20250422,0.8,20260421,20250529,20250819,201.29,0.805491792,4,False,完成,57,0.3637341942426686,0.23061211311893293
002996.SZ,20241111,1.0,20251108,20250303,20250531,2515.86,1.6340907180000002,5,False,完成,60,0.043183633298106594,0.03365954094356449
002998.SZ,20231102,0.3,20241101,20231117,20231207,454.3,0.3832395661,3,False,完成,14,-0.04678362573099426,-0.01845282847933638
003000.SZ,20230225,0.8,20240224,20230321,20230621,1177.6399999999999,1.6587419223,5,False,完成,62,-0.07092751740241632,-0.05414983205544888
003000.SZ,20231102,0.4,20241030,20231102,20240307,1003.78,1.19953357,5,False,完成,83,0.20207253886010368,0.19492717085981326
003000.SZ,20250724,1.0,20260721,20250729,20250927,1530.75,1.9023156700000001,5,False,完成,43,-0.04536811159685261,-0.09983017322164545
003000.SZ,20260604,1.0,20270622,20260625,20260909,2281.192,2.2633583183,6,False,完成,52,-0.019900497512437942,0.021960778650097046
003001.SZ,20230422,0.05,,20230523,20230921,491.3319,0.7647952830599999,4,False,完成,85,0.07873479356033575,0.13522506031466808
003001.SZ,20240208,0.3,20240507,20240208,20240229,199.876,0.21094814839999998,2,False,完成,9,0.2137404580152673,0.15365345178257894
003001.SZ,20240417,0.06,,20240508,20240629,193.4371,0.21465561972,2,False,完成,36,0.2099719101123596,0.2756517852426146
003002.SZ,20240206,0.3,20250205,20240208,20240322,387.44320000000005,0.44322970119999994,3,False,完成,25,0.24929709465791938,0.1746473337206107
003002.SZ,20250110,0.2,20260109,20250110,20250217,108.0,0.24241406999999998,2,False,完成,20,-0.006640106241699861,-0.062084539292863505
003003.SZ,20240429,0.01,,20240430,20241009,727.316,0.5822691820000001,5,False,完成,105,-0.046875321866309494,-0.09192575011278603
003004.SZ,20240219,0.5,20250207,20240307,20250126,283.87,0.60151027,4,False,完成,217,0.17949220184609382,0.0978193576762234
003006.SZ,20260627,1.0,20270624,20260710,20260831,347.58000000000004,0.47468921,4,False,完成,33,0.011687363038714427,0.014190657943929486
003007.SZ,20211130,0.6,20221215,20220208,20220929,401.35,0.74393696,4,False,完成,160,-0.008610792192881855,0.12550761329377202
003010.SZ,20220901,0.3,20230923,20221011,20231024,571.25,1.0372154199999999,9,False,完成,252,0.4943133759996514,0.5031659751305333
003010.SZ,20240206,0.3,20250205,20240206,20240220,690.4313999999999,0.8992261788,3,False,完成,4,0.07547169811320753,0.02644207299155399
003010.SZ,20240418,0.5,20250417,20240418,20240630,490.11799999999994,0.669876324,3,False,完成,47,0.03798583792289545,0.07535168376675339
003010.SZ,20241204,0.6,20251202,20241210,20250113,405.922,1.06797437,4,False,完成,23,0.08917480035492487,0.1794257336000884
003010.SZ,20250221,2.0,20260219,20250228,20250618,696.182,3.597646714,4,False,完成,73,1.765087464597225,1.7096754580488174
003010.SZ,20250820,2.0,20260818,20250929,20251029,921.213,3.8521430296,3,False,完成,16,-0.0033524904214559115,-0.04151759417409062
003011.SZ,20221130,0.7,20231129,20221219,20230131,418.99399999999997,0.898200078,4,False,完成,25,0.12609295904279794,0.0747100241130958
003011.SZ,20250322,0.5,20260321,20250828,20260320,101.81,0.26388474,3,False,完成,132,0.15616675739218255,0.12301752834351287
003012.SZ,20211030,3.0,20221029,20220228,20220331,727.5148,0.7474004726,2,False,完成,23,-0.1463620981387479,-0.09121415183019954
003012.SZ,20220429,0.68,,20220430,20220531,3543.0258000000003,3.4882917938,3,False,完成,19,0.013455807443658374,-0.03086968946403601
003012.SZ,20220615,0.91,,20220629,20220930,4715.3584,4.3923161453,4,False,完成,66,-0.11363636363636365,-0.01483388065372937
003012.SZ,20240206,2.0,20250205,20240515,20241031,8359.9964,5.401702855,7,False,完成,113,-0.13560713390651458,-0.1777544193676699
003012.SZ,20241119,2.0,20251118,20250123,20251031,10112.15,5.3819680100000005,9,False,完成,184,0.24511692767823545,0.01697726100292596
003012.SZ,20260617,1.0,20270615,20260618,20260911,4186.49,1.90285643,6,False,完成,58,-0.01931330472102999,0.031730061433289825
003015.SZ,20211122,1.5,20221119,20211206,20220531,4458.8002,4.980242806,8,False,完成,115,-0.17723196086424786,-0.07320448606685714
003015.SZ,20240219,1.0,20240508,20240219,20240507,1133.5700000000002,1.1108852047999997,4,False,完成,51,0.2754854368932036,0.17937277036300103
003015.SZ,20260724,1.0,20261022,20260728,20260817,727.03,0.79586599,2,False,完成,14,0.17737296260786195,0.12731210685484307
003016.SZ,20220305,1.42,20230304,20220309,20220407,852.3800000000001,0.78224454,4,False,完成,19,-0.02682403433476388,-0.020902856821121918
003016.SZ,20220512,0.01,,20220531,20220622,707.0,0.626837,2,False,完成,15,0.0068613542207836,-0.018031117200785984
003016.SZ,20220625,0.01,,20220630,20220915,4474.3,3.9264520000000003,5,False,完成,54,0.03214285714285703,0.09623326735948434
003016.SZ,20221220,0.0,,20221220,20221220,44.94,0.01899924,2,False,完成,0,0.0,
003016.SZ,20230429,0.06,,20230718,20230901,160.989,0.062141754,3,False,完成,33,-0.011011011011010985,0.009371163677493799
003016.SZ,20240430,0.04,,20240821,20240821,132.3086,0.047101861599999996,3,False,完成,0,0.0,
003017.SZ,20211126,1.26,20221125,20220128,20220614,1308.07,4.14190419,9,False,完成,86,-0.0529207634470793,-0.03203400644011023
003017.SZ,20240206,0.84,20250202,20240206,20250124,1540.8000000000002,2.3421686434,8,False,完成,233,0.4192174332123444,0.2171355311208718
003019.SZ,20240221,1.62,20240901,20240301,20240510,1660.3384999999998,3.4015553571,6,False,完成,45,0.4089595375722541,0.35200045921195255
003025.SZ,20251030,0.5,20261114,20251124,20260731,836.7,1.1521460490000002,8,False,完成,166,-0.15060604006202605,-0.14960795967457752
003026.SZ,20240206,0.2,20250205,20240206,20240331,51.66,0.10898504,3,False,完成,32,0.326491646778043,0.21671384684750317
003026.SZ,20240429,0.09,,20240710,20250124,80.2364,0.1858644344,2,False,完成,134,0.28942179562775716,0.16523665033121193
003027.SZ,20240713,0.4,20250712,20240718,20250321,1216.97,1.57894404,8,False,完成,162,0.34179357021996615,0.18719151421410496
003029.SZ,20240201,1.0,20250131,20240201,20240205,902.63,1.2856743829,3,False,完成,2,-0.14736842105263148,-0.12573688446864084
003030.SZ,20240203,0.3,20250202,20240207,20240831,302.6,0.4031244372,3,False,完成,135,-0.00022075318600545124,-0.004624304642178445
003032.SZ,20220315,0.6,20230314,20220325,20220930,943.89,1.2809401,4,False,完成,128,-0.09456675728452724,-0.03832894957280619
003037.SZ,20240323,0.2,20250322,20240416,20240523,533.5995,0.3821419738,3,False,完成,24,0.10401188707280817,0.06528455151348145
003038.SZ,20240207,0.8,20250206,20240208,20240731,1225.09,2.9642296804,8,False,完成,112,-0.3329386903839743,-0.34947389291602415
003038.SZ,20240813,,,20240902,20241010,884.3720000000001,1.3019892088,3,False,完成,21,0.14751552795031042,-0.023083373218096614
003038.SZ,20241031,1.2,20251030,20241120,20250207,2670.8,5.2804675672000005,7,False,完成,50,-0.1553648561687453,-0.1389197303300439
300001.SZ,20231120,3.0,20241120,20231128,20240226,4997.835,9.604101211,6,False,完成,57,0.004192872117400492,0.024948645977553197
300001.SZ,20260730,6.0,20270730,20260819,20260831,750.51,2.69096498,2,False,完成,8,-0.03597122302158273,-0.05819001406584445
300002.SZ,20200121,2.0,20210120,20200228,20200331,5619.3911,2.1306416806,3,False,完成,22,0.07669616519174038,
300002.SZ,20220430,1.0,20230429,20220523,20220630,2079.885,0.8274234859,3,False,完成,27,0.03753200337903695,-0.039325106823054456
300002.SZ,20260627,6.0,20260926,20260702,20260831,7492.6900000000005,5.9977,4,False,完成,41,0.048531289910600295,0.059738057300211755
300003.SZ,20211102,5.0,20221102,20211103,20220720,10214.99,20.664420000000003,10,False,完成,173,-0.12092892908984765,-0.06937395915460265
300003.SZ,20231026,5.0,20241025,20231205,20240830,5654.750000000001,8.230743217299999,6,False,完成,180,-0.3761752202892469,-0.34762417447190475
300005.SZ,20220328,1.0,20230328,20220505,20230327,2609.7200000000003,1.91382799,9,False,完成,219,0.18119891008174394,0.11448498026703269
300005.SZ,20240205,1.5,20240505,20240205,20240314,6873.0381,3.2404597852,6,False,完成,22,0.42670157068062853,0.26889887699878345
300008.SZ,20220621,1.0,20230617,20220711,20220914,2258.3599999999997,0.9787216,4,False,完成,46,0.1197007481296759,0.14599983518067328
300009.SZ,20220208,0.6,20220807,20220308,20220731,876.4238,0.8259112116,5,False,完成,97,-0.053027409377676804,-0.041298995232012414
300009.SZ,20241121,0.09,,20241217,20241217,379.31,0.18673071,2,False,完成,0,0.0,
300009.SZ,20251126,0.05,,20260108,20260108,120.055,0.062328745000000005,2,False,完成,0,0.0,
300012.SZ,20220315,1.25,20230314,20220802,20230318,1189.99,2.4597523800000003,6,False,完成,151,0.04731707317073153,0.026606361020654168
300012.SZ,20230516,1.25,20240515,20230816,20240423,2186.11,3.2330740000000002,8,False,完成,164,-0.33975387907972177,-0.3117554335435926
300012.SZ,20240703,0.5,20250702,20240704,20250422,630.0,0.676605,6,False,完成,193,0.09326923076923066,-0.020104540713478114
300014.SZ,20210420,0.02,,20210517,20220211,295.015,2.0151896324000003,2,False,完成,180,-0.17179369825994462,-0.1587192020242678
300014.SZ,20220311,3.0,20230310,20220314,20221109,247.82,2.00933465,2,False,完成,160,0.3325050499503497,0.4091658656435395
300014.SZ,20230824,3.0,20240824,20230912,20230930,729.3122,3.4753427246,3,False,完成,12,-0.06680455015511899,-0.05882889838296823
300014.SZ,20240205,2.0,20250205,20240702,20250117,560.6080000000001,2.389620558,5,False,完成,135,0.18718692327972586,0.0975350481526207
300015.SZ,20230529,5.0,20240528,20230609,20231018,5534.1803,10.985760240000001,4,False,完成,85,-0.13801820020222455,-0.08935044155989225
300015.SZ,20231026,3.0,20241025,20231030,20231201,1361.0377,2.4548829388,3,False,完成,24,-0.06900328587075588,-0.07209952891899307
300015.SZ,20240312,0.17,,20240527,20240831,2685.4232,4.547184490099999,3,False,完成,68,-0.2041037067763284,-0.1251841593070393
300017.SZ,20210413,0.01,,20210519,20210702,444.18000000000006,0.218568635,5,False,完成,31,0.02312979935595716,0.020863349443702495
300017.SZ,20220429,1.5,20230428,20220601,20220630,346.5,0.18001048,2,False,完成,20,0.048923679060665304,-0.017882776398552958
300017.SZ,20220713,0.01,,20220731,20221231,5290.468,2.648614126,7,False,完成,104,0.05681818181818188,0.11291494295295124
300017.SZ,20230902,0.0,,20231127,20231127,11.71,0.00475426,3,False,完成,0,0.0,
300017.SZ,20240711,0.03,,20241224,20241224,74.25,0.02828925,2,False,完成,0,0.0,
300021.SZ,20240620,0.09,,20240813,20240930,497.955,0.12706974,3,False,完成,32,0.14956011730205265,-0.011875045916129867
300021.SZ,20241028,0.0,,20241028,20250221,1940.5379999999998,0.774291493,6,False,完成,77,0.08120649651972167,0.06299544653305977
300021.SZ,20250428,0.09,,20250522,20250617,3980.483,1.695263251,4,False,完成,17,-0.057613168724279906,-0.059620794186833304
300035.SZ,20230929,7.0,20240928,20231110,20240412,22419.4096,21.7625901128,11,False,完成,101,-0.1503496503496502,-0.14486355382423843
300036.SZ,20220524,1.0,20230523,20220607,20220722,628.0255,1.1040503545,3,False,完成,33,-0.010242587601078212,-0.01878132624567075
300036.SZ,20240605,2.0,20250605,20240613,20240708,3138.5908,4.492859686,5,False,完成,17,-0.08922198429693085,-0.05604107782726664
300036.SZ,20260610,0.6,20261210,20260622,20260630,627.5,0.75322248,2,False,完成,6,-0.0881877022653722,-0.07288853525105321
300037.SZ,20200213,0.09,,20200313,20200422,76.70750000000001,0.11065726125,2,False,完成,27,0.07270233196159115,
300037.SZ,20221020,2.0,20231019,20221028,20230831,604.76,2.345691,4,False,完成,207,0.2942830957568272,0.20967399285205413
300037.SZ,20240426,2.0,20250514,20240515,20250430,2445.0172000000002,8.054176,9,False,完成,234,-0.016408668730650167,-0.06414172795995787
300040.SZ,20240205,0.2,20250205,20240223,20240430,673.462,0.29615751,4,False,完成,45,0.0512820512820511,0.01744155315009288
300041.SZ,20230320,2.0,20240320,20230327,20240320,11966.279400000001,13.478908805499998,13,False,完成,238,-0.16945562285182625,-0.12314772773389693
300043.SZ,20260626,1.0,20260926,20260629,20260730,6033.15,2.6360480535,5,False,完成,22,0.06888361045130642,0.14451473890944966
300044.SZ,20200501,0.0,,20200608,20200804,1724.4279999999999,0.32752681,2,False,完成,39,0.09065155807365444,
300044.SZ,20210112,0.03,,20210122,20210423,149.4,0.0570708,2,False,完成,59,-0.1652754590984976,-0.1334201060033754
300050.SZ,20220428,0.33,,20230629,20230629,1519.0,0.4277323603,2,False,完成,0,0.0,
300052.SZ,20211120,0.0,,20211215,20211215,129.559,0.085851,2,False,完成,0,0.0,
300052.SZ,20220809,0.0,,20230118,20230118,11.5,0.00756291,3,False,完成,0,0.0,
300054.SZ,20220423,4.0,20230422,20220426,20220531,3050.4128,5.0538371492000005,4,False,完成,22,0.23361453601557436,0.11747000289099008
300054.SZ,20240206,2.0,20240505,20240219,20240229,1502.69,3.0087255500000003,3,False,完成,8,0.0730593607305936,0.035823930667109094
300054.SZ,20260804,2.0,20261103,20260826,20260831,82.07,0.5983176608,2,False,完成,3,0.007341737082698474,-0.011301157397946793
300055.SZ,20210209,5.0,20220225,20210305,20210630,42123.041699999994,29.4360131931,11,False,完成,78,0.39726027397260255,0.362550396397193
300057.SZ,20210219,2.0,20220218,20210224,20210531,8601.7689,4.1666469824000005,7,False,完成,64,0.025289128758674062,0.010713682394659862
300059.SZ,20230825,10.0,20240824,20230919,20240227,32009.806300000004,46.348267,9,False,完成,102,-0.08425865447419989,-0.05101297674766603
300061.SZ,20200425,0.0,,20200611,20200708,97.8044,0.0044427195,2,False,完成,17,0.20198019801980194,
300061.SZ,20200828,0.09,,20201015,20201112,606.5744,0.09440000999999999,2,False,完成,20,0.02037617554858917,
300061.SZ,20201212,0.26,,20210201,20210201,892.6,0.2642096,2,False,完成,0,0.0,
300063.SZ,20210629,0.0,,20211201,20211201,33.0,0.0070571,2,False,完成,0,0.0,
300065.SZ,20210525,0.01,,20210705,20210705,103.9443,0.025083132600000002,3,False,完成,0,0.0,
300065.SZ,20230927,0.6,20240926,20231010,20240715,553.46,0.5920733116,2,False,完成,186,-0.4310823311748381,-0.411718272197547
300068.SZ,20240222,2.0,20240521,20240305,20240520,1658.0700000000002,1.7496474857999997,4,False,完成,49,-0.11749788672865613,-0.15182567597937413
300074.SZ,20200318,0.1,,20200531,20200918,1308.06,0.5692001318,3,False,完成,78,0.21990740740740722,
300074.SZ,20240219,0.2,20250219,20240221,20240229,407.6,0.1398584,2,False,完成,6,0.08231707317073167,0.059266428403395244
300075.SZ,20240126,2.0,20240426,20240131,20240422,1454.2824,1.9944961851,3,False,完成,50,0.06795366795366786,-0.021860023146723084
300078.SZ,20210430,0.21,,20210510,20210908,9148.072199999999,6.229387430500001,6,False,完成,86,0.02995570994995722,-0.039319827412434005
300079.SZ,20200421,0.02,,20200430,20200629,586.16,0.2728434,3,False,完成,37,0.015350877192982448,
300079.SZ,20251216,1.2,20260615,20251217,20260131,3776.5199999999995,2.07978206,4,False,完成,30,0.15487571701720837,0.08541679910353128
300081.SZ,20200528,0.0,,20220110,20220110,439.5,0.276885,2,False,完成,0,0.0,
300083.SZ,20220316,4.0,20230331,20220420,20220914,10548.84,10.4234268321,8,False,完成,100,-0.10028929604628745,-0.12432539212814375
300083.SZ,20241009,2.0,20251007,20241009,20250605,5106.55,3.56771098,5,False,完成,159,0.05078125,0.011893321856987882
300091.SZ,20260704,0.4,,20260723,20260831,108.36000000000001,0.02636944,2,False,完成,23,0.0714285714285714,0.038656247332379934
300094.SZ,20210429,0.08,,20211015,20211015,726.6500000000001,0.21863525,11,False,完成,0,0.0,
300094.SZ,20230429,0.05,,20230704,20230704,536.4,0.1163984,5,False,完成,0,0.0,
300095.SZ,20220907,1.6,20230907,20220929,20230904,7364.900000000001,6.72714905,15,False,完成,225,-0.031037203244552947,-0.07247145585447945
300095.SZ,20240205,1.0,20250205,20240228,20241029,3599.6603999999998,2.1013805448,8,False,完成,161,0.1145262938040883,0.0031028637023740036
300095.SZ,20250121,1.0,20260121,20250307,20250626,1789.46,1.3601481,5,False,完成,74,0.3519731846226861,0.3222134553164804
300098.SZ,20210421,0.44,,20210707,20210707,992.642,0.5225875150999999,3,False,完成,0,0.0,
300098.SZ,20231030,0.3,20241027,20231031,20231130,351.53,0.15910485,2,False,完成,22,0.029885057471264576,0.02617907633176464
300100.SZ,20240227,0.6,20250227,20240229,20240331,453.5503,0.37830843999999997,2,False,完成,21,0.15700483091787443,0.14711482768158657
300100.SZ,20260806,1.0,20270806,20260825,20260831,231.594,0.498669704,2,False,完成,4,0.005118659841786943,-0.01930220836062113
300101.SZ,20220428,0.4,20230428,20220606,20220712,331.5,0.6365557484,3,False,完成,26,0.054353410079885034,0.03986426466694604
300102.SZ,20240326,3.0,20250325,20240417,20240626,10221.41,6.4927727556,6,False,完成,46,-0.0227963525835867,0.009701928143184269
300103.SZ,20251231,0.4,20261230,20260513,20260731,611.87,0.5338514945,4,False,完成,50,-0.24252873563218402,-0.16142840923119106
300109.SZ,20211204,6.0,20221221,20211224,20220531,5274.2288,9.38500378,8,False,完成,101,-0.37313522251982056,-0.2882214998143581
300109.SZ,20220611,0.01,,20220622,20221221,10260.3249,17.746935,7,False,完成,124,0.7237851662404093,0.8354629060215155
300109.SZ,20260109,0.5,20260727,20260130,20260317,503.42999999999995,0.943,3,False,完成,26,-0.040979244278871674,-0.024867255758666995
300109.SZ,20260424,3.0,20270422,20260429,20260610,5879.58,11.188,7,False,完成,27,-0.1035393555203381,-0.07788209566474014
300113.SZ,20210429,1.5,20220427,20210630,20220331,1736.3078,2.2048886431,6,False,完成,183,0.0061823802163833985,0.11106202669148835
300113.SZ,20220428,1.5,20230426,20220713,20230331,4337.96,5.1387085818,9,False,完成,175,0.066896551724138,0.07062305816663428
300113.SZ,20240206,1.0,20250221,20240426,20241031,1710.1599999999999,1.8560401100000001,6,False,完成,123,0.30764424214428154,0.23141857508782238
300115.SZ,20220207,1.0,20230207,20220210,20220311,764.0,0.941944798,3,False,完成,21,-0.15354330708661412,-0.10849087162190052
300115.SZ,20250827,1.0,20260826,20251014,20251105,621.8,2.11943,3,False,完成,16,0.045904590459045824,0.018495277729278836
300118.SZ,20230819,3.0,20240906,20231010,20240731,9391.31,15.314274717300002,9,False,完成,198,-0.4020476815669215,-0.3742764802277968
300119.SZ,20231027,0.8,20240126,20231027,20240125,1205.2432000000001,2.0277093070000003,5,False,完成,63,-0.1243307555026768,-0.0906806718998644
300119.SZ,20241104,1.6,20250501,20241111,20250131,1907.3255,3.6092213594999993,5,False,完成,54,-0.07792207792207795,-0.015667790224166867
300119.SZ,20250403,0.09,,20250417,20250630,809.0951,1.3916623899,2,False,完成,48,0.161688863882669,0.1063487165394168
300121.SZ,20200229,0.67,,20200325,20200917,3592.9344,2.4291649874,7,False,完成,120,0.3480337185337996,
300121.SZ,20231117,1.0,20241116,20231204,20240731,3357.21,2.55238561,8,False,完成,159,-0.1291538923432708,-0.10421323911100133
300121.SZ,20240809,1.0,20251030,20240831,20250930,2539.428,2.6535113020000005,8,False,完成,258,1.3175305401282258,0.6964449752092698
300122.SZ,20240223,5.0,20250311,20240318,20240328,967.8753,4.73188325,3,False,完成,8,-0.10249801744647102,-0.08035976502611442
300124.SZ,20200428,,,20200703,20200703,1197.0816,0.0104566875,2,False,完成,0,0.0,
300124.SZ,20220318,2.0,20220717,20220318,20220430,609.7672,3.4166253858,3,False,完成,28,0.01405975395430592,0.08195410702177774
300124.SZ,20240226,1.0,20240826,20240229,20240626,222.05,1.3147812815000002,4,False,完成,78,-0.17270741367046472,-0.16083844665455338
300124.SZ,20260428,2.0,20270424,20260429,20260720,498.64,3.4408495741,4,False,完成,54,-0.11042653414852066,-0.03749605578689186
300126.SZ,20240119,0.38,20250118,20240205,20240206,800.12,0.32919849,2,False,完成,1,-0.03155339805825241,-0.06186233554570231
300128.SZ,20240206,1.2,20250205,20240208,20240902,9897.9174,3.634174,5,False,完成,135,-0.20481927710843395,-0.18929825551327084
300132.SZ,20240219,1.0,20250219,20240229,20240731,6831.87,2.5238481942999997,6,False,完成,103,-0.05066666666666664,-0.025979342345851975
300133.SZ,20210827,1.5,20220226,20211103,20220114,2108.0699999999997,1.3035322599999999,2,False,完成,51,0.22482014388489202,0.21691761929673703
300133.SZ,20221025,1.2,20231022,20230116,20230320,3313.09,1.77774145,4,False,完成,40,0.26629422718808193,0.26342934788663075
300133.SZ,20260610,0.0,,20260630,20260820,4.104,0.0014634864,2,False,完成,37,-0.03389830508474578,0.013290671791419184
300134.SZ,20210120,1.0,20220120,20210129,20210430,1406.1,1.3516279804,4,False,完成,59,-0.12228796844181455,-0.11306669358498844
300135.SZ,20240222,0.3,20240608,20240415,20240607,1676.87,0.42442964000000005,4,False,完成,36,0.09338521400778221,0.09557067385506257
300136.SZ,20240822,6.0,20250821,20240911,20250820,4441.1693,7.9746748508000005,4,False,完成,226,0.5569867784555016,0.12521571818283128
300137.SZ,20200720,0.7,20210120,20200727,20200901,3434.19,2.7201179685,5,False,完成,26,0.1192893401015227,
300138.SZ,20231102,5.0,20241117,20231120,20240930,54082.60019999999,59.22212801010001,22,False,完成,210,-0.315093410207527,-0.37014428029342694
300138.SZ,20260703,1.6,,20260811,20260831,101.34,0.11345103,2,False,完成,14,0.0070237050043897575,-0.006164414203488011
300142.SZ,20220319,4.2,20230317,20220628,20220916,1175.3843,5.2168361614,5,False,完成,57,-0.14304263146505092,-0.0655226340941063
300143.SZ,20210205,1.0,20220204,20210308,20211231,556.5234,1.1156435895999999,3,False,完成,202,-0.32115384615384623,-0.3618799109142835
300143.SZ,20240206,0.8,20250205,20240227,20240627,1730.0855999999999,1.4751278492000002,4,False,完成,81,-0.16289592760180982,-0.14311009804559627
300144.SZ,20251210,2.0,20260625,20260105,20260331,1665.7048,1.3798793576000001,4,False,完成,55,-0.051219512195121886,-0.01914797324613937
300144.SZ,20260424,0.0,,20260430,20260703,4031.5411999999997,3.1611913284,5,False,完成,42,-0.20001461451632718,-0.1864595415389838
300146.SZ,20231030,3.0,20241030,20231127,20240430,4266.5161,6.7819529564,4,False,完成,102,-0.06840430973587841,-0.09034509342061836
300146.SZ,20240806,2.0,20250821,20241029,20250731,3212.0387,4.3700789878,5,False,完成,185,-0.04606647470693159,-0.12263332009094319
300148.SZ,20240118,0.6,20250118,20240131,20240331,4382.0,1.1904732550000001,4,False,完成,36,0.07023411371237454,-0.018666350942055376
300149.SZ,20210122,1.0,20220122,20210210,20220121,512.29,0.7276447076999999,4,False,完成,229,-0.005980374050301718,0.03141495344155931
300154.SZ,20200414,0.42,20210412,20200511,20201127,22.689999999999998,0.009672650000000001,2,False,完成,136,0.24938761345533678,
300154.SZ,20201226,0.0,,20201231,20210107,840.3198,0.5068341274,2,False,完成,4,-0.094773233131067,
300154.SZ,20210120,0.01,,20210131,20210411,1864.4197,1.0722973911000002,5,False,完成,44,0.0745098039215688,0.0845963810052286
300158.SZ,20240206,2.0,20240506,20240207,20240426,8020.852000000001,3.6886954668999996,5,False,完成,49,-0.008810572687224627,-0.09190832663318615
300158.SZ,20241024,1.0,20251112,20241129,20250831,4642.67,1.86054699,7,False,完成,183,0.7325349301397206,0.4938592918602811
300160.SZ,20210814,0.0,,20211015,20211015,33.0,0.005379,2,False,完成,0,0.0,
300162.SZ,20240206,0.8,20240506,20240208,20240416,3759.9945,1.6420484220999998,4,False,完成,40,-0.048387096774193616,-0.09305995946146717
300164.SZ,20220517,0.35,20221117,20220616,20220930,1219.97,0.5828692,4,False,完成,75,-0.2045454545454547,-0.13590059415577826
300166.SZ,20210607,0.21,,20211012,20211012,533.19,0.38407000199999997,2,False,完成,0,0.0,
300166.SZ,20240201,2.0,20240501,20240206,20240331,4108.1567000000005,2.9425917236,4,False,完成,32,0.2795031055900621,0.17361398350087254
300170.SZ,20220426,0.21,,20220818,20220926,2795.23,1.55375744,6,False,完成,26,-0.23119469026548667,-0.174170292096543
300170.SZ,20221205,1.0,20231205,20221222,20231204,1153.1497,1.0446117828,4,False,完成,229,0.14377987627931432,0.15570515256427941
300171.SZ,20240206,1.0,20240805,20240326,20240731,1204.6404,1.6305035852,5,False,完成,85,-0.19925104614431943,-0.1739835857014148
300172.SZ,20200623,0.01,,20200707,20200914,123.945,0.048174705,2,False,完成,49,0.6759443339960236,
300172.SZ,20210616,0.0,,20210713,20210910,21.371499999999997,0.0066298045,2,False,完成,43,0.03505154639175245,-0.0031259320398910884
300174.SZ,20220421,0.8,20230420,20220428,20230419,1600.46,2.2364160843,7,False,完成,237,0.41252763529040193,0.24712003053015374
300174.SZ,20240715,0.8,20250712,20240717,20250430,1428.7103,1.8361750403000001,5,False,完成,190,0.14910869686930206,0.03830732854580954
300174.SZ,20260225,0.6,20270224,20260323,20260430,533.72,0.85223078,3,False,完成,27,0.13793103448275867,0.055224916790654
300179.SZ,20221208,0.4,20231206,20221213,20221219,372.25,0.47061043,2,False,完成,4,-0.028368794326240954,-0.006725861393187649
300179.SZ,20240202,0.3,20250131,20240202,20240229,462.46,0.2859306188,2,False,完成,13,0.1338709677419354,0.026688000443417792
300181.SZ,20240729,3.0,20250126,20240813,20240906,2404.8752999999997,3.3706977623,3,False,完成,18,-0.1819397993311036,-0.15172937967985223
300184.SZ,20210318,0.7,20211002,20210531,20210924,5447.35,2.674395318,6,False,完成,81,0.38588235294117634,0.386806768733428
300184.SZ,20220630,0.6,20230115,20220721,20230113,3979.0,1.962089669,8,False,完成,119,-0.1741573033707864,-0.15433502176363667
300184.SZ,20251029,0.3,20260514,20251127,20251204,425.44,0.42884261739999996,3,False,完成,5,-0.010912698412698374,-0.011048947605945325
300184.SZ,20260417,0.3,20261115,20260519,20260526,251.2893,0.3803621299,2,False,完成,5,0.042328042328042326,0.04840412973374719
300184.SZ,20260723,0.3,,20260812,20260826,301.76,0.3762207677,3,False,完成,10,-0.07311320754716988,-0.06502258274458106
300185.SZ,20240813,2.0,20250828,20250227,20250801,6888.91,1.7985615200000002,3,False,完成,104,0.18400000000000016,0.12683144889770714
300188.SZ,20210621,0.0,,20210623,20210623,32.732,0.029268452,3,False,完成,0,0.0,
300188.SZ,20220329,0.26,,20220517,20220721,331.754,0.28622909399999996,3,False,完成,46,0.05206207733040302,-0.005269079235118657
300188.SZ,20250414,0.5,20250714,20250418,20250423,433.19,0.5695786695,2,False,完成,3,0.04043545878693644,0.03424124228029224
300190.SZ,20221017,1.0,20231013,20221028,20230731,7945.925499999999,3.4558394272,10,False,完成,184,0.044719420760916284,-0.07435813803106561
300190.SZ,20240205,0.6,20250205,20240206,20240630,5772.23,1.5629163285,4,False,完成,91,-0.054982817869416056,-0.11164328640765797
300193.SZ,20211101,3.0,20221101,20211110,20221031,10100.5016,9.6248269189,15,False,完成,235,-0.34108091838980803,-0.20467835146671798
300195.SZ,20210204,1.0,20220203,20210218,20211011,3536.7899999999995,1.9913008375999999,6,False,完成,155,0.30321285140562226,0.33356377320490904
300196.SZ,20240209,1.0,20250208,20240222,20250116,2454.8495000000003,2.4599103970000002,11,False,完成,221,0.1395959228786645,0.05237536741993165
300200.SZ,20240130,1.0,20250130,20240202,20240430,5528.294,3.05882401,5,False,完成,54,0.2787456445993033,0.12443391859800013
300201.SZ,20230819,1.0,20240904,20230907,20231013,3832.5222000000003,1.6343771224,3,False,完成,20,0.16144578313253,0.17432854155786526
300201.SZ,20231226,1.5,20241225,20231226,20231229,4558.42,2.3011163076,3,False,完成,3,0.003984063745020139,-0.021683427304060143
300201.SZ,20251209,1.0,20261208,20260518,20260731,765.61,1.226948876,3,False,完成,53,-0.1606302885321388,-0.09508306906815533
300203.SZ,20201229,0.12,20211229,20210625,20211228,108.48,0.1633131076,3,False,完成,125,1.6644470576237915,1.6478959181297843
300203.SZ,20250820,1.5,20260820,20250829,20260819,3853.2037,6.8106720785,7,False,完成,228,-0.38883541867179994,-0.39456269966617086
300206.SZ,20200930,0.2,20210929,20201125,20201216,159.72,0.27024645,3,False,完成,15,0.030267062314540016,
300206.SZ,20201219,0.4,20211218,20201230,20210129,312.11,0.54901532,3,False,完成,21,-0.09615694411371922,
300206.SZ,20210208,0.4,20220208,20210226,20220207,686.06,0.99077543,5,False,完成,228,-0.38212469102258007,-0.36780201441621974
300207.SZ,20230829,2.0,20240919,20231018,20240131,1253.33,1.80589193,4,False,完成,74,-0.2853643600734843,-0.21612865243910617
300207.SZ,20240209,5.0,20250228,20240229,20241112,7500.8853,11.495758285,8,False,完成,170,0.7748533905728636,0.5638613638025796
300212.SZ,20220420,0.25,,20240729,20240927,338.09860000000003,0.25638192120000003,2,False,完成,42,0.25996321275291256,0.18010848384446065
300213.SZ,20201029,1.0,20211113,20201211,20210430,4756.8865000000005,3.4085462813,6,False,完成,93,-0.29838014228477716,
300213.SZ,20220809,0.5,20230824,20220919,20230430,696.5704000000001,0.37342532510000004,3,False,完成,147,0.3090909090909091,0.22728531781164385
300213.SZ,20230826,0.5,20240825,20230915,20240731,1935.12,1.1917204,5,False,完成,209,-0.09971546182596058,-0.044880699073527874
300214.SZ,20240206,1.0,20240506,20240207,20240331,1185.52,0.55761521,3,False,完成,31,0.23555555555555552,0.14963967255829025
300214.SZ,20240427,0.03,,20240430,20241029,1052.76,0.53258506,2,False,完成,119,0.004173741107696305,-0.05130945934333986
300214.SZ,20250103,0.5,20251231,20250127,20250411,583.41,0.32678009999999996,2,False,完成,47,0.00355239786856143,0.007387168495494034
300214.SZ,20250418,0.01,,20250804,20251231,556.48,0.31019425260000005,2,False,完成,101,-0.04297994269340988,-0.13594443043366544
300215.SZ,20200723,1.0,20210811,20200911,20201130,951.86,0.7760903016999999,3,False,完成,50,-0.001180637544273777,
300217.SZ,20220927,0.7,20230927,20221031,20221117,1264.5342,0.8008798894,2,False,完成,13,0.02454991816693952,-0.048441725190889406
300217.SZ,20231117,1.0,20240604,20231205,20240131,1408.1200000000001,0.7446597800000001,3,False,完成,40,-0.2385159010600708,-0.1883389122718604
300218.SZ,20210930,0.5,20220930,20211028,20211224,725.87,1.102397715,5,False,完成,41,0.07228070175438583,0.04275136365791177
300218.SZ,20220111,0.2,20230111,20220211,20220307,174.32,0.27697059,3,False,完成,16,-0.04396984924623115,-0.0184332245008777
300218.SZ,20230627,0.3,20240627,20230705,20230809,764.89,0.7260756099,4,False,完成,25,0.012834224598930577,0.006110126567948848
300218.SZ,20260428,0.6,20270424,20260512,20260625,1032.0,1.4553144267,4,False,完成,31,-0.18100735161574777,-0.1622814257855245
300222.SZ,20241119,0.4,20250306,20241209,20241230,264.1,0.32417381,2,False,完成,15,-0.1566558441558441,-0.1578418087438347
300224.SZ,20231218,1.0,20241218,20240122,20240731,1138.0005999999998,1.06130232,5,False,完成,125,-0.05970817653638849,-0.1180724838772369
300225.SZ,20211203,0.35,,20231222,20231222,1377.571,0.40619344500000004,2,False,完成,0,0.0,
300226.SZ,20240718,0.5,20241018,20240722,20240828,452.5788,0.7301946174,3,False,完成,27,-0.0817799158147926,-0.04075065202396522
300227.SZ,20210330,1.0,20220415,20210430,20210909,1159.5295999999998,1.1160550296,3,False,完成,90,0.1178737913653658,0.04332933026774244
300230.SZ,20231102,0.15,20241121,20231226,20241010,847.69,0.28601747,5,False,完成,187,0.0838355273390552,-0.048462073450389886
300232.SZ,20200521,0.0,,20201106,20201106,37.298500000000004,0.018989546500000003,2,False,完成,0,0.0,
300232.SZ,20220323,0.5,20230323,20220325,20221228,1261.1828,0.8575952072,4,False,完成,186,-0.21670730984608655,-0.18503456721501332
300232.SZ,20240223,0.5,20250311,20240508,20240605,668.2616,0.3575801864,3,False,完成,20,-0.023958988867292863,-0.0038751221779654843
300233.SZ,20200620,0.45,20210108,20200826,20201231,322.74,0.9105069374,4,False,完成,85,-0.43954104148278905,
300233.SZ,20210427,0.8,20210724,20210430,20210520,387.78,0.8812520759999999,2,False,完成,11,-0.08069883527454236,-0.09645014527136553
300233.SZ,20240202,0.7,20240502,20240205,20240208,1062.46,1.2675656705999998,3,False,完成,3,0.2270408163265305,0.15694461985502706
300235.SZ,20231208,0.1,20241207,20240119,20240415,332.98,0.34329277999999996,4,False,完成,53,-0.18804243008678878,-0.24782250718933396
300236.SZ,20210519,0.8,20220519,20220111,20220309,459.1577,1.8074763467000001,4,False,完成,36,-0.049700299700299766,0.041072993045575545
300236.SZ,20220427,1.6,20230425,20221011,20230313,819.571,2.387316,6,False,完成,103,0.33333333333333326,0.2154869733200906
300239.SZ,20250106,1.0,20260103,20250124,20250430,1862.1399999999999,0.9995599,3,False,完成,61,-0.0413533834586467,-0.049073060650446254
300240.SZ,20210427,0.6,20220423,20210603,20211013,4192.2725,2.6902004350000004,8,False,完成,86,0.2764900662251655,0.28453578749318553
300241.SZ,20230427,0.02,,20230725,20230725,71.0,0.028258,2,False,完成,0,0.0,
300244.SZ,20221207,0.5,20230607,20221221,20230227,239.37,0.6155962471,3,False,完成,42,0.06758957654723119,0.005453799495818146
300244.SZ,20240207,2.0,20250206,20240308,20241030,7037.460000000001,10.76017219,8,False,完成,155,-0.2553119144530225,-0.3055208023777888
300245.SZ,20220429,0.9,20230429,20220608,20220930,2860.5773999999997,2.2161442109,7,False,完成,81,-0.11298732463696759,-0.04277370413436765
300245.SZ,20240206,0.9,20250205,20240208,20250127,4192.0078,2.0941984618,6,False,完成,232,1.4049904030710167,1.1203679960231714
300245.SZ,20260429,1.0,20260729,20260430,20260728,1833.7677999999999,1.388221661,4,False,完成,54,-0.38564476885644783,-0.3462508835533229
300246.SZ,20240207,0.3,20250207,20240228,20241031,1263.27,0.853970465,7,False,完成,163,0.03519061583577687,-0.0664314078804552
300248.SZ,20200610,0.5,20210629,20200928,20210111,1355.7104,1.5430714254,6,False,完成,68,-0.4003199925738954,
300249.SZ,20241210,0.6,20251210,20250328,20251114,719.0864,1.0637960895999998,4,False,完成,154,0.012295081967212962,-0.14985137000940862
300250.SZ,20210127,1.5,20220127,20210201,20211230,6236.42,6.1458388613,12,False,完成,221,0.33060388945752295,0.2887264266392937
300250.SZ,20240229,0.2,20240528,20240408,20240527,235.73,0.29854283,3,False,完成,32,-0.13137114142139272,-0.15277796236044472
300250.SZ,20250106,0.3,20250403,20250113,20250331,206.26,0.30221772999999996,4,False,完成,49,0.19382239382239397,0.1311952031560737
300251.SZ,20220325,1.5,20230325,20220331,20221012,5980.1514,4.711601129,5,False,完成,127,-0.12086308809551238,-0.054990442293752495
300252.SZ,20230907,0.13,20240907,20230919,20231225,325.0,0.2339042,5,False,完成,63,0.046620046620046596,0.12053864884632426
300253.SZ,20200404,0.0,,20200611,20200611,20.228,0.0099748991,3,False,完成,0,0.0,
300253.SZ,20210421,0.01,,20210622,20210622,72.0908,0.03847354478000001,3,False,完成,0,0.0,
300253.SZ,20210925,0.0,,20211221,20211221,33.849199999999996,0.0181694702,2,False,完成,0,0.0,
300253.SZ,20220314,1.5,20230314,20220323,20220531,3281.3100000000004,2.8564313132,4,False,完成,44,-0.12809917355371891,-0.1049486303695305
300253.SZ,20240906,0.8,20250923,20241105,20241119,1068.1000000000001,0.8498833852000001,2,False,完成,10,-0.0012836970474966458,0.010947139161564978
300253.SZ,20260423,0.5,20270513,20260805,20260831,76.9,0.056746420000000006,2,False,完成,18,-0.09358974358974359,-0.11811701779316841
300255.SZ,20200805,1.6,20210820,20200908,20201103,5600.32,4.2334677162,5,False,完成,34,-0.1794871794871794,
300258.SZ,20200222,2.0,20210310,20200324,20200928,3293.1297000000004,3.5181672289999995,7,False,完成,128,0.5174372780330705,
300258.SZ,20241106,2.0,20251122,20241225,20251121,3820.3146,4.0149799999999995,6,False,完成,219,0.4111272169969653,0.24865320360865906
300259.SZ,20221027,1.0,20231025,20221124,20230831,6897.8946000000005,2.3231770425000002,7,False,完成,188,0.11465504498087364,0.10373427971308247
300259.SZ,20240206,1.0,20240505,20240208,20240505,5621.9298,1.5936161687000001,5,False,完成,50,0.09025270758122739,0.006355986776612976
300260.SZ,20230829,1.0,20240825,20231102,20240630,610.2945,1.7010477856999997,6,False,完成,158,-0.34562499999999996,-0.3363624512401888
300261.SZ,20200220,0.5,20210219,20200318,20200531,1676.6999999999998,0.680896629,3,False,完成,48,0.27819548872180433,
300263.SZ,20220921,2.0,20230921,20220923,20231010,6880.402700000001,5.170491934999999,7,False,完成,249,0.0037076904676471845,0.00799422137237582
300266.SZ,20200518,0.0,,20210310,20210624,1062.3743,1e-08,2,False,完成,71,0.4212218649517685,0.337973815009617
300266.SZ,20211215,0.01,,20220414,20220414,68.0,0.013056000000000002,2,False,完成,0,0.0,
300266.SZ,20220708,0.3,,20230215,20230215,1642.0,0.315264,2,False,完成,0,0.0,
300267.SZ,20200320,1.34,20200920,20200401,20200612,4891.771,2.0758628968,4,False,完成,48,-0.07045454545454544,
300269.SZ,20200812,0.0,,20200827,20201229,1215.7427,4e-08,3,False,完成,82,-0.11373390557939922,
300271.SZ,20211026,1.0,20220125,20211026,20211130,661.1,0.7406400425999999,3,False,完成,25,0.11599625818521986,0.12656489563027717
300272.SZ,20200818,0.3,20210814,20200824,20210113,2071.286,0.9762282705,7,False,完成,95,-0.042219873484866444,
300272.SZ,20210203,0.3,20220203,20210208,20210625,847.28,0.4243893208,4,False,完成,89,0.619609315888124,0.5858865073907427
300272.SZ,20220516,0.5,20230514,20220616,20221130,817.5600000000001,0.47193586,4,False,完成,113,-0.02792451695135123,0.01342492017210728
300272.SZ,20240205,0.5,20240804,20240206,20240229,1726.25,0.708994,3,False,完成,11,0.09903381642512077,0.016771268060813416
300274.SZ,20200714,,,20200811,20201023,102.6,0.0,2,False,完成,47,0.21082251082251058,
300274.SZ,20220514,10.0,20230513,20220523,20220718,1046.7243,8.312661823,4,False,完成,39,0.5386672165515347,0.47706332581888966
300274.SZ,20230913,10.0,20240912,20230922,20240131,4772.005300000001,41.52647758169999,6,False,完成,86,-0.07884841363102235,0.03474787975058646
300274.SZ,20240715,10.0,20250712,20240719,20241121,1021.4576999999999,8.5087747571,4,False,完成,82,0.1370677731673582,0.006136682520412995
300274.SZ,20250409,6.0,20260409,20250411,20250430,577.2959000000001,3.3001841314999996,2,False,完成,13,0.05007797608733333,0.037010699030134875
300274.SZ,20260803,10.0,20270802,20260806,20260831,351.94010000000003,3.7495804585000005,2,False,完成,17,-0.1424554826616682,-0.1609443823434794
300275.SZ,20240220,0.5,20250219,20240223,20240930,652.63,0.611353992,4,False,完成,148,0.3583769244500601,0.22336705885591912
300278.SZ,20250213,0.7,20260228,20250519,20260107,1725.19,0.9336884807,4,False,完成,158,0.07719928186714542,-0.11214878971398412
300285.SZ,20220111,3.0,20230111,20220120,20220531,2243.7391,8.6141097699,6,False,完成,83,-0.13324720416018,-0.032973103962924966
300285.SZ,20240206,2.0,20250205,20240626,20241231,1226.25,2.13545926,4,False,完成,127,-0.06425041186161451,-0.17012654592344
300285.SZ,20251106,2.0,20261106,20260130,20260430,718.27,2.1956220043999997,4,False,完成,57,0.19745649263721554,0.1991420395508121
300286.SZ,20200313,0.0,,20200326,20200630,1765.6819999999998,1.9859654459999998,3,False,完成,62,-0.06728052763014658,
300286.SZ,20210615,1.0,20220615,20210621,20210731,932.6800000000001,1.4629456950000002,5,False,完成,29,0.298125,0.3484952047214698
300286.SZ,20250429,1.5,20260428,20250430,20260120,1989.6999999999998,4.43076029,7,False,完成,177,0.22934314355398855,-0.020078093904405625
300290.SZ,20210909,0.0,,20240119,20240119,82.5,0.01614525,2,False,完成,0,0.0,
300295.SZ,20200429,0.2,20210428,20201013,20201231,180.98499999999999,0.2189766581,3,False,完成,57,-0.17658730158730152,
300296.SZ,20210128,1.5,20220128,20210202,20210531,2628.1739,1.7229038071,4,False,完成,75,0.22795405599425722,0.20017423579472093
300296.SZ,20240311,0.6,20250311,20240515,20250131,2304.98,1.1000665222,6,False,完成,174,0.2509904678395716,0.20069124075825795
300296.SZ,20260706,2.0,20270706,20260713,20260831,1152.57,0.58101992,2,False,完成,34,0.021956087824351433,0.003368439788099087
300298.SZ,20210716,2.0,20220715,20210719,20220430,3332.1096000000002,8.504690974999999,10,False,完成,189,-0.4738884968242766,-0.3889284779996549
300298.SZ,20230808,1.5,20240807,20230811,20240131,606.55,1.5222279,4,False,完成,116,-0.020584602717167444,0.12015227025786346
300298.SZ,20250220,3.0,20260220,20250407,20260212,8618.5444,16.9521735509,11,False,完成,211,-0.07809438133457647,-0.3094487891644718
300298.SZ,20260327,3.0,20270413,20260507,20260831,2507.3032,4.1184985822,4,False,完成,75,-0.06338028169014076,-0.01784643825593568
300299.SZ,20241012,0.1,20251028,20241203,20241209,97.03999999999999,0.06231155,2,False,完成,4,-0.01963746223564944,-0.026474143440030518
300300.SZ,20200325,0.47,,20200531,20200616,1172.2914,0.8033267707,2,False,完成,12,0.0680628272251309,
300302.SZ,20220528,0.03,,20220929,20221118,117.5432,0.02703681,2,False,完成,31,0.17441860465116288,0.15316978104615675
300303.SZ,20210424,1.5,20220423,20210510,20210731,2278.3688,1.0782496527999998,5,False,完成,58,0.5865229800936766,0.6008284375385424
300303.SZ,20211201,0.0,,20211130,20220617,7670.916,4.0586895107,7,False,完成,131,-0.3028391167192429,-0.2509004280062519
300303.SZ,20250419,1.0,20260418,20250522,20260417,7999.9,5.22657413,12,False,完成,220,0.7532682150474814,0.46278814807228685
300304.SZ,20230728,1.2,20240815,20230828,20240808,9130.61,5.29402932,7,False,完成,229,0.13182680643598155,0.2220348851481817
300304.SZ,20260123,1.5,20270209,20260211,20260731,3973.0,5.323001735,6,False,完成,111,-0.20980693192908562,-0.1480056521252311
300305.SZ,20210525,1.3,20211124,20210608,20210630,1714.71,1.8875177746,4,False,完成,15,0.42133333333333334,0.4169438271046302
300307.SZ,20200102,2.0,20200717,20200212,20200531,6821.4985,3.2880508917,6,False,完成,73,-0.06666666666666665,
300308.SZ,20220407,2.0,20230406,20220408,20220531,1349.2338,4.056626,3,False,完成,34,0.0477183771546037,0.06922992661400396
300308.SZ,20220917,3.0,20230916,20220919,20220926,1128.83,3.031177,2,False,完成,5,-0.004099888184867728,0.016911982456048413
300308.SZ,20260901,80.0,20270831,20260902,20260911,1374.7756000000002,117.06494608919999,7,False,完成,7,0.1259727626459144,0.14140104663393127
300311.SZ,20200430,0.26,,20200807,20200807,635.8670999999999,0.29406653439999997,3,False,完成,0,0.0,
300315.SZ,20200601,2.0,20210601,20200604,20200930,5802.136699999999,4.507933814099999,5,False,完成,82,0.06230529595015599,
300315.SZ,20231014,1.0,20241030,20231031,20231204,2510.3,1.1800284456,3,False,完成,24,0.2624434389140269,0.2607131362980182
300315.SZ,20240905,1.0,20250905,20240910,20241009,1893.73,0.87067217,3,False,完成,14,0.251184834123223,0.053587406434475016
300316.SZ,20220429,1.2,20230428,20220429,20220620,281.049,1.530346351,3,False,完成,32,0.29531455466841305,0.19046519987145727
300316.SZ,20230905,1.0,20240904,20230912,20240126,678.4468,3.2322571222,5,False,完成,91,-0.30331574981160514,-0.24901286550440593
300322.SZ,20220506,1.0,20230505,20220523,20220727,792.4782,0.7627575565,4,False,完成,46,0.320754716981132,0.26878421677025455
300324.SZ,20201110,0.0,,20210104,20210104,52.25,0.012722875000000002,3,False,完成,0,0.0,
300324.SZ,20210316,0.6,,20210518,20210518,2510.97,0.611421195,2,False,完成,0,0.0,
300327.SZ,20210526,0.0,,20210810,20210810,16.5,0.026055000000000002,2,False,完成,0,0.0,
300327.SZ,20221022,1.2,20231020,20221101,20230331,186.0944,0.6307267542999999,4,False,完成,102,0.2694220012430082,0.15164319312500418
300327.SZ,20230420,0.0,,20230426,20230718,192.04070000000002,0.6609549305,2,False,完成,54,-0.07414960020316486,-0.05495970661792715
300327.SZ,20240330,0.08,,20240808,20240808,63.9132,0.0825119412,2,False,完成,0,0.0,
300331.SZ,20240208,0.5,20240508,20240222,20240507,561.6800000000001,1.00988283,4,False,完成,48,0.07104795737122549,0.016817320115069867
300332.SZ,20210107,1.5,20210406,20210114,20210131,5201.3668,2.6145437936,3,False,完成,11,-0.1417322834645669,-0.12132070232047165
300332.SZ,20231220,0.5,20250104,20240105,20240122,981.95,0.7787649528,2,False,完成,11,-0.15174129353233823,-0.0985490443088397
300332.SZ,20240604,0.8,20250620,20240701,20240831,4894.44,2.5783837614,5,False,完成,44,-0.14468864468864462,-0.098791768866336
300332.SZ,20260130,1.5,20270306,20260318,20260528,4025.9700000000003,2.4190338112000003,5,False,完成,47,-0.1462184873949579,-0.15364498433291163
300339.SZ,20240209,3.0,20240526,20240402,20240430,1465.3414,3.2438024549,3,False,完成,18,-0.001320422535211252,-0.01092691217499786
300342.SZ,20200811,0.0,,20201015,20201015,6.6,0.005181,2,False,完成,0,0.0,
300343.SZ,20210907,0.03,,20210924,20220531,1247.5918,0.064071672382,3,False,完成,161,-0.5101955888472742,-0.44461421969086656
300343.SZ,20240109,,,20240208,20240628,7049.8471,0.0,2,False,完成,89,-0.05555555555555569,-0.08786014640292328
300343.SZ,20250408,1.0,20260408,20250417,20250531,3560.0199999999995,1.47637725,4,False,完成,28,0.030379746835442978,0.009711712779275627
300347.SZ,20200227,0.01,,20200326,20200326,4.9527,0.0131494185,2,False,完成,0,0.0,
300347.SZ,20200407,0.0,,20200511,20200511,5.2049,0.0138190095,3,False,完成,0,0.0,
300347.SZ,20201030,0.01,,20201223,20210128,9.6842,0.0262629318,2,False,完成,25,0.08827228024826206,
300347.SZ,20210826,0.01,,20210831,20211215,1186.769,16.295196861,5,False,完成,69,-0.04087112171837726,-0.06813599264071535
300347.SZ,20220214,5.0,20230211,20220215,20220228,250.9,2.5164993593999996,2,False,完成,9,0.03162375836205156,0.026791496563748574
300347.SZ,20220329,0.01,,20220429,20221020,700.4344000000001,6.699979915099999,3,False,完成,114,-0.026772317074802765,-0.022920515823892096
300347.SZ,20240207,10.0,20250430,20240523,20250221,11799.88,51.5486077181,25,False,完成,181,0.1308264099575105,0.04290473027365538
300347.SZ,20260514,10.0,20270609,20260610,20260625,12704.7768,49.956637697599994,9,False,完成,10,0.13157894736842102,0.09668507707179486
300348.SZ,20241026,0.01,,20250225,20250225,17.275,0.009482756,2,False,完成,0,0.0,
300348.SZ,20250425,0.0,,20250722,20250722,164.92249999999999,0.061930739400000004,2,False,完成,0,0.0,
300349.SZ,20200424,0.0,,20200430,20200617,548.3560000000001,0.7964664845000001,3,False,完成,31,0.03621730382293764,
300349.SZ,20200908,0.0,,20200930,20201202,376.85,0.5505822999,2,False,完成,39,-0.01568894952251032,
300349.SZ,20201208,1.0,20211207,20210112,20211206,1857.6459999999997,2.0697781352,5,False,完成,217,0.010355465078081938,0.01571301691678939
300349.SZ,20220528,1.0,20230527,20220719,20230131,2306.1800000000003,2.2496032104,8,False,完成,128,0.13004032258064524,0.13828812955968162
300349.SZ,20240207,0.6,20240506,20240227,20240430,539.02,0.66006081,3,False,完成,43,0.2070410729253982,0.1723075038585371
300351.SZ,20241016,0.0,,20250218,20250218,4.292,0.0029400200000000002,2,False,完成,0,0.0,
300351.SZ,20260722,1.5,20270721,20260722,20260831,2564.51,3.47759098,5,False,完成,27,0.14465408805031443,0.11040765614309933
300354.SZ,20231026,0.14,20240425,20240207,20240429,42.5,0.15403388,2,False,完成,50,0.245189504373178,0.13185299249652638
300363.SZ,20220804,1.0,20230804,20220829,20221121,407.5022,2.0881777281000002,4,False,完成,54,-0.22094009842185647,-0.1816257661667421
300363.SZ,20231028,0.3,20241027,20231101,20231130,70.0,0.20950800000000003,2,False,完成,21,-0.018002717391304435,-0.020140720772178988
300363.SZ,20231218,0.03,,20231231,20240409,200.22,0.51223727,4,False,完成,63,-0.2823061630218686,-0.2996337451674703
300363.SZ,20240427,0.12,,20240729,20240729,57.33,0.14873517,2,False,完成,0,0.0,
300363.SZ,20260605,1.0,20260905,20260610,20260717,1458.5238,2.0962746543,3,False,完成,26,0.16233766233766223,0.23307279096643962
300364.SZ,20240727,0.3,20250812,20240816,20250213,670.4200000000001,1.21077123,6,False,完成,115,0.4797406807131279,0.2785691401112389
300365.SZ,20200925,2.0,20211012,20201026,20201027,1386.5908,1.6745249187,2,False,完成,1,-0.02741935483870983,
300366.SZ,20210128,0.6,20210428,20210202,20210203,693.39,0.5076747334,2,False,完成,1,-0.03738317757009357,-0.03290114772247932
300368.SZ,20200210,0.25,20210209,20200213,20200309,377.57,0.3040825732,2,False,完成,17,0.015686274509803866,
300368.SZ,20210111,0.5,20220111,20210122,20210125,517.05,0.6438558,2,False,完成,1,-0.006446414182111226,-0.011240735472860863
300369.SZ,20201114,3.6,20211113,20201202,20210526,8245.3504,12.5194230048,10,False,完成,115,0.08725247524752477,
300371.SZ,20201029,0.12,20211028,20201103,20201106,141.5,0.224511102,2,False,完成,3,-0.011874999999999969,
300371.SZ,20210904,0.15,20220903,20210913,20211102,128.04,0.166896462,4,False,完成,29,-0.10325318246110327,-0.04960024255932349
300371.SZ,20220520,0.16,20230519,20220602,20220606,191.4862,0.228062172,2,False,完成,1,0.03206751054852308,0.019020213073275727
300371.SZ,20230815,0.12,20240814,20230817,20230831,80.3839,0.1120069308,2,False,完成,10,0.03894297635604982,0.05354966137652295
300371.SZ,20240208,0.11,20250207,20240208,20240229,190.814,0.14336139599999997,2,False,完成,9,0.1501305483028723,0.09319259178349704
300371.SZ,20250301,0.1,20260228,20250303,20250325,137.35,0.1404485,2,False,完成,16,0.0167322834645669,0.0007266325138233221
300371.SZ,20260612,0.25,20270611,20260617,20260831,386.87,0.39000513,4,False,完成,52,0.0257633587786259,0.057099604954405025
300373.SZ,20230801,1.0,20240818,20230901,20240430,651.3605,2.3212814365,4,False,完成,157,0.06239507554560708,0.07212045787113697
300373.SZ,20250217,0.8,20260214,20250408,20250531,129.13,0.60391258,3,False,完成,35,0.16472061881658284,0.09445848958708392
300376.SZ,20240806,2.0,20250805,20240816,20250630,10940.662,3.5210437839999997,7,False,完成,207,0.6851063829787234,0.40869512040531486
300378.SZ,20220514,1.0,20230513,20220526,20220831,1349.0,2.14836043,6,False,完成,68,0.185336048879837,0.1560815335340675
300378.SZ,20240222,0.5,20240521,20240410,20240430,173.033,0.276572704,2,False,完成,14,0.055122828040742755,0.028789279752990504
300381.SZ,20220518,2.0,20230517,20220531,20230509,6702.95,6.2936009531,10,False,完成,228,-0.09447983014862005,-0.1406620045226472
300382.SZ,20230228,1.2,20240228,20230313,20230331,610.9100000000001,0.9731614801000001,2,False,完成,14,-0.04627892432770486,-0.04749253014070365
300382.SZ,20231107,1.0,20241103,20231218,20240229,2242.65,2.00457354,5,False,完成,46,-0.1334044823906082,-0.15765271877316
300384.SZ,20210209,0.9,20210526,20210303,20210531,1122.4744999999998,1.6159160825,4,False,完成,59,0.28531663187195533,0.27160384728944087
300384.SZ,20220215,0.5,20220630,20220309,20220630,562.6068,1.0158318966,4,False,完成,75,-0.025362380937797524,-0.06614970813626908
300388.SZ,20200613,3.0,20210630,20200812,20210629,5555.1321,4.7748839717000005,7,False,完成,212,-0.2921433597280111,
300389.SZ,20200410,0.07,,20200713,20200917,623.324,0.6748582437,2,False,完成,48,0.02164502164502169,
300390.SZ,20231110,2.5,20241110,20231204,20240805,3609.6179999999995,8.265423158199999,5,False,完成,162,-0.2776262296538221,-0.2366639918632818
300394.SZ,20200613,0.0,,20200729,20200930,33.4,0.03403829,2,False,完成,45,-0.22034133481337592,
300394.SZ,20210123,0.0,,20210414,20210414,4.2,0.0041916,2,False,完成,0,0.0,
300395.SZ,20200820,0.01,,20201105,20201105,20.95,0.01595875,2,False,完成,0,0.0,
300395.SZ,20240219,1.0,20250219,20240229,20240923,699.145,2.0815614150000004,8,False,完成,139,-0.011432900354596875,0.08431731081594407
300396.SZ,20220119,1.0,20220719,20220121,20220331,544.1600000000001,0.9593356356,4,False,完成,44,-0.09442060085836912,-0.01913717550722427
300396.SZ,20220429,0.08,,20220430,20220719,633.4,1.0628868768,3,False,完成,53,0.0334212384817163,-0.03980333445647399
300396.SZ,20230509,0.02,,20230706,20230706,34.18,0.03370306,2,False,完成,0,0.0,
300396.SZ,20230908,0.01,,20231205,20240304,28.8589,0.0274662262,2,False,完成,57,-0.15071090047393365,-0.16943574496344016
300396.SZ,20240419,0.09,,20240802,20240802,186.575,0.14738184999999998,2,False,完成,0,0.0,
300398.SZ,20200930,0.01,,20201030,20201110,178.40099999999998,0.12309669000000001,2,False,完成,7,0.011511511511511419,
300398.SZ,20201228,0.6,20210628,20201231,20210228,407.76,0.7091761677999999,3,False,完成,35,-0.1638061353889535,
300398.SZ,20220428,1.0,20230427,20220429,20220531,232.776,0.5125515796,2,False,完成,19,0.007025761124121788,-0.03701850497295456
300398.SZ,20220624,0.0,,20220630,20220731,477.802,1.0522784916,3,False,完成,21,-0.07611548556430447,-0.034829732018443194
300401.SZ,20230823,2.0,20240307,20230914,20240131,3098.95,3.3358834632,6,False,完成,92,-0.20826161790017217,-0.11229416458842745
300404.SZ,20240206,0.2,20240505,20240206,20240229,616.21,0.34638727999999996,3,False,完成,11,0.29525483304042166,0.19830516529164033
300405.SZ,20240219,0.2,20240519,20240226,20240229,386.4,0.200076584,2,False,完成,3,0.21400778210116744,0.19864769101242397
300406.SZ,20220307,1.0,20230307,20220322,20220430,168.67000000000002,0.29993399,3,False,完成,26,-0.20471116096466635,-0.1491701036819867
300406.SZ,20220607,0.01,,20220816,20221207,680.5295,1.1737856775,4,False,完成,75,-0.01983471074380161,0.00414093161329343
300406.SZ,20230721,0.8,20240721,20230810,20240131,578.78,1.04196004,4,False,完成,117,-0.09606299212598424,0.054999500157592474
300406.SZ,20240529,0.0,,20240630,20240719,792.01,1.316206,2,False,完成,15,-0.070221066319896,-0.07486817052287786
300406.SZ,20240905,0.01,,20241115,20241115,11.9876,0.0114266746,2,False,完成,0,0.0,
300407.SZ,20240207,0.4,20250206,20240219,20241018,1308.0845,0.859236735,7,False,完成,161,1.2400431253170976,0.9989629139293192
300407.SZ,20260114,0.6,20270112,20260114,20260123,278.58,0.35934973,2,False,完成,7,0.056692913385826715,0.0541200091643963
300408.SZ,20250411,2.0,20260410,20250424,20250530,719.81,2.4689343580000003,3,False,完成,23,-0.08197641774284092,-0.09574317629348372
300408.SZ,20260721,9.0,20270720,20260721,20260728,4126.74,43.3436063646,8,False,完成,5,-0.062395387762693044,-0.049842775537558226
300408.SZ,20260730,10.0,20270730,20260803,20260901,3224.6133,37.8056793262,8,False,完成,21,-0.041929824561403595,-0.082907690343898
300409.SZ,20240206,2.0,20240505,20240223,20240430,2673.8572,2.5362831344,5,False,完成,45,0.209070796460177,0.17015111931062554
300410.SZ,20201030,0.02,,20201030,20201211,818.722,0.5202584949,4,False,完成,30,-0.21067683508102963,
300411.SZ,20210118,0.8,20210718,20210428,20210715,6027.1722,0.8626981779999999,4,False,完成,52,0.22615384615384615,0.18916827871589237
300415.SZ,20220916,0.01,,20221021,20221219,37.3,0.01326052,2,False,完成,41,-0.13383600377002824,-0.15284404551632258
300415.SZ,20231031,2.0,20241030,20231114,20231231,1933.2648,3.5881904192,6,False,完成,33,-0.04184782608695636,-0.015716108609813206
300415.SZ,20240113,0.0,,20240131,20240328,800.9167,1.4382198628,2,False,完成,35,0.2734426229508198,0.17949283142520067
300415.SZ,20250423,0.25,20260421,20250429,20250521,151.0402,0.30969460719999997,3,False,完成,13,0.055937193326791146,0.0244798946791962
300416.SZ,20210202,1.0,20210801,20210208,20210531,1143.8714,2.5766455392000003,6,False,完成,71,0.1184442892281472,0.09275885610395473
300416.SZ,20230628,1.0,20240627,20230717,20240131,1642.5683,3.0429012161,5,False,完成,135,-0.3721784776902888,-0.27737499137127564
300416.SZ,20240919,0.5,20250318,20240920,20241130,475.15,0.5531689099999999,3,False,完成,45,0.36687631027253653,0.12458617306540143
300420.SZ,20240208,0.8,20250223,20240415,20250218,5492.514,1.260209798,7,False,完成,198,0.15439939795851387,0.061646816138341665
300426.SZ,20230721,0.14,,20231115,20250730,900.46,0.31045844,2,False,完成,413,-0.13644067796610182,-0.2660998200964779
300428.SZ,20230921,0.5,20241009,20231101,20240206,477.6058,0.9696150601,3,False,完成,68,-0.3421516754850089,-0.287063706214821
300429.SZ,20240226,0.5,20250226,20240318,20240418,818.2786000000001,0.8721933708,3,False,完成,21,-0.125,-0.12195406119643959
300430.SZ,20210208,0.4,20220208,20210301,20210923,470.34999999999997,0.43285565000000004,5,False,完成,141,0.36704905832422585,0.33296100157004327
300433.SZ,20211026,5.0,20221025,20220114,20220429,7252.437900000001,9.6833267763,4,False,完成,68,-0.49752720079129575,-0.41933079256822403
300433.SZ,20250408,10.0,20260407,20250416,20250731,49.099999999999994,0.09303024,3,False,完成,72,0.22791572642464009,0.12578290530018754
300433.SZ,20250923,0.0,,20250929,20260407,4989.288500000001,14.5839669607,7,False,完成,121,-0.12929581499515597,-0.1354806420386916
300435.SZ,20200427,0.0,,20200728,20200728,5.85,0.0039168,2,False,完成,0,0.0,
300435.SZ,20240205,1.0,20250220,20240319,20241031,2475.74,3.27014971,8,False,完成,149,-0.11259273848768869,-0.1713240083344253
300437.SZ,20210208,0.8,20220207,20210309,20210528,784.0927,0.6483637435,4,False,完成,54,0.10589651022864,0.031727781213167994
300437.SZ,20240206,0.3,20240505,20240206,20240207,318.76,0.2378764026,2,False,完成,1,0.0,-0.014209867662090647
300438.SZ,20231025,0.6,20241025,20231207,20240131,437.11,1.1190374872,3,False,完成,38,-0.25838555105049754,-0.21113742903129573
300440.SZ,20210218,0.5,20210818,20210219,20210326,384.3,0.27282511,3,False,完成,25,0.21509971509971515,0.3138629153733854
300440.SZ,20220505,0.3,20221105,20220509,20220811,759.76,0.46666029000000003,3,False,完成,67,0.29055456274860214,0.18141470048551933
300440.SZ,20240207,0.5,20240506,20240208,20240331,1998.44,0.9539331276,4,False,完成,30,0.2918367346938775,0.21738765203472865
300441.SZ,20210109,1.0,20210425,20210201,20210331,824.058,0.8459406922,3,False,完成,37,0.057956777996070796,0.07743576306900035
300441.SZ,20240208,1.0,20240523,20240301,20240515,1850.4499999999998,1.22459523,4,False,完成,48,0.0658042927598812,0.034074542464564095
300442.SZ,20250424,0.0,,20250710,20251031,10242.0422,7.7648989169,4,False,完成,75,0.0932270768131529,-0.02981468680806698
300443.SZ,20240429,1.2,20240729,20240508,20240630,1326.08,2.5260455276,4,False,完成,36,-0.17521804260943485,-0.13044710576506702
300443.SZ,20241106,0.7,20250506,20241113,20241231,549.39,1.33265741,3,False,完成,34,-0.20441019086014522,-0.18363727731318136
300445.SZ,20210316,1.0,20220331,20210429,20210728,1215.6379,1.5128366379,6,False,完成,60,0.16192164331974923,0.2010874012087449
300447.SZ,20240227,0.6,20250227,20240624,20240924,472.83,0.529269099,4,False,完成,64,-0.05993150684931503,-0.027106594531237982
300448.SZ,20200723,0.4,20201023,20200915,20201019,279.4237,0.2794439575,3,False,完成,18,-0.045808124459809973,
300448.SZ,20240206,0.6,20240506,20240207,20240430,2884.31,0.9737140783,4,False,完成,51,0.5268817204301077,0.39157961618168935
300450.SZ,20230613,5.0,20240612,20230630,20240131,4414.9785,14.366545458900003,6,False,完成,146,-0.45092618191871725,-0.36950396884115766
300451.SZ,20210423,0.01,,20210617,20210617,20.5125,0.0107005125,2,False,完成,0,0.0,
300451.SZ,20220921,0.01,,20220921,20220921,45.239999999999995,0.0171472275,3,False,完成,0,0.0,
300451.SZ,20221220,0.0,,20230512,20230512,21.06,0.00858102009,2,False,完成,0,0.0,
300451.SZ,20230822,0.6,20240822,20230911,20230930,515.35,0.33985696,2,False,完成,13,-0.010279001468428639,-2.9897551245827714e-07
300452.SZ,20240207,0.32,20250207,20240208,20240331,339.31,0.41319721,3,False,完成,30,0.042763157894736725,-0.017331712030460578
300453.SZ,20240202,0.6,20240802,20240205,20240229,2112.025,1.1083919080000002,3,False,完成,12,0.16195856873822967,0.041342864732162754
300454.SZ,20220319,2.0,20230318,20220329,20220429,185.14,2.01977453,3,False,完成,21,-0.18472793781435748,-0.1427539520593264
300454.SZ,20220506,0.03,,20220523,20220729,233.257,2.423209624,3,False,完成,48,0.06808392882441638,0.0331575807863671
300454.SZ,20220827,0.03,,20221014,20221031,131.7545,1.3390460814,2,False,完成,11,0.30434782608695654,0.38481527032623086
300454.SZ,20240201,2.0,20250131,20240202,20240411,849.9128,4.7630134157,4,False,完成,41,0.09360256652198529,-0.015999084914418482
300454.SZ,20250115,2.0,20260115,20250116,20250131,58.49,0.3195185,2,False,完成,7,0.08868166026695912,0.08380235395784186
300454.SZ,20260407,0.9,20270407,20260413,20260630,196.3881,2.1004497947000003,3,False,完成,52,-0.09902497666193533,-0.12231496808975328
300456.SZ,20230329,,,20230621,20230621,106.3,0.0,2,False,完成,0,0.0,
300457.SZ,20220713,2.0,20230713,20220726,20221011,1701.987,4.5622409998,5,False,完成,49,-0.18861474773528075,-0.10756778472187245
300457.SZ,20240824,0.02,,20241127,20241127,34.5,0.0357965,2,False,完成,0,0.0,
300457.SZ,20250123,2.0,20250923,20250228,20250408,1233.53,2.4473457,3,False,完成,26,-0.21806702282661483,-0.17447827704356722
300463.SZ,20210323,3.0,20210922,20210323,20210630,897.0888,3.924207302,4,False,完成,66,0.06318857475954531,0.009991147478583429
300463.SZ,20240206,1.0,20250205,20240219,20241031,969.1099999999999,1.209451991,5,False,完成,170,0.14384990436632616,0.01506211004893565
300463.SZ,20260619,1.0,20270706,20260722,20260831,115.68,0.10176372,3,False,完成,23,0.0487528344671202,0.01667410453169471
300464.SZ,20230627,0.05,,20230804,20230804,131.2,0.070592579,3,False,完成,0,0.0,
300464.SZ,20241030,0.03,,20241226,20241226,839.3000000000001,0.299094133,5,False,完成,0,0.0,
300465.SZ,20240827,0.35,20250912,20240923,20241104,534.44,0.48054798,3,False,完成,25,0.6302083333333333,0.35378490572659604
300470.SZ,20220426,2.0,20230424,20220429,20221014,1412.4699999999998,5.1595184634999995,8,False,完成,110,0.1598322564061445,0.1504220196526631
300470.SZ,20240425,1.0,20250423,20240513,20240630,498.144,1.7907880432,4,False,完成,33,-0.06142824937581859,-0.004299888306312449
300476.SZ,20220428,3.0,20230427,20220429,20220706,1759.0343,2.9137098941,3,False,完成,44,-0.027959547888161906,-0.11726997847378406
300476.SZ,20240914,1.4,20250913,20241129,20250206,256.11,1.06654252,3,False,完成,42,0.166913214990138,0.18682034436519745
300477.SZ,20221025,0.4,20240710,20231218,20240620,875.8599999999999,0.25007653,2,False,完成,120,-0.2724719101123595,-0.29053844219992764
300480.SZ,20240206,0.4,20250206,20240219,20240930,569.34,0.8814106,5,False,完成,152,0.029583992041329887,-0.10185768149199215
300481.SZ,20231219,1.0,20241218,20240410,20240430,262.4909,0.3499590194,2,False,完成,14,0.05247597930524783,0.02620849054832375
300481.SZ,20240708,0.09,,20240807,20241031,1457.1835999999998,1.9125520151,5,False,完成,54,0.21996879875195008,0.06746803078961916
300482.SZ,20201015,1.0,20210415,20201103,20210203,145.43499999999997,1.0287621248,3,False,完成,65,0.17275205776736535,
300482.SZ,20210902,0.8,20220302,20210906,20210908,149.97,0.6326507681999999,2,False,完成,2,-0.026469899273834585,-0.04059588563872896
300482.SZ,20220509,0.09,,20220602,20220913,44.915,0.116992772,3,False,完成,71,-0.1667474231380488,-0.18419452876724784
300482.SZ,20220926,0.5,20230326,20220928,20221011,131.59,0.380430628,2,False,完成,4,-0.027682843472317198,-0.006383634749327793
300482.SZ,20230705,,20240105,20230707,20230711,149.79,0.400954315,2,False,完成,2,0.01957831325301207,0.011742474844390616
300482.SZ,20250619,,,20250917,20250917,1334.0,0.0,2,False,完成,0,0.0,
300482.SZ,20250923,0.6,20260323,20250926,20251121,238.8558,0.5035436804,3,False,完成,34,-0.02590673575129543,-0.027630129799249614
300482.SZ,20260728,0.6,20261028,20260729,20260731,180.11,0.31103516,2,False,完成,2,0.03378778897451107,0.04244832506637408
300483.SZ,20221110,1.0,20231109,20221117,20230331,1307.99,1.824776,5,False,完成,90,-0.08440629470672378,-0.12844661052976047
300484.SZ,20210407,0.3,20220423,20210429,20211231,340.85,0.38000504,4,False,完成,165,0.41061230471848154,0.346714483904635
300484.SZ,20240120,0.0,,20240305,20240305,4.4,0.0026045538,2,False,完成,0,0.0,
300484.SZ,20240420,0.02,,20240524,20240524,89.0,0.052686026999999996,2,False,完成,0,0.0,
300487.SZ,20210820,0.01,,20220301,20220301,11.100000000000001,0.013875,2,False,完成,0,0.0,
300487.SZ,20231128,0.3,20241128,20231204,20231231,114.07,0.58572454,3,False,完成,19,0.0616246498599442,0.07874626512211069
300488.SZ,20240205,1.0,20250204,20240205,20240930,1017.9096,1.8885767186,5,False,完成,156,0.3853674870249455,0.12199075681176974
300490.SZ,20200828,,,20200929,20201021,564.6459000000001,1e-08,3,False,完成,10,0.14145810663764968,
300490.SZ,20230908,1.0,20240908,20230913,20231031,861.23,1.1199278845,2,False,完成,28,-0.07519379844961249,-0.04324242558320135
300490.SZ,20240828,0.0,,20240831,20241210,658.5400000000001,0.732104852,2,False,完成,65,0.4651515151515151,0.216677551916014
300491.SZ,20210330,0.0,,20210922,20211019,144.85750000000002,1e-08,2,False,完成,14,-0.0519337016574587,-0.04261006663616651
300492.SZ,20250429,4.5,20260427,20250624,20250724,675.0423000000001,4.562311536699999,4,False,完成,22,0.06202862859781444,0.007491448675248202
300494.SZ,20210617,0.5,20211217,20210624,20210802,1126.57,1.6599557327,5,False,完成,27,0.047222222222222276,0.07816729622090479
300494.SZ,20250407,0.5,20260407,20250409,20260225,1921.5720000000001,2.093309288,7,False,完成,212,0.267233238904627,-0.026234150392573707
300496.SZ,20230907,0.5,20240307,20231024,20240304,157.86,1.020826,4,False,完成,87,-0.06059259259259253,-0.08441133202110618
300496.SZ,20250408,1.0,20260407,20250409,20260403,588.59,3.14992274,9,False,完成,239,0.1427290827727874,-0.06145113496830157
300497.SZ,20210804,2.0,20220804,20210819,20220316,2538.37,3.76777244,5,False,完成,136,0.23774509803921573,0.35284299487633874
300498.SZ,20210601,0.0,,20210901,20220729,2167.8768,1.8752835103699999,2,False,完成,218,0.8267477203647418,1.00298682546862
300498.SZ,20221205,18.0,20231204,20221216,20231031,9324.258,17.4691497526,4,False,完成,209,0.009023743287830843,0.05885605675197847
300498.SZ,20240918,18.0,20250918,20240920,20250831,26472.65,46.425603241400005,8,False,完成,228,0.18201805201287735,-0.16147633187711985
300498.SZ,20260225,12.0,20270225,20260316,20260601,25535.51,29.8570238777,5,False,完成,51,-0.22336182336182342,-0.21818534561861636
300499.SZ,20210218,0.5,20220217,20210311,20210930,1214.812,0.9962381166,6,False,完成,138,0.44000000000000017,0.3869971190808681
300499.SZ,20211207,0.01,,20220131,20220622,356.398,0.30636118489999997,2,False,完成,92,-0.04079999999999995,-0.013133147265843581
300501.SZ,20240220,1.0,20250219,20240228,20240831,2707.48,3.1796351,9,False,完成,126,0.05288523326050654,0.09572287483615738
300501.SZ,20241009,2.0,20251008,20241009,20250930,2620.4875,3.8826128313,7,False,完成,242,0.3230088495575223,0.11041588653770318
300502.SZ,20210518,0.5,20211118,20210519,20211102,193.7719,0.6354452577,3,False,完成,111,0.018238952347986448,0.019788954196530817
300508.SZ,20240220,0.4,20240520,20240329,20240416,330.58000000000004,0.7041667964,3,False,完成,10,-0.20159503766061138,-0.19254148442388264
300512.SZ,20210512,0.8,20221110,20210514,20220331,334.48,0.4307116299999999,6,False,完成,215,0.03399999083567695,0.10972441443092773
300512.SZ,20220423,0.0,,20220430,20221110,2946.41,2.955307828,12,False,完成,129,0.04614824851952237,0.0499145632905964
300512.SZ,20230427,0.0,,20230823,20230823,2.0625,0.0007878750000000001,2,False,完成,0,0.0,
300515.SZ,20231229,0.6,20241228,20240116,20240430,1669.515,1.4764762,5,False,完成,67,-0.10756608933454881,-0.16816761664975466
300517.SZ,20240221,0.4,20240520,20240305,20240516,743.2,0.579355954,5,False,完成,47,0.25859872611464985,0.228525264090365
300520.SZ,20240203,0.4,20250202,20240206,20240930,947.0,1.1457173399999998,7,False,完成,155,0.585261353898886,0.32536124651018383
300520.SZ,20250429,0.4,20260427,20250508,20260331,95.0,0.27843024,4,False,完成,218,0.5219490781387182,0.31082985059070234
300525.SZ,20210908,1.2,20220908,20210916,20211126,1068.1227,2.0598530738,4,False,完成,44,0.16185897435897445,0.17587747487766636
300525.SZ,20220331,1.0,20230331,20220426,20220510,1109.4268,1.9988735737,3,False,完成,7,0.06457142857142872,0.012175239728799747
300525.SZ,20240205,1.0,20250204,20240329,20240522,809.148,1.064588878,2,False,完成,33,0.011459129106187849,-0.02612722285364677
300525.SZ,20240628,1.0,20250628,20240704,20260622,1179.77,1.3455038151999998,4,False,完成,474,-0.26940509305109417,-0.48096725906782245
300529.SZ,20210827,5.0,20220314,20210922,20211112,2399.5175999999997,13.421859138,5,False,完成,32,0.011132075471698144,0.03667093720281778
300529.SZ,20230717,5.0,20240717,20230810,20240403,8929.7474,18.110627200000003,8,False,完成,156,0.04401709401709408,0.1070343397973279
300531.SZ,20210220,1.0,20210819,20210226,20210310,399.73,0.5932052743,2,False,完成,8,-0.042857142857142816,0.00028413182544473337
300531.SZ,20210331,0.0,,20210430,20210827,454.8559,0.6300303020000001,2,False,完成,81,0.21578798326089021,0.1897956133371046
300531.SZ,20220429,0.08,,20220429,20220801,479.0695,0.5629424018,4,False,完成,62,0.16849347839847484,0.09218339517917307
300531.SZ,20220913,0.6,20230309,20220914,20220928,259.21000000000004,0.34181947739999996,2,False,完成,10,-0.09926470588235292,-0.04233028467069877
300531.SZ,20230425,0.12,,20230731,20230731,171.125,0.1411055846,2,False,完成,0,0.0,
300531.SZ,20240131,0.8,20240731,20240201,20240229,796.1,0.8121220374,3,False,完成,14,0.12417685794920019,0.0330432065175017
300531.SZ,20240427,0.0,,20240430,20250919,551.2059999999999,0.5444987468,3,False,完成,340,0.7559865856974535,0.4271996286120434
300535.SZ,20210426,,,20210902,20210902,15.540000000000001,0.0,2,False,完成,0,0.0,
300535.SZ,20220427,,,20240702,20240702,4.145,0.0,2,False,完成,0,0.0,
300537.SZ,20250618,,,20250825,20250825,50.3658,0.0,2,False,完成,0,0.0,
300538.SZ,20240227,0.2,20250227,20240416,20240902,117.22,0.15942114000000002,3,False,完成,95,0.2467001309471848,0.3336412367818624
300541.SZ,20260415,0.39,20270507,20260513,20260518,212.94,0.27216490000000004,2,False,完成,3,-0.0108108108108107,0.01577594610689692
300542.SZ,20200309,0.3,20210308,20200311,20200317,224.09,0.3777404702,3,False,完成,4,-0.0665880966411313,
300546.SZ,20210428,,,20210713,20211112,79.3,0.0037467,3,False,完成,81,-0.10155382907880128,-0.09459232501263992
300548.SZ,20210317,0.0,,20210426,20210727,1.584,0.0017015580000000002,2,False,完成,62,0.1198428290766207,0.13970894295902636
300548.SZ,20230907,0.3,20240307,20231023,20240131,216.28,0.50633051,3,False,完成,71,-0.14441645675902604,-0.09816539478450892
300550.SZ,20201221,0.08,,20210413,20210413,64.68,0.07979400198,2,False,完成,0,0.0,
300551.SZ,20220430,0.05,,20220520,20220818,1323.21,1.0530509782,4,False,完成,63,0.39607456057097323,0.34028492942016353
300552.SZ,20210907,0.0,,20220126,20220126,2.79,0.00223479,2,False,完成,0,0.0,
300559.SZ,20210113,1.8,20210712,20210113,20210517,3298.1448,4.6908140307,6,False,完成,79,-0.38779661016949163,-0.37369316149317366
300562.SZ,20240201,0.4,20250201,20240206,20241009,1073.07,0.9024657278999999,7,False,完成,157,0.8479557953039072,0.5817955664156669
300563.SZ,20210112,0.3,20210712,20210125,20210209,236.26799999999997,0.5615967317999999,3,False,完成,11,-0.014202172096908883,-0.008525890662181568
300563.SZ,20240206,0.5,20240506,20240207,20240320,655.905,0.6614245423,3,False,完成,24,0.6447688564476881,0.5112564551167553
300564.SZ,20240420,,,20240613,20240613,150.08,0.0,2,False,完成,0,0.0,
300564.SZ,20250428,,,20250616,20250616,156.8,0.0,2,False,完成,0,0.0,
300566.SZ,20220422,0.5,20230420,20220429,20230331,248.6954,0.441020298,3,False,完成,224,0.2590505115786679,0.17218739545676987
300566.SZ,20240206,0.6,20250205,20240206,20240930,930.04,1.0939692840000002,7,False,完成,155,0.635777777777778,0.36759561395798546
300567.SZ,20220318,2.0,20230317,20220426,20220513,1418.042,4.8480610468,4,False,完成,10,0.07142857142857117,0.0026957514087020407
300567.SZ,20240203,2.0,20250202,20240205,20240510,419.44,2.3749686216,4,False,完成,58,0.21869782971619367,0.0439365101247029
300568.SZ,20221017,1.0,20230114,20221028,20221231,489.9586,1.008788289326,4,False,完成,45,0.14485729671513203,0.08062159987490158
300568.SZ,20250217,1.0,20250817,20250227,20250324,1119.9492,1.3130059554,3,False,完成,17,-0.10364842454394685,-0.09885181358474016
300568.SZ,20250429,,,20250526,20250821,3413.2132000000006,3.326730959062,5,False,完成,62,0.20734019314095575,0.07151074802192148
300569.SZ,20240803,1.0,20250820,20241030,20250530,9666.5266,5.014367238,8,False,完成,141,-0.013307984790874472,-0.037256763592734
300570.SZ,20210111,1.0,20220107,20210122,20210315,2206.4174,3.2260369345999997,6,False,完成,31,-0.058744993324432615,-0.007331836265144109
300572.SZ,20240220,0.8,20250219,20240222,20241031,1216.75,1.50404051,6,False,完成,167,0.5791702091780764,0.438834838878855
300573.SZ,20260701,1.0,,20260728,20260807,427.95899999999995,1.758936561,4,False,完成,7,0.07329974811083106,0.03877945708870478
300577.SZ,20201229,0.3,20211228,20210106,20210218,84.8711,0.20961434050999997,3,False,完成,26,-0.11115283514832885,-0.1412571345699013
300577.SZ,20210623,0.05,,20210731,20211020,155.9377,0.326872060968,3,False,完成,51,0.3499699338544797,0.2785974892166956
300577.SZ,20220427,0.2,20230426,20220803,20220831,89.4624,0.1203661988,2,False,完成,20,0.012898330804248737,0.0007315160199021786
300577.SZ,20240131,1.0,20250131,20240201,20240731,921.1161,1.3545006736,5,False,完成,117,0.5815644537064604,0.4911460358091704
300578.SZ,20201121,0.01,,20210309,20210309,24.156,0.030167028000000002,3,False,完成,0,0.0,
300578.SZ,20210830,0.01,,20211027,20211027,48.96,0.05910654,2,False,完成,0,0.0,
300582.SZ,20200123,,,20200422,20200422,6.819999999999999,0.001887,4,False,完成,0,0.0,
300582.SZ,20201211,,,20210224,20210224,18.835,0.00696895,4,False,完成,0,0.0,
300582.SZ,20220628,0.0,,20220708,20220708,52.4105,0.010003149749999999,6,False,完成,0,0.0,
300582.SZ,20240424,,,20240710,20240710,31.104000000000003,0.005260815,4,False,完成,0,0.0,
300582.SZ,20250414,1.0,20260411,20250429,20250902,2058.41,2.6086401849999996,6,False,完成,86,0.215051240866992,0.0350741094233431
300583.SZ,20201030,0.05,,20201125,20210226,53.11,0.12925136450000002,2,False,完成,61,-0.31473944894477945,
300583.SZ,20260306,0.3,20270306,20260528,20260625,540.2719999999999,0.684668194,4,False,完成,19,-0.11837048424288998,-0.12300189078900226
300587.SZ,20240427,0.09,,20241011,20241011,439.6336,0.2243418949,2,False,完成,0,0.0,
300588.SZ,20200410,0.06,,20200603,20200603,129.75,0.0836048452,2,False,完成,0,0.0,
300588.SZ,20240207,0.25,20250207,20240219,20250205,649.36,0.521712712,7,False,完成,232,0.6946959896507112,0.5273281261404872
300589.SZ,20220317,0.5,20220916,20220324,20220331,484.4578,0.9441463881999999,3,False,完成,5,0.022845275181723634,0.022235600562117375
300590.SZ,20230831,0.5,20240831,20230915,20240131,847.0939999999999,0.9640488150000001,6,False,完成,91,-0.2468694096601074,-0.15796042995767345
300592.SZ,20220128,2.0,20230128,20220221,20230120,6827.19,10.5697883907,12,False,完成,226,-0.1623838162930562,-0.10445326054229576
300592.SZ,20230131,3.0,20240131,20230201,20231027,8838.3105,18.0321624978,11,False,完成,180,0.3764775413711583,0.4983246299128177
300592.SZ,20250423,0.03,,20250506,20250818,2634.44,2.9926086536999996,7,False,完成,73,0.02472400873554914,-0.08849886395894357
300592.SZ,20251217,0.3,20261217,20251218,20251224,398.09000000000003,0.43586492,2,False,完成,4,-0.003669724770642313,-0.019995628676061084
300592.SZ,20260425,0.56,,20260630,20260630,812.084,0.5621697801,2,False,完成,0,0.0,
300592.SZ,20260730,0.5,20261030,20260731,20260805,503.29999999999995,0.6744953499999999,2,False,完成,3,0.28979907264296756,0.27444584520614046
300593.SZ,20231024,0.6,20241023,20231129,20240731,772.85,1.1515901656,4,False,完成,162,-0.39628653145893566,-0.37924838260247973
300594.SZ,20241106,1.0,20251105,20251031,20251103,440.12980000000005,0.8185737578000001,2,False,完成,1,0.009554140127388422,0.004037176980971058
300595.SZ,20210108,0.0,,20210319,20210901,29.7892,0.0140604474,3,False,完成,113,0.15028735455432551,0.0979059676513585
300595.SZ,20230401,0.09,,20231024,20231024,30.779899999999998,0.0927892413,3,False,完成,0,0.0,
300595.SZ,20240816,0.08,,20241011,20250218,99.28829999999999,0.2036884912,3,False,完成,85,-0.11222869242985711,-0.1407359655801873
300595.SZ,20250426,0.09,,20251027,20251027,86.3263,0.16985175660000001,2,False,完成,0,0.0,
300595.SZ,20260423,0.1,,20260817,20260817,93.2515,0.18371133089999997,2,False,完成,0,0.0,
300597.SZ,20240206,0.6,20240522,20240227,20240401,869.6800000000001,0.649477,4,False,完成,24,0.02752293577981657,0.006855504113590927
300597.SZ,20240531,0.6,20250531,20240613,20241107,1966.43,1.46722081,6,False,完成,98,0.36417910447761215,0.1905477713773458
300598.SZ,20240227,0.2,20250226,20240328,20240918,96.126,0.31417538,4,False,完成,116,-0.04172425153404813,0.0617398775272906
300599.SZ,20240206,0.7,20250205,20240304,20240709,4472.17,2.64364822,8,False,完成,85,-0.13205030005317397,-0.10860684624492078
300601.SZ,20220819,2.0,20230314,20220921,20230313,628.94,2.0719831086,4,False,完成,112,0.09891196834817029,0.047972670542249185
300602.SZ,20200222,,,20200320,20200525,8.235,0.0,2,False,完成,42,-0.1356854838709679,
300603.SZ,20220215,0.0,,20220225,20220509,1216.335,0.39440431789999997,2,False,完成,46,-0.11569579288025889,0.01596197924962106
300603.SZ,20230512,0.5,20240512,20230718,20240430,2194.9276999999997,2.0208508074,8,False,完成,190,-0.29778156996587035,-0.27674874694090335
300605.SZ,20210617,0.0,,20210722,20210722,69.3845,0.0424236416,3,False,完成,0,0.0,
300605.SZ,20220428,0.01,,20220719,20220719,10.764,0.0067855744,2,False,完成,0,0.0,
300606.SZ,20220526,0.0,,20220531,20220916,377.95220000000006,0.42298658860000005,5,False,完成,76,0.06517857142857131,0.0856308736215119
300607.SZ,20220218,0.5,20230218,20220311,20220331,72.52000000000001,0.0890867032,2,False,完成,14,-0.054245283018867996,-0.03751129625469074
300607.SZ,20220427,0.0,,20220511,20220630,63.18,0.0738054932,3,False,完成,35,0.2822502424830262,0.1540056785932622
300607.SZ,20220715,0.07,,20220731,20221231,610.2108,0.7862023972,4,False,完成,104,-0.0750158931977114,-0.025916991054037664
300607.SZ,20231103,0.5,20241103,20231124,20241029,846.2343999999999,0.9879401080000001,6,False,完成,222,-0.20445344435320867,-0.26386641649851417
300608.SZ,20231013,0.5,20241012,20240124,20240731,727.606,0.7258954179999999,6,False,完成,123,-0.27095193826210706,-0.30021989752589184
300609.SZ,20201106,0.6,20210505,20201111,20201208,187.70999999999998,0.520383887,4,False,完成,19,-0.16891436277815242,
300609.SZ,20201224,1.2,20210323,20201223,20210208,1283.82,2.1603890273,6,False,完成,32,-0.15337870934457765,
300609.SZ,20230829,,,20230907,20240301,62.9503,0.1416504068,2,False,完成,113,-0.246800731261426,-0.22307974234193972
300610.SZ,20250418,0.4,20260513,20250521,20251130,706.1,0.7966393199999999,6,False,完成,130,0.08426916685156915,-0.05543249645710946
300611.SZ,20221228,0.5,20231227,20230315,20231226,1228.92,1.16352006,9,False,完成,192,0.24644321596361052,0.4031413573854077
300611.SZ,20260522,0.7,20270521,20260605,20260701,204.07,0.5524006499999999,2,False,完成,17,-0.0981343283582089,-0.11671116617430632
300613.SZ,20240308,1.0,20240608,20240326,20240530,344.2393,1.1014379282,4,False,完成,42,0.020128354725787556,0.00026581777041889687
300616.SZ,20200418,0.0,,20200608,20200925,124.572,0.775383119,4,False,完成,77,-0.06257668711656461,
300616.SZ,20240206,1.0,20240505,20240207,20240417,1446.29,1.8294949665,5,False,完成,42,0.03510204081632651,-0.04634948516345394
300616.SZ,20240429,0.5,20240729,20240426,20240606,877.0792000000001,1.0799117217,4,False,完成,26,-0.06025525598598391,-0.047974621948354335
300616.SZ,20240624,0.5,20240924,20240624,20240731,1036.4299999999998,1.1320620931,4,False,完成,27,0.049302325581395356,0.05799653161896945
300616.SZ,20240822,0.5,20241122,20240822,20240930,1115.8819,1.1041752662,5,False,完成,25,0.7063081695966906,0.4568818772814478
300617.SZ,20220915,2.0,20221215,20220920,20221031,1015.1800999999999,3.6757181104,5,False,完成,24,-0.06333333333333324,0.010772668698566301
300617.SZ,20240127,0.06,,20240522,20240522,63.647999999999996,0.066257568,2,False,完成,0,0.0,
300618.SZ,20231123,0.5,20241208,20240227,20240331,239.8596,0.5619691068,3,False,完成,23,0.02248621128553241,0.013850123170696449
300620.SZ,20200728,0.0,,20201103,20201103,1.9,0.0037343999999999997,2,False,完成,0,0.0,
300620.SZ,20210604,0.0,,20210817,20210817,1.6,0.0030971,2,False,完成,0,0.0,
300622.SZ,20240706,0.0,,20250409,20250409,8.07,0.00578619,2,False,完成,0,0.0,
300623.SZ,20220211,0.0,,20220506,20220506,5.699999999999999,0.006847581,2,False,完成,0,0.0,
300623.SZ,20230404,0.01,,20230529,20230621,13.73,0.0165780982,2,False,完成,17,-0.045549738219895275,-0.03852177645797117
300623.SZ,20231027,0.0,,20231130,20240202,5.6212,0.0066286877,2,False,完成,45,-0.32903981264636994,-0.25542982133881986
300623.SZ,20240313,0.19,,20240424,20240528,145.4662,0.19154815649999998,2,False,完成,21,0.054086538461538325,0.032137572380939394
300624.SZ,20240816,0.4,20250815,20240918,20240930,70.1,0.2791684505,2,False,完成,8,0.4864165588615783,0.21055449328535847
300624.SZ,20250428,0.5,20260425,20250527,20251231,122.50880000000001,0.7588990906,4,False,完成,149,0.19969434538970976,0.009817277248562739
300624.SZ,20260624,0.5,20270622,20260722,20260731,6.62,0.03098914,2,False,完成,2,0.0927098223402083,0.1018639765633862
300628.SZ,20200513,0.01,,20200730,20200730,27.096,0.028570798799999998,2,False,完成,0,0.0,
300628.SZ,20201028,,,20210309,20210309,20.4,0.0,2,False,完成,0,0.0,
300628.SZ,20230116,1.0,20240116,20230206,20230430,187.43,1.1628024,3,False,完成,58,0.0651050080775446,0.037998258232926574
300629.SZ,20240207,0.5,20240506,20240229,20240505,232.02190000000002,0.42016619480000006,3,False,完成,41,0.13532110091743133,0.10253815835276114
300631.SZ,20231106,0.5,20240504,20231128,20240503,701.94,1.7917087036000001,7,False,完成,101,-0.25408229915088176,-0.27000331692025037
300632.SZ,20221213,1.5,20231213,20221216,20230321,3976.0971,5.0329483864,6,False,完成,61,-0.024049650892164598,-0.05036743635598795
300632.SZ,20240206,2.0,20240505,20240207,20240507,3044.487,2.7607744093999997,5,False,完成,53,0.31829896907216493,0.18510015518065392
300633.SZ,20231107,1.2,20241107,20231121,20240705,911.29,4.05141646,6,False,完成,150,-0.26629679937712225,-0.23694813213034105
300633.SZ,20260318,2.0,20270403,20260409,20260514,1523.97,3.8905897032,3,False,完成,22,-0.09411309062742057,-0.14002548628340916
300634.SZ,20231215,1.0,20240615,20240102,20240201,303.794,0.516047933,2,False,完成,22,-0.24012006003001496,-0.18759103441397407
300637.SZ,20260806,0.6,20270806,20260817,20260831,28.8,0.02613261,2,False,完成,10,0.06896551724137945,0.06798820826257601
300638.SZ,20230825,1.0,20240824,20230828,20231207,966.8778,1.670969294,5,False,完成,67,0.05082932049224165,0.09774498730266723
300639.SZ,20201201,1.0,20211201,20201208,20210422,427.35,1.6079028816,3,False,完成,90,0.037525528131235886,
300639.SZ,20220922,1.0,20231010,20221025,20230523,2144.41,3.8739617828999995,6,False,完成,140,-0.2843333065763125,-0.3438476743531641
300639.SZ,20240206,0.6,20240505,20240206,20240221,601.67,0.4009778389,2,False,完成,5,0.09200603318250389,0.03225393885225869
300639.SZ,20240628,0.6,20240927,20240628,20240910,1164.6399999999999,0.5574199159000001,4,False,完成,52,0.14347826086956528,0.2364879969749487
300639.SZ,20241115,1.0,20250214,20241217,20250211,1762.285,1.0469805503,3,False,完成,33,-0.060842433697347986,-0.04855035133277241
300639.SZ,20260724,1.5,20261023,20260728,20260819,5114.0382,2.8994483675,5,False,完成,15,0.18343195266272194,0.17429878766067608
300640.SZ,20211201,0.05,,20220316,20220407,412.32000000000005,0.22953243669999998,5,False,完成,14,0.05624999999999991,0.03471678700134584
300641.SZ,20240208,0.5,20240507,20240208,20240410,1918.4948,0.7030445602,4,False,完成,36,0.634730538922156,0.5475590370377363
300642.SZ,20201124,0.01,,20201223,20210127,12.0,0.0383287878,2,False,完成,24,-0.11720806920059312,
300642.SZ,20211027,0.5,20221026,20211031,20220331,149.62199999999999,0.414727812,5,False,完成,103,0.013918629550321304,0.10593043166721894
300642.SZ,20220423,0.01,,20220430,20220930,216.9438,0.5137949314,3,False,完成,105,0.0264651458241274,0.03415989130742725
300642.SZ,20240206,0.5,20240506,20240220,20240229,48.785,0.06262936,2,False,完成,7,0.042553191489361764,0.010589945231746833
300642.SZ,20240423,0.12,,20240426,20240619,474.33,0.61001526,3,False,完成,34,-0.1189511400249359,-0.09834503276859097
300642.SZ,20250419,0.05,,20250616,20250930,170.2,0.394990018,4,False,完成,76,0.6664310954063601,0.4543928991228363
300643.SZ,20240219,0.16,20240519,20240222,20240331,133.82,0.129025,3,False,完成,26,0.1875,0.16687936051783292
300644.SZ,20230811,0.4,20240811,20230907,20240229,762.4499999999999,1.3689610437000002,8,False,完成,112,-0.20065970313358994,-0.17224533903629813
300644.SZ,20250113,0.4,20260113,20250124,20250430,368.78000000000003,0.8636050882,5,False,完成,61,0.12290008841732969,0.11385773010546374
300645.SZ,20240130,0.8,20240429,20240202,20240410,1372.46,1.6085937272,6,False,完成,40,0.16290322580645156,0.048745075327455645
300650.SZ,20220120,0.8,20220720,20220228,20220719,783.222,1.1490674349,6,False,完成,95,-0.14771114178585765,-0.10018387381875715
300653.SZ,20231220,0.5,20241220,20240403,20241220,812.515,1.7225750269,8,False,完成,174,-0.022776387242764318,-0.10946356477315622
300656.SZ,20240130,0.3,20250219,20240228,20240412,336.16999999999996,0.6714808076000001,4,False,完成,30,-0.032490974729241784,-0.052235797923454896
300656.SZ,20240419,0.6,20250419,20240918,20250331,135.77,0.327016046,2,False,完成,126,0.2872340425531914,0.048574076934627675
300657.SZ,20201116,2.0,20211114,20201217,20211111,1996.8387,3.5419551591999996,6,False,完成,210,0.3221003693350015,
300658.SZ,20240219,0.5,20240519,20240226,20240520,1000.79,0.5259886872,3,False,完成,55,0.005813953488372103,-0.05575737672071335
300664.SZ,20200204,2.0,20210204,20200207,20200313,3147.87,4.3713608682,4,False,完成,25,0.10496046010064708,
300664.SZ,20230428,3.0,20230728,20230508,20230630,8214.9563,4.8001778574,6,False,完成,37,0.004823045751131572,0.06536898351042586
300664.SZ,20240206,2.0,20240506,20240207,20240411,4377.9800000000005,2.04966865,5,False,完成,38,0.18881118881118852,0.10866862698091673
300664.SZ,20250429,,,20250624,20250624,355.6,0.0,2,False,完成,0,0.0,
300665.SZ,20210310,0.2,20210910,20210315,20210319,122.53,0.13617,2,False,完成,4,0.029011786038077858,0.03363061676201706
300666.SZ,20230213,0.03,,20230419,20230628,22.5,0.05495,2,False,完成,45,-0.21269361015042976,-0.16807434696065937
300666.SZ,20231202,0.0,,20231231,20240131,110.34,0.5998450811,2,False,完成,22,-0.3277569136223967,-0.2828241764929371
300666.SZ,20240312,0.02,,20240318,20240331,89.41,0.4546602411,3,False,完成,9,-0.10329581993569148,-0.09039315838604489
300666.SZ,20240425,0.0,,20240524,20240731,208.17000000000002,1.038809465,3,False,完成,47,0.18179891468947829,0.24216917874428634
300666.SZ,20250124,0.0,,20250508,20250508,1.54,0.00369446,2,False,完成,0,0.0,
300668.SZ,20200120,0.5,20200807,20200227,20200331,351.51,0.5987822252,3,False,完成,23,-0.12630359212051,
300668.SZ,20200421,0.09,,20200731,20200914,303.805,0.4433425223,2,False,完成,31,0.0662686567164179,
300669.SZ,20240227,0.2,20240827,20240513,20240827,201.89,0.279685775,4,False,完成,75,-0.1374416300237249,-0.04682070261891602
300672.SZ,20240205,1.0,20250204,20240307,20240930,563.3014,2.8868620842,9,False,完成,139,0.14841182913472073,0.04202193127974008
300673.SZ,20220308,1.0,20230323,20220329,20230323,2543.3644999999997,4.0633962775,9,False,完成,239,0.11552701896017492,0.0874543486429229
300673.SZ,20230504,0.7,20231030,20230511,20231029,1654.4450000000002,2.181752925,6,False,完成,113,-0.01904761904761898,0.07579333523046805
300673.SZ,20240206,1.0,20250205,20240206,20250204,2560.8264000000004,2.771799164,8,False,完成,234,0.8694331983805663,0.604244327769268
300673.SZ,20251125,0.7,20260524,20251126,20260131,726.07,1.3348218159999998,4,False,完成,45,-0.05891719745222923,-0.11691020917474149
300674.SZ,20220429,3.0,20230517,20220530,20220630,237.00650000000002,0.361396095,3,False,完成,22,0.060175794455713305,-0.01767136058357277
300674.SZ,20220727,0.05,,20220731,20230317,2800.0632,4.1438967163,6,False,完成,153,0.23107307439104674,0.23209268615192502
300674.SZ,20240202,1.5,20250201,20240205,20240508,6043.2112,7.294723823600001,7,False,完成,56,0.21200387221684402,0.04685307012251538
300676.SZ,20200425,6.0,20210515,20200526,20200531,710.8032000000001,8.5195992459,3,False,完成,3,0.008615641990798784,
300676.SZ,20211029,5.2,20221027,20220105,20220309,951.8633,8.087646808999999,5,False,完成,40,-0.12272105742935291,-0.03145082835841595
300676.SZ,20260616,5.0,20270616,20260713,20260805,1712.1708,6.2594909742,4,False,完成,11,0.07759562841530054,0.08742138955365664
300677.SZ,20210903,0.01,,20220217,20220217,43.393,0.013772549200000001,2,False,完成,0,0.0,
300677.SZ,20220610,5.0,20230609,20220614,20221013,5664.467199999999,13.0457333226,7,False,完成,81,-0.15500020728840014,-0.07864810946963041
300677.SZ,20230713,2.0,20240713,20230717,20231231,1241.3082,2.3652037985999996,7,False,完成,113,0.042857142857142705,0.1251289819384085
300677.SZ,20240919,1.2,20250919,20240920,20250918,1116.138,2.3075172745000003,7,False,完成,242,0.6721729471241225,0.19437285758917078
300679.SZ,20220128,2.0,20230214,20220215,20220513,628.6700000000001,3.0574790136,4,False,完成,58,-0.30634755463059316,-0.22497820321556228
300679.SZ,20231108,1.0,20241108,20231120,20240902,1102.74,4.109333524599999,7,False,完成,192,-0.2156787001775432,-0.1438925432155519
300679.SZ,20260209,2.0,20270209,20260306,20260831,1361.72,5.19483542,6,False,完成,121,0.30698595664656136,0.35219786390430663
300680.SZ,20230427,1.0,20240427,20230509,20230605,786.9100000000001,1.47866951,4,False,完成,19,0.07599023169932684,0.11767573622010152
300680.SZ,20241128,2.0,20251216,20250127,20250714,990.52,3.2350035266,6,False,完成,109,0.32399582583091235,0.22278692563193125
300682.SZ,20201221,1.5,20210405,20210106,20210304,2501.1859999999997,3.4310205212000002,7,False,完成,36,-0.0838971583220568,-0.07150676904206155
300682.SZ,20220427,1.0,20220726,20220506,20220617,312.313,0.7511270234,3,False,完成,29,0.4034440577078289,0.2700616285144801
300682.SZ,20230810,3.0,20240225,20230831,20231030,3218.91,6.711239892899999,4,False,完成,36,-0.13520996769727744,-0.10706922712784017
300682.SZ,20240625,2.0,20250110,20240715,20240918,5303.6154,4.296632355,5,False,完成,45,0.022592152199762072,0.11920690816152191
300684.SZ,20200423,0.02,,20200720,20200720,16.48,0.018045600000000002,2,False,完成,0,0.0,
300684.SZ,20220124,0.01,,20220328,20220328,7.744,0.00766656,3,False,完成,0,0.0,
300684.SZ,20221227,0.2,20231227,20230113,20230119,146.21,0.23248484,2,False,完成,4,0.019169329073482233,0.005023755138997998
300684.SZ,20240301,0.3,20250301,20240510,20240829,263.69,0.42295715999999994,4,False,完成,78,0.09015412097831654,0.21814151856168684
300684.SZ,20250414,0.3,20260414,20250416,20251121,133.06,0.31542792999999997,4,False,完成,147,0.8995275293525926,0.6226953826994128
300684.SZ,20260720,0.6,20270720,20260724,20260731,71.78,0.34423482,2,False,完成,5,-0.06659482758620683,-0.07099473273820944
300685.SZ,20220421,0.04,,20220430,20230213,1542.3568999999998,4.6411984625,7,False,完成,190,0.14842332396651936,0.06551374972375723
300685.SZ,20240508,0.01,,20240515,20240930,1984.564,3.7007781071000005,7,False,完成,95,0.17811427087829879,0.10163466267145083
300685.SZ,20241118,0.01,,20241216,20250225,1524.942,2.8379368195000003,4,False,完成,44,0.00041000410004099486,0.012456459626121852
300685.SZ,20251025,2.0,20261110,20251128,20260331,1064.99,2.2309569146,6,False,完成,79,0.019990913221262785,0.01913539531715802
300685.SZ,20260416,0.17,,20260427,20260831,2715.8875,5.0225539261000005,4,False,完成,82,-0.2065313068562209,-0.18661720922277714
300686.SZ,20211019,0.7,20221018,20211104,20221012,3656.7039999999997,4.644277756,13,False,完成,226,-0.17818555733142583,-0.04200168546630956
300686.SZ,20240226,0.5,20250225,20240229,20250218,1121.58,0.8735192399999999,7,False,完成,233,0.29694323144104806,0.17627220226641116
300686.SZ,20250624,0.6,20260623,20250827,20260512,965.49,1.4687787399999999,7,False,完成,166,0.3229859571322986,0.19298197968743946
300687.SZ,20220428,1.0,20230520,20220622,20220930,516.3116,1.1782780294000001,5,False,完成,71,0.04403405350111855,0.12785360556229097
300687.SZ,20231212,0.4,20241211,20231218,20240430,474.1103,0.9072446428,5,False,完成,87,-0.23213493120284057,-0.27517265212737063
300687.SZ,20240723,1.0,20250807,20240920,20250724,1251.165,1.93903652,6,False,完成,202,1.263273905009442,0.7178670638469931
300687.SZ,20260730,0.6,20270729,20260811,20260831,150.11,0.41045497999999997,2,False,完成,14,0.10069571585499815,0.08628085527112273
300688.SZ,20240208,0.3,20250207,20240620,20241231,251.79999999999998,0.61109599,6,False,完成,121,0.2283192632386799,0.10140127411107014
300689.SZ,20240125,0.3,20250125,20240126,20240229,374.09400000000005,0.478905185,4,False,完成,18,-0.17974835230677066,-0.20829869798794898
300691.SZ,20220426,0.0,,20220729,20220729,9.792,0.007007696,2,False,完成,0,0.0,
300691.SZ,20231023,0.6,20241020,20231025,20240228,623.3969,1.0756885148,7,False,完成,83,-0.08465909090909107,-0.07962690943282202
300691.SZ,20260609,0.5,20270609,20260610,20260818,803.24,1.21820464,5,False,完成,48,-0.1361985472154963,-0.135565985281631
300692.SZ,20220606,0.8,20221206,20220621,20221020,2846.027,2.074675965,6,False,完成,81,-0.05865921787709483,0.02560045565779001
300692.SZ,20240201,0.7,20240801,20240205,20240630,2232.258,1.040147196,4,False,完成,92,-0.010689489440799504,-0.09911117493876698
300694.SZ,20201226,0.4,20211224,20210107,20210726,640.8399999999999,0.6650477344,4,False,完成,132,0.17910166626418733,0.21608671189223494
300695.SZ,20240325,1.0,20250325,20240416,20241130,545.31,2.09455099,9,False,完成,152,0.10935064935064931,0.0028370284253667055
300699.SZ,20231230,3.0,20240328,20240111,20240327,1619.0800000000002,4.0380826244,4,False,完成,48,0.08259700345754895,0.04408083465762891
300700.SZ,20240205,0.6,20240505,20240220,20240430,435.63,0.4883347508,4,False,完成,48,-0.019230769230769162,-0.07675172944557729
300700.SZ,20240823,0.6,20241123,20240902,20240930,1230.372,0.7922103424,4,False,完成,18,0.2908777969018934,0.0875784491287519
300702.SZ,20220701,1.0,20221230,20220802,20221215,493.58859999999993,1.1922031304,4,False,完成,91,-0.038140643623361226,-0.03279242686785522
300702.SZ,20240124,0.5,20240724,20240130,20240430,454.966,0.765741,5,False,完成,57,0.10840579710144937,0.01048290886968184
300702.SZ,20260611,1.3,20261210,20260616,20260731,1083.67,2.23092091,4,False,完成,32,0.0354720918101199,0.10562357579153958
300703.SZ,20210416,0.0,,20210601,20210713,4.644,0.002256912,2,False,完成,29,0.045454545454545636,0.06251215804241217
300703.SZ,20250912,1.54,20260911,20251009,20251027,671.73,2.0407712711999997,3,False,完成,12,-0.13971992361553143,-0.15327368774662964
300705.SZ,20250218,1.5,20260217,20250313,20250731,1765.9099999999999,2.86841205,4,False,完成,95,0.12894205174812456,0.06117797559484539
300707.SZ,20211001,0.0,,20211223,20211223,4.5,0.003672,2,False,完成,0,0.0,
300707.SZ,20240201,0.6,20250201,20240206,20240328,973.89,1.03653978,4,False,完成,31,0.27882797731568987,0.18487922035873883
300707.SZ,20260616,0.6,20270701,20260702,20260831,507.37,0.5299758800000001,5,False,完成,40,0.06911636045494318,0.08054314235390603
300708.SZ,20240205,5.0,20240505,20240205,20240408,14681.678,13.306459852700002,8,False,完成,37,0.12668337281183195,-0.0008354598927697854
300712.SZ,20240207,1.0,20250223,20240304,20250221,1611.7950999999998,3.7948118586,9,False,完成,234,0.24318972600292943,0.1181731997180433
300715.SZ,20220216,0.53,,20220228,20220930,3339.1498,4.8910137126,8,False,完成,147,-0.1040318938580218,0.025699594047544627
300715.SZ,20240202,1.0,20250202,20240205,20240731,4128.774,3.3843478067999997,7,False,完成,115,-0.17093854461301106,-0.2376765759417141
300718.SZ,20231127,0.4,20240527,20240131,20240527,275.6,0.39372281,3,False,完成,72,0.037776193870278085,-0.07367177234171118
300723.SZ,20210511,2.0,20220510,20210519,20210531,305.788,0.8528244999000001,2,False,完成,8,-0.05021067415730329,-0.07766623359231006
300723.SZ,20210603,0.07,,20210609,20220331,1608.9450000000002,4.5533836161000005,5,False,完成,197,0.05499438832772152,0.16502668199447812
300723.SZ,20220421,0.02,,20220430,20220712,1098.9232,3.0351381463999996,4,False,完成,48,0.02865991845849236,-0.044820064467536835
300723.SZ,20240427,0.07,,20240815,20240815,245.0515,0.2267984145,2,False,完成,0,0.0,
300723.SZ,20251216,2.0,20260315,20251217,20260228,933.48,3.239215,4,False,完成,44,-0.005698860227954627,-0.07558710727554885
300724.SZ,20230223,0.0,,20230411,20230613,3.3930000000000002,0.020278458,2,False,完成,42,-0.21844286813092895,-0.19913227593548455
300724.SZ,20230831,1.0,20240830,20230907,20231208,183.41799999999998,1.4602196284,4,False,完成,60,-0.19110459433040072,-0.1494844553869149
300724.SZ,20240105,0.0,,20240329,20240403,84.19000000000001,0.6608944081,2,False,完成,3,0.012434884893295362,0.003156281003340311
300724.SZ,20240822,0.0,,20240923,20241128,51.81,0.33710886160000003,3,False,完成,43,0.6085136078157711,0.3416493637222897
300725.SZ,20231031,0.4,20241030,20231121,20240331,217.628,0.8080754492000001,5,False,完成,86,-0.14372425753305884,-0.13618800857043345
300729.SZ,20200618,0.0,,20200805,20200911,42.077999999999996,0.06055812,3,False,完成,27,0.520429418362442,
300730.SZ,20220623,0.01,,20221122,20221122,33.165,0.01513884,2,False,完成,0,0.0,
300730.SZ,20230620,0.01,,20231110,20231110,35.85,0.016340625,2,False,完成,0,0.0,
300732.SZ,20220812,0.05,,20221018,20230606,119.7258,0.0538226913,3,False,完成,155,0.08583779511138778,0.04696826355280126
300733.SZ,20230921,0.5,20240921,20231030,20240229,482.862,0.5921183715,3,False,完成,81,-0.2905569007263924,-0.2890552255484842
300735.SZ,20200429,2.0,20210428,20200604,20201224,4045.8896999999997,7.124020154699999,5,False,完成,137,-0.278236914600551,
300735.SZ,20220505,1.0,20221117,20220802,20221116,1175.0313999999998,1.3175714118000001,4,False,完成,70,-0.05783582089552253,-0.03781893400222047
300736.SZ,20210608,0.5,20220607,20210610,20210630,400.736,0.503377952,3,False,完成,13,-0.07539353769676882,-0.07033126674315482
300736.SZ,20210827,0.01,,20211031,20220430,1133.4376,1.3774584654000002,5,False,完成,122,-0.22553191489361712,-0.0983779667276442
300737.SZ,20210720,1.5,20220719,20210720,20210930,1669.9614000000001,2.5860127056,4,False,完成,50,-0.0248565965583174,-0.03343141765956392
300737.SZ,20220429,1.6,20230428,20220524,20230310,1679.5986,1.9248567131000003,8,False,完成,195,0.1753183153770812,0.11740909901321128
300737.SZ,20230427,0.03,,20230609,20230609,359.2064,0.027035014700000005,2,False,完成,0,0.0,
300737.SZ,20231027,2.0,20241026,20231130,20240331,5404.379999999999,3.206082891,6,False,完成,79,-0.3183856502242153,-0.32096183624649277
300737.SZ,20240525,0.0,,20240630,20241009,12568.902199999999,5.337547778399999,5,False,完成,66,0.27441860465116297,0.1604413472149515
300738.SZ,20240130,1.0,20250130,20240205,20240516,887.85,0.7861974769,3,False,完成,62,0.7376811594202901,0.5038222072591305
300739.SZ,20240424,,,20240711,20240711,132.57,0.003888,2,False,完成,0,0.0,
300739.SZ,20250514,0.25,20261112,20251031,20251031,110.97,0.07427403900000001,4,False,完成,0,0.0,
300739.SZ,20260606,0.0,,20260715,20260908,130.88,0.21039419000000004,5,False,完成,39,-0.006109979633401319,-0.0023198029568221035
300740.SZ,20230925,0.02,,20240311,20240829,68.04650000000001,0.017864812,2,False,完成,117,-0.37324243725312756,-0.3187724343678632
300740.SZ,20250416,1.0,20260415,20250422,20250430,1708.73,2.0619531596,3,False,完成,6,0.07100591715976323,0.07777540016540874
300743.SZ,20240206,0.6,20240506,20240207,20240331,1212.6281,1.0404964995,5,False,完成,31,0.48815789473684235,0.38467699580779513
300743.SZ,20250409,0.6,20250708,20250415,20250630,804.3299999999999,1.2003196337,5,False,完成,50,0.40935077765279515,0.3370247868357852
300745.SZ,20240131,1.0,20250219,20240220,20250206,712.0466,1.3546355897,5,False,完成,232,0.11472392638036832,-0.0038591960096856504
300748.SZ,20231030,2.0,20241030,20231222,20240530,1279.2402,2.5334878274,3,False,完成,102,-0.2962781586679727,-0.3365443932052272
300748.SZ,20250428,2.0,20260528,20250825,20250902,373.1962,1.4426309941999997,2,False,完成,6,0.04235423542354222,0.04922421462245241
300749.SZ,20250304,0.35,20260303,20250324,20250717,1358.41,0.91859014,4,False,完成,78,0.30428134556574915,0.2498388235977742
300750.SZ,20200425,0.37,,20200522,20200522,128.592,0.4550164587,2,False,完成,0,0.0,
300750.SZ,20210428,0.08,,20210621,20210621,46.6226,0.1658781829,2,False,完成,0,0.0,
300750.SZ,20220422,,,20220819,20220819,13.629000000000001,0.022629,2,False,完成,0,0.0,
300750.SZ,20231031,30.0,20241030,20231117,20240229,3648.4551999999994,60.52769151300001,5,False,完成,67,-0.09528025231007586,-0.08351977343349237
300750.SZ,20240316,0.01,,20240617,20240731,3070.9368,51.613132114799996,4,False,完成,32,-0.010572747655316461,0.01539945876733495
300750.SZ,20250407,80.0,20260407,20250425,20250911,9767.7517,252.23586334420003,10,False,完成,95,0.36818981320338784,0.16333099129941853
300751.SZ,20220215,3.25,20230302,20220422,20220531,109.6685,3.5366763810000004,3,False,完成,24,0.16315448458856574,0.12683074637357827
300751.SZ,20241020,1.0,20250118,20241115,20241130,90.172,1.1726748988,2,False,完成,10,-0.05657492354740057,-0.05536372715855398
300752.SZ,20200915,0.0,,20201126,20210115,7.4,0.010837300000000001,2,False,完成,35,0.5876374692468749,
300752.SZ,20231102,0.4,20241102,20231127,20240621,1823.5906,2.4271628391999998,10,False,完成,136,-0.2734997344662772,-0.26536696419292527
300752.SZ,20250113,0.6,20260113,20250115,20250718,1279.49,2.3095061759999997,7,False,完成,121,0.12180974477958251,0.024254825635708466
300755.SZ,20231213,1.5,20241228,20240115,20240403,4403.374900000001,7.2866967609,7,False,完成,51,-0.04069119286510581,-0.09788945914520031
300758.SZ,20210524,1.0,20220524,20210601,20210702,756.145,1.7791550916999999,3,False,完成,22,0.07500000000000018,0.10736960994350442
300758.SZ,20220314,2.0,20230313,20220315,20220430,1842.3529999999998,2.1986300528,4,False,完成,31,-0.20750000000000013,-0.20310380877004697
300759.SZ,20240426,3.0,20240725,20240508,20240704,3764.759,8.0934928905,6,False,完成,40,-0.08469100717818345,-0.031796846934862955
300760.SZ,20210826,10.0,20220824,20210831,20210901,469.86,15.372213789699998,2,False,完成,1,0.009146341463414753,0.0025941199068786336
300762.SZ,20230424,,,20231026,20231026,66.9568,0.0020712960000000002,2,False,完成,0,0.0,
300763.SZ,20210513,0.0,,20210622,20210622,2.535,0.00401202,2,False,完成,0,0.0,
300763.SZ,20230830,1.0,20240828,20230905,20231031,137.93,1.0070289799999999,3,False,完成,34,-0.11994219653179194,-0.08041130469286106
300763.SZ,20240429,0.69,,20240812,20240827,193.415,1.1909685795000002,2,False,完成,11,-0.13684040664837827,-0.13396998626906798
300765.SZ,20230921,5.22,20240920,20231010,20240831,3968.8255,10.708053685700001,9,False,完成,210,0.5583548278037513,0.6861181761288013
300766.SZ,20200413,0.5,20210409,20200508,20201130,187.5,0.5517171504,3,False,完成,138,-0.06921681415929193,
300766.SZ,20210104,1.0,20210331,20201230,20210331,1543.9741,2.6645661154,5,False,完成,59,-0.1470314418976112,
300768.SZ,20220426,1.0,20230425,20220512,20230331,3420.7022000000006,5.000355037199999,8,False,完成,218,0.33838844865081796,0.2492952434380047
300768.SZ,20240122,1.0,20250122,20240123,20240331,2315.2531,2.5275784133,5,False,完成,42,0.02670111972437561,-0.06451550885296453
300769.SZ,20231204,2.0,20241204,20240102,20240729,1116.008,4.490382768,8,False,完成,137,-0.5552325581395348,-0.5444002459059134
300770.SZ,20210206,1.0,20210825,20210319,20210824,804.2546,3.9883445278,7,False,完成,107,-0.0074494603407399,-0.03846112401322088
300770.SZ,20240807,1.0,20250823,20241009,20250731,437.2454,1.6854533444,6,False,完成,199,0.06259721352389658,-0.030884005709318707
300771.SZ,20231026,0.73,20241025,20231211,20240514,2405.794,2.460633334,7,False,完成,99,-0.12282309807516034,-0.16585854372047937
300773.SZ,20210104,6.0,20211231,20210111,20210412,6937.5418,20.687315559600002,5,False,完成,59,0.038047138047137885,0.07410411952980223
300773.SZ,20230627,1.04,20240627,20230629,20230731,659.01,1.15949847,3,False,完成,22,0.06434782608695655,0.029206791118113973
300775.SZ,20250429,,,20250711,20250711,270.07,0.6225754731,2,False,完成,0,0.0,
300776.SZ,20240223,1.0,20250223,20240229,20240331,114.17599999999999,0.537390252,2,False,完成,21,-0.06562565942181897,-0.07361263147697594
300777.SZ,20240515,0.3,20250515,20240704,20241211,262.06,0.6239280700000001,6,False,完成,107,0.3440389294403894,0.15807619332117073
300777.SZ,20250415,0.8,20260412,20250416,20250523,416.18,1.40574946,3,False,完成,24,0.051581556650710514,0.028853899570289387
300778.SZ,20250110,0.8,20260110,20250114,20250331,263.553,0.270013312,4,False,完成,48,0.02952755905511828,0.0002670608585555456
300778.SZ,20250423,,,20250630,20251103,1084.5699,1.2314738299999999,6,False,完成,84,0.05007824726134591,-0.09043189518160688
300779.SZ,20240207,1.2,20250206,20240220,20250124,421.1835,1.7969067330000001,5,False,完成,229,2.3794461957162887,2.03668735379357
300783.SZ,20210121,2.0,20210721,20210203,20210531,1346.3768,5.9625878335,5,False,完成,74,0.16457921335970127,0.132957959322213
300783.SZ,20220820,0.7,20230818,20221110,20230629,433.73,0.8597234327,4,False,完成,153,0.029100529100529293,-0.01819277910548789
300783.SZ,20260324,2.0,20270324,20260325,20260624,811.78,1.48900517,4,False,完成,60,-0.12332664969473028,-0.16149510605835438
300786.SZ,20240208,0.6,20240508,20240222,20240430,863.688,1.0887948832,6,False,完成,46,0.06205673758865271,0.022217370358808886
300786.SZ,20250113,0.6,20250410,20250211,20250409,600.5799999999999,0.8196236800000001,5,False,完成,40,-0.11554332874828066,-0.07911747079805453
300787.SZ,20220505,1.0,20230504,20220520,20220624,944.97,2.465577954,5,False,完成,24,0.12860676009892802,0.060150848970454085
300787.SZ,20240130,1.0,20240430,20240131,20240220,2573.2041,2.7635211452,5,False,完成,8,-0.023121387283236983,-0.06796970274237879
300787.SZ,20260610,1.0,20270610,20260612,20260730,1289.3824,1.2101727372,4,False,完成,33,-0.09251101321585897,-0.03841021037331793
300790.SZ,20230421,0.02,,20230918,20230918,283.395,0.325969077,2,False,完成,0,0.0,
300790.SZ,20230920,1.0,20240920,20230928,20231110,1579.24,2.3109596654,4,False,完成,25,0.1172752808988764,0.14356419408317178
300790.SZ,20240206,0.6,20240505,20240206,20240229,302.13,0.2608193,2,False,完成,11,0.3028248587570621,0.20530857549806858
300790.SZ,20240515,0.18,20240815,20240624,20240725,306.926,0.09022311,2,False,完成,23,-0.025955101772240807,-0.00019060712282481518
300790.SZ,20260722,0.6,20261022,20260723,20260819,184.208,0.300929376,2,False,完成,19,0.15304878048780513,0.14782450236848588
300791.SZ,20230915,0.4,20240914,20230926,20240318,657.71,1.9975148716000002,8,False,完成,111,0.4178810555336747,0.4258537363523307
300791.SZ,20260424,,,20260806,20260806,46.5991,0.0431640225,2,False,完成,0,0.0,
300792.SZ,20220311,1.0,20230311,20220317,20220430,218.9251,0.7578099389,3,False,完成,29,-0.09724196758601089,-0.04747364315761382
300792.SZ,20220628,0.04,,20230103,20230310,157.2464,0.5384561058,2,False,完成,43,0.1280875088214537,0.08842562603110271
300793.SZ,20240301,0.8,20250301,20240307,20240331,799.2,1.241951978,3,False,完成,16,-0.08343789209535757,-0.08758663754979878
300795.SZ,20240626,1.0,20240926,20240703,20240731,617.3322000000001,0.9938423264,3,False,完成,20,-0.020195838433292423,-0.005650456731710163
300796.SZ,20240806,1.0,20250806,20240809,20250731,3764.92,3.622230114,9,False,完成,235,0.09090909090909083,-0.12616523055209505
300797.SZ,20250122,0.01,,20250529,20250529,31.62,0.017999,2,False,完成,0,0.0,
300800.SZ,20201228,1.0,20210627,20210107,20210507,1035.17,2.9562742893999996,6,False,完成,77,-0.03488372093023251,0.009529212188359448
300800.SZ,20240205,1.0,20241105,20240206,20241024,3180.855,2.7505588469999998,8,False,完成,168,0.31132712205236657,0.1151329042676823
300801.SZ,20220923,1.5,20231010,20221026,20230912,4850.46,10.1247954552,11,False,完成,217,-0.28993305203938124,-0.3210685030248269
300802.SZ,20210311,0.6,20220311,20210323,20210517,481.47,1.6100535894,5,False,完成,35,-0.05636208368915463,-0.08482641694180693
300802.SZ,20240122,0.8,20250122,20240123,20240206,1234.474,1.9222894463999998,4,False,完成,10,-0.11661237785016287,-0.1224741172063406
300802.SZ,20240909,4.0,20250908,20240918,20250831,8589.6384,14.3903842686,12,False,完成,230,0.6119698548230019,0.13537013233433526
300802.SZ,20260720,1.6,20261020,20260721,20260831,735.99,1.6555759156,3,False,完成,26,0.4695704057279233,0.4246199172838152
300806.SZ,20230915,0.5,20240315,20231009,20240131,621.5263,0.9363583734,5,False,完成,81,-0.49269662921348323,-0.436596013443745
300810.SZ,20231208,0.3,20241208,20240201,20240603,596.81,0.8085769700000001,5,False,完成,76,0.09514687100893982,-0.014332074721154164
300813.SZ,20250312,0.4,20260311,20250321,20250401,136.49,0.26542687,2,False,完成,7,0.02285714285714291,0.027865559048762867
300813.SZ,20260327,0.4,20270325,20260417,20260422,126.929,0.33655886100000004,2,False,完成,3,-0.03201787043931503,-0.044943768525351535
300816.SZ,20240109,0.3,20250109,20240124,20240731,294.13,0.5918146071999999,4,False,完成,123,-0.08486562942008502,-0.12160410646256525
300818.SZ,20210219,0.84,20220218,20210423,20211213,507.52699999999993,1.4307520989000002,7,False,完成,155,0.34806078781548,0.2722854190593298
300818.SZ,20240219,0.6,20250219,20240222,20240411,175.09,0.552867438,4,False,完成,33,0.29872673849167497,0.27908536994232147
300820.SZ,20240710,1.0,20250725,20240815,20250131,307.70000000000005,1.1098774695999998,4,False,完成,109,0.3137662337662337,0.1629160270224883
300822.SZ,20240219,0.2,20240518,20240223,20240430,340.96000000000004,0.33859976999999997,4,False,完成,45,0.04186952288218104,0.008332011612163903
300824.SZ,20240314,0.3,20250314,20240409,20240930,844.9300000000001,0.6521509635,7,False,完成,118,0.2049092427408734,0.10091807284088072
300825.SZ,20220509,1.5,20230509,20220525,20220802,2443.308,3.5757454176,4,False,完成,48,0.13224368499257055,0.10424119074479199
300825.SZ,20220809,0.5,20230808,20220901,20220916,519.4015999999999,0.7022497988,2,False,完成,10,-0.040861812778603235,-0.022889616444207284
300825.SZ,20230206,1.0,20240221,20230307,20230531,2543.2066,3.2223088549,5,False,完成,57,-0.025117739403453743,-0.0006178236183983499
300825.SZ,20240304,1.0,20250304,20240415,20250207,1946.9792,2.1070766174,8,False,完成,196,0.09565217391304337,0.01397108712878059
300826.SZ,20230523,0.8,20240523,20230713,20240229,1382.3748,2.1422877446,10,False,完成,152,-0.25890162945081474,-0.20450618050642466
300828.SZ,20240219,0.35,20250219,20240223,20240731,591.755,0.65015788,5,False,完成,107,0.08897154197862944,0.11347704822329896
300829.SZ,20240308,0.6,20250308,20240607,20240831,515.598,0.754060211,4,False,完成,59,-0.11609498680738783,-0.05107766347172693
300829.SZ,20250108,0.7,20260107,20250123,20250807,1080.768,1.6923489899999997,7,False,完成,129,0.10946986929396085,-0.015357808312141286
300832.SZ,20260302,1.0,20270302,20260303,20260312,221.3088,1.1655859979999998,2,False,完成,7,0.027177033492822966,0.02557831905946273
300832.SZ,20260707,2.0,20270706,20260707,20260825,455.0,2.01919621,3,True,停止,29,0.303168567807351,0.33693865186657757
300834.SZ,20240208,1.0,20240508,20240221,20240424,1225.0814,2.2447656361,5,False,完成,43,0.1142857142857141,0.07993417828404237
300834.SZ,20251229,1.0,20261229,20251230,20251231,845.5898,2.0026762184,4,False,完成,1,0.018901098901098923,0.017945003070347854
300834.SZ,20260721,2.0,20261021,20260722,20260831,855.4480000000001,3.210476784,4,False,完成,28,0.07326680672268893,0.041156181339514486
300835.SZ,20220506,0.8,20230506,20220513,20221016,699.6580000000001,1.8776688899999998,6,False,完成,103,0.15541601255886972,0.16004134476981702
300835.SZ,20240131,0.6,20240430,20240201,20240229,368.43399999999997,0.81872603,3,False,完成,14,0.048834139903211504,-0.036191702996610675
300835.SZ,20240919,0.4,20250919,20240920,20240930,330.33000000000004,0.773783755,3,False,完成,6,0.26888489208633093,0.040822573445395305
300836.SZ,20240220,0.3,20250220,20240226,20240229,83.473,0.176165341,2,False,完成,3,-0.08625336927223726,-0.09781444135673334
300836.SZ,20260325,0.2,20270324,20260424,20260717,47.0,0.28443503000000003,4,False,完成,56,-0.01421923737593589,0.06847025382411198
300839.SZ,20220930,1.05,20231018,20221028,20231018,2420.0589000000004,3.70754612,13,False,完成,235,0.021982056847915876,-0.02572524385879993
300841.SZ,20211029,2.0,20221028,20211104,20220930,347.5375,5.111807752,7,False,完成,223,-0.19435491729284593,-0.06050425413863558
300841.SZ,20240123,2.0,20250122,20240131,20240910,1922.5300000000002,10.2430314733,9,False,完成,147,-0.14190877011631686,-0.12803890276925922
300845.SZ,20240208,0.3,20250208,20240222,20240229,333.77,0.422759358,3,False,完成,5,0.05506072874493917,0.04567825476000276
300852.SZ,20240219,0.4,20250218,20240227,20240930,426.29,1.1776012448,7,False,完成,146,0.1692395304965233,0.056742690070529456
300852.SZ,20260722,0.4,20270122,20260819,20260831,8.969999999999999,0.040244550000000004,2,False,完成,8,0.05078731426036809,0.026568925426904144
300853.SZ,20230920,0.8,20240920,20231025,20240229,1174.98,2.43013932,7,False,完成,84,-0.14372822299651566,-0.1553881080931484
300856.SZ,20260423,0.6,20270422,20260522,20260714,1548.0680000000002,1.763424454,5,False,完成,36,-0.20961265679882546,-0.18056960534878552
300858.SZ,20260422,1.5,20270420,20260608,20260731,1140.25,1.694192653,4,False,完成,38,-0.08191560288388788,-0.0514725043118045
300860.SZ,20221028,1.0,20231116,20230227,20230331,41.762,0.2236052766,2,False,完成,24,0.12931667891256415,0.12420096293477134
300860.SZ,20230428,0.04,,20230531,20231115,378.826,1.9905773209,6,False,完成,112,-0.1766990291262135,-0.14140487417430536
300860.SZ,20240309,0.03,,20240311,20240508,165.37,0.5978421196999999,4,False,完成,37,-0.09366106080206982,-0.111050481383271
300860.SZ,20240530,0.03,,20240531,20250228,687.0176,2.2670465500000003,6,False,完成,180,0.09446114212108192,0.01731460327865597
300861.SZ,20241010,0.6,20251008,20241219,20250923,294.822,0.522430932,5,False,完成,186,0.0991638640244219,-0.030774265946753476
300863.SZ,20240426,1.0,20240725,20240624,20240726,389.6821,1.4105364951000001,4,False,完成,24,0.062084897487727275,0.08861099681835705
300863.SZ,20240820,2.8,20241120,20240821,20241015,1761.9351999999997,8.426412003400001,7,False,完成,32,0.3125162633359353,0.17118742790483843
300863.SZ,20250409,3.0,20250709,20250410,20250430,163.45,0.7235855736,2,False,完成,14,0.05255613951266125,0.034775044609424155
300863.SZ,20250607,0.04,,20250626,20250815,1486.7492,5.8550976319,5,False,完成,36,0.006308283049917707,-0.06128681233210154
300868.SZ,20210918,0.76,20220917,20211103,20220224,591.9709,1.4386715431000001,6,False,完成,75,-0.00965169953839673,0.01014985904263277
300868.SZ,20240206,0.24,20240505,20240206,20240506,289.11,0.32527495,3,False,完成,53,0.32456140350877183,0.17643248065891792
300868.SZ,20260425,0.06,,20260721,20260721,77.0324,0.0728343052,2,False,完成,0,0.0,
300870.SZ,20220322,1.0,20230322,20220331,20220531,344.87,1.293469,4,False,完成,38,-0.14734106357457022,-0.12974005720899795
300871.SZ,20220423,1.0,20230422,20220428,20221230,1084.8,2.222341974,9,False,完成,166,0.3272620207927226,0.27838079445747477
300871.SZ,20260608,0.6,20270608,20260611,20260731,303.90999999999997,0.66475419,3,False,完成,35,-0.03271520777098369,0.006345151548999839
300872.SZ,20231103,1.0,20241103,20240108,20240229,708.2260000000001,0.861727162,3,False,完成,32,-0.10542168674698782,-0.14328951402953682
300872.SZ,20241211,1.0,20251227,20250314,20250331,322.02,0.54518502,3,False,完成,11,-0.11351052048726462,-0.09123620287846346
300873.SZ,20220427,1.0,20230426,20220525,20220711,421.49,1.0731784108,4,False,完成,32,0.0623194387123398,-0.0037616313542234714
300873.SZ,20240206,0.6,20250206,20240327,20240930,799.4699999999999,1.34177283,6,False,完成,125,0.0003856255726357727,-0.1025639549835321
300875.SZ,20240219,0.3,20250218,20240408,20240731,186.94,0.464237052,4,False,完成,78,-0.3392677191803829,-0.31491739898488635
300876.SZ,20240207,0.24,20250206,20240222,20241031,199.11999999999998,0.344726505,5,False,完成,167,0.39518641249754616,0.2712010430317733
300877.SZ,20231107,0.2,20241106,20231208,20240202,261.39,0.41770335999999997,4,False,完成,39,-0.27586206896551724,-0.21236231535826577
300877.SZ,20240208,0.3,20250207,20240219,20241016,608.0127,0.7629781818,4,False,完成,159,0.08536797484989811,-0.013717597978012197
300877.SZ,20250409,0.2,20260408,20250619,20260303,405.0,1.03041129,8,False,完成,169,1.0361366622864647,0.6605020061227111
300878.SZ,20240207,0.5,20250207,20240219,20240226,508.5825,0.91376831,3,False,完成,5,0.14252336448598113,0.11701035856081998
300879.SZ,20240220,0.5,20250219,20240228,20241224,1689.5932,2.0238588954,8,False,完成,201,0.664504170528267,0.45080798229047936
300881.SZ,20240208,0.3,20250207,20240305,20250211,145.216,0.301212865,3,False,完成,225,0.709687784349408,0.5704295584245145
300883.SZ,20221024,0.4,20231021,20221221,20231020,1494.9835,0.9155464702,5,False,完成,199,0.06244755233491772,0.09284656176999584
300884.SZ,20240205,0.6,20250205,20240228,20250102,2515.0488,2.3530697315999998,8,False,完成,207,0.13221849258071416,0.026474445549548697
300885.SZ,20240220,0.4,20250306,20240416,20241226,676.2,0.4690671444,4,False,完成,171,0.9651130506290482,0.7389922703153669
300887.SZ,20230420,0.0,,20230628,20230628,2.4653,0.0049470347,2,False,完成,0,0.0,
300888.SZ,20210922,5.0,20220917,20210928,20220407,3637.8474000000006,27.669948753200003,10,False,完成,124,-0.2374055415617129,-0.15128496659310497
300888.SZ,20240130,2.0,20250129,20240202,20240429,1428.996,4.8485196576,4,False,完成,53,0.032153296524845665,-0.09479721103327421
300888.SZ,20260430,4.0,20270514,20260525,20260831,2693.8568,7.6550368416,6,False,完成,63,-0.015708556149732655,0.025346761075384583
300889.SZ,20230209,0.2,20240208,20230308,20231027,165.21,0.2263312,3,False,完成,155,0.021434303745026417,0.11128623205026389
300890.SZ,20221117,,20231116,20221223,20230628,434.01,1.69925618,7,False,完成,121,-0.008973080757726848,-0.05356540461128689
300891.SZ,20240228,0.3,20250228,20240327,20240731,664.6852,0.5024520484,4,False,完成,84,-0.019619655621993415,-0.0014750671262862003
300892.SZ,20230608,0.34,20240607,20231010,20240606,366.04560000000004,0.7352590999999999,7,False,完成,160,-0.4419753086419753,-0.4371355585710285
300894.SZ,20240720,,,20241021,20241021,151.64,0.0,2,False,完成,0,0.0,
300896.SZ,20230612,4.0,20240612,20230717,20231207,253.2245,9.4264817995,5,False,完成,97,-0.3562556773961445,-0.30342636628987163
300897.SZ,20240208,0.4,20250207,20240221,20240831,385.66839999999996,0.7790269668,6,False,完成,131,0.2736839562244824,0.3224143357143143
300898.SZ,20260707,0.25,20270707,20260709,20260713,163.8,0.301071,2,False,完成,2,0.010887316276537717,0.0426035476433726
300900.SZ,20240206,1.0,20250206,20240220,20250205,857.934,1.67786437,6,False,完成,231,0.48977187510189,0.34826380831154835
300901.SZ,20220826,0.6,20230825,20220915,20230920,2999.5125,2.7478861189000003,9,False,完成,247,0.04524913637346195,0.07596564245557946
300901.SZ,20250415,0.4,20260414,20250924,20260206,253.56,0.42602072209999997,4,False,完成,89,0.26666666666666683,0.20063460510981046
300902.SZ,20240205,0.6,20250222,20240401,20240606,214.6077,0.54737,4,False,完成,43,-0.14729366221103946,-0.1392989089895127
300903.SZ,20240205,0.4,20250205,20240220,20250126,1027.734,0.73109252,10,False,完成,229,0.39478260869565207,0.25331739694099653
300904.SZ,20240521,0.3,20250520,20240528,20240619,86.62,0.38127145,3,False,完成,15,-0.04842393787117416,-0.019567185363663198
300904.SZ,20250315,0.9,20260314,20250407,20260305,394.3,2.03972687,5,False,完成,220,0.2038461538461538,-0.09267602342579828
300906.SZ,20260724,0.58,20261024,20260730,20260812,667.73,1.7345267408000002,6,False,完成,9,0.1254032258064517,0.08491657110317452
300910.SZ,20240202,3.0,20250201,20240206,20240930,2146.6675,8.8894383013,6,False,完成,155,0.1268188456753394,-0.05792062222271799
300911.SZ,20221213,0.03,,20221226,20230309,60.5,0.177927475605,2,False,完成,47,-0.009939946158624924,-0.07356402144111263
300911.SZ,20240229,1.0,20250228,20240301,20240723,579.17,1.697949805,5,False,完成,96,0.09023489149879449,0.13198837723554924
300912.SZ,20240205,0.2,20240505,20240222,20240416,363.60999999999996,0.444378375,4,False,完成,36,-0.19620774938169838,-0.2012090309112865
300912.SZ,20250408,0.5,20250708,20250701,20250707,222.06,0.33356441,2,False,完成,4,0.013368983957219305,0.008881583838010743
300915.SZ,20240220,0.5,20250219,20240222,20240930,436.01000000000005,1.2867000003999998,6,False,完成,149,0.24390984334278465,0.11411676294133732
300918.SZ,20230921,0.6,20240920,20231023,20231107,1158.67,1.2870816368,3,False,完成,11,0.10752688172043001,0.06478801263656564
300919.SZ,20230825,2.9,20240824,20230825,20240229,1421.7372999999998,7.6310153522,6,False,完成,121,-0.12656595431098006,-0.1123996005552288
300919.SZ,20240424,0.75,,20240630,20240816,1789.9085,8.172323061,4,False,完成,35,-0.11197160374314297,-0.08484035640247001
300919.SZ,20241105,10.0,20251104,20241118,20250331,4375.5933,15.640482075199998,7,False,完成,88,-0.11608040201005021,-0.1192330764578381
300919.SZ,20250412,0.86,,20250430,20250731,7787.296,27.482158845900003,5,False,完成,62,0.08140727132908965,-0.007623345631971756
300921.SZ,20220922,0.6,20230921,20220927,20221231,145.52,0.2411032476,5,False,完成,63,0.011540680900173461,0.013048173084881043
300921.SZ,20230628,0.02,,20230922,20230927,155.72,0.3164780632,2,False,完成,3,-0.023765317489788385,-0.01587454827216317
300922.SZ,20240129,0.24,20240325,20240202,20240208,185.28,0.18605029,2,False,完成,4,-0.1660869565217391,-0.2055874868773444
300923.SZ,20220517,0.16,20230517,20220531,20220613,66.04,0.15830565,2,False,完成,8,0.04699738903394257,0.024766852545179407
300923.SZ,20231025,0.17,20241023,20231106,20231222,79.5,0.19388015,3,False,完成,34,-0.03983739837398381,0.00747782625580351
300925.SZ,20220318,0.4,20230316,20220411,20230315,1175.865,1.9460222091,10,False,完成,226,0.06187184548240654,0.030572295479470046
300925.SZ,20240202,0.5,20250201,20240205,20240731,1133.1599999999999,0.8687788438,3,False,完成,115,0.34433005836766317,0.23611378444912745
300932.SZ,20260702,0.8,20270701,20260714,20260807,953.3299999999999,0.80462449261,3,False,完成,18,0.058760683760683774,0.0660400248710662
300938.SZ,20231214,1.0,20241213,20231222,20240130,745.3851999999999,2.53104672,5,False,完成,26,-0.18218390804597695,-0.1578421969295375
300938.SZ,20240203,2.0,20250202,20240205,20240823,3602.4689000000008,10.25642606944,10,False,完成,132,-0.06476068821109737,-0.11462359358901886
300939.SZ,20240127,0.5,20250126,20240207,20240430,416.57579999999996,0.9937469613000001,4,False,完成,51,0.35117370892018784,0.23144168018744238
300941.SZ,20230118,0.5,20240117,20230217,20240110,515.7411999999999,1.1355644872,6,False,完成,220,0.007894736842105399,0.12919155098880553
300943.SZ,20231211,0.15,20241208,20240108,20241114,355.71,0.37585999999999997,6,False,完成,204,0.006848886905609142,-0.1398068350202254
300947.SZ,20231122,0.38,20241122,20231204,20231226,251.15,0.38717926,2,False,完成,16,-0.04040404040404044,0.0006544491450670709
300947.SZ,20240207,1.0,20240507,20240219,20240430,1662.9555,1.7492507954,6,False,完成,49,0.3472505091649696,0.2629479978488469
300947.SZ,20250407,0.6,20250707,20250630,20250707,162.255,0.39200042,2,False,完成,5,0.04479469099958511,0.036160634726860374
300948.SZ,20240220,0.2,20240520,20240228,20240515,416.69000000000005,0.40693738,5,False,完成,50,-0.020703933747411973,-0.07156919447062882
300951.SZ,20250313,0.6,20260313,20250327,20250429,455.014,1.3095083202,4,False,完成,22,-0.109854604200323,-0.086266361189126
300952.SZ,20241121,0.6,20251209,20241224,20250331,415.1322,1.0541269145999999,6,False,完成,62,0.30675675675675684,0.3293924381653852
300952.SZ,20250422,0.02,,20250509,20250820,193.1277,0.480685274,2,False,完成,72,0.0892236555714816,-0.033462320964895986
300953.SZ,20240206,1.2,20250206,20240221,20240930,1231.62,5.4908668644,7,False,完成,150,0.45798817731721786,0.2895134809899855
300957.SZ,20230830,3.0,20240830,20231030,20240731,2227.6854,14.9415645001,11,False,完成,184,-0.36514413967994874,-0.34725603056375853
300957.SZ,20260427,2.0,20270423,20260604,20260831,1209.13,3.9110824833,5,False,完成,58,-0.05761918689675327,-0.04072022402414788
300959.SZ,20240723,0.3,20250807,20240822,20240903,144.8,0.358241,3,False,完成,8,0.014210312626877775,0.030779769350595787
300959.SZ,20241112,0.6,20251112,20241216,20250117,67.57,0.33119,2,False,完成,23,0.2865710560625816,0.3439222706550471
300964.SZ,20221213,0.6,20240112,20221223,20240112,385.08000000000004,1.1706129600000001,6,False,完成,256,0.3926290094447229,0.47182370113131866
300966.SZ,20250221,0.3,20260220,20250325,20251017,241.55,0.47650375,5,False,完成,137,0.3310975609756097,0.16824299545223864
300967.SZ,20241220,0.4,20260110,20250117,20251231,1098.49,1.27214696,7,False,完成,231,0.6547966449845939,0.35166817262301153
300970.SZ,20240304,0.6,20250304,20240307,20240331,403.48,0.5110210829,3,False,完成,16,0.0838033843674455,0.07889763458177979
300971.SZ,20260423,0.8,20270421,20260617,20260731,432.12,0.844515694,4,False,完成,31,-0.12214498510427008,-0.05896441388152496
300973.SZ,20240129,1.0,20250129,20240219,20250117,861.979,2.9617840839999996,6,False,完成,225,0.15225436519853952,0.034507094068734645
300975.SZ,20230428,0.3,20240428,20231026,20240229,562.3729,0.41482866910000005,3,False,完成,83,-0.132665832290363,-0.14039574286880507
300976.SZ,20240126,0.02,,20240201,20240229,215.09179999999998,0.6640548362,3,False,完成,14,0.06342740762292709,-0.022781467790163767
300976.SZ,20240424,0.02,,20240508,20240716,18.75,0.046338195,2,False,完成,48,0.18301726506336058,0.24350376969249066
300976.SZ,20250408,0.5,20260407,20250815,20260131,177.78640000000001,1.0748804585,5,False,完成,112,0.023511755877938967,-0.08117139092960635
300980.SZ,20240205,0.6,20240505,20240207,20240419,1072.811,1.8249544971,6,False,完成,44,0.35777598710717173,0.25343086167958306
300981.SZ,20230912,0.13,20231227,20231009,20231227,76.2647,0.11483248,3,False,完成,57,-0.011780104712041939,0.05003288251875149
300981.SZ,20240228,0.13,20240614,20240315,20240613,318.681,0.38241816,5,False,完成,58,-0.09515717926932876,-0.08747456177639479
300982.SZ,20231211,2.0,20241209,20240103,20241204,1766.6729,4.066676328,8,False,完成,221,-0.38750946360974226,-0.45985141480979974
300984.SZ,20240219,0.2,20250219,20240228,20240930,286.64,0.5642527500000001,6,False,完成,145,0.38571303640020704,0.22845431572272168
300985.SZ,20240207,0.7,20250207,20240228,20250126,278.9466,0.6794712345,5,False,完成,223,-0.15410172855555193,-0.23076249016861816
300985.SZ,20250507,0.66,20260506,20250929,20251121,740.774,1.364697478,5,False,完成,33,-0.07581047381546124,-0.06914915499138574
300986.SZ,20240617,0.4,20250617,20240625,20250113,3051.91,2.2311316954000002,10,False,完成,136,0.6942771084337351,0.5813029485215451
300988.SZ,20260707,0.35,20270703,20260715,20260722,292.596,0.405280806,2,False,完成,5,0.10642857142857154,0.13176276160547018
300989.SZ,20240425,0.02,,20240430,20241106,382.6839,0.4333304499,6,False,完成,125,-0.04164451675175973,-0.12065721018583264
300992.SZ,20240208,1.0,20250223,20240301,20240606,1919.0100000000002,3.0821452196,8,False,完成,64,-0.0840282232200128,-0.0905697974083236
300993.SZ,20231221,0.6,20241221,20231229,20240227,1402.9769999999999,1.4391640868,4,False,完成,35,-0.08925318761384349,-0.10149901269252104
300995.SZ,20240208,0.2,20250207,20240226,20240805,145.81,0.2117782,3,False,完成,109,-0.003090478089589621,0.03744676506121203
300996.SZ,20240417,0.35,20250417,20240423,20240506,378.86,0.6031216771000001,3,False,完成,6,0.0743155149934811,0.03369829234439736
300997.SZ,20221107,1.0,20231122,20221208,20231121,2675.8,3.3623166515999996,8,False,完成,230,0.15470611647493837,0.20341602203298992
300997.SZ,20240207,2.25,20240507,20240208,20240930,9612.3262,12.716171854000002,14,False,完成,153,0.08682707097341247,-0.06646377708871287
300998.SZ,20240202,0.3,20250202,20240207,20250108,478.19,0.7089737256,5,False,完成,220,0.0758829347762846,-0.05750372708132612
301001.SZ,20240703,0.2,20250701,20250619,20250627,43.68,0.12990585,2,False,完成,6,0.056635388739946446,0.03746708852330416
301003.SZ,20240220,0.4,20250219,20240229,20240320,329.336,0.6723450851999999,3,False,完成,14,0.1285569105691058,0.1049153728011496
301004.SZ,20250917,,,20250917,20251219,702.5355999999999,4.1693141938,6,False,完成,61,-0.16045614188464674,-0.16350029281815504
301004.SZ,20260610,0.8,20270610,20260709,20260831,181.79000000000002,0.622625078,4,False,完成,31,0.1645161290322581,0.17920730356999193
301005.SZ,20230807,0.8,20240804,20230831,20240531,611.1916,1.75043172,10,False,完成,178,0.2808290155440414,0.2945480339145501
301005.SZ,20240622,0.06,,20240731,20240926,202.3322,0.4578316692,2,False,完成,39,-0.19294117647058806,-0.20966977195645053
301006.SZ,20240222,0.4,20250222,20240513,20250126,761.62,0.91003893,7,False,完成,175,0.08979945523749788,0.05475109097570097
301007.SZ,20250422,1.0,20260512,20251202,20251229,180.96,0.6782305000000001,2,False,完成,19,0.018162393162393098,0.0008129995455605776
301008.SZ,20240208,0.4,20250207,20240220,20240709,310.5,0.66037235,4,False,完成,94,0.22217256506978322,0.2070399337173383
301009.SZ,20240304,0.5,20250301,20240315,20241010,1215.74,1.10018101,4,False,完成,136,0.05036333721807096,-0.028301162691105275
301012.SZ,20240219,0.6,20250219,20240226,20240905,632.788,1.0527912,5,False,完成,132,0.17346506505661208,0.25288303503951437
301017.SZ,20240220,0.6,20240519,20240226,20240517,993.0292999999999,1.4479560554,5,False,完成,54,-0.18882466281310206,-0.23434788550103502
301019.SZ,20240207,1.0,20250206,20240305,20250206,498.7138,0.8243116198,5,False,完成,222,0.4218260814005492,0.3249413009170665
301021.SZ,20220517,0.1,20220901,20220715,20220831,14.01,0.05165763,2,False,完成,33,0.43787940105220535,0.4495198406052492
301021.SZ,20240219,0.2,20240518,20240510,20240517,80.07000000000001,0.12958217,2,False,完成,5,0.021726010863005296,0.021894752981312493
301023.SZ,20230106,0.39,20240106,20230314,20230612,337.575,1.3492162828,5,False,完成,60,-0.0066536199170845745,-0.0015839696899956346
301026.SZ,20240219,0.5,20240518,20240301,20240517,98.18,0.250838473,2,False,完成,50,0.0656354515050166,0.02272458878002892
301026.SZ,20260716,0.8,20261016,20260717,20260722,974.38,1.6688385540000001,4,False,完成,3,0.022339800117577857,-0.0048586173107879604
301030.SZ,20231116,0.8,20241116,20240202,20241031,385.1242,1.5074830956,7,False,完成,175,0.21312110726643585,0.009811689078742969
301031.SZ,20240709,0.4,20250709,20240716,20240731,36.71,0.28131433159999997,2,False,完成,11,0.08087104807060186,0.09468376500099507
301033.SZ,20240223,0.2,20250222,20240305,20240510,102.25,0.33330395,4,False,完成,43,0.2559618441971385,0.21345841412907496
301035.SZ,20241104,1.3,20251104,20241115,20241231,416.8642,2.0879680148,3,False,完成,32,-0.02501500900540332,-0.031134315996994455
301037.SZ,20240618,0.05,,20240710,20241128,691.1424,0.6055238270000001,5,False,完成,94,0.32163742690058483,0.1787404645107351
301041.SZ,20240311,0.6,20250309,20240410,20250218,442.33000000000004,0.98269779,8,False,完成,206,0.17490595801480402,0.06988836452602731
301042.SZ,20240207,0.8,20240507,20240307,20240416,453.0702,1.4413441654999999,4,False,完成,26,-0.04781771501925525,-0.041379246653018176
301047.SZ,20240203,2.0,20250219,20240222,20240705,1145.4978999999998,7.8218510000000006,7,False,完成,90,-0.10463799949311481,-0.09297541810916388
301047.SZ,20240717,4.0,20250801,20240820,20240930,1268.7669999999998,7.07437,5,False,完成,27,0.2824601366742596,0.10186762257293225
301050.SZ,20231108,3.0,20240506,20231204,20240229,942.97,5.0114054028,5,False,完成,56,-0.16386693017127785,-0.16171984017968621
301055.SZ,20240129,0.4,20250129,20240202,20240418,1475.1111,1.2759222631,5,False,完成,46,0.15506958250496994,0.025792172379047518
301057.SZ,20240207,0.3,20250206,20240219,20240531,422.312,0.480561358,6,False,完成,69,0.23720472440944884,0.1665553827781019
301059.SZ,20240207,0.15,20240807,20240222,20240301,176.958,0.154889174,2,False,完成,6,0.0752427184466018,0.061509187240068375
301059.SZ,20260703,0.25,20270703,20260706,20260710,191.45,0.2295458,2,False,完成,4,0.024590163934426368,0.0361475146140402
301060.SZ,20231116,0.3,20241111,20231208,20241031,799.64,1.00225409,7,False,完成,214,-0.2766407904022583,-0.34506916271567944
301063.SZ,20240208,0.5,20250207,20240219,20240731,883.4064000000001,1.2963406304,7,False,完成,111,0.15539605851874883,0.1443068878809748
301063.SZ,20241010,0.07,20250109,20241008,20241231,233.7666,0.3526638394,4,False,完成,60,-0.13929539295392945,-0.10385504400977597
301065.SZ,20240206,1.0,20250206,20240220,20240430,913.0204999999999,1.5870615254999998,5,False,完成,48,0.29233870967741926,0.21654456649747056
301066.SZ,20221124,0.4,20231123,20221226,20231122,1429.6039999999998,1.698915582,9,False,完成,219,0.36682926829268303,0.37668732484651146
301067.SZ,20240206,0.4,20250206,20240415,20250206,354.17,0.69036726,7,False,完成,195,0.5811102668827235,0.47800505093782
301068.SZ,20240206,0.2,20250206,20240208,20240221,132.9932,0.2759140968,2,False,完成,3,0.18508026440037795,0.1509238980084584
301070.SZ,20241119,0.4,20251119,20241231,20250430,84.91,0.4653952082,5,False,完成,78,-0.004322766570605263,0.01776216932567598
301072.SZ,20240221,0.15,20240821,20240510,20240820,187.75,0.37125951,4,False,完成,71,-0.18395663742198365,-0.10200497913807527
301075.SZ,20240205,0.3,20240505,20240304,20240430,309.43,0.6204011864,4,False,完成,39,0.02362204724409467,0.0020212472911871338
301077.SZ,20241029,1.0,20251113,20241126,20250114,1002.6474000000001,2.5868232382,5,False,完成,34,0.09531374106433677,0.10167323483106983
301078.SZ,20230826,0.12,,20230828,20231107,1199.03,1.068510396,4,False,完成,45,-0.08618899273104885,-0.07382460943398739
301078.SZ,20231116,0.5,20241116,20231222,20240229,605.24,0.45028002,4,False,完成,42,-0.1098765432098765,-0.13951493806052429
301078.SZ,20240425,0.02,,20240630,20240731,799.45,0.52983327,3,False,完成,23,0.0652173913043479,0.07560351254365849
301078.SZ,20240816,0.1,,20240831,20241105,1018.8119999999999,0.6632231676,3,False,完成,40,1.1782542491937735,0.8278975800788841
301079.SZ,20240403,,,20240708,20240911,123.2825,0.10367738,3,False,完成,47,0.17978458989229495,0.26675998207867346
301080.SZ,20230718,0.3,20240117,20230811,20240117,51.04,0.30999863899999996,4,False,完成,106,-0.2562081784386617,-0.16285860573769695
301080.SZ,20240830,0.4,20250920,20241009,20250831,198.51000000000002,0.93253383,7,False,完成,220,1.044685875576186,0.7271814171960012
301085.SZ,20240220,0.5,20240820,20240226,20240429,73.6,0.3513267548,3,False,完成,43,0.03966005665722383,-0.005766779864857741
301086.SZ,20250428,0.3,20260428,20250814,20250909,57.2,0.32916109,3,False,完成,18,0.08882469759884448,0.04854393638453258
301086.SZ,20260721,0.5,20261021,20260723,20260911,50.161,0.6692645392000001,3,False,完成,36,0.28391304347826085,0.2801706490864069
301087.SZ,20221230,2.0,20231229,20230106,20231130,2208.2392999999997,8.1927906646,7,False,完成,217,0.07212934239790814,0.11741269750908478
301087.SZ,20240126,1.0,20250125,20240129,20240331,175.65,0.5688877115000001,3,False,完成,38,0.03198757763975135,-0.021563869476205588
301087.SZ,20240429,0.04,,20240430,20241231,447.6336,1.4906988599000002,4,False,完成,164,-0.019273409622246662,-0.09152766898903264
301087.SZ,20260414,2.0,20270414,20260415,20260430,568.79,3.123517305,3,False,完成,11,-0.08333333333333337,-0.10227001460441165
301087.SZ,20260627,2.0,,20260723,20260902,1248.05,6.5352181287999995,8,False,完成,25,-0.10346798780487798,-0.12098722727967426
301090.SZ,20241029,1.1,20251114,20241225,20250531,2347.2271,1.6643464621000001,7,False,完成,101,0.0027662517289073207,0.01650481559135808
301090.SZ,20250607,0.25,,20250630,20251031,2997.0840999999996,2.0357347824,5,False,完成,83,0.007968127490039834,-0.1221098408990724
301092.SZ,20240206,0.2,20250206,20240228,20240531,86.22,0.19109696,3,False,完成,62,0.26338851022395326,0.21060662011456377
301093.SZ,20230403,2.0,20240526,20230605,20240311,2996.415,9.4678664162,10,False,完成,185,-0.194200706441911,-0.15113686375620694
301093.SZ,20240729,0.8,20250819,20240826,20241028,1171.3899999999999,2.309271519,6,False,完成,38,0.2951871657754013,0.11324906004869462
301093.SZ,20250624,2.0,20260711,20250815,20260616,802.3581,2.9093490589,4,False,完成,199,3.492450240219629,3.058650310994751
301095.SZ,20240402,1.6,20250402,20240419,20240930,1223.6954999999998,5.5306342356,7,False,完成,110,0.0280717393907286,-0.05550407203777108
301096.SZ,20230824,0.5,20240824,20230913,20231220,255.75,1.6414694199999997,5,False,完成,64,-0.006136950904392702,0.0695325882122324
301097.SZ,20240208,0.6,20250207,20240307,20240731,625.44,2.535899809,8,False,完成,98,-0.05722814971883827,-0.02878795236307008
301097.SZ,20260112,1.2,20270111,20260317,20260630,670.0914,3.1640125273999997,6,False,完成,70,-0.1306892813576307,-0.14013524984875003
301098.SZ,20240205,0.45,20250205,20240208,20240926,1127.075,0.824764998,5,False,完成,151,0.13231471413037288,0.08135808697322333
301099.SZ,20240206,0.5,20250206,20240227,20240416,114.5,0.422562255,4,False,完成,33,-0.1663190823774765,-0.16398676935550294
301099.SZ,20250217,2.4,20260217,20250220,20250704,1963.4995,7.7648791012,8,False,完成,91,0.0025723472668810476,-0.03251905001600486
301101.SZ,20231026,0.3,20241025,20231121,20231225,92.7582,0.35586213359999996,3,False,完成,24,0.03881401617250657,0.09188633532531787
301102.SZ,20250520,2.0,20260519,20250728,20260512,3451.3935,3.9122707793000004,8,False,完成,188,-0.040587219343696135,-0.180943036285247
301103.SZ,20231121,1.2,20241121,20231207,20240619,1212.8354,3.0254429100999998,9,False,完成,126,-0.28064,-0.2929969164199483
301107.SZ,20240205,0.4,20250205,20240220,20250108,629.99,1.4726491704000002,10,False,完成,217,0.24564312544414735,0.12708654592165258
301108.SZ,20240224,0.4,20240913,20240410,20240903,276.998,0.701284918,7,False,完成,100,-0.16673419927982203,-0.10003788487702747
301109.SZ,20250422,3.0,20260418,20250804,20260331,4334.5723,6.696335726599999,4,False,完成,157,0.15848527349228614,0.06663907279701209
301110.SZ,20240207,0.4,20250207,20240307,20240430,100.47999999999999,0.35330428,3,False,完成,36,0.25700655933214067,0.22566131896686903
301110.SZ,20260709,0.3,20270108,20260713,20260911,116.89,0.40129848199999996,3,False,完成,44,-0.0099125364431486,-0.0033723900899260695
301115.SZ,20231215,0.6,20241213,20231225,20240229,814.2555,1.331176654,6,False,完成,41,-0.08750719631548654,-0.11666856833745154
301115.SZ,20240304,0.6,20250304,20240312,20240331,19.5,0.03154912,2,False,完成,13,-0.016493585827733526,-0.011717616092189798
301115.SZ,20240427,0.01,,20240430,20240718,874.4000000000001,1.35920978,5,False,完成,53,-0.18908732668209194,-0.1543067786354695
301115.SZ,20240724,0.0,,20240809,20241009,63.86600000000001,0.077584358,4,True,停止,36,0.1578947368421053,0.01695737819874399
301115.SZ,20260723,0.2,20261023,20260724,20260831,191.067,0.2928308748,4,False,完成,23,0.3066216786166174,0.26665538476873274
301116.SZ,20240219,1.0,20240818,20240222,20240731,2619.2215,2.4738571719999998,7,False,完成,108,0.07609860664523027,0.09426403427383412
301120.SZ,20231109,0.45,20241109,20231116,20240229,825.4749999999999,0.914938966,5,False,完成,68,-0.2872516556291391,-0.2787997439503569
301121.SZ,20240205,0.3,20240503,20240208,20240430,219.82,0.57064032,4,False,完成,50,0.6087883959044367,0.48498950969544086
301123.SZ,20240207,1.0,20250207,20240229,20250115,1536.5500000000002,2.5417113799999997,8,False,完成,215,0.3915873005315531,0.30019281634546524
301125.SZ,20240226,0.1,20240526,20240305,20240331,54.22,0.07356984,2,False,完成,18,0.12718964204112715,0.12964560195772767
301126.SZ,20240329,0.15,20250415,20240604,20240821,242.23000000000002,0.22121033,3,False,完成,55,-0.0940695296523516,-0.01966417118213315
301127.SZ,20231211,1.0,20240611,20231214,20240331,1294.3609999999999,1.3100163692,5,False,完成,69,-0.18635170603674545,-0.20833888291305658
301127.SZ,20250715,0.01,,20250831,20251125,1856.4071,2.7282573558,3,False,完成,56,-0.07300275482093666,-0.07589999937446723
301129.SZ,20230929,0.12,20240928,20231026,20231229,66.52000000000001,0.17739333,4,False,完成,46,-0.00856291883842153,-0.004109052579747363
301129.SZ,20240813,0.0,,20241028,20241028,41.96,0.04466380899999999,2,False,完成,0,0.0,
301130.SZ,20240205,1.0,20250223,20240229,20241008,3550.407,8.1701886858,12,False,完成,145,0.4175590532345663,0.22477326163858868
301130.SZ,20260122,0.5,20270122,20260302,20260313,190.8,0.58921998,3,False,完成,9,0.024611398963730657,0.04641294191392453
301135.SZ,20240123,0.4,20250123,20240124,20240206,638.0314,1.1253534949,5,False,完成,9,-0.2836633663366336,-0.27562918502612377
301135.SZ,20240208,0.4,20250208,20240219,20240229,73.31,0.12451103520000001,2,False,完成,8,0.15693430656934293,0.11678839476165104
301135.SZ,20240422,0.08,,20240430,20250207,545.58,0.9409851283,6,False,完成,185,0.27105724038984813,0.19455445681619032
301135.SZ,20250429,0.01,,20250526,20260428,663.57,1.7784187491,10,False,完成,225,-0.05463415921209436,-0.22425389515047722
301148.SZ,20240312,0.2,20250311,20240326,20240731,129.3,0.2141109,4,False,完成,85,-0.07905938317136085,-0.04999930073986292
301150.SZ,20230515,3.0,20240513,20230628,20240220,1558.2038,6.3698380725,7,False,完成,156,-0.3610503282275712,-0.30275787324846903
301150.SZ,20240702,0.27,20241227,20241202,20241227,59.0024,0.1433901084,2,False,完成,19,-0.10848678943154522,-0.11796782000032491
301152.SZ,20231209,1.3,20241225,20240129,20241219,1679.3400000000001,4.557189351,12,False,完成,214,0.32299340829778966,0.13193576103922577
301156.SZ,20240209,1.2,20250226,20240313,20250214,2387.9115,3.3999932318000003,11,False,完成,222,0.22286974626141998,0.1121959930142229
301158.SZ,20240208,0.5,20250207,20240223,20240530,950.64,1.25961936,6,False,完成,64,0.08928336104922985,0.058702454451421415
301160.SZ,20240124,1.0,20250124,20240202,20240229,542.5185,1.63786744,4,False,完成,13,0.13994073098452398,0.032183998898258404
301160.SZ,20240718,1.0,20250718,20240722,20240831,427.23019999999997,1.41717664,4,False,完成,29,0.0,0.04292473804402208
301161.SZ,20250224,0.2,20260224,20250305,20250317,88.8,0.20969968,2,False,完成,8,0.0238297872340425,-0.0013208166270942678
301161.SZ,20260721,0.3,20270721,20260722,20260731,110.76,0.28265485,2,False,完成,7,-0.039074960127591596,-0.030356215621366922
301166.SZ,20240302,0.5,20250228,20240327,20250124,477.62,1.3255671700000002,11,False,完成,203,-0.057903495260084537,-0.13306194597651155
301166.SZ,20250414,0.3,20260513,20251014,20260331,103.46000000000001,0.31211352000000003,5,False,完成,112,-0.010502133245815504,-0.017273165092473453
301166.SZ,20260528,0.3,20270526,20260602,20260731,46.45,0.12150932,3,False,完成,36,-0.10178571428571426,-0.044868516086700394
301168.SZ,20231206,0.4,20241205,20231218,20240604,206.2372,0.71855866,4,False,完成,109,-0.07130681818181817,-0.1194946865384211
301169.SZ,20240606,0.3,20250621,20240718,20241111,57.2938,0.2271709152,3,False,完成,75,0.5083251714005879,0.29406346566793107
301171.SZ,20240425,0.2,20250424,20240625,20240831,143.54000000000002,0.19750328,3,False,完成,48,-0.035075161059412996,0.001516600913761934
301173.SZ,20260610,0.5,20270610,20260624,20260731,262.44730000000004,0.7920881614,4,False,完成,27,-0.07080200501253131,-0.003262519537383768
301176.SZ,20240206,0.8,20250205,20240221,20250107,977.0518000000001,1.0725319756,4,False,完成,215,0.6282828282828283,0.487777129393445
301178.SZ,20230202,0.5,20240201,20230427,20240131,246.42000000000002,0.6787307487,4,False,完成,187,-0.14836791924867487,0.003520243501732967
301178.SZ,20240205,0.3,20250205,20240206,20240229,96.068,0.1612313585,2,False,完成,11,0.246385193753615,0.1530934126005834
301178.SZ,20240429,,,20241031,20241127,88.384,0.1708535776,2,False,完成,19,0.13440672033601686,0.12413999644569729
301179.SZ,20231107,1.2,20241106,20231121,20240416,2093.8419999999996,5.03858972,8,False,完成,96,-0.28481714074621356,-0.2703414492333994
301181.SZ,20240313,0.3,20250329,20240417,20250325,840.9562999999999,1.679773559,12,False,完成,226,0.2409024745269288,0.13095269742817006
301186.SZ,20251029,0.5,20261027,20260622,20260731,263.188,0.8683165508,3,False,完成,29,-0.28133431444689727,-0.2192928646545126
301187.SZ,20240208,0.3,20250208,20240229,20240314,195.69,0.32608087399999997,2,False,完成,10,0.08971962616822426,0.08144775584828934
301188.SZ,20240116,0.6,20250116,20240130,20240607,1023.6,1.4590570962,5,False,完成,82,-0.007190006851077846,-0.07901723485506518
301188.SZ,20250207,1.0,20260207,20250227,20251212,1714.1499999999999,2.9576847444,8,False,完成,195,0.08896214804434432,-0.051390188581116214
301190.SZ,20230719,1.0,20240803,20231221,20240417,2108.8590000000004,3.5905434594,7,False,完成,75,-0.09816612729234098,-0.14299258073175702
301190.SZ,20240723,1.0,20250722,20240726,20250324,1452.18,2.145105434,9,False,完成,157,0.39224137931034475,0.19430060702948748
301191.SZ,20250429,0.6,20260428,20250515,20250531,52.93,0.40300450350000006,2,False,完成,11,-0.037697140659058714,-0.028114580108774656
301193.SZ,20240424,0.2,20250514,20240614,20240724,191.44,0.308549717,3,False,完成,28,-0.22244636520764483,-0.187431353819407
301193.SZ,20240829,0.2,20250913,20240918,20241031,285.33,0.43387729020000004,4,False,完成,26,0.19119878603945373,-0.01311113305709033
301195.SZ,20231116,0.6,20241115,20231130,20241114,1356.44,4.8474769777999995,13,False,完成,230,-0.15812324963544477,-0.24534538988109522
301196.SZ,20240129,1.0,20250127,20240206,20250121,542.09,1.426081785,4,False,完成,230,0.4307618500825896,0.23082166581441887
301197.SZ,20240226,0.4,20250225,20240301,20241231,943.0981999999999,1.2524664434000001,7,False,完成,204,0.13545637674023014,0.025445300190604758
301197.SZ,20250218,0.6,20250517,20250324,20250514,715.24,1.00856842,5,False,完成,33,0.0708980418636056,0.06022671364905219
301197.SZ,20250826,0.5,20260825,20250902,20260331,952.1999999999999,1.8324553399999999,7,False,完成,136,0.07206733298264067,0.06277673221567115
301201.SZ,20240109,0.6,20250109,20240123,20240918,1189.926,2.1486584685,6,False,完成,157,-0.1892923795669742,-0.1732723430403359
301203.SZ,20260226,1.0,20270313,20260401,20260716,693.5899999999999,2.8826373412,6,False,完成,71,-0.08256880733944938,-0.0669397522598908
301206.SZ,20240709,1.0,20250708,20240722,20250630,1174.8777999999998,2.994093863,10,False,完成,226,0.2519632363503619,0.07741878083239939
301207.SZ,20240607,2.0,20240905,20240620,20240905,1752.8334,3.0875254500000002,5,False,完成,55,0.02842524161455362,0.10850752791437479
301216.SZ,20231101,1.0,20241031,20231110,20240731,2108.1475,2.8280578357,7,False,完成,175,-0.1712343659772696,-0.1429708495551173
301217.SZ,20250409,0.4,20250709,20250429,20250708,787.73,0.82889276,4,False,完成,46,0.6779324055666003,0.5767901476905393
301219.SZ,20230427,2.0,20240425,20230713,20240422,3091.2866000000004,11.2801323828,12,False,完成,187,0.1948019177390865,0.2701039897600175
301220.SZ,20230713,0.3,20240713,20230811,20230912,109.31,0.37721393710000006,3,False,完成,22,-0.050000000000000044,-0.03419562390803388
301222.SZ,20240219,0.5,20250219,20240223,20250131,429.37,0.94938666,8,False,完成,227,0.19643432470116817,0.10599335379530639
301223.SZ,20240902,0.5,20250902,20240906,20250731,733.2923,1.1005911935,8,False,完成,215,0.22962334760803116,-0.04822216339691976
301223.SZ,20260615,0.8,20270615,20260624,20260805,978.8599999999999,1.55656211,6,False,完成,29,0.01924270639354453,0.08031265419768063
301225.SZ,20240221,1.0,20250221,20240226,20240630,498.5938,1.4202707634,4,False,完成,83,0.06961038961038946,0.07307769887517135
301227.SZ,20240205,2.0,20250205,20240220,20250124,1506.9194,3.8399686435,7,False,完成,229,-0.2833567994622017,-0.35604202043109556
301227.SZ,20250318,0.2,20260410,20250516,20250521,55.44,0.10161136999999999,2,False,完成,3,0.020705092333519692,0.014645263963891209
301228.SZ,20230630,0.6,20240629,20231030,20240628,1343.14,1.5305553622999999,8,False,完成,161,-0.46540880503144655,-0.45565332661703517
301228.SZ,20250108,0.4,20260108,20250110,20260107,326.65,0.7123844500000001,8,False,完成,239,2.1632825719120135,1.4531313492992322
301229.SZ,20240318,0.2,20250318,20240521,20240528,102.852,0.2353399618,2,False,完成,5,0.06597845601436259,0.08256804884257751
301229.SZ,20250429,0.6,20260429,20250701,20251029,592.6400000000001,1.2021221424,4,False,完成,80,0.17336152219873124,0.010172655750411375
301230.SZ,20240219,1.0,20250207,20240220,20240831,952.6500000000001,2.6218167118999998,9,False,完成,132,-0.05936707917101525,-0.0327202485931275
301231.SZ,20231116,0.12,20241116,20231225,20240301,140.49,0.3375744846,3,False,完成,42,-0.16719618745035736,-0.19696667343307772
301231.SZ,20250515,0.22,20260514,20250714,20251010,241.74,0.5892864120000001,5,False,完成,58,0.046017699115044275,-0.055275997243457
301232.SZ,20250702,0.5,20260701,20250716,20260625,80.42,0.4420307508,4,False,完成,227,5.617292137371121,4.627169016467605
301233.SZ,20240206,0.5,20250206,20240228,20240331,158.67000000000002,0.5389057652,4,False,完成,22,0.35256410256410264,0.3155098383199808
301235.SZ,20241106,0.7,20251121,20241125,20250613,837.8499999999999,1.641109996,5,False,完成,132,0.0991260956904545,0.06227056719429003
301236.SZ,20260331,2.0,20260514,20260415,20260430,346.68190000000004,1.3769438726,2,False,完成,11,0.012320328542094527,-0.008592384991543467
301236.SZ,20260605,2.0,20260804,20260618,20260630,365.5358,1.3992344659,2,False,完成,7,0.1008817427385893,0.09982885446082523
301236.SZ,20260708,3.0,20270107,20260714,20260731,584.1988,2.1778413860000003,3,False,完成,13,-0.029865856745127983,0.004274805718146091
301237.SZ,20240219,0.4,20250219,20240416,20250217,836.4667000000001,1.7821093419999998,9,False,完成,201,0.343101261598024,0.2035166978744014
301239.SZ,20230904,0.6,20240304,20231127,20240229,253.50009999999997,2.13433411,6,False,完成,61,-0.3057659932659932,-0.3019602412419269
301246.SZ,20240316,0.99,20250313,20240403,20250312,1859.99,2.83600991,9,False,完成,225,-0.2107089475836621,-0.2815472263566623
301248.SZ,20260721,0.3,20261020,20260804,20260805,87.73,0.49927583000000003,2,False,完成,1,0.09912280701754383,0.08321166349698084
301252.SZ,20260727,1.2,20270726,20260731,20260819,243.5,0.76918965,2,False,完成,13,0.14962325080731964,0.13127378227761333
301258.SZ,20240206,0.4,20250205,20240229,20250131,439.3,1.02070175,10,False,完成,223,-0.05895446921862668,-0.12711106525612004
301258.SZ,20250707,0.4,20260707,20250710,20250825,246.5,0.8764385399999999,4,False,完成,32,0.08499999999999996,-0.01945558042762663
301258.SZ,20251013,0.4,20261013,20251014,20251120,202.0,0.70227888,3,False,完成,27,0.010059171597633254,-0.006853459255572236
301260.SZ,20240427,2.0,20250523,20240705,20250430,2446.24,3.2661931611000004,5,False,完成,198,0.03137254901960773,-0.0721405635033493
301263.SZ,20231031,0.5,20241031,20231108,20231130,225.2818,0.439854172,2,False,完成,16,-0.02699784017278606,-0.01970759666633015
301263.SZ,20260616,2.0,20260916,20260625,20260831,1427.99,2.8538624718000003,5,False,完成,47,0.054891304347826075,0.0903470278471512
301265.SZ,20240129,0.6,20250129,20240219,20240718,1535.1252,1.3733561492,6,False,完成,102,-0.04844720496894406,-0.06973054070708773
301265.SZ,20250930,0.8,20260930,20251114,20251126,706.21,0.8334508,3,False,完成,8,0.016183986371379966,0.0493997568442901
301265.SZ,20260720,1.2,20261020,20260721,20260831,723.432,1.4005606718,4,False,完成,29,0.012933264355923457,-0.018049834389543107
301267.SZ,20240109,2.5,20250108,20240122,20250107,3756.094,10.40403289,7,False,完成,231,-0.36764900505031195,-0.4603199819693671
301268.SZ,20240821,1.6,20241205,20240919,20241115,1328.9,2.38004604,5,False,完成,36,0.3868613138686132,0.13923601079611192
301268.SZ,20250117,1.2,20250506,20250221,20250331,454.13430000000005,0.8237255174,3,False,完成,26,0.07606787595084863,0.09005737105968215
301270.SZ,20240205,1.0,20250205,20240208,20240624,752.24,2.03902619,5,False,完成,85,0.01678021019989151,-0.016572258823847608
301272.SZ,20240824,0.32,20250823,20240919,20241031,96.0368,0.29185878839999996,3,False,完成,25,0.20259050149452018,0.003198314396996471
301272.SZ,20250125,0.0,,20250228,20250407,167.46519999999998,0.5284144131999999,4,False,完成,25,-0.011340505961035197,0.06027962249834662
301275.SZ,20250929,3.0,20260928,20251014,20260831,3548.46,17.075173,13,False,完成,215,-0.20370064321585968,-0.22788529936962298
301279.SZ,20240222,0.25,20250221,20240422,20250124,283.9165,0.46543557280000003,5,False,完成,187,0.38930510179997757,0.30044804539363135
301280.SZ,20240206,0.5,20250206,20240220,20240624,463.98699999999997,1.5784166998000002,6,False,完成,83,0.21859992013954543,0.20199794489122103
301280.SZ,20260331,1.0,20270327,20260430,20260521,110.344,0.5255053879999999,2,False,完成,12,0.09002707581227432,0.09935271180486516
301282.SZ,20240227,0.5,20250314,20240408,20241031,587.88,1.05583107,8,False,完成,137,0.43804338329678116,0.33598427708119183
301283.SZ,20240207,0.4,20250207,20240219,20240416,220.41,0.602449847,4,False,完成,39,-0.034074074074074145,-0.06507940137832335
301283.SZ,20260717,0.48,20270716,20260717,20260831,134.037,0.31409287799999996,3,False,完成,28,0.07998324958123959,0.01979932880895907
301285.SZ,20231107,0.7,20240524,20240122,20240430,587.0914,1.0443533385000001,5,False,完成,63,0.4318766066838047,0.2711631922767863
301286.SZ,20240228,1.5,20250228,20240307,20240913,1784.5541,5.277229719999999,8,False,完成,130,-0.019523205435858282,0.09770649703446077
301288.SZ,20231114,0.4,20241113,20240119,20240229,281.47,0.441363664,3,False,完成,23,-0.23641618497109818,-0.2827330557145852
301289.SZ,20250308,0.38,20260324,20250416,20250428,54.395,0.250817615,2,False,完成,8,0.042138649750792956,0.038205516148657415
301290.SZ,20240205,0.3,20250205,20240207,20240624,277.9181,0.5585647406,3,False,完成,86,0.133100633356791,0.08208668855667445
301290.SZ,20260722,0.4,20270722,20260724,20260728,162.20999999999998,0.39717049000000004,3,False,完成,0,0.0,
301292.SZ,20240716,0.23,20241031,20240806,20240930,126.97999999999999,0.14997922,3,False,完成,37,0.25271966527196676,0.07654892130404956
301292.SZ,20250828,0.22,20260227,20250916,20250925,95.15,0.17647572,2,False,完成,7,-0.10060060060060072,-0.09860191042339994
301293.SZ,20240419,1.6,20250417,20240718,20240815,426.5943,1.4837511877999998,3,False,完成,20,-0.01046676096181065,0.023846375298247624
301296.SZ,20240402,0.5,20240701,20240513,20240531,427.41200000000003,0.38011339199999994,2,False,完成,14,-0.018181818181818188,0.0012862973835736646
301298.SZ,20240202,0.3,20250201,20240208,20240430,589.85,0.6467604621999999,3,False,完成,50,0.21658206429780047,0.12296409382677576
301300.SZ,20231206,0.3,20241204,20240103,20240223,192.35,0.4805346399,3,False,完成,31,-0.3073322932917315,-0.31600741817711553
301300.SZ,20240228,0.3,20240528,20240229,20240524,142.622,0.3273700396,4,False,完成,56,0.0796380090497737,0.05387824815323827
301302.SZ,20240423,0.5,20240816,20240529,20240718,488.3,0.8824519529999999,4,False,完成,35,-0.15516318887105418,-0.11717016491433463
301302.SZ,20241028,0.4,20251024,20241126,20250430,634.0,1.3566985200000001,6,False,完成,103,0.03321590337191749,0.02714264345596451
301305.SZ,20240229,1.1,20250315,20240403,20250131,801.8879999999999,1.3747661079000002,5,False,完成,199,0.0037673943931981757,-0.05221851820658063
301305.SZ,20260723,1.0,20261023,20260731,20260831,231.49880000000002,0.5216161672999999,2,False,完成,21,0.13403476669716374,0.09021422801464252
301308.SZ,20260811,8.0,20270807,20260908,20260911,419.8965,14.991208623199999,3,False,完成,3,-0.053809284957922254,-0.04104768168613748
301310.SZ,20250417,0.4,20260417,20250509,20250708,66.87,0.24903957000000002,3,False,完成,41,0.008087559516521958,-0.036725859076717216
301313.SZ,20240507,0.3,20240807,20240515,20240630,79.1677,0.1697646651,2,False,完成,31,-0.11290552077404681,-0.06731639916378807
301317.SZ,20240207,0.8,20250207,20240220,20240331,1039.2235,1.7473701318,5,False,完成,28,0.3165104542177364,0.26523962336887696
301318.SZ,20231229,0.5,20241228,20240119,20240630,312.5168,0.7976195638,5,False,完成,103,0.2219674367633575,0.16632399093878214
301318.SZ,20260518,0.5,20270518,20260526,20260731,236.47,0.4767318816,4,False,完成,47,-0.1210020311557991,-0.04918451119067646
301320.SZ,20240219,0.5,20250218,20240416,20241231,678.1097,0.9446609797000001,9,False,完成,174,0.14518204680879987,0.027411664145540415
301320.SZ,20260113,0.03,20270113,20260203,20260731,23.34,0.040454870000000004,3,False,完成,111,-0.33472846345623963,-0.29385048294441185
301321.SZ,20231016,0.3,20241101,20231201,20231229,112.5,0.2019201211,2,False,完成,20,0.03699673558215455,0.05676145509945085
301321.SZ,20240219,2.0,20240518,20240208,20240331,2383.495,3.2237075881,7,False,完成,30,0.41763565891472876,0.3359367324818081
301321.SZ,20250414,1.4,20250714,20250424,20250531,1321.73,1.8302553146,5,False,完成,23,0.12790697674418605,0.1109927892259912
301322.SZ,20240222,1.5,20250311,20240318,20240731,1101.1776,2.3171754974999996,6,False,完成,91,-0.22789110116370215,-0.18948548238761131
301322.SZ,20240904,0.6,20250918,20240831,20241231,630.2659,1.3515638054999999,6,False,完成,80,0.22587841606246517,0.03951533613989011
301322.SZ,20260721,0.5,20261021,20260723,20260831,127.91,0.431922501,3,False,完成,27,0.28967019290603635,0.2542374547291151
301323.SZ,20240207,0.6,20250206,20240228,20250206,739.1339999999999,2.2184721835,8,False,完成,226,0.5264735507246376,0.38048109061658675
301325.SZ,20240131,0.5,20250130,20240207,20241023,461.2,2.8105512278,9,False,完成,166,-0.16730003264773097,-0.2865794367932414
301325.SZ,20241029,2.0,20251028,20241231,20251024,556.5999999999999,3.0589339156,10,False,完成,195,0.037460786122900824,-0.11973456349514411
301326.SZ,20240219,0.4,20250219,20240229,20250213,202.73,0.6264766449,7,False,完成,230,2.306399688881932,1.9915718442478174
301327.SZ,20231102,1.0,20241101,20231129,20240331,271.8333,1.6698813313,6,False,完成,80,-0.11375507835171217,-0.11943171778615047
301328.SZ,20231030,0.6,20241027,20231106,20231129,108.32499999999999,0.5482661463,2,False,完成,17,0.2077789150460594,0.22245726525367115
301330.SZ,20231111,0.6,20241110,20231130,20240201,226.0,0.606249131,3,False,完成,44,-0.2447817836812145,-0.17420480998391696
301331.SZ,20231021,1.5,20241020,20231030,20241020,1894.1003,6.762562279,12,False,完成,234,-0.04706070151062436,-0.11718500838411205
301332.SZ,20240429,0.4,20250425,20240715,20250331,1689.6496,1.4835480196,8,False,完成,171,0.24364896073902975,0.10878498978182272
301333.SZ,20240702,0.8,20250701,20240709,20240831,409.86999999999995,1.58379365,4,False,完成,38,0.09513274336283195,0.1402749360144102
301333.SZ,20260615,0.6,20261212,20260618,20260730,124.84,0.5864068496,3,False,完成,29,-0.02633442100537653,0.046802268159898075
301335.SZ,20240220,0.4,20240517,20240229,20240518,519.0948,0.8793331628000001,5,False,完成,51,0.16806722689075637,0.11664340344431334
301335.SZ,20240718,1.0,20250805,20240813,20240930,847.9206,1.4199254492,5,False,完成,32,0.2858028518288902,0.1052348326994823
301336.SZ,20240219,0.2,20240519,20240222,20240508,87.78999999999999,0.2753619012,3,False,完成,49,0.056244041944709444,0.008935752581493261
301336.SZ,20260828,0.3,20270827,20260904,20260910,63.4944,0.2734360248,2,False,完成,4,0.021201413427561766,0.020088641291107212
301337.SZ,20260714,0.4,20270714,20260722,20260731,117.0,0.25384635,2,False,完成,2,0.06264394288346375,0.07154622081544737
301345.SZ,20240205,1.0,20250202,20240219,20240820,482.9854,2.7935396443,8,False,完成,125,-0.15950133538045708,-0.14663493684240214
301349.SZ,20231106,0.6,20241106,20231117,20241028,860.55,2.97016378,12,False,完成,226,-0.3894963266742184,-0.4387144781640654
301353.SZ,20240220,0.5,20250219,20240223,20240828,1070.2752,2.6207372155,9,False,完成,127,-0.04817517075130573,0.00799704321712813
301355.SZ,20240608,0.4,20250625,20240718,20250618,741.6199999999999,0.8055390900000001,7,False,完成,220,0.22880490296220657,0.07952869297267018
301359.SZ,20260812,0.28,20270812,20260826,20260831,90.0,0.16099703999999998,2,False,完成,3,0.036871508379888285,0.017682105807634185
301360.SZ,20260721,0.5,20261020,20260724,20260831,97.97,0.46533747,3,False,完成,26,0.2842428227043612,0.22879828578414463
301362.SZ,20240228,0.5,20250228,20240306,20240906,707.0083,2.3875529389999994,7,False,完成,126,-0.052104142955874844,0.04184360027574541
301363.SZ,20240328,1.0,20250327,20240418,20250327,796.7593,2.0236630084,6,False,完成,227,0.29104504899809847,0.17642497025731818
301366.SZ,20240202,0.6,20250202,20240222,20240930,443.35999999999996,1.1107685105,6,False,完成,149,0.6154521878349861,0.4468913256290101
301367.SZ,20240412,0.6,20250411,20240603,20250331,291.31600000000003,1.7736271500999998,6,False,完成,200,0.3942176790231291,0.28669362501647444
301367.SZ,20260428,1.2,20270515,20260601,20260731,434.41929999999996,1.8861953319,4,False,完成,43,-0.006049742325789809,0.05243099182742528
301369.SZ,20240205,0.6,20250205,20240626,20250116,76.0344,0.35752328499999997,4,False,完成,138,0.12437268164957449,0.03281612108831733
301370.SZ,20240219,1.0,20240519,20240326,20240416,469.156,0.6414674295,3,False,完成,13,-0.09925925925925927,-0.09194662022871802
301376.SZ,20250211,1.0,20260210,20250325,20251031,1307.97,2.19047503,8,False,完成,147,-0.008091837215867925,-0.1547700382677546
301376.SZ,20260626,1.0,20270624,20260629,20260831,263.81,0.46912164999999995,4,False,完成,42,0.20613287904599642,0.23263910183618464
301379.SZ,20241227,0.8,20251227,20250110,20250411,1101.7,2.446201282,6,False,完成,58,0.341591987348445,0.3127141501647899
301382.SZ,20240131,0.8,20250130,20240319,20240731,532.687,1.0792532459,6,False,完成,90,-0.29380092449922957,-0.264001419091917
301382.SZ,20250114,0.5,20260113,20250127,20250430,63.06,0.2347090685,3,False,完成,60,0.28987880773010155,0.2786949692895999
301382.SZ,20250612,0.02,,20250731,20251031,185.82,0.5783033741,3,False,完成,60,0.028908554572271372,-0.07036669854839628
301389.SZ,20240219,0.26,20250219,20240222,20250131,496.80719999999997,0.6594526008,6,False,完成,228,0.39353394937345043,0.2811103028357054
301390.SZ,20240828,0.4,20250826,20240918,20250825,127.9898,0.388641656,4,False,完成,226,0.5468809438879207,0.08233394673580086
301391.SZ,20231205,0.5,20241204,20240115,20240130,51.2371,0.5553325885,2,False,完成,11,-0.11966341895482735,-0.10231990938571778
301391.SZ,20250108,1.0,20260108,20250117,20250407,995.8679999999999,4.0189862674,7,False,完成,49,-0.13076923076923075,-0.0899979353375463
301393.SZ,20240205,0.6,20250205,20240304,20240930,455.43399999999997,1.9080007313,7,False,完成,142,-0.09237900334085447,-0.17322354662658435
301395.SZ,20241108,0.7,20251126,20250102,20250902,1648.4643999999998,1.8831834972,8,False,完成,162,0.2684583746720257,0.07264887284375021
301396.SZ,20260803,0.5,20270803,20260811,20260831,8.57,0.17171513,2,False,完成,14,-0.0428363485132045,-0.05537149368856098
301397.SZ,20240208,0.6,20250207,20240321,20250123,394.8803,1.136024075,6,False,完成,206,0.029389265070189907,-0.01938496503817211
301418.SZ,20240419,0.2,20250417,20240627,20250416,110.94000000000001,0.35834714,6,False,完成,194,-0.1721276315616237,-0.25555955429177746
301428.SZ,20240320,0.5,20250318,20240528,20250127,289.37600000000003,0.7720051042,6,False,完成,165,0.3596272154245461,0.3006392496884833
301429.SZ,20240418,0.4,20250416,20240425,20240829,1058.45,1.6517023417999999,8,False,完成,86,-0.07404433583522418,0.001326215568471012
301446.SZ,20260730,0.6,20270728,20260825,20260831,13.67,0.04639149,2,False,完成,4,0.051729065447270406,0.026175727400623794
301468.SZ,20240921,0.8,20251010,20250121,20250630,423.8689,0.927536873,7,False,完成,103,0.12421315603662286,0.05834743156643585
301469.SZ,20240312,0.5,20250312,20240328,20250228,707.39,1.69927085,13,False,完成,221,-0.06277329420396194,-0.15032773579356373
301469.SZ,20250422,0.5,20260421,20250902,20260420,356.0,1.03644289,9,False,完成,149,0.24284692417739628,0.17464966469468335
301486.SZ,20240208,0.5,20250223,20240304,20240722,355.06,1.38093735,5,False,完成,94,0.08633719327267686,0.11385646771235414
301498.SZ,20260423,2.0,20270513,20260609,20260831,97.73,0.3928474,4,False,完成,56,-0.06338717572197738,-0.05781098669277207
301500.SZ,20250823,0.0,,20251106,20251106,98.90859999999999,0.060135635199999996,2,False,完成,0,0.0,
301501.SZ,20260702,0.5,20270701,20260814,20260831,28.985,0.08201233499999999,2,False,完成,11,-0.04284257055423335,-0.0570383679283184
301505.SZ,20250422,0.3,20260422,20250425,20250630,252.24130000000002,0.5209869878,4,False,完成,42,0.3045736805189241,0.24800156860136147
301507.SZ,20250321,0.29,20260319,20250411,20250925,412.45000000000005,0.5312452599999999,5,False,完成,115,0.1421563538205981,-0.04015796873747768
301507.SZ,20251030,0.51,20261028,20251205,20260901,1260.1699999999998,1.87647229,8,False,完成,179,-0.15371725491637767,-0.17010755623551288
301511.SZ,20260115,1.5,20270115,20260130,20260331,466.6796,1.476324795,3,False,完成,36,0.3118895250926239,0.3881001956057548
301515.SZ,20240205,0.3,20250204,20240208,20241024,315.885,0.5755412176,4,False,完成,166,0.06284691088026251,-0.07141079014199037
301515.SZ,20241104,1.0,20251104,20241230,20250430,866.114,1.6177068481,6,False,完成,79,-0.0010899182561310283,0.037993168743977845
301518.SZ,20241112,0.2,20251111,20241210,20250430,298.88739999999996,0.526288527,4,False,完成,93,0.03841991341991369,0.08390515191764902
301519.SZ,20241126,1.0,20251213,20241230,20250411,1617.3042,2.1034990606,6,False,完成,66,-0.06001558846453636,-0.010929922814225335
301520.SZ,20241025,0.3,20251023,20241217,20250430,87.01,0.33263488,5,False,完成,88,-0.0932380291699505,-0.07043684805346817
301529.SZ,20240829,0.5,20250913,20241217,20250430,608.5015000000001,1.8573801037,6,False,完成,88,-0.12412746585735979,-0.10210302181538333
301533.SZ,20240228,0.45,20250226,20240408,20250131,327.165,0.8485708675,5,False,完成,198,0.07013129496402848,0.0031211599325349226
301536.SZ,20260108,1.2,20270108,20260114,20260213,312.80859999999996,2.0964785368000003,3,False,完成,22,0.09102091020910197,0.10278635384181722
301548.SZ,20250409,0.4,20260408,20250613,20250623,53.239999999999995,0.24995948999999998,2,False,完成,6,-0.025957446808510753,-0.027278299019178887
301568.SZ,20241109,0.4,20251125,20241231,20250410,96.5398,0.318043505,2,False,完成,64,-0.057647058823529496,-0.020192770045149966
301587.SZ,20250425,0.2,20260423,20251010,20260324,149.307,0.3499363648,3,False,完成,109,-0.04426041041775386,-0.04038247053298416
301589.SZ,20241028,1.5,20250127,20241101,20250115,184.1404,3.3631344201999998,4,False,完成,52,-0.13185287811334112,-0.11977471700906306
301589.SZ,20250123,1.5,20250523,20250212,20250418,132.51600000000002,2.0509416297,4,False,完成,46,-0.2081614197705307,-0.19132893446570243
301589.SZ,20250802,1.5,20260818,20251013,20251117,96.0809,1.6468530847999998,3,False,完成,25,-0.016867752137753267,-0.03729568508534864
301589.SZ,20251216,1.5,20261216,20251229,20260210,194.208,3.3371966061,4,False,完成,29,0.10036079374624163,0.05689047535015179
301589.SZ,20260403,1.0,20270403,20260414,20260521,66.772,1.17488539,3,False,完成,24,0.07201719813686869,0.058699819268619
301662.SZ,20260727,0.9,20270724,20260827,20260831,33.793099999999995,0.2454002272,2,False,完成,2,0.012768817204301008,0.005216301404169732
302132.SZ,20210209,1.2,20220208,20210317,20210531,940.74,1.2156185365,4,False,完成,49,0.1517352703793382,0.09760404177265114
600009.SH,20240723,5.3,20250721,20240726,20240831,996.4451,3.404425,3,False,完成,25,-0.055587229190421694,-0.039410777266917774
600010.SH,20240419,2.0,20250417,20240531,20250303,42758.450000000004,6.895520470000001,8,False,完成,181,0.19480519480519476,0.111915509738578
600010.SH,20250419,2.0,20260521,20250630,20260521,38013.920000000006,9.01987277,11,False,完成,215,0.4189944134078212,0.19874643865798247
600019.SH,20200104,0.12,,20200327,20200327,317.22499999999997,0.126572775,2,False,完成,0,0.0,
600019.SH,20210120,40.0,20220119,20210204,20210731,123184.66999999998,92.38797818,9,False,完成,116,0.2419013635784375,0.28010191554756547
600019.SH,20210828,0.01,,20210831,20211231,182959.8735,136.11908421,5,False,完成,81,-0.26646179189416597,-0.28577583552484276
600019.SH,20221116,,,20221130,20230227,621.1316,0.0088404834,2,False,完成,57,0.17730496453900702,0.1387487785939343
600019.SH,20231017,30.0,20241016,20231031,20240331,200920.495,114.467517,9,False,完成,101,0.060702875399361034,0.05289145939049056
600019.SH,20240427,,,20240430,20240831,197846.07069999998,113.393709,6,False,完成,84,-0.117048292766875,-0.035466752317881656
600022.SH,20200207,4.0,20210205,20200224,20200630,101856.8394,13.254741141799999,7,False,完成,85,-0.022727272727272818,
600022.SH,20240206,4.0,20250204,20240322,20250204,82296.63750000001,10.4571872238,11,False,完成,207,0.05223880597014907,-0.01333337071486651
600023.SH,20210805,12.0,20220831,20211101,20220331,87022.9745,32.686238339999996,7,False,完成,102,-0.10554089709762526,-0.025155548005366568
600028.SH,20220829,25.0,20221126,20220921,20221125,92800.0153,39.6354469805,5,False,完成,42,0.05647058823529405,0.06174467591177746
600028.SH,20230828,15.0,20231128,20230921,20231124,304346.15209999995,176.7272102242,38,False,完成,40,-0.10457516339869277,-0.09169891686631315
600028.SH,20240826,15.0,20241123,20240918,20241122,17876.1595,11.205574602,4,False,完成,42,-0.018779342723004744,-0.18393137911088886
600028.SH,20250822,10.0,20251120,20250822,20251120,119535.19599999998,66.67452623080001,24,False,完成,58,0.054586800839323546,0.02634001701875821
600028.SH,20260616,10.0,20260914,20260618,20260824,354060.21800000017,166.32896981000005,47,False,完成,40,0.13163481953290868,0.19240640075158977
600031.SH,20230401,8.0,20230514,20230410,20230430,4358.027,7.3138198569,2,False,完成,14,-0.031708749266001424,-0.034015440435551825
600031.SH,20240206,10.0,20240804,20240308,20240331,2731.2,3.8072662506,2,False,完成,15,0.043664996420901936,0.045330204490256154
600031.SH,20240429,1.0,,20240628,20240719,5412.400000000001,7.5695942358,2,False,完成,15,-0.006060606060606211,-0.011028389011767614
600031.SH,20250418,0.05,,20250430,20250630,12903.475900000001,24.1603299406,3,False,完成,39,-0.03056502847154563,-0.07711529263401484
600039.SH,20250628,0.19,,20250828,20260331,5218.134,3.6807972953000005,7,False,完成,139,0.19576100207681524,0.180932327508615
600048.SH,20231212,20.0,20240308,20231213,20240307,27426.329999999998,26.363073,5,False,完成,54,-0.09782608695652162,-0.11530117682406194
600050.SH,20210312,0.78,,20210316,20210916,163859.0381,70.0860569868,7,False,完成,127,-0.07260641592006944,-0.11383511594352791
600052.SH,20220505,1.3,20220729,20220531,20220715,7202.2418,3.287505,5,False,完成,32,0.05476190476190457,0.04115815082080765
600052.SH,20231128,0.6,20241127,20231221,20231229,1106.8084000000001,0.540121,2,False,完成,6,0.002008032128513859,-0.016927774923614525
600055.SH,20250823,0.6,20260821,20250925,20260630,905.7496,1.3697292996000001,5,False,完成,179,-0.42161856253537067,-0.4556760620138478
600057.SH,20200303,1.4,20210301,20200429,20201013,5091.71,2.982701882,4,False,完成,108,0.18965139428497846,
600057.SH,20211130,0.01,,20220414,20220414,23.8478,0.0088952294,2,False,完成,0,0.0,
600057.SH,20240316,,,20240603,20240603,379.9429,0.0717744273,2,False,完成,0,0.0,
600057.SH,20250417,13.28,20251015,20250424,20250624,15233.051599999999,10.1428496032,6,False,完成,39,0.12570172461921958,0.08513120364770921
600057.SH,20250628,,,20250630,20250922,28804.2274,17.28708845,4,False,完成,60,0.009957325746799306,-0.09137953529938303
600059.SH,20250425,3.0,20260422,20250623,20260331,8784.99,8.964271,6,False,完成,187,-0.15347950428979962,-0.2644705193527639
600060.SH,20210427,3.27,20211026,20210511,20210518,5047.9901,5.7724,3,False,完成,5,0.028144239226033374,0.002748393522175041
600060.SH,20231025,0.03,,20231219,20231219,225.11669999999998,0.1702782719,2,False,完成,0,0.0,
600060.SH,20240312,7.53,20250311,20240312,20240621,8442.5538,20.455306,6,False,完成,67,0.11508743391622622,0.13658379245382313
600061.SH,20231028,4.0,20241025,20231116,20241025,24972.6668,16.091970686499998,14,False,完成,226,0.09344644465516705,0.011008139003435113
600061.SH,20250410,4.0,20260408,20250918,20260313,4680.226000000001,3.532854704,5,False,完成,112,-0.04073587385019717,-0.10252312136278263
600062.SH,20211228,4.32,20221227,20220105,20220930,11449.1234,15.0129347973,7,False,完成,180,0.3912060082550126,0.6537648134573972
600062.SH,20241026,0.0,,20241218,20250219,48.2666,0.031,2,False,完成,38,-0.07328015952143574,-0.06480003250527178
600066.SH,20220111,1.3,,20220511,20220511,4899.2,3.1569822000000003,4,False,完成,0,0.0,
600067.SH,20240208,1.0,20240506,20240228,20240506,5918.48,1.130423,4,False,完成,43,0.09424083769633507,0.030528820062465822
600072.SH,20250430,0.0,,20250915,20260225,587.2019,1.7000000000000001e-07,2,False,完成,103,0.060435132957292526,-0.012880126062897457
600076.SH,20240704,0.2,20250719,20240821,20250424,673.8199999999999,0.12045249529999999,2,False,完成,161,0.49275362318840576,0.29323730209279164
600080.SH,20240221,1.5,20240820,20240223,20240430,11995.3456,7.3982469584,9,False,完成,45,0.005649717514124353,-0.026721887561258484
600089.SH,20221108,10.0,20231107,20221208,20231107,14717.6895,27.8996860332,6,False,完成,220,-0.08292752037017759,-0.040908428511503336
600094.SH,20211008,2.0,20220330,20211101,20220328,23141.066,8.417068071200001,8,False,完成,99,0.17827298050139295,0.2992256702074281
600094.SH,20220406,4.0,20220701,20220505,20220630,13354.630000000001,4.68311935,4,False,完成,39,0.10542168674698815,-0.002191804868238112
600094.SH,20220719,2.0,20221018,20220825,20221013,9997.84,3.2483480194,5,False,完成,29,0.01812688821752273,0.09572357071336679
600095.SH,20240415,1.6,20250425,20240416,20250425,3364.8199999999997,2.2457858798,6,False,完成,239,0.2857536155939362,0.17337732299630004
600096.SH,20221228,0.01,,20221230,20230320,156.4494,0.044013,2,False,完成,50,0.0038022813688214363,-0.041394091280783085
600096.SH,20230803,2.0,20231202,20230809,20230926,2099.922,3.72684,3,False,完成,34,-0.05289256198347092,-0.00947534845400011
600103.SH,20201026,4.0,20210513,20201216,20210512,52229.13900000001,10.899065198,11,False,完成,95,0.18321253254665137,
600104.SH,20200704,30.34,20210120,20200722,20210119,34868.8793,68.9832061274,6,False,完成,122,0.2507919746568108,
600104.SH,20210910,30.0,20220909,20210913,20220908,34403.3823,66.2135637282,8,False,完成,239,-0.22701698414946514,-0.11239586648578914
600104.SH,20230614,20.0,20240612,20230615,20240611,25655.7886,35.9886594001,10,False,完成,237,0.020423225153445967,0.09622255721549644
600105.SH,20200428,0.22,,20200624,20200624,713.505,0.21679574999999998,2,False,完成,0,0.0,
600109.SH,20230831,3.0,20240829,20230922,20240131,9721.5416,8.956337744799999,8,False,完成,86,-0.11052072263549428,-0.0008302542657350198
600109.SH,20240305,1.0,20250320,20240326,20240412,1473.79,1.25000132,3,False,完成,11,-0.03846153846153866,-0.03463783312911006
600109.SH,20250409,1.0,20250708,20250411,20250630,1673.38,1.37325154,4,False,完成,52,0.10453400503778343,0.038411634330172584
600109.SH,20260610,3.0,20260909,20260612,20260828,2984.08,2.5714042299999997,4,False,完成,53,0.040143290866216264,0.06102256374916304
600110.SH,20220426,1.5,20230510,20220606,20220930,1350.79,1.2192281286,3,False,完成,83,-0.18959912085899389,-0.13279762220280467
600110.SH,20240709,1.0,20241024,20241022,20241023,2039.98,0.74914093,2,False,完成,1,0.038147138964577776,0.032823794764073266
600115.SH,20240831,5.0,20251107,20241220,20250630,30970.269999999997,11.752352000000002,7,False,完成,124,0.0,-0.022168079345363134
600115.SH,20260331,10.0,20270428,20260605,20260731,5729.83,2.16010278,3,False,完成,36,-0.05555555555555547,-0.0073818854946421375
600116.SH,20230928,2.0,20240927,20231011,20240831,13284.695500000002,10.332922675899999,10,False,完成,219,-0.07556893336215709,0.0014312817938069156
600120.SH,20240207,,20240506,20240308,20240425,13710.3206,5.1447775,4,False,完成,32,0.02425876010781658,0.02195022734337959
600123.SH,20240518,2.0,20250605,20240626,20241216,5088.8197,4.256305731199999,8,False,完成,116,0.0011123470522802492,-0.12122252556607171
600129.SH,20250717,1.2,20260805,20250903,20250922,592.1359,1.299193,2,False,完成,13,-0.03663500678426057,-0.04041436182732616
600130.SH,20240528,0.8,20250613,20240624,20240730,4952.09,1.52791982,5,False,完成,26,0.052631578947368585,0.08326742853859703
600130.SH,20250429,1.2,20260520,20250715,20260407,3238.9882,1.348929108,5,False,完成,175,0.308868501529052,0.17927725863960897
600141.SH,20230415,4.0,20240414,20230505,20230602,1863.68,4.4764821415,3,False,完成,20,-0.06710580485796636,-0.036943578905767605
600141.SH,20260122,4.0,20260419,20260127,20260908,1504.76,6.0460840000000005,5,False,完成,149,-0.24390455689876378,-0.2056535483690557
600143.SH,20240729,5.0,20250726,20240731,20250430,21994.7154,14.7638360912,6,False,完成,180,0.6743119266055042,0.5005598916477523
600152.SH,20201030,0.0,,20210302,20210316,804.0325,0.06180961,2,False,完成,10,0.002941176470588447,0.0209407509969739
600155.SH,20201201,5.0,20211130,20201223,20211129,13864.2186,15.527818298100001,6,False,完成,225,-0.21883069930792276,
600155.SH,20220407,4.0,20231001,20220429,20230310,11622.2166,8.6464760504,6,False,完成,209,-0.09743589743589742,-0.14857463735912013
600155.SH,20260725,2.0,20261024,20260806,20260902,1361.69,0.8013941499999999,3,False,完成,19,0.04553119730185484,0.034646137980095304
600157.SH,20240626,10.0,20250624,20240702,20250623,251450.41999999998,29.888171536,12,False,完成,225,0.12377906709483377,-0.004022751356684173
600157.SH,20251202,5.0,20261221,20251231,20260731,2970.87,0.46614553,3,False,完成,133,0.006369426751592355,0.04223534805595053
600162.SH,20200707,1.58,20210706,20200715,20210510,33860.8574,6.9453594724,11,False,完成,197,-0.11471320809142727,
600162.SH,20210514,1.45,20220512,20210521,20210909,13057.7051,2.4124947050000003,7,False,完成,78,0.058806047872408174,-0.0004175504777101935
600162.SH,20210918,1.45,20220916,20210922,20211130,6578.3248,1.30312358,4,False,完成,44,-0.03482587064676612,-0.01733018175640444
600162.SH,20240703,0.6,20250702,20240828,20250702,7520.18,1.23096704,10,False,完成,201,0.2790697674418603,0.050503073609783566
600166.SH,20230114,3.0,20240113,20230130,20231031,39443.8036,13.5761061104,6,False,完成,184,-0.1191860465116279,-0.04608156950027997
600167.SH,20210108,5.0,20220107,20210115,20211231,15896.743400000001,16.2461721976,9,False,完成,233,-0.15526999562655963,-0.17230433103335407
600167.SH,20231117,2.0,20241115,20231221,20240913,11640.473,6.1281941486000004,7,False,完成,178,-0.09136505184294164,-0.019246121930747373
600167.SH,20260714,2.0,20261013,20260828,20260831,214.0,0.11989275,2,False,完成,1,-0.027874564459930307,-0.036195053228003204
600169.SH,20231223,0.2,20241222,20240122,20240131,680.0,0.15046,2,False,完成,7,0.009345794392523477,-0.0023123552315471585
600173.SH,20240208,0.5,20240807,20240219,20240331,2199.35,0.824736,4,False,完成,29,0.11420612813370479,0.06634922305736835
600176.SH,20250925,8.8,20261020,20251030,20251124,6971.0246,10.90304395,3,False,完成,17,-0.07386716325263809,-0.03762694182526227
600177.SH,20200921,15.0,20210917,20200930,20210803,147757.7082,106.1962408757,12,False,完成,202,-0.0030226181075100333,
600177.SH,20250830,9.6,20260827,20250917,20260109,50942.7944,38.054479969,8,False,完成,74,0.02010766599188929,-0.040321299766601926
600179.SH,20220430,7.5,20230520,20220602,20221031,77729.6825,31.454770568300003,8,False,完成,100,-0.11450381679389321,-0.022090000049621916
600180.SH,20210130,1.2,20220129,20210315,20211112,6828.6552,3.816112,10,False,完成,162,0.21500421730030328,0.17409739541638758
600180.SH,20221104,1.0,20230203,20221122,20230201,1850.14,1.1034772519999998,4,False,完成,45,0.01830282861896837,-0.04244920965941246
600186.SH,20220525,1.0,20230524,20220707,20230228,7894.67,2.0237196292,7,False,完成,156,0.07364341085271309,0.10140197181229293
600186.SH,20241108,0.01,,20241118,20250306,5426.2,2.6287007652,6,False,完成,71,0.4695121951219514,0.44463000452812174
600186.SH,20250626,0.01,,20250630,20251011,5391.64,2.6936022725999997,3,False,完成,68,-0.046666666666666745,-0.15738720522270133
600187.SH,20260515,0.25,20270531,20260610,20260629,1453.8002,0.20841487739999998,2,False,完成,12,-0.22619047619047616,-0.24151430684694597
600188.SH,20260212,0.01,,20260514,20260605,259.3724,0.51560647,2,False,完成,16,0.23277559055118102,0.278741818626705
600196.SH,20240327,2.0,20240925,20240625,20240709,455.84000000000003,1.01003902,3,False,完成,10,-0.0018115942028985588,-0.004974127688577634
600196.SH,20240808,0.23,,20240828,20241008,2261.7945999999997,5.0140498073,6,False,完成,22,0.30590339892665486,0.061790075550736345
600196.SH,20250123,6.0,20250721,20250326,20250410,1428.6156,3.4715723348000003,6,False,完成,10,-0.025661914460285096,0.01818199806026799
600196.SH,20250412,0.19,,20250414,20250630,11027.421199999999,26.779753436799997,12,False,完成,51,0.04759916492693117,-0.007638773699356949
600201.SH,20220422,0.76,,20220422,20221130,15778.761500000002,14.3444196117,8,False,完成,148,-0.01097797667878142,-0.031194436239355583
600201.SH,20241031,1.6,20251029,20250122,20250331,1857.84,1.25555872,4,False,完成,42,0.10990712074303421,0.06927314434730558
600201.SH,20250529,0.03,,20250731,20250731,2430.47,1.6195252199999999,2,False,完成,0,0.0,
600201.SH,20260606,4.0,20260905,20260626,20260905,7041.790000000001,8.187199329999999,7,False,完成,50,0.07517482517482543,0.10175203138327604
600208.SH,20240709,3.0,20241008,20240719,20241008,10074.51,2.25297,3,False,完成,50,0.7485029940119758,0.49424400333639396
600208.SH,20260307,2.0,20260605,20260310,20260605,15537.590500000002,4.931214,5,False,完成,59,-0.19491525423728817,-0.1758458489722896
600211.SH,20251219,2.0,20261217,20260105,20260131,728.5276,3.2382361382000004,3,False,完成,19,-0.04050690201403029,-0.06253286127985536
600212.SH,20240206,1.5,20240505,20240208,20240430,4128.84,2.344581,5,False,完成,50,0.2600806451612905,0.16311538807614
600212.SH,20241213,0.01,,20241216,20250218,1686.04,1.38768288,4,False,完成,39,-0.12958715596330284,-0.11339614837767886
600215.SH,20200624,3.0,20200923,20200702,20200922,14820.497599999999,8.5660705753,9,False,完成,58,-0.07773851590106018,
600216.SH,20250415,2.0,20260414,20250512,20250811,3969.09,5.67806881,5,False,完成,64,0.1999878659208314,0.1084306384125251
600216.SH,20260715,2.0,20270714,20260824,20260831,153.24,0.19536567,2,False,完成,5,0.030278884462151323,0.0033245805218924396
600219.SH,20211027,16.0,20221115,20211215,20221114,156551.7524,63.7472791016,13,False,完成,220,-0.239630904277214,-0.10049160557140768
600219.SH,20231214,6.0,20241228,20240118,20241209,56819.72,19.708019020000002,13,False,完成,213,0.48379243398111305,0.24100221989393744
600219.SH,20241212,6.0,20251226,20250115,20251216,87990.0312,35.1151653642,16,False,完成,222,0.2571628281074456,0.060708673596410634
600219.SH,20251223,6.0,20270108,20260120,20260831,28951.93,16.9120670468,9,False,完成,142,-0.24669477306612786,-0.22262879155765658
600222.SH,20220715,0.8,20230713,20220802,20230630,5573.5599999999995,2.9852824625,8,False,完成,220,0.12671199215930762,0.1211538773290779
600226.SH,20200730,0.0,,20200803,20210511,38811.134,8.318945346,8,False,完成,185,1.5043828365065073,
600226.SH,20210708,4.0,20220706,20210713,20220630,39979.688,9.7084136441,8,False,完成,233,-0.2724137931034484,-0.23646787361885135
600227.SH,20240219,0.3,20240517,20240326,20240517,1120.63,0.21712514,3,False,完成,33,-0.11004784688995195,-0.1446257267838933
600228.SH,20220430,0.0,,20221223,20230118,9346.935300000001,2e-08,2,False,完成,17,-0.002789400278939924,-0.05800626242035711
600228.SH,20230429,0.0,,20230731,20240419,12718.195699999998,1.93e-08,3,False,完成,174,-0.46960167714884693,-0.43053397725140063
600228.SH,20240427,0.0,,20240813,20240919,17936.5659,9.8e-09,2,False,完成,25,0.02183406113537112,0.07110421410211609
600228.SH,20241031,0.25,20251115,20241113,20241231,782.3259,0.22871969039999998,4,False,完成,34,-0.1135057471264368,-0.090359311283157
600229.SH,20210914,4.0,20220928,20211101,20220707,35842.3526,24.642828914699997,14,False,完成,166,0.04376012965964349,0.09962804118179491
600231.SH,20240626,2.0,20241225,20240712,20241224,26086.1215,3.8026994,7,False,完成,110,0.4728682170542633,0.2896094683854975
600231.SH,20250422,1.0,20260421,20250604,20250731,828.75,0.1456952,3,False,完成,41,0.19186046511627897,0.12614841719016834
600231.SH,20250813,,,20250831,20251130,6551.92,1.278891,5,False,完成,59,0.09661835748792291,0.08796948592802023
600233.SH,20230628,5.0,20231227,20230823,20231226,9608.789999999999,13.909232,6,False,完成,83,-0.17138908085694537,-0.12007439511942697
600233.SH,20260721,0.5,20270720,20260820,20260831,343.31,0.5998,2,False,完成,7,-0.03200000000000003,-0.05205232323323539
600246.SH,20210108,3.0,20220107,20210112,20220105,40248.695999999996,27.0542072626,13,False,完成,237,0.3570469798657716,0.36201545358993137
600246.SH,20220112,3.0,20230111,20220120,20220331,5394.8,5.1660453708,6,False,完成,45,0.018830525272546916,0.11370868090177999
600246.SH,20220427,8.0,20220726,20220426,20220615,15601.82,14.163131346999998,6,False,完成,32,0.40363128491620115,0.22571226611157158
600248.SH,20210428,0.0,,20211025,20211221,6240.7812,2e-08,2,False,完成,41,0.20506912442396352,0.19999554296010702
600251.SH,20210622,0.01,,20210723,20210909,273.21,0.08006621,2,False,完成,34,-0.1346153846153847,-0.16806103336397327
600252.SH,20230329,0.24,,20230417,20230720,1724.425,0.29547650000000003,2,False,完成,63,-0.08212014485604258,-0.01954213997126175
600252.SH,20240311,3.0,20240927,20240416,20240430,1927.1599999999999,0.42982632,2,False,完成,10,0.10407239819004532,0.06931032291447803
600252.SH,20240522,0.26,,20240528,20241115,55208.32979999999,12.6475355359,8,False,完成,115,0.1237822716397099,0.04916516207454902
600252.SH,20250430,0.19,,20250429,20251224,53902.3579,13.290956705400001,8,False,完成,161,0.17012448132780067,-0.024144388860462773
600255.SH,20200425,1.0,20200812,20200615,20200630,120.0,0.01296,2,False,完成,9,-0.02777777777777779,
600256.SH,20200425,,,20200430,20201119,121846.4584,33.5329031149,9,False,完成,134,0.19444444444444442,
600256.SH,20220903,10.0,20221231,20220905,20221230,25129.73,29.921768646400004,6,False,完成,78,-0.3501440922190202,-0.32686695157174517
600256.SH,20240723,8.0,20250806,20240808,20250131,26472.83,18.7239856474,7,False,完成,114,0.016694490818029983,-0.1023773105780259
600258.SH,20220810,0.01,,20220916,20221020,252.4248,0.21219895151999998,2,False,完成,19,0.0374230222643297,0.06864681744140033
600261.SH,20210420,3.0,20220518,20210616,20220105,22862.690000000002,9.0100756845,10,False,完成,137,0.11428571428571432,0.09046785377614341
600261.SH,20240120,2.0,20250206,20240221,20240401,9077.12,2.683491691,4,False,完成,28,0.09473684210526301,0.0497635275480377
600266.SH,20200831,6.0,20201128,20200907,20201113,48161.3304,28.6537189596,8,False,完成,43,-0.05123966942148761,
600266.SH,20210410,8.0,20210708,20210518,20210630,27213.8751,13.8184959436,6,False,完成,30,-0.05765407554671975,-0.07397106391631036
600267.SH,20211030,0.02,,20211105,20211231,1503.0718,1.90071051,4,False,完成,40,0.12189254210104239,0.07621029662184364
600267.SH,20220329,0.04,,20220430,20220831,5158.7336,6.1479840998,5,False,完成,84,0.06975822499798223,0.017951215117004704
600267.SH,20220922,1.95,20230921,20220920,20220930,2526.4959,2.8601655814,3,False,完成,8,0.029154518950437414,0.06250764875337889
600267.SH,20221028,,,20221031,20230228,2120.64,2.0840706364,3,False,完成,80,0.036312849162011274,-0.08569683428046693
600267.SH,20230425,,,20230630,20230920,5432.95,5.5412844789,5,False,完成,58,-0.04305799648506148,-0.014276666518478809
600267.SH,20231223,1.0,20241222,20231226,20231231,42.3,0.03874354,2,False,完成,3,0.026315789473684292,7.737365502857863e-05
600267.SH,20240201,,,20240131,20240418,2562.9,2.2555761707,3,False,完成,48,-0.03631647211413758,-0.12586804260958306
600267.SH,20241011,,,20241231,20241231,902.5519999999999,0.0,2,False,完成,0,0.0,
600267.SH,20250513,1.0,20260511,20250522,20251231,2079.51,1.9344267298000002,5,False,完成,152,0.08324205914567373,-0.07742255702351752
600267.SH,20260206,,,20260316,20260407,1028.16,0.9899024498000001,2,False,完成,15,0.0018832391713747842,0.05200652276407225
600271.SH,20200425,0.55,,20200616,20201216,968.514,1.22162268,6,False,完成,123,-0.24386271062092713,
600273.SH,20220330,2.0,20230420,20220530,20221231,3590.4,3.4593439999999998,8,False,完成,147,-0.20499316248609512,-0.1896031767867864
600273.SH,20230331,2.0,20240421,20230626,20240131,6751.6394,5.784828,9,False,完成,150,-0.1368795136572264,-0.02481021585040777
600273.SH,20240330,2.0,20250422,20240527,20250403,20651.9173,15.416822999999997,14,False,完成,208,0.06199274150218459,-0.007270189250944359
600273.SH,20250410,6.0,20260430,20250612,20260407,43576.57,37.942546,14,False,完成,198,0.12823955235930695,-0.013148842741273592
600276.SH,20220314,12.0,20230313,20220425,20230228,4513.8992,15.2974329915,7,False,完成,205,0.4703518717355235,0.31294543478435255
600276.SH,20230516,12.0,20240515,20230612,20240331,8157.408999999999,36.25573722909999,8,False,完成,194,0.028411633109619583,0.09187366060547753
600276.SH,20240516,12.0,20250515,20240620,20250514,6823.6804,29.4970640764,12,False,完成,216,0.30940635959859697,0.15610992724368877
600276.SH,20250821,20.0,20260819,20250904,20260814,44054.674000000006,284.2834454247,48,False,完成,227,-0.23037432124148483,-0.26198507516549696
600278.SH,20251031,1.0,20260513,20251211,20260430,3395.2000000000003,2.76777128,6,False,完成,91,-0.06860158311345665,-0.12269889915529664
600279.SH,20260729,0.3,20261027,20260731,20260831,444.699,0.190005555,2,False,完成,21,0.030660377358490365,-0.009165644083619862
600285.SH,20210202,2.0,20220201,20210303,20210731,7552.9974,7.148225443199999,7,False,完成,102,0.16034691999313644,0.22167014859390122
600285.SH,20230224,0.0,,20230420,20230420,15.9312,0.006818553599999999,2,False,完成,0,0.0,
600288.SH,20260721,0.5,20270719,20260723,20260730,726.87,0.7226175094,2,False,完成,5,-0.04714142427281853,-0.02908829171236449
600289.SH,20210630,0.6,20220629,20220303,20220623,6241.910100000001,2.0997035774,7,False,完成,74,-0.017492711370262426,0.03014012709433378
600298.SH,20231121,4.8,20241206,20231212,20231231,429.8463,1.5440714146,2,False,完成,13,-0.03112090333241535,-0.021838023958952624
600298.SH,20240124,0.02,,20240124,20240422,2023.4216,7.049634962,3,False,完成,55,-0.11042944785276076,-0.1758261930635583
600298.SH,20240703,,,20240821,20241009,1150.1108,3.9607409776,2,False,完成,28,0.22523117569352702,0.0739884539497857
600298.SH,20250116,0.08,,20250528,20250528,50.62,0.0752008,2,False,完成,0,0.0,
600305.SH,20210527,2.81,20220526,20210608,20210825,2177.2247,3.9174342118000003,4,False,完成,55,-0.2394762503848995,-0.23094328241974338
600305.SH,20250422,0.09,,20250616,20250616,247.208,0.095953952,2,False,完成,0,0.0,
600305.SH,20260415,0.07,,20260612,20260612,180.186,0.06817579800000001,2,False,完成,0,0.0,
600307.SH,20250419,2.0,20250717,20250515,20250717,20647.36,2.9292515100000003,5,False,完成,44,0.08633093525179869,0.04431990537525832
600308.SH,20220430,7.5,20230520,20220525,20221121,55141.7187,31.5779260045,12,False,完成,121,-0.040354524377828604,-0.03338056845362658
600308.SH,20240302,1.2,20250301,20240305,20250228,23795.8668,8.233198318400001,11,False,完成,238,0.02476588691026982,-0.05950888657698006
600309.SH,20250416,5.0,20260515,20250603,20250710,1772.88,9.5492541806,3,False,完成,27,0.04192833394902107,-0.001921618224071664
600315.SH,20210825,0.93,20220915,20211029,20211130,98.01,0.43292300590000005,2,False,完成,22,-0.1264343834759024,-0.13049132216791604
600315.SH,20250125,2.0,20260123,20250127,20250423,1651.5544,2.6166668017,4,False,完成,55,0.35558408215661097,0.3367681269200411
600320.SH,20250428,1.0,20260527,20250908,20260323,5372.3672,2.4609919631999997,7,False,完成,126,-0.005151123014235481,-0.0016140232348307304
600325.SH,20241030,6.0,20251028,20250103,20251028,28077.63,14.668995115000001,12,False,完成,195,-0.09088256041717635,-0.2679531036139361
600327.SH,20230420,0.5,20240418,20230529,20240202,2148.4262,0.9945613032,4,False,完成,170,-0.1863354037267082,-0.03991480628139321
600327.SH,20260711,1.0,20261010,20260812,20260831,2166.15,0.8744227828,3,False,完成,13,-0.007444168734491385,-0.01730992417752819
600328.SH,20241207,1.0,20251222,20250103,20250228,1041.46,0.791129,4,False,完成,34,-0.04562737642585546,-0.07708655155115685
600328.SH,20250327,0.31,,20250331,20250522,2104.1023999999998,1.4847080000000001,3,False,完成,34,-0.022942700655941617,-0.035788929088065524
600329.SH,20200815,,,20201030,20201030,10.0,0.00483,2,False,完成,0,0.0,
600330.SH,20240125,2.0,20250123,20240130,20250124,10652.242000000002,6.61798104,10,False,完成,238,0.030489026589324286,-0.10323958485696672
600330.SH,20250429,0.5,20260427,20250618,20251124,261.11,0.25492152,2,False,完成,107,0.2969870875179339,0.14555893402130704
600335.SH,20250830,0.5,20261008,20251021,20260527,2960.48,1.80903817,9,False,完成,144,-0.09752066115702474,-0.1366280067297473
600337.SH,20200207,7.0,20210224,20200225,20200331,6228.379999999999,2.662161,5,False,完成,25,-0.08035714285714302,
600337.SH,20200429,0.1,,20200430,20210108,83770.5116,41.3497784,13,False,完成,169,0.1728310569900935,
600337.SH,20220428,1.0,20230518,20220606,20230517,6845.294599999999,2.013785,9,False,完成,231,0.09868421052631571,0.0826734243869045
600337.SH,20231025,1.0,20241023,20231031,20240617,21408.01,5.202209,10,False,完成,151,-0.20717131474103578,-0.20641423580224094
600337.SH,20240713,1.0,20261231,20240808,20240831,199.0,0.029888,2,False,完成,16,-0.10967741935483877,-0.10100441386677983
600340.SH,20210430,,,20260514,20260514,2036.5279999999998,0.03936504,2,False,完成,0,0.0,
600346.SH,20200318,1.0,20210317,20200319,20200331,1112.8404,1.4322244303,2,False,完成,8,-0.033307513555383306,
600346.SH,20211106,10.0,20221105,20220214,20220218,5798.2137,15.0258636354,2,False,完成,4,0.032591414944356245,0.0142882804589064
600346.SH,20220310,15.0,20230309,20220311,20220507,12343.264299999999,27.1362949138,4,False,完成,35,0.1136150234741784,0.2279558079919044
600346.SH,20260720,3.0,20270719,20260721,20260803,2217.82,3.43447,2,False,完成,6,0.09335038363171377,0.10905016065299988
600350.SH,20250430,3.0,20260605,20250709,20250717,2080.058,2.20000442,2,False,完成,6,0.03015564202334642,0.023191127990805693
600351.SH,20230328,6.0,20240424,20230508,20240331,30320.642900000003,20.3232001197,12,False,完成,219,-0.12521677203095494,-0.02343662619288389
600351.SH,20240815,1.5,20250303,20241021,20250303,5883.0518,3.6646855028000003,7,False,完成,88,0.016863406408094583,0.0018981938231645845
600351.SH,20250426,1.0,20251114,20250710,20251030,1420.0,0.9228995200000001,3,False,完成,74,0.04912836767036466,-0.07644887029133329
600352.SH,20200205,10.0,20200803,20200207,20200731,7850.8685000000005,10.338400869,6,False,完成,119,0.18978997647764806,
600352.SH,20220427,10.0,20221025,20220429,20221014,41565.576400000005,42.662855556299995,7,False,完成,110,-0.04253323692029998,-0.05030159210649554
600361.SH,20250425,0.0,,20250707,20260310,43852.262200000005,3.6789612899999997,8,False,完成,162,0.24111675126903553,0.04545523897003845
600361.SH,20260425,2.0,20270517,20260630,20260731,2892.08,1.02939044,2,False,完成,17,0.03888888888888897,0.10995107166403262
600362.SH,20240220,3.0,20240519,20240326,20240517,2266.8136,5.5271544616,4,False,完成,33,0.19472979008485924,0.1483101898368
600363.SH,20240205,1.0,20240430,20240205,20240430,238.07,0.6796029228,4,False,完成,53,0.3572687224669604,0.18125555335555465
600363.SH,20250124,1.5,20260209,20250304,20251110,637.32,3.5859261252999994,5,False,完成,168,0.11529937006916513,-0.07741706298713336
600366.SH,20200417,0.53,20210414,20200430,20200531,465.05600000000004,0.264234348,2,False,完成,18,0.10990990990991012,
600366.SH,20221206,1.52,20231205,20221215,20221229,939.66,1.0152207904000001,2,False,完成,10,-0.03600360036003569,-0.006225890331353567
600366.SH,20231021,0.01,,20231229,20231229,61.0,0.041785,2,False,完成,0,0.0,
600366.SH,20240716,0.81,,20240801,20241029,4837.367899999999,2.8083525985,5,False,完成,56,0.20357142857142874,0.07391973394391771
600366.SH,20260728,1.0,20261127,20260730,20260831,187.45000000000002,0.21777122,2,False,完成,22,0.0937207122774133,0.043893632756156986
600370.SH,20240605,0.5,20250604,20240620,20240831,10974.0,1.4719003499999999,5,False,完成,51,-0.12676056338028152,-0.07661216197142584
600372.SH,20250419,5.0,20260420,20250731,20260420,9621.849999999999,12.139916354300002,6,False,完成,172,0.06947329196985286,-0.06385797332286103
600373.SH,20240123,1.0,20250206,20240424,20250127,2031.0700000000002,2.7335868761000004,5,False,完成,186,-0.14665143308508233,-0.20067243380105604
600380.SH,20200211,3.0,20210209,20200312,20200630,6067.831700000001,7.511674000000001,6,False,完成,72,0.4084995663486557,
600380.SH,20210210,7.0,20220224,20210309,20210914,22197.440300000002,29.333343268700002,10,False,完成,130,-0.00028298693786799056,-0.08307213759304266
600380.SH,20211207,6.0,20221222,20220120,20220707,28260.697500000002,33.216888158299994,11,False,完成,109,0.01601801226375077,0.07359710151135657
600380.SH,20221017,6.0,20231118,20221214,20231027,40742.851899999994,48.927627939299995,13,False,完成,209,0.008874544783550098,0.06194323505005084
600380.SH,20240903,5.0,20250922,20241010,20250306,25004.320200000002,28.018688000000004,9,False,完成,98,-0.0026315789473684292,-0.025986135535961852
600381.SH,20240419,0.5,20240717,20240506,20240708,2863.3509999999997,0.6857561591,4,False,完成,44,-0.46867749419953586,-0.42899432081035704
600382.SH,20210513,2.5,20210812,20210525,20210811,5946.0075,2.4725103127,6,False,完成,55,-0.045176259068567926,-0.03200771194180674
600382.SH,20230614,3.76,20240612,20230908,20240611,85320.38320000001,38.488808847200005,20,False,完成,178,-0.0955555555555555,-0.06906958721027989
600382.SH,20240904,2.37,20250902,20240923,20250531,34859.0608,14.3577732483,14,False,完成,163,0.47536231884057956,0.21155040444034312
600382.SH,20260728,1.5,20270727,20260728,20260831,2017.1299999999999,1.2707407208,5,False,完成,23,0.10714285714285698,0.0715777879268289
600388.SH,20230929,0.95,20240416,20231128,20240413,3373.89,4.2445717636,7,False,完成,89,-0.039492242595204674,-0.0334224928461041
600388.SH,20260331,1.1,20270330,20260331,20260602,1299.0584,2.36641186,4,False,完成,41,0.019829872541798688,-0.02602781789159303
600388.SH,20260609,1.0,20261208,20260609,20260616,779.55,1.3059383900000001,2,False,完成,5,-0.00421940928270037,-0.02414065864927306
600399.SH,20241031,1.0,20250430,20241107,20241122,1103.47,0.77159179,2,False,完成,11,-0.1198347107438017,-0.06502108570593856
600400.SH,20210126,3.0,20220124,20210128,20210430,19856.0449,6.1997279731,6,False,完成,60,0.06060606060606055,0.07855111197272469
600400.SH,20240425,,,20240531,20250228,4291.989200000001,0.9472920727999998,9,False,完成,180,0.0013619374044335775,-0.06922221092776137
600400.SH,20250305,,,20250331,20250414,2506.4346,0.5966250188,3,False,完成,9,-0.03913043478260869,-0.017650596650410577
600400.SH,20250430,0.2,20260427,20250623,20260424,2271.42,0.39074516000000004,10,False,完成,204,0.03755868544600949,-0.14003063417322315
600406.SH,20231020,10.0,20241018,20231026,20231130,1149.0613,2.5590216508,4,False,完成,25,-0.003621548211860559,-0.017228187594080624
600406.SH,20231226,0.02,,20231231,20240930,15793.3597,33.844853767,10,False,完成,181,0.26806422941971464,0.1306492865050315
600406.SH,20250415,10.0,20260413,20250429,20250831,5266.784,11.6490720758,5,False,完成,84,-0.0018275694116278718,-0.14963453946257776
600406.SH,20251031,0.04,,20251229,20260331,2263.5394,5.0473739309,2,False,完成,58,0.14291996481970104,0.16448090082680977
600406.SH,20260815,10.0,20270814,20260827,20260831,673.9536,1.550774718,2,False,完成,2,-0.0039028620988725837,-0.011331052268896635
600410.SH,20210302,1.0,20220317,20210401,20210602,1299.2056,0.8660713319,3,False,完成,40,-0.08368200836820094,-0.11700301553353254
600418.SH,20260610,1.0,20260930,20260707,20260831,754.81,1.75399629,4,False,完成,33,-0.09689922480620139,-0.09600722458891442
600419.SH,20220224,0.72,20230222,20220303,20220606,1903.1914,2.4249392448,6,False,完成,61,-0.027252081756245383,0.04630896639144355
600422.SH,20200331,0.0,,20200415,20200630,1419.0092,1.4478913704,4,False,完成,49,-0.04852897962788705,
600422.SH,20200930,0.01,,20201215,20201215,13.2,0.0078936,2,False,完成,0,0.0,
600422.SH,20231214,0.01,,20240307,20240307,87.2972,0.033195453800000004,3,False,完成,0,0.0,
600426.SH,20250418,3.0,20260429,20250528,20250930,1648.9881,3.6719999999999997,5,False,完成,88,0.2935255937212813,0.11267964883491577
600426.SH,20251119,0.01,,20251121,20260331,2087.3079,5.07348,4,False,完成,84,0.3206858810653048,0.30135346192064993
600433.SH,20230729,4.0,20240814,20230904,20230928,2632.5652,0.9217529260999999,4,False,完成,18,0.014044943820224809,0.03575229593591911
600433.SH,20231026,0.04,,20231026,20231229,16557.8553,5.8515059755,6,False,完成,46,-0.0028818443804035088,0.0015975431607830881
600433.SH,20240201,0.29,,20240131,20240229,11503.2467,4.014301828200001,2,False,完成,15,0.006920415224913379,-0.06876063574145141
600433.SH,20240411,0.07,,20240423,20240724,22252.2675,7.372132157899999,6,False,完成,62,-0.11498257839721249,-0.07837796093248761
600438.SH,20240430,40.0,20250427,20240430,20250306,65841.1219,132.4532318127,10,False,完成,204,0.025654586055442685,-0.05815294180524211
600446.SH,20220512,1.0,20220827,20220601,20220607,1186.7864,1.1799046068,2,False,完成,3,0.051652892561983466,0.03231595795782338
600446.SH,20240723,0.3,20250121,20240724,20240831,458.72,0.42396493,3,False,完成,27,0.06570155902004449,0.0881004526193081
600475.SH,20200314,2.0,20210312,20200319,20200402,3544.7185999999997,4.0594591626000005,4,False,完成,10,0.10952380952380958,
600475.SH,20250416,1.5,20250714,20250416,20250630,2692.5586000000003,2.622617608,5,False,完成,49,0.18814139110604322,0.13004497208905397
600477.SH,20220428,0.6,20230427,20220517,20221221,2909.6542,1.0479472072,4,False,完成,149,0.20597729529534892,0.21591545118708444
600479.SH,20230825,0.01,,20230830,20231103,59.0,0.020313302999999998,2,False,完成,41,0.06232023010546506,0.0995932294895443
600480.SH,20200428,0.13,,20200702,20200702,180.9027,0.17518752180000002,2,False,完成,0,0.0,
600481.SH,20210513,1.4,20220528,20210607,20210630,1631.04,0.7123219199999999,3,False,完成,16,0.31800766283524906,0.3210699999720581
600486.SH,20240528,0.01,,20240715,20240808,5.33,0.0207726,2,False,完成,18,0.004898387522465519,0.04135234642714858
600486.SH,20250429,0.48,,20250527,20250627,128.8025,0.48509996539999994,2,False,完成,22,0.068334578043316,0.04227078088018854
600487.SH,20210205,6.0,20220223,20210312,20211130,3890.5584,5.2724558176,4,False,完成,175,0.3134448979016784,0.2726068566712947
600487.SH,20231025,1.0,20241023,20231110,20231220,1092.78,1.3287577304,3,False,完成,28,-0.12100456621004563,-0.07955210736179141
600487.SH,20240116,2.0,20250114,20240119,20240331,3890.5298000000003,4.288573,4,False,完成,44,0.11361587015329144,0.03712531436096311
600490.SH,20260704,0.5,20270702,20260706,20260731,558.13,0.347616,2,False,完成,13,0.08319738988580738,0.14226485904170305
600496.SH,20221017,1.0,20231013,20221101,20221103,3490.7235,1.5305027,2,False,完成,2,-0.006756756756756799,-0.016234660833350012
600497.SH,20240924,2.9,20251010,20241231,20250715,18189.1656,9.629629000000001,8,False,完成,128,-0.004159612752508424,-0.04769697385294003
600498.SH,20250924,1.5,20260416,20251023,20251217,880.9562000000001,2.0738943455,5,False,完成,39,0.06374501992031867,0.07807365491496654
600499.SH,20220824,5.0,20230823,20220916,20221201,8695.9323,14.308052330099999,5,False,完成,49,-0.06560283687943269,-0.07713668854324196
600499.SH,20230912,4.5,20231231,20230912,20231101,12564.0504,14.03051341,7,False,完成,30,0.03142857142857136,0.07031780118224384
600499.SH,20241030,3.0,20251029,20241113,20241230,5142.8558,4.345753,3,False,完成,33,-0.09706546275395023,-0.08859827326654834
600501.SH,20240312,0.0,,20240326,20240520,29.0,0.021518,2,False,完成,34,0.02211302211302213,-0.022903081862477914
600501.SH,20241122,,,20250121,20250121,12.06,0.0,2,False,完成,0,0.0,
600501.SH,20250522,0.24,,20250925,20250925,338.38,0.24460827059999998,2,False,完成,0,0.0,
600507.SH,20240710,1.0,20240930,20240710,20240930,9470.833,3.5246620604000003,6,False,完成,56,0.13212435233160624,-0.0026291907444320195
600507.SH,20241015,1.1,20250110,20241016,20241231,8091.681700000001,3.4581275721000004,5,False,完成,54,-0.03341288782816254,-0.07632841052408468
600509.SH,20240109,0.3,20250123,20240131,20240731,994.72,0.51819688,5,False,完成,118,-0.0009494722365669395,-0.0520114965561127
600510.SH,20240423,0.24,,20241017,20241030,853.4344,0.240057,2,False,完成,9,0.04656319290465638,0.015529534484564955
600512.SH,20211028,0.5,20221027,20211103,20211112,1839.7942,0.5586758942000001,2,False,完成,7,0.04013377926421402,0.028212285054525887
600516.SH,20230829,3.5,20240827,20230926,20240628,31894.4229,18.36529,11,False,完成,179,-0.23985890652557318,-0.20531014986581764
600516.SH,20240919,10.0,20241218,20240919,20241104,80553.3099,40.04734666,8,False,完成,27,0.36749999999999994,0.13029491280787497
600519.SH,20240921,60.0,20251127,20250102,20250829,2283.7853,347.390007572,11,False,完成,160,0.014112193675644091,-0.14238858189064296
600519.SH,20251106,30.0,20260528,20251231,20260527,514.2528,71.2517168847,6,False,完成,93,-0.053863692473024805,-0.0827272838936065
600521.SH,20210426,2.0,20220518,20210805,20220328,2837.9148,5.3252890208,6,False,完成,154,0.1344227727991565,0.2233718895511958
600521.SH,20220426,1.22,,20220509,20220628,2288.5253000000002,3.2241890155000004,2,False,完成,35,0.23583815028901745,0.08900056211363205
600521.SH,20231107,1.0,20241105,20231116,20240131,1303.26,1.9208157732,4,False,完成,53,-0.25785760102629895,-0.18802862432554768
600521.SH,20240321,1.52,,20240417,20240613,2277.532,2.5149486803,2,False,完成,37,0.14116094986807393,0.1571586926061681
600522.SH,20231027,1.0,20241025,20231031,20231207,1451.77,1.99819146,3,False,完成,27,-0.0864903502501787,-0.07030193435275522
600522.SH,20231214,2.0,20241212,20231214,20240831,5340.039999999999,6.474103000000001,7,False,完成,173,0.0504858662126757,0.09364471936240215
600522.SH,20241106,4.0,20251105,20241225,20250630,6402.66,8.607779,5,False,完成,121,-0.019661016949152677,-0.03419792659493315
600522.SH,20260331,4.0,20270330,20260717,20260731,225.43,0.681182,2,False,完成,10,-0.1524517087667161,-0.16751449902732796
600525.SH,20240223,1.0,20250222,20240307,20240702,4763.2652,2.067966,6,False,完成,77,-0.07843137254901944,-0.06908651062910176
600527.SH,20240627,0.5,20250625,20240705,20250626,8883.0476,1.3264198122,7,False,完成,235,0.44392431603365523,0.23518572776636737
600535.SH,20200425,2.0,20210423,20200908,20210224,2398.1504999999997,4.5455494534000005,5,False,完成,109,-0.2803138458110387,
600535.SH,20210424,2.0,20220602,20210625,20220430,4266.370000000001,5.725872880000001,13,False,完成,205,-0.21577380952380953,-0.07151739087409936
600536.SH,20240207,2.0,20240522,20240304,20240331,486.00370000000004,1.5537064548,3,False,完成,19,-0.10611303344867362,-0.10666015277959195
600543.SH,20240222,0.39,20240520,20240228,20240331,724.97,0.3910698259,3,False,完成,22,0.16536964980544755,0.13344368425297626
600557.SH,20210206,1.8,20210805,20210219,20210730,6394.2896,6.911237391999999,8,False,完成,110,0.02279484638255691,0.11275357186857149
600557.SH,20240207,3.0,20250205,20240207,20240229,146.06,0.2419636462,2,False,完成,10,0.06298740251949586,-0.0024013310538233412
600557.SH,20240311,0.23,,20240430,20240930,4493.8927,6.7969209701,7,False,完成,103,-0.19507722354997048,-0.2509678092570746
600557.SH,20260423,2.0,20270625,20260716,20260831,557.63,0.7203473744,3,False,完成,29,-0.07703595011005149,-0.10108896609341167
600566.SH,20230704,0.4,20240703,20230706,20230731,179.69,0.30117976,3,False,完成,17,-0.034798534798534786,-0.05986384796291622
600566.SH,20231023,,,20231128,20240703,220.34,0.5721849976,3,False,完成,143,0.04475578627355392,0.0644358127737319
600566.SH,20240723,0.5,20250722,20240819,20250331,50.35,0.11104809,3,False,完成,146,-0.17824416198640258,-0.28714800350908265
600566.SH,20250426,,,20250430,20250811,280.16999999999996,0.48040348,5,False,完成,68,0.09088968094081995,-0.019323997211350252
600566.SH,20251125,0.5,20261124,20260113,20260228,178.47,0.47575793999999993,3,False,完成,27,0.06556748466257645,0.05939275102374575
600566.SH,20260424,,,20260812,20260828,44.7641,0.0,2,False,完成,12,-0.0055577610162763635,-0.006942620152190604
600567.SH,20210804,4.0,20211102,20210810,20211102,15472.6052,5.1496785435,4,False,完成,53,-0.04166666666666663,-0.03502306681135203
600567.SH,20220430,5.0,20220729,20220613,20220729,14984.107,4.1260133797,3,False,完成,34,0.014598540145985384,0.015319872190931783
600567.SH,20240624,12.0,20241223,20240625,20241223,205560.97509999998,32.0380039456,11,False,完成,122,0.4248048179845416,0.25420665017809907
600567.SH,20250625,10.0,20251222,20250710,20251218,99828.7952,18.9348579574,7,False,完成,109,-0.1333333333333333,-0.2153164341059074
600568.SH,20240418,1.5,20240717,20240423,20240717,27238.816499999997,4.0931487816,8,False,完成,57,-0.10218978102189791,-0.08427433249535854
600570.SH,20201209,8.0,20211208,20201214,20210305,2080.0512,20.1531272557,5,False,完成,53,-0.12985924461826592,
600570.SH,20220215,1.5,20230214,20220428,20230131,1058.2528,4.1415407153,8,False,完成,182,0.7773159760217658,0.6243593395329996
600570.SH,20230628,1.0,20240627,20230628,20230907,790.2830000000001,3.01883164,5,False,完成,51,-0.2290540540540541,-0.21250515417235027
600570.SH,20230918,1.5,20240409,20231012,20240409,2677.1454000000003,7.345270817499999,10,False,完成,119,-0.3349814585908528,-0.32203163085922715
600570.SH,20241105,1.2,20250523,20241219,20241231,263.93,0.7774430282,2,False,完成,8,-0.06450534759358306,-0.059406066752744846
600570.SH,20250412,0.4,20251022,20250513,20250903,82.42999999999999,0.26105098000000004,3,False,完成,80,0.31025711170388814,0.1595339468033803
600572.SH,20240123,4.0,20240722,20240129,20240721,22999.1775,10.852900589999999,7,False,完成,112,-0.03276239907097778,-0.06485521315121379
600575.SH,20210331,2.0,20210630,20210510,20210624,25349.592,5.734237413,5,False,完成,32,-0.017621145374449143,-0.05581369305028128
600576.SH,20240517,0.6,20241202,20240606,20240927,4852.6666000000005,2.277726,5,False,完成,78,0.14526315789473676,0.13089521816387717
600576.SH,20251118,1.2,20260515,20251120,20260430,3200.75,2.145817,5,False,完成,106,-0.20320855614973266,-0.2383009185715822
600577.SH,20221119,1.5,20231118,20221201,20230131,6879.6,3.0921320445999996,4,False,完成,37,0.0064102564102563875,-0.021472273224117266
600578.SH,20200305,3.0,20210320,20200410,20210309,27016.868100000003,7.9492333863999995,8,False,完成,220,0.09004866357047425,
600579.SH,20200424,0.05,20201127,20200731,20200811,14915.837,0.05470787480000001,2,False,完成,7,0.14334470989761083,
600579.SH,20210911,0.0,,20211011,20211230,23568.6934,0.09843993,3,False,完成,58,0.0887978142076502,0.08053075261968967
600579.SH,20220430,,20221229,20220923,20221130,245.39999999999998,0.14578354,3,False,完成,43,0.17056856187290959,0.14717981426703686
600579.SH,20230429,,20231211,20230811,20231030,307.20000000000005,0.21604126,5,False,完成,50,0.028612303290415086,0.0856997367792176
600579.SH,20240427,,20241122,20240722,20241113,527.51,0.2724514,4,False,完成,75,0.5315682281059062,0.3200149988055814
600579.SH,20250430,0.1,20251217,20250818,20250926,198.97,0.17653253,3,False,完成,29,-0.05084745762711851,-0.07566128267333527
600580.SH,20210208,3.0,20220223,20210301,20210730,5240.22,6.0178138377,6,False,完成,104,0.06789533850533158,0.11631566687354322
600580.SH,20240125,1.0,20250123,20240130,20240229,281.27,0.27714988139999996,3,False,完成,16,0.10663983903420537,0.03887086113254079
600580.SH,20240429,0.21,,20240430,20240731,1653.25,1.7988086442,4,False,完成,62,-0.1196174315964561,-0.06986507227675076
600580.SH,20260728,1.0,20270723,20260728,20260911,130.97199999999998,0.37663106599999996,2,False,完成,33,-0.07538726333907053,-0.09317413757338144
600585.SH,20231104,6.0,20240203,20231120,20240201,65084.83249999998,147.17162610620002,49,False,完成,52,-0.019189765458422214,0.08614971100662272
600585.SH,20260527,10.0,20260825,20260601,20260825,80941.36000000002,146.5985696075,43,False,完成,54,-0.10167038981450416,-0.06279994031176694
600586.SH,20220412,1.5,20230412,20220418,20220826,3410.43,2.5107572840000003,6,False,完成,90,0.672157957718388,0.6511289692124682
600586.SH,20250419,2.0,20260418,20250507,20250930,9849.4,4.7556768392,6,False,完成,103,0.05288378043001263,-0.09357722459199791
600588.SH,20200118,,,20200420,20200420,113.0793,0.0,4,False,完成,0,0.0,
600588.SH,20210327,,,20210331,20210422,1799.6699,6.0064351183,4,False,完成,15,-0.0028003360403248134,-0.009477555634986201
600588.SH,20220318,,,20220321,20220413,8837.3353,20.6060994369,5,False,完成,15,-0.1525630593978844,-0.1347833739164126
600588.SH,20220430,,,20220607,20220707,94.0634,0.0,2,False,完成,22,0.05555555555555536,0.017079867549030014
600588.SH,20220914,,,20220930,20230407,3664.241,8.2595108052,4,False,完成,123,0.4880681818181818,0.3524574663832696
600588.SH,20230606,9.0,20240604,20230606,20230731,5315.9837,10.87935809,3,False,完成,37,-0.05979073243647226,-0.08713086450666763
600588.SH,20230831,,,20230921,20240229,30841.4537,59.624060111000006,13,False,完成,102,-0.22696766320927397,-0.2091415497963468
600588.SH,20240330,,,20240331,20240430,7795.8246,14.321594655799998,2,False,完成,20,-0.025941422594142116,-0.045912352125608735
600588.SH,20240905,1.0,20250904,20240925,20250731,2650.6960000000004,2.79892065,13,False,完成,204,0.7406593406593407,0.41091178793049066
600590.SH,20210828,0.0,,20211108,20211111,591.2558,0.0018041425,2,False,完成,3,0.0542082738944365,0.04401618027957177
600594.SH,20231130,0.4,20241128,20240710,20260710,1529.48,0.47988642000000004,4,False,完成,484,0.1369863013698629,-0.16369344324183355
600595.SH,20240629,,,20240722,20240903,45.5,0.0,2,False,完成,31,-0.04800000000000004,0.00676225473993064
600603.SH,20200805,0.05,,20200928,20200928,286.94,0.048891814000000006,2,False,完成,0,0.0,
600603.SH,20240716,4.0,20260430,20240903,20241031,3957.0699999999997,2.0453027458,4,False,完成,35,0.7682403433476395,0.5111601764058222
600603.SH,20241116,,,20241231,20260813,19988.36,10.7309842947,9,False,完成,389,-0.5363825363825363,-0.6042908607923196
600609.SH,20241203,0.55,20250318,20241226,20241231,987.8700000000001,0.75451639,2,False,完成,3,-0.056356487549148016,-0.04331754839566593
600611.SH,20200331,6.0,20210327,20200407,20210228,65457.350900000005,24.3453038625,16,False,完成,216,0.03591748183032539,
600611.SH,20240329,1.0,20250327,20250218,20250326,1430.26,0.9982219999999999,3,False,完成,26,-0.02155172413793105,-0.03439169328462499
600623.SH,20250311,0.08,,20250623,20250623,861.8317999999999,0.23806984409999998,2,False,完成,0,0.0,
600624.SH,20210319,0.7,20220408,20210629,20220330,1709.6979999999999,1.1313697818000001,6,False,完成,183,-0.10027100271002709,-0.015828138060881236
600629.SH,20200916,0.0,,20201027,20210325,31.8482,0.0146820202,2,False,完成,101,-0.1553694503753522,
600629.SH,20210428,,,20210616,20210628,531.0665,0.0106294153,2,False,完成,8,0.032122905027933024,0.006925506676378035
600629.SH,20230331,0.0,,20230605,20230725,38.679,0.010892291307,2,False,完成,34,-0.18196244491416647,-0.181729629138076
600637.SH,20210227,10.0,20210525,20210311,20210525,14294.0167,13.5926665778,4,False,完成,49,-0.031351351351351364,-0.07043723266559532
600639.SH,20241112,2.5,20250211,20241129,20250121,7069.66,7.8637057122,5,False,完成,36,-0.0467784642541923,-0.022134364034718135
600640.SH,20250513,1.0,20260626,20251225,20260626,989.25,1.2098314128,5,False,完成,118,-0.2072874493927126,-0.2206021959073977
600641.SH,20240219,5.0,20240518,20240227,20240517,7238.1284,9.3005396984,7,False,完成,53,-0.006681514476614692,-0.05031460199016158
600642.SH,20210406,4.2,20220528,20210602,20210618,5130.4151999999995,3.2231245002,2,False,完成,11,0.03125,0.052325274975427716
600643.SH,20200924,0.8,20210923,20210125,20210228,1454.9448,0.9838848015999999,3,False,完成,19,0.04457652303120363,0.07885645285733989
600643.SH,20240220,1.5,20240905,20240308,20240831,5477.85,2.2207732580000004,5,False,完成,119,-0.11642192271629637,-0.053063703606418766
600645.SH,20240219,2.0,20250217,20240220,20240731,6430.8724,10.6484331046,10,False,完成,110,0.040075140889167304,0.034405699236074394
600649.SH,20220924,1.0,20221223,20221013,20221213,4264.6371,1.6551162830000001,4,False,完成,43,0.13262599469495995,0.07558350934647917
600649.SH,20250830,1.0,20251127,20251009,20251127,2473.77,1.1690207880999999,3,False,完成,35,-0.08403361344537796,-0.07015605612527143
600649.SH,20260618,1.0,20260915,20260716,20260831,1680.0,0.6186007200000001,4,False,完成,29,0.046070460704607186,0.018809215248677402
600654.SH,20260509,0.28,,20260716,20260716,948.9174,0.118614675,3,False,完成,0,0.0,
600655.SH,20200204,1.66,20200503,20200205,20200229,1038.7765,0.7674678433000001,2,False,完成,17,0.0014224751066855834,
600655.SH,20211214,2.9,20220613,20211220,20220511,7440.524799999999,7.5658985893,8,False,完成,91,-0.0733668341708541,0.08868073557022527
600655.SH,20240208,2.0,20250206,20240327,20240331,799.9901,0.4833511307,2,False,完成,2,0.01830282861896837,0.002221123243576262
600655.SH,20240731,0.07,,20240731,20240930,4250.3043,2.3574333301,4,False,完成,41,0.16849816849816857,0.029200015179174033
600655.SH,20241101,2.0,20250430,20241031,20250430,7242.2165,4.0974010524,7,False,完成,121,-0.057046979865771896,-0.05681893638166047
600655.SH,20251112,3.0,20261109,20251121,20260228,4289.9944,2.2699273893000003,5,False,完成,62,-0.04646840148698883,-0.12159653003650472
600655.SH,20260324,0.04,,20260331,20260831,21124.8811,10.614752823799998,7,False,完成,98,-0.01089324618736387,-0.03432570634543053
600661.SH,20201104,3.0,20211103,20201111,20210731,8666.0296,12.6969535299,12,False,完成,176,-0.4049262401849971,
600661.SH,20240206,1.2,20240505,20240206,20240423,2523.943,2.0984973499999997,5,False,完成,47,0.4698795180722892,0.35679644780591446
600666.SH,20240604,1.0,20240920,20240724,20240920,8455.99,1.181444686,4,False,完成,39,0.07692307692307687,0.14190404453092742
600667.SH,20250426,1.2,20260515,20250623,20250916,2993.0,2.01614617,5,False,完成,61,0.1870967741935483,0.03946267026061001
600668.SH,20250422,0.4,20260417,20250926,20260417,886.8,1.03375,6,False,完成,130,-0.014554794520547865,-0.0688737095425418
600673.SH,20230826,3.0,20240225,20230828,20231102,19683.08,13.184383,7,False,完成,42,0.026587887740029625,0.05702677056433547
600673.SH,20240726,4.0,20250125,20240729,20250529,8894.121799999999,8.08292428,7,False,完成,200,0.46727549467275487,0.2615437779724932
600673.SH,20260806,6.0,20270204,20260818,20260904,2736.8252,10.001273,2,False,完成,13,-0.16811989100817437,-0.1553801620566544
600675.SH,20210119,2.58,20210718,20210202,20210708,13819.959599999998,4.5107673544999995,7,False,完成,102,-0.07831325301204817,-0.07617446108584769
600681.SH,20200205,3.0,20210202,20200205,20210202,31154.1505,16.68470504,14,False,完成,246,-0.00035280792092196034,
600681.SH,20210713,2.0,20220711,20210715,20220630,5562.5748,2.5000707449000004,5,False,完成,231,0.03920085130701967,0.0899510451917942
600682.SH,20220615,1.0,20220930,20220719,20220929,1874.01,1.8735855900000002,4,False,完成,51,-0.12857142857142867,-0.06030980853536039
600690.SH,20210306,40.0,20220305,20210312,20211116,24348.9415,68.32984959070001,7,False,完成,165,-0.05464058596072785,-0.07308426398904921
600690.SH,20220331,30.0,20230330,20220413,20230131,39694.8573,100.28958417839999,9,False,完成,193,0.09735250974015286,0.07414775230885162
600690.SH,20230428,30.0,20240427,20230516,20240331,73218.5424,165.0790666425,18,False,完成,213,0.14572858876161865,0.23984591224975804
600690.SH,20250328,20.0,20260327,20250407,20260131,29430.21,73.8350603136,11,False,完成,202,0.11469883080195875,-0.16177906935261344
600690.SH,20260327,60.0,20270325,20260327,20260911,54739.0078,114.989670156,11,False,完成,109,-0.015537834759098201,-0.009052621521915882
600694.SH,20210316,2.0,20210615,20210323,20210607,4087.5278000000003,8.9451438827,7,False,完成,50,-0.007431490942870322,-0.05928111299432959
600699.SH,20240220,2.0,20250218,20240222,20240930,4886.8664,7.5678844647000005,8,False,完成,149,0.10701972867915366,-0.008489848979881587
600699.SH,20241106,3.0,20251222,20250122,20250729,5885.402,10.1406701668,8,False,完成,123,0.05995250540435859,-0.056354315027402624
600702.SH,20230819,0.01,,20230821,20231030,347.0175,4.6245243153999995,3,False,完成,44,-0.13768550442212557,-0.11730188014909337
600702.SH,20240207,2.0,20240805,20240208,20240803,797.1936000000001,5.993271155,6,False,完成,114,-0.26612288027085085,-0.2760838333451615
600702.SH,20241029,2.0,20250428,20241113,20241130,27.8599,0.2108092619,2,False,完成,12,-0.01822721598002497,0.015071188449644612
600702.SH,20241221,0.03,,20241231,20250426,583.0194,3.6007557309999996,6,False,完成,75,-0.13529500985894138,-0.12041474453570944
600703.SH,20220413,8.0,20220612,20220426,20220624,12551.055400000001,22.307278609999997,5,False,完成,39,0.4220509780675754,0.2253595539616533
600703.SH,20231209,10.0,20240331,20231214,20240110,8491.8088,11.2792988808,3,False,完成,18,-0.036845983787767045,-0.009640828881373964
600703.SH,20240131,10.0,,20240131,20240430,29853.696799999998,35.473726783000004,7,False,完成,56,0.13805631244323346,0.022126977406361048
600703.SH,20250410,15.0,20251009,20250414,20250604,30894.551300000003,37.6468262276,5,False,完成,33,0.03381234150464918,-0.0009099685762575804
600704.SH,20240920,2.4,20241219,20241112,20241216,4200.29,2.29007615,3,False,完成,24,-0.04339963833634719,-0.03333205114071358
600704.SH,20260404,4.0,20260703,20260414,20260611,9785.7653,4.939509823,4,False,完成,39,-0.11553030303030298,-0.10674311678800086
600711.SH,20220901,0.02,,20221024,20221103,844.9646,0.01751225,2,False,完成,8,-0.06612903225806455,-0.0724373688050477
600711.SH,20230609,2.0,20240608,20230621,20240131,14959.5428,7.209304219200001,8,False,完成,151,-0.2158119658119657,-0.10069484288033737
600711.SH,20250829,6.0,20260827,20250910,20251024,9336.46,8.4499175215,3,False,完成,26,0.21552723059096168,0.17303627261702093
600713.SH,20250410,0.01,,20250424,20251022,4929.473,2.4160661628,4,False,完成,119,0.048085936262479034,-0.11700170562028911
600718.SH,20220702,0.02,,20220630,20221201,10219.4618,11.1204315635,8,False,完成,104,-0.031228327584632454,0.04012417080503239
600718.SH,20240125,2.0,20240424,20240125,20240331,5536.3099999999995,4.459639818199999,4,False,完成,40,0.009445100354191327,-0.035384349240520696
600718.SH,20240424,0.48,,20240424,20240620,2793.572,1.9296964489000001,2,False,完成,37,0.0591194968553459,0.07299895811818136
600718.SH,20260710,2.0,20261009,20260710,20260727,4232.68,3.335979824,3,False,完成,7,0.0,0.034105067295495894
600728.SH,20210104,0.09,,20210304,20210304,205.48,0.094085088,2,False,完成,0,0.0,
600728.SH,20210803,2.22,20220801,20210803,20210831,1991.2544,1.5991164999999998,2,False,完成,20,-0.00880503144654099,-0.035640689621231014
600728.SH,20240119,1.0,20250118,20240119,20240229,1795.6599999999999,0.8694732983,3,False,完成,23,0.019569471624266033,-0.042274777169088784
600728.SH,20240613,0.05,,20240630,20240831,3437.4,1.5079301921,3,False,完成,45,0.02695417789757415,0.07218755819493117
600729.SH,20200427,5.21,20210630,20201221,20210630,4308.4822,12.0447452678,8,False,完成,126,0.05153731557211216,
600731.SH,20250424,1.58,20260423,20250715,20251024,3793.1009999999997,2.6832998340000005,5,False,完成,67,0.10760401721664281,-0.017254525062260884
600732.SH,20230422,3.0,20231021,20230428,20230519,1187.7649999999999,3.6598342302000004,3,False,完成,12,-0.04198717948717945,-0.03039462758014755
600732.SH,20230628,0.01,,20230727,20230814,1863.4675000000002,5.500666557000001,2,False,完成,12,-0.09721692718261532,-0.08635439586463944
600732.SH,20231107,3.0,20240506,20231114,20231123,802.386,1.511652614,3,False,完成,7,-0.07676348547717837,-0.07850809848329476
600732.SH,20231209,0.0,,20231214,20240206,7163.529399999999,11.6812881461,7,False,完成,37,-0.11396574440052709,-0.0601269899094099
600732.SH,20240427,0.07,,20240625,20240625,59.130199999999995,0.071677759,3,False,完成,0,0.0,
600732.SH,20260428,0.07,,20260630,20260630,205.532,0.171313592,3,False,完成,0,0.0,
600738.SH,20230612,1.0,20240609,20230713,20240131,9546.852299999999,5.4200413563,9,False,完成,137,-0.26094276094276103,-0.1422260611941466
600738.SH,20240220,0.6,20240517,20240219,20240329,2684.3713,1.3398672305,4,False,完成,29,0.10880829015544058,0.06118323070732368
600739.SH,20220510,2.0,20230531,20220726,20230531,1706.2033999999999,2.3211798381,4,False,完成,205,-0.03932993445010935,-0.017484475366591257
600745.SH,20221029,,,20230216,20230216,353.808,0.08684185964999999,2,False,完成,0,0.0,
600745.SH,20230801,2.0,20240731,20230807,20230914,732.3199999999999,3.4028489,3,False,完成,28,-0.08638906152889991,-0.04481335712871659
600745.SH,20250307,2.0,20260306,20250307,20250326,718.42,2.50181146,2,False,完成,13,-0.07237569060773497,-0.07131594500379002
600745.SH,20250412,4.0,20260410,20250414,20250520,2010.2,6.722269520399999,3,False,完成,23,0.10471698113207561,0.06626307031582357
600746.SH,20240207,0.9,20250206,20240207,20250131,7935.5278,4.327113925,6,False,完成,233,0.3302238805970148,0.15797940421913337
600750.SH,20210618,1.16,20220617,20210728,20210827,792.0042,0.919261,3,False,完成,22,-0.013355592654424098,-0.0583344914873859
600750.SH,20231125,0.0,,20240205,20240205,11.0867,0.0053123176,2,False,完成,0,0.0,
600751.SH,20260616,1.8,20270614,20260625,20260831,2115.1435,0.6329392975,4,False,完成,42,0.019543973941368087,0.05381164596262611
600754.SH,20240810,2.78,20250209,20240819,20240826,955.0,2.257981,2,False,完成,5,0.006719865602687891,0.020170964651877732
600756.SH,20250415,0.4,20260414,20250611,20251226,561.5699999999999,0.9766196300000001,7,False,完成,136,0.16971279373368175,0.00405016071143538
600759.SH,20241126,2.0,20251124,20251015,20251120,14347.41,3.45071178,4,False,完成,26,0.18884120171673824,0.1831430339415676
600763.SH,20220908,2.0,20230907,20220916,20230608,300.87,3.7492216473999997,5,False,完成,174,-0.2331370239497449,-0.2539427861686978
600763.SH,20240205,0.5,20250417,20240508,20240604,59.040000000000006,0.37850787,2,False,完成,19,-0.05448574414091645,-0.04308261658867707
600763.SH,20260604,1.0,20270626,20260630,20260902,695.0308,2.4330565325,4,False,完成,45,0.02863046044864226,0.06856356200151903
600765.SH,20250416,4.0,20260609,20250709,20250731,1285.71,2.1500336888,2,False,完成,16,0.04636973764490526,0.022896255778117602
600771.SH,20260327,0.5,20260926,20260401,20260529,539.33,0.9143724662,3,False,完成,38,-0.11143523920653442,-0.13764663546772837
600779.SH,20210601,0.02,,20210820,20210930,202.995,2.3326503336,4,False,完成,27,0.12323321554770317,0.07890000123574059
600779.SH,20220125,0.0,,20220128,20220411,148.56,1.6906260012,2,False,完成,44,-0.2246450304259634,-0.17707440164647115
600779.SH,20240222,1.5,20250221,20240305,20250131,928.44,4.253201195,5,False,完成,220,-0.05133781522390668,-0.11052561423754637
600782.SH,20200421,3.0,20200813,20200617,20200813,16547.2885,7.0266805539,5,False,完成,39,0.03529411764705892,
600785.SH,20260821,4.0,20270819,20260826,20260910,674.328,0.7680997467,3,False,完成,11,-0.007005253940455258,-0.012527520223268307
600790.SH,20221017,8.06,20231013,20221117,20230228,63477.3888,27.8630543501,11,False,完成,67,0.1796116504854368,0.12056260808171082
600794.SH,20220507,0.5,20230523,20220606,20220623,1380.0,0.45681471299999993,2,False,完成,13,-0.009009009009009028,-0.03401453182009695
600795.SH,20200716,12.0,20201015,20200722,20200922,162073.8805,33.247603999999995,6,False,完成,44,0.044334975369458185,
600795.SH,20201031,16.0,20210217,20201118,20210129,285800.7064,61.595698999999996,7,False,完成,51,-0.004740457238594065,
600795.SH,20210401,12.0,20210716,20210426,20210617,153798.0757,36.563164,6,False,完成,34,0.0800000000000003,0.05413394504125013
600797.SH,20210323,2.34,20220321,20210506,20220310,15504.1959,9.8364386263,9,False,完成,206,0.2350504299574001,0.28945347910319974
600801.SH,20251009,0.65,20260403,20251009,20251027,413.52,0.77087898,2,False,完成,12,0.21273122959738844,0.19362457643687314
600803.SH,20220319,2.0,20230318,20220429,20220531,237.5299,0.390755389,2,False,完成,19,0.11653447223917013,0.0677006257773225
600803.SH,20221210,0.01,,20230306,20230306,26.5,0.0180729,2,False,完成,0,0.0,
600803.SH,20231223,0.05,,20240220,20240531,1539.6399999999999,2.83879804,5,False,完成,68,-0.010337323177366575,-0.06294400777113673
600803.SH,20240618,0.03,,20240630,20241014,6420.36,11.5522620764,6,False,完成,69,0.00021327940061133255,-0.09630199656381011
600803.SH,20251018,0.01,,20260119,20260119,120.25,0.0646005285,2,False,完成,0,0.0,
600810.SH,20230907,1.0,20240306,20231018,20240131,4975.265,3.8843020149000003,7,False,完成,74,-0.17994858611825193,-0.10049993177670058
600810.SH,20240806,2.0,20250822,20240827,20241108,9888.223999999998,6.4789045612,7,False,完成,46,0.23383084577114444,0.018119913801928567
600810.SH,20241116,3.0,20250215,20241126,20250127,16681.105,13.440384424000001,8,False,完成,43,-0.036222509702457883,-0.033507679612773456
600810.SH,20250924,2.0,20260409,20251016,20260131,6387.362999999999,6.633911502599999,6,False,完成,74,-0.15833333333333344,-0.19956277086511098
600810.SH,20260228,,,20260228,20260409,5071.9598000000005,5.0248941005,3,False,完成,28,0.07354685646500592,0.12679158886568698
600817.SH,20220618,,,20220708,20220708,117.3334,0.02082,3,False,完成,0,0.0,
600817.SH,20230404,0.13,,20230620,20230620,338.496,0.1435222107,5,False,完成,0,0.0,
600817.SH,20240430,,,20240528,20240528,719.0016999999999,0.026145219600000002,4,False,完成,0,0.0,
600817.SH,20250430,,,20250623,20250623,615.1708,0.0,4,False,完成,0,0.0,
600817.SH,20260404,,,20260707,20260707,239.75,0.0,4,False,完成,0,0.0,
600821.SH,20231122,2.4,20241121,20231227,20240229,10003.31,5.7469989882000005,6,False,完成,39,-0.02876480541455173,-0.061155963155779314
600821.SH,20260124,6.0,20270209,20260611,20260717,20721.26,13.457381999999999,5,False,完成,25,-0.11406250000000007,-0.06160981221594053
600826.SH,20211015,0.7,20221014,20211027,20211130,436.82399999999996,0.3467826522,3,False,完成,24,0.043202033036849,0.042738958443392594
600827.SH,20260528,2.0,20270617,20260730,20260831,763.5,0.6040431972,3,False,完成,22,-0.044720496894410044,-0.08824055391806762
600839.SH,20250509,5.0,20260625,20250801,20260625,11111.73,10.17544313,10,False,完成,215,-0.3093525179856116,-0.4032756539050788
600843.SH,20240229,1.0,20240524,20240229,20240513,3322.5699999999997,1.8881194162,5,False,完成,47,0.6211453744493394,0.55273148110267
600846.SH,20240719,0.5,20241018,20240821,20241017,1070.574,0.73871608,4,False,完成,34,0.13293943870014768,0.021124689822524356
600859.SH,20240420,2.0,20250516,20240524,20250515,6776.9627,9.0879705135,11,False,完成,235,0.03256023580211864,-0.05660652412984368
600859.SH,20260703,1.0,,20260814,20260831,22.0,0.021574000000000003,2,False,完成,11,0.0010152284263960087,-0.01383103292409349
600862.SH,20250426,2.0,20260427,20250701,20260427,1688.79,4.36728765,6,False,完成,199,-0.21990740740740755,-0.33990799556329687
600867.SH,20210130,1.6,20210729,20210205,20210331,1763.0882000000001,2.1200598764,3,False,完成,33,0.06615120274914088,0.08300853364370098
600867.SH,20210730,3.6,20220225,20210902,20210930,1399.9766,1.5028669957999998,2,False,完成,18,-0.0094161958568737,-0.0013997825513980544
600867.SH,20211124,0.03,,20211130,20220215,4439.9592,4.902139453099999,3,False,完成,49,-0.05163043478260865,-0.019212027100340978
600867.SH,20220419,0.02,,20220614,20220924,1860.9895000000001,1.7121238096,4,False,完成,72,-0.12751805890942092,-0.07086518810860654
600867.SH,20240711,2.0,20250129,20240711,20241231,9654.443899999998,7.4819306063,8,False,完成,116,0.054973821989528826,-0.06506487834386265
600867.SH,20251018,0.4,20260416,20251106,20251130,314.35,0.28865786,2,False,完成,16,-0.02980132450331141,-7.016756104905042e-05
600868.SH,20240628,0.6,20240927,20240709,20240927,7585.65,1.2672551882,5,False,完成,56,0.2195121951219512,0.16889305307400782
600868.SH,20250106,2.0,20250404,20250122,20250403,22089.462399999997,6.3924124611,7,False,完成,45,0.16981132075471694,0.1248727478711853
600869.SH,20240723,2.0,20250829,20250304,20250819,9864.2,5.163849,9,False,完成,115,0.37369519832985376,0.22514045074719435
600871.SH,20240821,0.5,20250605,20250108,20250522,14119.89,2.682849,13,False,完成,86,-0.050761421319796884,-0.09289082952195826
600872.SH,20210402,6.0,20220416,20210609,20210716,3742.2461000000003,15.890507750799998,5,False,完成,26,-0.1645706851691241,-0.15227454696570397
600872.SH,20210726,6.0,20220811,20210813,20210930,2829.0976,9.944404951300001,4,False,完成,32,-0.1380617217108826,-0.15059110470510595
600872.SH,20231228,1.5,20240327,20240118,20240326,987.3148000000001,2.452801956,4,False,完成,42,-0.06845124282982795,-0.125514379714586
600872.SH,20251231,0.06,,20260203,20260331,1922.17,3.5306114128,4,False,完成,34,0.06539966461710445,0.1135462317856164
600872.SH,20260418,,,20260430,20260612,2708.2854,4.3581010000000004,3,False,完成,28,-0.14244465832531283,-0.1252901178780198
600872.SH,20260612,,,20260611,20260911,10808.8629,20.2261483799,6,False,完成,62,0.030923639154919025,0.05714783522057165
600873.SH,20201013,4.0,20211028,20201103,20210131,2617.39,1.32987225,4,False,完成,62,0.1425531246776217,
600873.SH,20210513,,,20210701,20210928,13850.651999999998,7.7994,6,False,完成,61,0.27812592663799074,0.27335833052248315
600873.SH,20211109,3.0,20221108,20211115,20220509,6562.6556,4.703695,4,False,完成,114,0.3660714285714286,0.6066968531193537
600873.SH,20220523,10.0,20230609,20220726,20230331,55433.1306,56.662769000000004,10,False,完成,166,-0.12678571428571417,-0.1255649763382587
600873.SH,20230410,10.0,20240428,20230409,20240428,63736.850900000005,58.925969,13,False,完成,255,0.17835309526259424,0.2695383953932353
600873.SH,20240924,5.0,20251010,20241023,20250902,21500.879999999997,21.333727999999997,8,False,完成,212,0.1839708944423193,0.013552923100740077
600875.SH,20240106,0.06,,20240314,20240314,103.434,0.0559628765,2,False,完成,0,0.0,
600881.SH,20240627,0.5,20241011,20240816,20240831,581.54,0.05969972,2,False,完成,10,-0.009708737864077666,0.0032580130216035563
600881.SH,20241012,0.3,20250429,20250124,20250425,2585.83,0.4199864269,3,False,完成,58,-0.04790419161676618,-0.06016522865239249
600882.SH,20211201,7.94,20221129,20211207,20220308,3719.3625,19.3289381062,6,False,完成,59,-0.43442622950819665,-0.3826418685153081
600882.SH,20220818,0.02,,20220923,20221102,1010.5,4.903351453899999,2,False,完成,23,0.038230088495575076,0.06761346289447556
600882.SH,20221213,0.06,,20230213,20230213,38.5,0.06633549999999999,2,False,完成,0,0.0,
600882.SH,20240105,,,20240109,20240109,5.2,0.0020676,2,False,完成,0,0.0,
600882.SH,20240326,0.25,,20240401,20240607,168.6,0.2491458,2,False,完成,44,-0.025974025974025983,-0.017642443375726957
600884.SH,20221227,8.0,20231226,20221229,20230331,10004.616699999999,18.411927,5,False,完成,60,-0.07465091299677762,-0.13095983467905425
600884.SH,20230803,,,20230921,20231016,4925.1576000000005,7.448733,2,False,完成,11,0.007451564828613977,0.01102013996244744
600884.SH,20231031,0.1,,20231031,20231225,13925.6803,23.228499586,4,False,完成,39,-0.04357142857142837,-0.010817463091473689
600884.SH,20240205,5.0,20240504,20240205,20240229,2515.4257000000002,2.6396230000000003,2,False,完成,12,0.11937377690802342,0.0031785357177087636
600884.SH,20240607,4.0,20240906,20240612,20240627,3754.4319,3.3046800000000003,3,False,完成,11,-0.08790072388831449,-0.05953471804535393
600887.SH,20200429,0.06,,20200728,20200728,53.325,0.075645,2,False,完成,0,0.0,
600887.SH,20221119,0.05,,20221219,20230331,7185.8758,22.4608939273,6,False,完成,68,-0.07231602421153238,-0.11929608345874831
600887.SH,20230428,0.02,,20230526,20230731,3261.3613,10.018716787999999,2,False,完成,44,0.007584051692458571,-0.01646051351873068
600887.SH,20240430,0.01,,20240612,20240831,4289.465200000001,10.7688696346,5,False,完成,57,-0.16248200110809397,-0.10494652292596351
600887.SH,20240921,0.01,,20240930,20250519,17431.6882,41.877950995199996,6,False,完成,149,0.029927760577915352,0.020420698583555996
600888.SH,20240319,0.0,,20240328,20240520,6.3,0.0031024,2,False,完成,32,0.05612244897959173,0.0026754733757574645
600894.SH,20240803,2.0,20250818,20240912,20250228,4987.86,5.713022,6,False,完成,107,0.2653334247451893,0.035282445373202354
600894.SH,20250409,,,20250612,20250801,2218.0233,1.999745,2,False,完成,36,0.020208876218120064,-0.024868287729458594
600905.SH,20240221,0.0,,20240328,20240424,170.0,0.05802690320000001,3,False,完成,17,0.008547008547008517,-0.0027674956527455885
600905.SH,20250430,0.92,,20250714,20250714,3098.0652,0.9780098839999999,2,False,完成,0,0.0,
600909.SH,20241126,2.0,20250311,20241220,20250312,5497.463,3.404284436,4,False,完成,51,-0.08842443729903526,-0.08946639288722158
600909.SH,20260724,2.0,20261022,20260728,20260821,4311.2124,3.3242011843999997,3,False,完成,18,0.1010781671159029,0.07517019741928688
600918.SH,20250430,5.0,20250826,20250613,20250731,8146.610000000001,5.189754,3,False,完成,34,0.07915993537964439,0.019901047226220214
600927.SH,20250605,1.0,20260629,20250827,20260629,2278.17,3.44952679,9,False,完成,199,-0.18368265860615374,-0.23849622421317396
600933.SH,20250619,2.0,20260617,20250704,20250731,595.73,0.9565878999999999,2,False,完成,19,0.11741935483870969,0.08586918620025119
600933.SH,20250829,0.01,,20250831,20251031,1186.8600000000001,1.9290865,3,False,完成,39,0.14895780376207424,0.12081698208439118
600933.SH,20260616,2.0,20270614,20260617,20260630,1291.435,1.985241375,4,False,完成,8,-0.04274611398963735,-0.03954801784333861
600955.SH,20240330,1.2,20240710,20240425,20240630,613.0039999999999,1.0409393532,4,False,完成,42,-0.12471547105927427,-0.09949665801921403
600958.SH,20231031,5.0,20240130,20231102,20240119,50127.0096,44.923878344399995,19,False,完成,55,-0.061085972850678516,-0.00236769763330702
600958.SH,20250507,5.0,20250805,20250507,20250627,20698.0193,19.3947648397,13,False,完成,36,0.05132356742240063,0.026282108491927803
600963.SH,20230629,0.0,,20230727,20231231,1813.9099999999999,1.0886937111000001,7,False,完成,105,-0.18194444444444446,-0.11547120288522317
600963.SH,20240404,,,20240425,20240619,2162.9609,0.934165,2,False,完成,35,-0.1193058568329719,-0.1091360476293709
600963.SH,20240629,,,20240630,20240719,5647.8664,1.9996740000000002,3,False,完成,15,-0.12534059945504084,-0.1297122121354466
600963.SH,20250312,0.16,,20250512,20250512,818.4,0.16266699134999998,3,False,完成,0,0.0,
600966.SH,20210331,20.0,20220929,20210406,20220929,86834.916,103.98494759,18,False,完成,363,-0.6192316752045286,-0.5639215913933451
600971.SH,20260130,2.5,20270128,20260310,20260720,5259.6775,3.8545009894,6,False,完成,89,0.10526853493213784,0.20043121581635792
600976.SH,20200707,0.4,20210706,20200717,20210222,257.4402,0.7173390252,3,False,完成,144,0.23643545739815708,
600979.SH,20260618,0.19,,20260724,20260903,1025.8044,0.18749638674,2,False,完成,26,0.0025188916876575096,-0.017246413463726462
600986.SH,20240221,1.0,20250219,20240308,20241031,4786.0,2.13879293,7,False,完成,156,0.1434426229508199,0.06193129839712119
600987.SH,20210907,2.18,20220923,20210929,20211130,8833.115099999999,4.8655529915,6,False,完成,39,-0.04247787610619469,-0.04989133084746056
600987.SH,20240827,2.99,20250910,20240912,20241031,6412.9208,4.6441705548,4,False,完成,28,0.08702064896755157,-0.0994734609917759
600988.SH,20210119,7.0,20220118,20210126,20210430,17528.7678,28.066187,7,False,完成,62,-0.10718492343934038,-0.07543580118021775
600988.SH,20220118,6.0,20230117,20220711,20221231,3152.0277,5.611632,4,False,完成,118,0.19694960212201607,0.283865957062982
600988.SH,20230628,3.0,20240627,20230628,20231018,6910.26,9.905707,7,False,完成,74,0.08154188287620467,0.127744615697704
600989.SH,20210311,4.0,20220309,20210319,20210731,3474.2511999999997,5.507404298499999,3,False,完成,90,-0.08073388523007163,-0.0787570080741653
600989.SH,20250515,20.0,20260513,20250515,20260511,15689.920000000002,25.870528,4,False,完成,238,0.8262571514604036,0.4613536117255883
600998.SH,20200916,6.0,20210315,20200923,20210701,5664.1705,9.7825511324,11,False,完成,184,-0.10118804072653287,
600998.SH,20220427,6.0,20221026,20220427,20220930,15853.7984,18.8581459699,8,False,完成,107,0.0397759660634982,0.017048071152934163
600998.SH,20240618,3.0,20241216,20240618,20241031,23674.75,11.377243000000002,6,False,完成,90,0.0,-0.07609492752111979
601005.SH,20200303,1.15,20200520,20200306,20200312,6000.0,1.01300611,2,False,完成,4,0.00588235294117645,
601005.SH,20240606,1.0,20241205,20240613,20240627,22035.4,2.315151,6,False,完成,10,-0.04672897196261694,-0.019848909269638337
601006.SH,20250829,15.0,20260922,20251030,20260531,117384.7514,62.1696602278,10,False,完成,139,-0.09739130434782606,-0.11550934927402157
601010.SH,20210831,1.0,20220827,20210907,20220327,7958.304,2.559032376,5,False,完成,130,0.05047318611987395,0.2023247826999579
601010.SH,20230429,1.0,20240427,20230526,20230809,13248.82,3.2989327040000003,6,False,完成,51,0.10058505047621535,0.08973590703208423
601010.SH,20240418,0.5,20240717,20240514,20240718,2600.86,0.46130833179999997,4,False,完成,46,-0.154313888477699,-0.10640966390898432
601010.SH,20260515,1.2,20270513,20260520,20260720,4617.1,0.7468302918,4,False,完成,42,-0.18604651162790697,-0.10759392256241695
601012.SH,20200828,0.0,,20200918,20201117,24.7856,0.0117780252,2,False,完成,36,-0.09281233085501539,
601012.SH,20240301,6.0,20250228,20240507,20240930,6229.85,9.68437632,6,False,完成,101,-0.05311238390355233,-0.10668171630638779
601016.SH,20240120,0.01,,20240422,20240422,50.678,0.007905768,2,False,完成,0,0.0,
601016.SH,20250429,2.0,20260522,20250709,20250923,8916.009,2.699137639,4,False,完成,54,0.03322259136212624,-0.05566309688381188
601021.SH,20220223,1.0,20220422,20220224,20220415,512.79,2.6620332376,4,False,完成,34,-0.10560747663551395,-0.04469215189506304
601021.SH,20230831,1.0,20240829,20230908,20240816,729.6609,3.8316741012,8,False,完成,226,-0.0525541907084327,0.02552333452754607
601021.SH,20241106,3.0,20251104,20250103,20250822,2056.1455,10.5908824883,7,False,完成,154,-0.046230349695219775,-0.1993839098129031
601021.SH,20250829,5.0,20260826,20251120,20260331,1754.9499999999998,9.1115432,6,False,完成,85,-0.17396745932415514,-0.165649382791899
601021.SH,20260411,5.0,20260709,20260413,20260708,4302.305,20.2879574802,6,False,完成,58,0.006877283473028184,0.011359886831780575
601058.SH,20201127,0.02,,20210209,20210209,4427.7228,0.6513332232,2,False,完成,0,0.0,
601058.SH,20230314,8.0,20240313,20230328,20230714,15086.154999999999,15.80151597,6,False,完成,72,0.1022286842059601,0.10484145919135535
601086.SH,20231230,0.4,20241227,20240131,20240731,2243.57,0.83767617,6,False,完成,118,-0.12799008895848019,-0.1725589971839414
601089.SH,20240206,2.0,20250204,20240228,20240731,3226.81,4.7465941676,5,False,完成,104,0.03424657534246567,0.04096961080296757
601108.SH,20250416,3.0,20250715,20250422,20250529,6647.4386,4.889080284199999,3,False,完成,24,-0.012000000000000122,-0.03070823808502321
601117.SH,20220816,9.1,20230215,20220909,20221102,11995.955399999999,9.954189598,4,False,完成,32,-0.18446601941747576,-0.1142229777950623
601126.SH,20240605,0.0,,20240816,20240816,9.0,0.006291,2,False,完成,0,0.0,
601126.SH,20260827,0.0,,20260909,20260909,2.4,0.0015048,2,False,完成,0,0.0,
601127.SH,20200428,0.61,,20200707,20200707,656.0,0.65272,2,False,完成,0,0.0,
601127.SH,20221025,4.0,20231024,20221202,20231024,1179.51,5.619029020000001,5,False,完成,214,0.7395519172770357,0.8534183039406233
601127.SH,20260331,20.0,20270421,20260424,20260824,4064.266,29.323621254899997,9,False,完成,81,-0.4469773718905493,-0.4187860252337974
601138.SH,20200912,,,20201016,20201016,366.64300000000003,0.0,2,False,完成,0,0.0,
601138.SH,20210506,,,20210601,20210706,554.5116,0.0,3,False,完成,24,-0.01609010458567972,0.010235191493984663
601138.SH,20220104,,,20220124,20220331,7111.57,7.9757218382,3,False,完成,43,-0.11662315056570927,-0.0427679736785086
601138.SH,20220506,,,20220430,20220823,18975.6587,19.5345233257,5,False,完成,78,0.04463332610981374,-0.02843532288544437
601138.SH,20220914,,,20220921,20221226,12742.0229,14.393540816300002,2,False,完成,63,0.04685714285714293,0.06448305010729749
601138.SH,20240103,,,20240111,20240111,218.3844,0.1044598386,2,False,完成,0,0.0,
601138.SH,20250103,0.01,,20241231,20250207,2307.9446,4.9899302258,3,False,完成,21,0.0023255813953488857,0.016917929210658933
601138.SH,20250415,10.0,20260429,20250516,20260331,4607.8696,12.936295317079999,9,False,完成,212,1.744959937789011,1.375097464960747
601138.SH,20260728,20.0,20261027,20260819,20260831,1642.4631,10.3584552052,2,False,完成,8,0.048681869642568376,0.024512006781705287
601155.SH,20220331,2.0,20221123,20220719,20221122,1069.0783,1.8890232999999998,4,False,完成,84,-0.08920863309352545,-0.0330420136641979
601162.SH,20211030,6.0,20221029,20211103,20220309,11451.079,4.3347155399999995,3,False,完成,84,-0.11428571428571421,-0.04842308649142002
601188.SH,20211028,0.49,20221027,20211206,20220531,4255.928,1.4209244964,6,False,完成,115,-0.04491017964071864,0.07584752786701854
601208.SH,20240127,1.0,20250124,20240130,20240229,832.5790999999999,0.7988684111000001,3,False,完成,16,0.11356466876971605,0.045371624593943505
601208.SH,20240413,1.23,,20240419,20240716,3507.7482,2.5277994334000002,3,False,完成,58,-0.1308740630665144,-0.10489735926172838
601211.SH,20200608,21.7,20210607,20200610,20200717,137659.6964,231.39487728999998,23,False,完成,25,0.16246153846153844,
601211.SH,20230831,6.0,20231130,20230904,20231130,39359.36319999999,39.3469006952,15,False,完成,57,0.023728813559321882,0.07353120075492758
601211.SH,20240131,6.0,20240430,20240131,20240527,43843.37959999999,37.83329399619999,19,False,完成,72,-0.037645448323066266,-0.1409937985673113
601211.SH,20250410,20.0,20250709,20250410,20250815,105006.059,182.81890417770003,32,False,完成,87,0.2601472906836144,0.09886685306269793
601211.SH,20260121,0.0,,20260731,20260812,8.1712,0.0047066112,2,False,完成,8,-0.05307409353652126,-0.08713998327759798
601218.SH,20220125,0.5,20220724,20220125,20220131,1266.2388,0.6453333987000001,2,False,完成,3,0.04609218436873741,0.06838105404049322
601222.SH,20200109,6.0,20210108,20200117,20200331,5295.63,2.9058209235000003,5,False,完成,46,-0.05137614678899083,
601222.SH,20200425,0.37,,20200622,20210107,14044.671699999999,9.3471053313,5,False,完成,134,0.7831693819405674,
601222.SH,20220324,3.0,20230323,20220401,20230322,6678.02,5.5947048735000005,6,False,完成,235,-0.053066228265232884,-0.048145880361439186
601222.SH,20260209,3.0,20270208,20260210,20260731,12043.54,7.480728,6,False,完成,106,-0.06935483870967762,0.0025541177754759836
601231.SH,20210826,4.0,20220224,20210901,20220223,3327.5555999999997,4.7883490812,3,False,完成,112,-0.0074880871341047595,0.014686553973433103
601231.SH,20220329,1.5,20230324,20220330,20220630,1816.7717,2.2305914463,5,False,完成,60,0.19922817597236153,0.15264381958168038
601231.SH,20240208,2.0,20240806,20240328,20240731,1505.94,2.21351801,5,False,完成,83,0.19641663556107258,0.225694214582437
601231.SH,20250426,3.0,20260424,20250610,20260424,3363.665,6.888309095599999,11,False,完成,213,1.8123667377398722,1.3332296973425488
601233.SH,20220319,10.0,20230318,20220321,20230312,26497.3766,44.2927983051,10,False,完成,236,-0.15822540372559213,-0.152072750682967
601236.SH,20250718,2.0,20260803,20250811,20260626,10192.283599999999,8.795057,7,False,完成,210,-0.2298096072369462,-0.3024284309552775
601238.SH,20240329,2.0,20250520,20240628,20240913,6727.512000000001,5.056188382,8,False,完成,55,-0.07622739018087843,0.01372581327947442
601238.SH,20241011,1.09,,20250116,20250428,4084.8204,2.2039171038000003,2,False,完成,65,-0.09965237543453076,-0.11399443500302908
601318.SH,20210827,100.0,20220826,20210827,20220531,33385.548800000004,166.2108079766,6,False,完成,179,-0.13617063492063486,-0.045155501636603534
601333.SH,20260430,1.0,20270609,20260717,20260831,2993.05,0.89993424,2,False,完成,25,0.027027027027026973,-0.030205817324542528
601339.SH,20200723,1.5,20210722,20200729,20210105,12404.9232,4.6698836734,8,False,完成,107,0.09703504043126698,
601360.SH,20210911,15.0,20220909,20211102,20220509,58862.89599999999,65.25111364119999,8,False,完成,123,-0.33576642335766427,-0.22488455049242495
601366.SH,20200429,2.0,20210428,20200508,20201209,18273.5484,10.8063692859,10,False,完成,145,0.07479754109045178,
601366.SH,20220517,0.41,,20220707,20220707,1079.6137,0.42104934299999996,2,False,完成,0,0.0,
601366.SH,20240613,2.0,20250701,20240624,20240815,12585.4257,6.3998552941,7,False,完成,38,0.10692701338396704,0.13991179746472215
601366.SH,20240828,2.0,20250827,20240827,20240930,5708.7105,2.8869537299,4,False,完成,22,0.12151394422310768,-0.042441404526966986
601366.SH,20241010,3.0,20251009,20241009,20251009,25345.177699999997,12.7690635226,12,False,完成,243,-0.21548667369372088,-0.35011812166319145
601369.SH,20240221,0.02,,20240301,20240507,159.2184,0.0823171536,2,False,完成,42,0.1043689320388348,0.062015735238373226
601388.SH,20210714,0.0,,20210907,20210907,21.17,0.002572155,2,False,完成,0,0.0,
601388.SH,20220617,0.0,,20220831,20220831,7.244,0.000860658,2,False,完成,0,0.0,
601390.SH,20241031,0.04,,20241225,20241225,876.4698999999999,0.2747294564,2,False,完成,0,0.0,
601390.SH,20250930,,,20251021,20260619,48518.899000000005,22.7006277,9,False,完成,160,-0.19841838782016386,-0.2325451093718961
601399.SH,20210818,2.0,20220902,20211027,20220310,19686.1699,7.1544891258,7,False,完成,90,0.04899135446685876,0.13371445033374174
601456.SH,20260810,2.0,20261110,20260831,20260911,2460.0,2.1740581333,7,False,完成,9,-0.020270270270270507,0.0044710822171984965
601500.SH,20230721,0.06,,20230803,20231024,426.24,0.101403,2,False,完成,52,-0.14087759815242484,-0.048586411684109265
601500.SH,20240321,0.5,20250320,20240517,20250320,1796.6399999999999,1.03894214,6,False,完成,204,-0.06960225650629792,-0.13917760544446212
601515.SH,20240910,1.0,20250919,20250305,20250919,5651.3124,2.093099598,7,False,完成,137,0.5,0.3122591712120666
601515.SH,20260212,1.0,20270210,20260323,20260630,2487.8720000000003,0.9999045980000001,3,False,完成,66,-0.1578947368421052,-0.2157122420853549
601519.SH,20240607,1.5,20250624,20240614,20250624,12505.179999999998,7.394386420000001,14,False,完成,238,0.6111111111111109,0.42839202797301823
601555.SH,20210306,5.12,20220305,20210311,20210330,4848.4174,4.3715484928,2,False,完成,13,0.07563959955506117,0.0694641909139837
601567.SH,20231219,0.06,,20231226,20240227,1804.1131999999998,3.5622050089999995,4,False,完成,38,0.3181585677749359,0.267188277923738
601579.SH,20231018,1.22,20241017,20231031,20240221,3011.87,3.17016672,6,False,完成,74,-0.18374558303886923,-0.1649874921729073
601598.SH,20220428,2.99,20230127,20220519,20221230,10087.99,3.9667124,4,False,完成,154,0.08362553436764486,0.08632889999821214
601598.SH,20241017,5.42,20251114,20241129,20251029,163656.03450000004,84.3010435087,32,False,完成,220,0.2443314463824926,0.030595693559192894
601609.SH,20210522,1.0,20220521,20210625,20210714,1630.63,1.4385457061,3,False,完成,13,-0.004519774011299327,0.017785267498486412
601609.SH,20220315,3.0,20230313,20220315,20220429,4604.0,3.55439552,4,False,完成,31,-0.1105331599479844,-0.10559906995231139
601609.SH,20220621,,,20220731,20221231,19501.8034,14.5155890112,7,False,完成,104,-0.16851168511685122,-0.12437561498783001
601609.SH,20240305,2.0,20250303,20240307,20240531,1733.9094,1.1028091748,4,False,完成,56,0.08376068376068369,0.0629014707873119
601609.SH,20240612,,,20240630,20241028,19389.160900000003,11.116857230199999,7,False,完成,79,0.0017667844522968323,-0.10521708563962795
601609.SH,20241123,2.0,20251118,20250107,20250831,5192.0358,3.2574763532000004,8,False,完成,157,1.162683229813665,0.810479041362987
601609.SH,20260130,4.0,20270126,20260203,20260731,7750.07,8.15927522,7,False,完成,117,-0.14295192981531235,-0.09029013326119995
601611.SH,20221018,0.01,,20221122,20230426,81.5782,0.010633851599999999,2,False,完成,104,0.05493133583021215,-0.001678335734857983
601615.SH,20230505,10.0,20240504,20230522,20230921,3657.1394,6.2831767754,6,False,完成,86,-0.1996945569995553,-0.14475258264399093
601615.SH,20230927,0.01,,20230930,20240202,42301.3298,55.872215413700005,13,False,完成,84,-0.447401774397972,-0.37042218471391497
601615.SH,20240229,0.01,,20240229,20240603,11435.74,11.4045019967,6,False,完成,62,0.002941176470588225,-0.017687038907034047
601616.SH,20210219,3.0,20210517,20210225,20210517,51890.8734,17.0801011424,12,False,完成,53,-0.01567398119122254,0.003194794485835706
601616.SH,20260730,2.0,20270729,20260804,20260831,4987.549999999999,1.856424,4,False,完成,19,-0.005141388174807249,-0.046074139174539175
601618.SH,20251218,20.0,20270115,20260126,20260911,337143.9938,98.007426261,33,False,完成,147,-0.20307692307692315,-0.15296430824465035
601619.SH,20221124,0.0,,20221222,20230217,13.8,0.0019803,2,False,完成,35,0.09809264305177123,0.04032979504436662
601619.SH,20260101,4.4,20270128,20260210,20260831,18982.97,8.9077491238,8,False,完成,127,-0.2786766833879991,-0.2529680980439075
601633.SH,20210401,,,20210409,20210720,68.69,0.0,2,False,完成,68,0.4395951929158761,0.40454412253833394
601633.SH,20220709,0.06,,20220719,20220719,285.8835,0.44862232350000003,2,False,完成,0,0.0,
601633.SH,20220716,6.75,20230715,20220729,20220915,1755.3047000000001,5.8271073905,2,False,完成,33,-0.11314186248912095,-0.09836435190330173
601633.SH,20221017,18.0,20231014,20221024,20221031,1468.3552,4.163869278,3,False,完成,5,0.07800369685767095,0.10932597140923894
601633.SH,20221118,,,20221130,20230203,5344.5408,15.4864895714,3,False,完成,41,0.0037523452157599557,-0.030718122457212393
601633.SH,20230401,,,20230414,20230607,1486.453,0.0,2,False,完成,35,-0.1658236994219654,-0.12920017910816162
601633.SH,20240706,,,20240913,20240913,128.2623,0.0,2,False,完成,0,0.0,
601633.SH,20250215,,,20250414,20250414,313.3564,0.0,2,False,完成,0,0.0,
601636.SH,20220319,4.5,20230318,20220414,20230318,12343.085,13.1001738468,7,False,完成,225,-0.03240254418877897,-0.039816012916028876
601636.SH,20230526,4.5,20240525,20230531,20240111,25123.68,21.212299004,10,False,完成,152,-0.15427423306333943,-0.061132282363855595
601636.SH,20250926,2.0,20260924,20251020,20260421,22453.8998,15.718026812000002,10,False,完成,122,-0.14142857142857146,-0.18791540177519028
601666.SH,20230908,3.0,20240907,20231011,20240131,10521.847600000001,10.873341431299998,8,False,完成,79,0.1397423191278493,0.25843835011913296
601666.SH,20240619,,,20240731,20240902,5635.9624,5.831324515,3,False,完成,23,-0.10571428571428565,-0.0650840288871739
601666.SH,20241031,10.0,20251029,20241128,20250430,58085.3824,58.2353139194,10,False,完成,101,-0.17469879518072284,-0.17050389401246857
601666.SH,20250521,,,20250612,20251009,31191.3558,29.5949620736,4,False,完成,79,0.0602883355176933,-0.08291207453413674
601668.SH,20201024,76.6,20211022,20201030,20201106,60299.0117,31.2158219075,2,False,完成,5,0.05088062622309186,
601668.SH,20201121,0.13,,20201130,20201214,173003.6031,90.8661373365,2,False,完成,10,-0.0626151012891345,
601668.SH,20240110,0.31,,20240229,20240819,30919.2,9.4735439886,2,False,完成,116,0.11494105260421428,0.1617543592888433
601678.SH,20200206,2.0,20200505,20200218,20200430,10234.4093,5.2892233814,5,False,完成,51,-0.14575645756457567,
601678.SH,20220326,1.0,20230325,20220420,20221215,6470.63,3.461850783,9,False,完成,161,-0.12465635593934976,-0.1295178294827899
601678.SH,20221231,1.0,20231230,20230104,20230413,5987.040000000001,3.18380995,6,False,完成,65,-0.013384321223709472,-0.07131633573302754
601678.SH,20231123,1.5,20241122,20231205,20240911,22692.840800000005,8.5377719808,11,False,完成,188,-0.21950594464901507,-0.14767309432608833
601678.SH,20240921,1.5,20250919,20240923,20250131,1062.0,0.39797499999999997,6,False,完成,84,0.21885804521276597,0.03074501099835869
601678.SH,20250325,0.02,,20250331,20250908,17398.47,6.95945602,8,False,完成,110,0.1151209422761148,-0.027981372274532013
601686.SH,20220108,2.12,20230107,20220221,20220228,816.6288000000001,0.8392156912,2,False,完成,5,-0.021379980563653866,-0.013379325160029487
601686.SH,20220308,0.01,,20220512,20220512,1458.9508,1.26959179,2,False,完成,0,0.0,
601686.SH,20230509,2.0,20240508,20230515,20230531,813.4032,0.558031123,3,False,完成,12,-0.018759018759018642,0.013751050888079597
601686.SH,20230614,0.04,,20230630,20230811,2037.048,1.3618425034000001,2,False,完成,30,0.09941520467836251,0.10383262102770563
601686.SH,20230929,0.0,,20231026,20240229,7362.511,4.793860747,4,False,完成,83,-0.02930100801183122,-0.03795213313292112
601686.SH,20240612,2.0,20250610,20240617,20240731,3730.8498,1.9274459040000003,6,False,完成,32,0.06361829025844923,0.09153799200917123
601686.SH,20240823,0.0,,20240831,20250430,10559.863800000001,5.447460467200001,6,False,完成,158,0.11103219696969724,-0.036974306838150284
601688.SH,20200331,26.15,20210330,20200407,20210108,251242.30819999994,454.13917376680007,49,False,完成,186,0.04596074623562263,
601700.SH,20241113,3.0,20260211,20250305,20250331,138.49,0.0618685,2,True,停止,18,0.022371364653243964,0.024277331241879807
601700.SH,20250429,0.2,20260519,20250430,20260310,10387.9,4.572999428599999,7,True,停止,206,0.520880181440911,0.20951902909445286
601717.SH,20250313,6.0,20250911,20250313,20250331,24469.337,37.524345334,8,False,完成,12,0.02588996763754059,0.03295804464029217
601718.SH,20241207,2.0,20251222,20250214,20251217,12508.2805,3.8725948109,7,False,完成,207,0.24719101123595522,0.0784767602131482
601718.SH,20260703,4.0,20261021,20260804,20260831,9503.0596,1.7608025282000002,3,False,完成,19,0.03888888888888897,-0.003855456588766848
601727.SH,20250411,3.0,20250829,20250612,20250813,28579.144800000002,21.176253149199997,14,False,完成,44,0.1440217391304348,0.05680790619367038
601777.SH,20210123,,,20210422,20210422,2793.13,0.2427831,2,False,完成,0,0.0,
601777.SH,20260806,1.5,20270804,20260814,20260831,1101.72,0.89243715,2,False,完成,11,0.0146520146520146,-0.0003964966608501763
601778.SH,20210820,2.0,20220819,20211125,20220727,7517.7219000000005,5.598938240000001,6,False,完成,162,-0.3031240086884298,-0.2375107645287442
601778.SH,20230429,2.0,20240427,20230505,20230612,11851.0185,5.6693182,5,False,完成,26,0.07368421052631557,0.10882239528100457
601778.SH,20230831,3.0,20240228,20230920,20240227,19769.0096,6.791017999999999,8,False,完成,101,-0.0986301369863013,-0.07080505532939374
601799.SH,20221230,1.2,20231229,20230330,20230430,139.9317,1.6239906487,2,False,完成,20,-0.07457512471463601,-0.09184739461882552
601799.SH,20230506,2.0,20240504,20230510,20230731,155.4558,1.7414174601999999,3,False,完成,56,0.28140143046517263,0.29234667012211046
601799.SH,20251211,3.0,20261209,20251212,20260720,1753.8165,21.625580999999997,9,False,完成,143,-0.29485986668763187,-0.2775736420919993
601800.SH,20250614,,,20250918,20260206,97894.82860000002,85.04595665499998,37,False,完成,93,-0.06594138727303234,-0.11968563364886708
601800.SH,20260319,,,20260506,20260518,49491.801400000004,41.417295019,9,False,完成,8,-0.048920863309352525,-0.042326520805733736
601801.SH,20231117,4.0,20241205,20231215,20240331,10143.11,6.6798928994,6,False,完成,68,-0.05693069306930687,-0.08750979698608519
601816.SH,20240430,10.0,20250530,20240719,20250331,25277.8382,13.934570278799999,5,False,完成,167,-0.02622377622377614,-0.1293998306455818
601827.SH,20231128,1.0,20241213,20231229,20241128,1994.77,1.5478132197,6,False,完成,219,0.16192435418206674,0.048836659661400494
601828.SH,20220425,3.0,20230424,20220729,20220930,142.96,0.0700778817,2,False,完成,44,-0.15369649805447472,-0.08965893084145149
601865.SH,20240224,6.0,20250222,20240508,20240820,5221.4520999999995,12.839100031400001,10,False,完成,73,-0.3137042369395311,-0.2510232526412215
601865.SH,20240828,0.01,,20240906,20250221,10442.9669,23.8531833145,10,False,完成,106,0.20304201258285492,-0.015309125377837796
601866.SH,20241021,2.87,20250513,20241114,20250407,203052.52,52.83524774999999,53,False,完成,94,-0.19696969696969702,-0.12351162033067165
601866.SH,20250409,2.82,20250626,20250408,20250528,57737.05,13.24945463,27,False,完成,33,0.1889400921658988,0.11974421899630938
601866.SH,20250530,,,20250529,20250715,70470.4292,15.841053920000004,18,False,完成,32,-0.019685039370078705,-0.05927615641027151
601866.SH,20250830,3.05,,20251118,20260702,72590.62,19.21124888,39,False,完成,149,-0.1460674157303371,-0.16495033164542894
601869.SH,20250329,3.2,20260327,20250418,20250508,2650.0,8.47981536,7,False,完成,11,0.1977697605772386,0.17087515046533142
601872.SH,20241018,4.43,20251101,20241108,20250520,30308.495100000004,19.667212,8,False,完成,126,-0.11353711790393017,-0.09470399241826055
601877.SH,20211105,20.0,20221104,20211125,20220831,11317.0,56.55586594180001,8,False,完成,187,-0.3741706100930544,-0.29950409013584345
601877.SH,20250416,5.4,20260414,20250507,20251009,6726.6351,15.5786143932,6,False,完成,104,0.4683224803021755,0.2476219483521338
601880.SH,20240704,1.2,20250731,20240815,20240831,2432.6675,0.30305698999999997,2,False,完成,11,-0.015873015873015928,-0.0037043821746608474
601880.SH,20240907,8.4,20250923,20240926,20250630,183712.0919,30.12120967,10,False,完成,180,0.11111111111111116,-0.031945477998486016
601899.SH,20221122,0.05,,20221130,20230111,569.0,0.41601635,2,False,完成,29,0.16887080366225837,0.16498830449743673
601899.SH,20230220,0.07,,20230417,20231107,7868.98,9.19119999,3,False,完成,135,-0.12182966990321276,-0.027517326262115782
601899.SH,20250408,10.0,20260407,20250408,20250410,9634.57,15.002872436,2,False,完成,2,0.050156739811912265,0.024717939869826733
601899.SH,20251018,0.0,,20251104,20251218,4.08,0.00161364,2,False,完成,32,0.07609451007644186,0.09936199686835501
601899.SH,20260321,25.0,20270320,20260323,20260414,15150.468400000002,48.2382765164,3,False,完成,15,0.13799869195552628,0.07770410843669606
601900.SH,20220318,1.6,20220706,20220428,20220705,3998.9673000000003,2.9950872918,5,False,完成,44,0.1351351351351353,-0.0077695839206651796
601919.SH,20230830,7.37,20231129,20230831,20231127,139912.08769999997,136.202645572,55,False,完成,56,0.009183673469387754,0.038535514205015664
601919.SH,20241021,20.0,20250513,20241114,20250403,214000.25609999997,301.0286482666,35,False,完成,93,-0.015299026425591111,-0.004152307801487343
601919.SH,20250409,14.83,20250528,20250409,20250509,48030.5884,67.6217559898,15,False,完成,19,0.10526315789473695,0.05393917804228221
601919.SH,20251014,14.98,20260113,20251105,20251217,28689.6185,42.9418570569,7,False,完成,30,0.009320905459387463,0.03513127628422885
601919.SH,20260707,15.4,20261006,20260707,20260814,53637.88249999999,77.2859088876,24,False,完成,22,0.11279826464208242,0.13066653113763338
601929.SH,20240605,0.5,20240904,20240620,20240731,13054.68,1.278608,4,False,完成,29,0.04761904761904745,0.0713921540898852
601933.SH,20200429,,,20200716,20200716,5417.65,0.2317480434,3,False,完成,0,0.0,
601933.SH,20201031,27.0,20211028,20201105,20210521,202425.00280000002,149.51358168910002,10,False,完成,131,-0.3128003159946474,
601933.SH,20220809,7.0,20230807,20220921,20230228,43720.2912,13.865594771700001,7,False,完成,103,0.01479289940828421,-0.035466404534723495
601956.SH,20250822,0.8,20260821,20250828,20260819,5657.795,3.6715054,12,False,完成,234,-0.2701948051948053,-0.2797192853913998
601965.SH,20210203,0.0,,20210409,20210409,14.228,0.007648156,2,False,完成,0,0.0,
601965.SH,20210828,0.02,,20211025,20211025,46.453,0.0244100561,2,False,完成,0,0.0,
601965.SH,20220224,0.02,,20220418,20220418,27.937,0.019956194,2,False,完成,0,0.0,
601965.SH,20230331,0.03,,20230531,20240112,72.22000000000001,0.037820072,3,False,完成,153,0.03466902129676819,0.15048233434156444
601965.SH,20240409,0.04,,20240606,20240606,89.49000000000001,0.07081586869999999,2,False,完成,0,0.0,
601965.SH,20250426,0.02,,20250618,20250618,23.08,0.0251877381,2,False,完成,0,0.0,
601966.SH,20221021,3.0,20231019,20221031,20230331,2940.0510999999997,5.58857127,5,False,完成,103,0.19364691508857645,0.05528397987990674
601966.SH,20230429,0.51,,20230717,20231018,1322.883,2.47071744,2,False,完成,61,-0.055604589585172115,-0.009007113963324764
601966.SH,20260512,3.0,20270527,20260630,20260831,557.0699999999999,0.599728,3,False,完成,38,0.09617271835132479,0.12589839212573994
601968.SH,20240130,1.0,20250128,20240305,20240717,4910.6672,2.4171536918000003,7,False,完成,90,-0.05903197450829578,-0.03205659669184602
601969.SH,20231104,3.0,20241103,20231120,20240229,20251.1526,12.6440654419,8,False,完成,66,-0.02678571428571419,-0.009631034798289306
601969.SH,20240814,1.0,20250830,20240906,20241031,2986.7520000000004,1.6277100434,4,False,完成,32,0.3076923076923075,0.10274928602415856
601969.SH,20250530,0.03,,20250731,20260311,1549.2887,1.5117889025000002,8,False,完成,137,0.5462694532185248,0.3366958061205705
601969.SH,20260701,1.0,20260929,20260717,20260831,728.5,0.6821427271999999,2,False,完成,25,0.17132442284325644,0.10605035837015464
601975.SH,20200215,2.0,20210303,20200323,20200414,17074.0334,4.1794680369999995,4,False,完成,15,0.04641350210970452,
601975.SH,20210326,2.0,20220416,20210426,20210531,17762.7542,3.9728664355000003,4,False,完成,22,-0.004484304932735328,-0.052480688171185674
601975.SH,20231225,1.5,20250111,20240112,20240227,7238.660000000001,2.14670458,3,False,完成,26,0.013114754098360715,-0.03173868154398862
601975.SH,20250825,4.0,20260908,20250910,20251226,56050.111000000004,18.5511739808,6,False,完成,71,-0.0982142857142857,-0.13267277582522063
601985.SH,20250429,5.0,20260427,20250529,20260427,41215.9723,37.3783539376,14,False,完成,221,-0.040948611924433,-0.21061053166017696
601996.SH,20201029,1.5,20211028,20201207,20211026,12958.235400000001,3.8257840649999997,9,False,完成,213,0.09253577016809134,
601996.SH,20260513,0.5,20270511,20260519,20260527,1157.47,0.34193334999999997,2,False,完成,6,-0.11111111111111105,-0.09464989131853052
601996.SH,20260722,1.2,20261020,20260722,20260818,12015.48,2.7364587900000004,6,False,完成,14,0.29743589743589727,0.25648797017887537
603005.SH,20230425,0.08,,20230907,20230907,59.712,0.099993408,3,False,完成,0,0.0,
603005.SH,20240420,0.07,,20240716,20240726,169.122,0.325191658,3,False,完成,8,-0.07752293577981662,-0.05026980623285804
603007.SH,20211230,0.02,,20220401,20220401,234.32,0.125950336,2,False,完成,0,0.0,
603008.SH,20210902,2.0,20220901,20210907,20211012,1736.3830000000003,4.999374727,4,False,完成,18,-0.2519946808510638,-0.22465300246683262
603008.SH,20230429,2.5,20240523,20230703,20231026,3954.9434999999994,9.5464959791,7,False,完成,77,-0.2635506677140612,-0.20054082178174193
603008.SH,20240905,2.0,20250922,20240924,20250131,1825.75,3.0894830000000004,5,False,完成,83,0.10707204230006617,-0.024892170039095052
603009.SH,20240815,,,20241101,20260204,2029.6005,1e-08,2,False,完成,308,0.9923755081300814,0.5891662464046972
603010.SH,20231201,2.0,20241129,20231226,20240930,10856.9252,10.1780695936,12,False,完成,184,-0.045246090718970566,-0.17047267252283538
603010.SH,20250412,1.0,20260428,20250624,20260403,1157.55,1.2610336,7,False,完成,189,0.16060606060606064,0.023152240072529695
603013.SH,20250417,2.0,20260428,20250626,20251031,585.79,1.2973637999999998,4,False,完成,85,0.4373498720673954,0.25332421021606066
603017.SH,20200102,0.0,,20200617,20200617,17.8,0.00819156,2,False,完成,0,0.0,
603017.SH,20210113,0.4,20220112,20210120,20210228,416.0544,0.3873876368,3,False,完成,22,0.014659685863874117,0.03606033168728784
603017.SH,20210430,0.01,,20210531,20210930,414.1296,0.38448771119999997,2,False,完成,85,-0.031236555523402876,-0.018391673120508933
603017.SH,20220125,0.4,20230124,20220207,20220620,750.095,0.662848899,8,False,完成,89,0.04977375565610842,0.08591760481624888
603017.SH,20240223,0.6,20240522,20240223,20240518,1045.25,0.8517735200000001,5,False,完成,55,0.5093471393440685,0.43797423040490946
603018.SH,20200326,0.53,20210325,20200609,20200630,231.0,0.2268313832,2,False,完成,13,-0.02894211576846306,
603018.SH,20200714,0.0,,20201029,20210228,1729.4348,1.8036051586,5,False,完成,80,-0.06490391978545795,
603018.SH,20220428,0.6,20221227,20220623,20220930,602.024,0.50662687,3,False,完成,70,-0.12942477876106184,-0.044290349064159185
603018.SH,20240106,0.8,20250105,20240111,20240827,2516.58,1.83543954,6,False,完成,151,0.05819479211559986,0.07228025174837649
603019.SH,20231207,0.3,20241206,20231220,20240103,98.4041,0.3771597763,2,False,完成,9,0.0015641293013557434,-0.02042240543318874
603020.SH,20220622,1.0,20230621,20220704,20221014,2435.24,2.5089969418,5,False,完成,68,-0.06057781919850891,0.04138903756800816
603023.SH,20240622,0.1,20250107,20240903,20250106,1283.78,0.3084877239,6,False,完成,81,0.2731707317073171,0.11280210500827303
603027.SH,20200418,0.0,,20200731,20200731,13.916,0.005962711999999999,2,False,完成,0,0.0,
603027.SH,20240104,0.0,,20240229,20240229,9.0,0.007183800000000001,2,False,完成,0,0.0,
603028.SH,20220420,0.5,20230419,20220428,20220520,628.53,0.517299074,3,False,完成,13,0.17312661498708004,0.1093423653673351
603028.SH,20240408,0.6,20250407,20240417,20241009,1983.26,1.219858922,7,False,完成,114,-0.10588662813078387,-0.15732362898445718
603030.SH,20200428,0.0,,20200731,20200731,3.5999999999999996,0.001809,2,False,完成,0,0.0,
603031.SH,20260723,1.5,20261022,20260729,20260731,462.29999999999995,1.6348090000000002,3,False,完成,2,0.03766269731376348,0.03663555739871205
603033.SH,20240306,0.05,,20240507,20240516,246.328,0.319438707,2,False,完成,7,-0.1055480378890391,-0.09828992806778125
603033.SH,20240706,0.63,,20240731,20250306,5443.7654999999995,7.541726567900001,5,False,完成,142,0.20439963336388622,0.04682806160009512
603035.SH,20241102,3.0,20251117,20241220,20250919,5967.2318000000005,8.7028742408,6,False,完成,183,0.12179311380130065,-0.010945412024763845
603037.SH,20210824,0.6,20220913,20220307,20220912,996.6099999999999,1.6832992709999999,7,False,完成,128,0.046436182343497334,0.08198009680078688
603037.SH,20250906,,,20251225,20260109,115.64,0.031036404,3,False,完成,9,0.306227106227106,0.2552499210539856
603037.SH,20260703,0.6,,20260729,20260819,1030.5956,1.0330569406,4,False,完成,15,0.07659115426105734,0.0541693594342878
603039.SH,20220505,2.0,20221104,20220512,20221031,2994.268,10.815642206400002,9,False,完成,115,0.640005427928567,0.7315487650848758
603039.SH,20240208,1.5,20240506,20240222,20240430,490.845,1.9020619,4,False,完成,46,-0.08211217786761005,-0.11654354930710575
603040.SH,20210127,0.5,20220126,20210201,20210430,264.5978,0.7446890147,4,False,完成,58,-0.03498233215547708,-0.01862444724832346
603040.SH,20240201,0.5,20250131,20240202,20240430,327.928,0.6285667816,4,False,完成,54,0.1797752808988764,0.03740673351960111
603040.SH,20250429,0.0,,20250430,20250714,131.26,0.38953933,3,False,完成,49,0.23864818896448825,0.15396887075745136
603041.SH,20221029,0.62,20231027,20221128,20221231,419.0806,0.4938628478,4,False,完成,24,-0.08482871125611746,-0.08800129694398562
603043.SH,20250320,1.43,20260421,20250530,20260225,3083.0335,4.88639165,7,False,完成,178,0.10187518154993058,-0.11060810909266139
603048.SH,20240206,0.2,20250204,20240208,20240831,224.26999999999998,0.27380772,5,False,完成,134,0.11279185363653821,0.12206663884477353
603051.SH,20240229,0.14,,20240905,20240905,42.62,0.14047552000000002,2,False,完成,0,0.0,
603052.SH,20240429,1.0,20250425,20240604,20250331,624.4344,1.9076589288,4,False,完成,199,0.1648919006131011,0.07949247195775788
603055.SH,20200803,0.6,20210802,20200916,20201111,1115.9688,0.9548021416,3,False,完成,34,-0.16174863387978144,
603055.SH,20240322,1.0,20250321,20240325,20240331,142.18,0.129785,2,False,完成,4,0.009825327510917026,0.004890571012590383
603055.SH,20240706,0.01,,20240913,20240913,17.5,0.0066605,2,False,完成,0,0.0,
603058.SH,20210717,0.5,20220716,20210723,20220615,1126.94,0.7713057866999999,4,False,完成,214,0.06873267790907711,0.14794490100272295
603058.SH,20250429,1.0,20251115,20251105,20251113,576.9799999999999,0.5508900866,2,False,完成,6,0.007368421052631691,-0.007694701086863542
603061.SH,20240124,2.0,20240423,20240201,20240410,970.454,6.440216771999999,7,False,完成,41,0.1734594065862407,0.07399788118671058
603062.SH,20240608,0.7,20250606,20240618,20241029,816.3654,2.7631065362,6,False,完成,88,0.11508919798106776,0.0281730253924779
603063.SH,20240205,0.25,20250204,20240423,20241216,395.71,0.7332988799999999,4,False,完成,158,0.005318533934558944,-0.1028491277276058
603063.SH,20250412,0.2,20260411,20250908,20260306,37.74,0.11700003,3,False,完成,115,-0.04889683959451396,-0.11747112668842863
603065.SH,20240311,0.5,20250308,20240718,20250308,1329.16,0.9382017054,5,False,完成,152,0.1215378736413042,-0.009956258271568319
603067.SH,20240219,0.8,20250218,20240221,20240930,1348.0324,1.2742709613,6,False,完成,150,0.46946492515886473,0.29966405785334405
603077.SH,20200507,6.0,20210429,20200512,20210429,110182.5306,15.3413071958,9,False,完成,237,0.1785714285714286,
603077.SH,20231019,4.0,20231218,20231023,20231210,66476.46,15.5458466451,8,False,完成,34,0.026200873362445476,0.01574102175785308
603077.SH,20231216,4.0,20240314,20231215,20240117,35012.1317,8.172822333200001,5,False,完成,22,-0.0043290043290042934,0.03395071387055615
603077.SH,20240125,4.0,20240423,20240124,20240331,64932.5102,14.9429340841,7,False,完成,41,-0.008620689655172376,-0.08046648118455157
603077.SH,20240425,2.0,20240723,20240423,20240531,21486.6109,4.7550902841000005,4,False,完成,25,-0.05288461538461553,-0.07277797154452614
603077.SH,20240619,2.0,20240913,20240617,20240723,32356.701999999997,5.6059331297999995,5,False,完成,26,-0.02352941176470591,0.010139392629903599
603077.SH,20240803,2.0,20241101,20240801,20240930,22410.025999999998,3.7538151374,4,False,完成,40,0.21511627906976738,0.06794367702614879
603077.SH,20241107,2.0,20250205,20241216,20250205,5665.17,1.1057151471000002,3,False,完成,30,-0.17391304347826098,-0.13379322627446888
603079.SH,20230429,0.34,20240428,20230601,20240208,570.16,0.68963512,7,False,完成,171,-0.3382473382473383,-0.2600324357363465
603079.SH,20260725,0.3,20270724,20260729,20260831,112.23,0.12227199999999999,3,False,完成,23,0.22811918063314707,0.17949441094454155
603081.SH,20230921,0.2,20240920,20231030,20231031,69.7,0.08134657,2,False,完成,1,-0.0064397424103035394,-0.0055238465536191494
603081.SH,20231123,0.03,,20240131,20240207,314.56,0.31603245420000003,2,False,完成,5,-0.20374015748031493,-0.21531879591905523
603081.SH,20240312,2.0,20250311,20240318,20241031,2270.4815,2.1813142379999997,7,False,完成,150,-0.1218728562372765,-0.1740541253596406
603081.SH,20241129,0.17,,20241130,20250618,1774.1137999999999,1.7369954154000002,3,False,完成,131,-0.016697588126159513,-0.03479001062453502
603083.SH,20200429,0.09,,20200703,20200703,102.66749999999999,0.09532677380000001,2,False,完成,0,0.0,
603083.SH,20230601,0.0,,20230803,20230803,11.8,0.0076936,2,False,完成,0,0.0,
603085.SH,20230415,0.48,20240414,20230508,20230825,679.1800000000001,0.6330157892,4,False,完成,77,-0.0021505376344087557,0.10562008066880568
603087.SH,20240906,3.0,20250904,20240920,20250430,836.4684,3.4970705200000003,6,False,完成,145,0.26691487603229436,0.057419042355605576
603088.SH,20260630,1.64,20270628,20260715,20260807,2601.1773,2.3113328863,4,False,完成,15,0.0786516853932584,0.08290629655991388
603091.SH,20260701,0.5,20270629,20260804,20260831,52.92400000000001,0.2605419141,2,False,完成,19,0.07164790174002045,0.027555709945215723
603093.SH,20240709,1.0,20250707,20240711,20240831,1391.3368,1.2242701831999998,4,False,完成,36,0.0939977349943375,0.14333292953631682
603095.SH,20240423,0.3,20250422,20240624,20241011,250.68,0.33345400000000003,4,False,完成,72,0.24836568802304848,0.14957505609572763
603096.SH,20201203,2.0,20211201,20210104,20211201,2560.4441,10.5821306144,9,False,完成,220,-0.3530716062970737,-0.36644229242682935
603096.SH,20240220,1.0,20240519,20240221,20240519,1708.48,2.9424881600000004,7,False,完成,57,0.17950350095480583,0.10356164796792888
603100.SH,20220920,1.24,20230919,20220922,20221014,423.19,1.2058124000000001,3,False,完成,11,0.15262751159196308,0.1664811632694403
603101.SH,20240323,0.6,20250322,20240606,20250228,985.0192,0.547194856,6,False,完成,176,0.5424271699443095,0.4160457617645912
603102.SH,20230325,0.6,20240324,20231025,20240229,343.05,1.3124531652,5,False,完成,84,-0.08886565603763719,-0.10127260677864447
603102.SH,20240809,0.6,20250807,20250310,20250715,79.80999999999999,0.3323348,2,False,完成,86,0.2960113960113959,0.2446753501975263
603109.SH,20231027,0.0,,20231109,20240112,6.047999999999999,0.0047539999999999995,3,False,完成,45,0.11992504684572136,0.1864924563042356
603109.SH,20240720,0.8,20250719,20240823,20240930,204.522,0.247316068,3,False,完成,24,0.2668918918918919,0.08382372551218809
603109.SH,20241010,0.0,,20250114,20250430,522.13,0.7995038221999999,3,False,完成,69,0.19713467048710598,0.18322796145486175
603111.SH,20231212,,,20231229,20240125,7385.8276,0.0,2,False,完成,18,-0.021543985637342944,0.0016290331455146578
603111.SH,20240220,2.0,20250219,20240220,20241105,7317.350600000001,3.2115390758,9,False,完成,172,0.33373876735953534,0.15092224722584202
603112.SH,20240702,0.01,,20240913,20240913,54.074,0.030494774,2,False,完成,0,0.0,
603112.SH,20251121,,,20260311,20260311,20.9162,0.0016224,2,False,完成,0,0.0,
603112.SH,20260728,0.5,20261027,20260805,20260826,373.47,0.5725343688,2,False,完成,15,0.031537450722733285,0.022548588498341404
603113.SH,20200219,1.5,20200905,20200312,20200904,3234.9591,3.2711837401999997,7,False,完成,120,0.35979899497487455,
603116.SH,20240224,1.0,20250223,20240306,20250222,4803.563,2.2981160397,7,False,完成,232,0.15870360113403792,0.042397543233430035
603117.SH,20240620,3.0,20241004,20240730,20240930,15292.731999999998,6.8052079999999995,9,False,完成,42,0.06473214285714257,-0.0811673244415797
603118.SH,20260604,2.0,20270602,20260701,20260831,2947.4524,3.8171380499999996,4,False,完成,37,0.5435684647302905,0.5924150372120449
603119.SH,20240222,0.5,20250220,20240228,20250220,332.52799999999996,0.8152316401999999,5,False,完成,236,1.061337447803779,0.8196139145125507
603121.SH,20221213,0.15,,20221230,20230323,538.2584999999999,0.2015492505,2,False,完成,53,0.13622291021671828,0.06798307173953777
603121.SH,20250918,0.2,20260916,20251017,20251110,287.79,0.458446,3,False,完成,16,0.007566204287515976,-0.03727408335080906
603127.SH,20230428,0.0,,20230706,20230706,3.4401,0.01884808,2,False,完成,0,0.0,
603127.SH,20240329,1.0,20250328,20240507,20250103,2131.7805000000003,3.5334791465000004,11,False,完成,164,-0.08471297939465638,-0.10286575594683756
603130.SH,20240208,0.6,20250222,20240311,20240507,559.4100000000001,1.1433954532,4,False,完成,36,-0.04914122137404586,-0.0730906594156776
603135.SH,20240229,1.0,20250227,20240328,20250228,1522.7179999999998,1.6799297617,8,False,完成,221,-0.10429985605494019,-0.18797494282941185
603138.SH,20220420,0.0,,20220422,20220617,11.780000000000001,0.00809286,2,False,完成,36,0.06538461538461537,-0.008450762690563218
603150.SH,20230211,0.72,20240210,20230412,20230814,1460.8166999999999,3.8135197298,8,False,完成,83,0.02491797847629873,0.07288543198206243
603150.SH,20230826,0.52,20240825,20231013,20240331,576.383,1.5404963215999998,8,False,完成,113,-0.007034431691965937,0.008289310863875299
603150.SH,20240425,0.0,,20240430,20240731,480.721,1.2633716437,4,False,完成,62,-0.07414040114613185,-0.02181803460347509
603153.SH,20240426,1.2,20250424,20240618,20250407,2835.4970999999996,4.6561180765,7,False,完成,194,-0.05831408775981539,-0.07848534601004309
603156.SH,20231212,2.33,20241231,20240117,20240831,1712.5506,3.6647514103999996,7,False,完成,150,-0.11434253044991283,-0.11702205002330068
603158.SH,20240206,0.8,20240507,20240307,20240430,672.004,0.520666,3,False,完成,36,0.05821474773609303,0.031826662980603215
603160.SH,20200429,0.1,,20200710,20200710,43.2773,0.2030389807,2,False,完成,0,0.0,
603160.SH,20200905,0.3,20210904,20200916,20200917,23.71,0.3894789,2,False,完成,1,0.009001837109614108,
603160.SH,20201022,0.14,20211020,20201109,20201110,7.98,0.14926479999999998,2,False,完成,1,-0.03950168699714507,
603160.SH,20210427,0.04,,20210511,20210531,346.79999999999995,4.1699455724,2,False,完成,14,0.06098371552010651,0.010030382637940427
603160.SH,20210727,0.0,,20210731,20211112,780.4974,9.1857562199,8,False,完成,68,-0.08366166485036464,-0.1203614908037095
603160.SH,20220212,5.0,20230210,20220214,20220307,891.2730000000001,8.176466345,3,False,完成,15,-0.039999999999999925,-0.024053325502974454
603160.SH,20220615,0.01,,20220719,20220920,37.557300000000005,0.3847380611,3,False,完成,44,-0.21403289448450447,-0.1745066811629934
603160.SH,20230527,1.5,20240525,20230529,20230831,449.407,2.2004532045,5,False,完成,66,0.18852557924481417,0.22721971473526326
603160.SH,20251122,4.0,20261120,20251124,20260731,1613.75,12.361820430000002,8,False,完成,166,-0.33754514594062934,-0.33676672835280586
603161.SH,20240326,0.2,20250325,20240328,20240329,196.5005,0.290273,2,False,完成,1,0.019515477792732216,0.00928960479846963
603161.SH,20250416,0.3,20260414,20250416,20250519,514.6368,0.6047435184000001,4,False,完成,20,0.1825168107588857,0.15035911480061026
603162.SH,20240313,0.4,20240912,20240329,20240517,256.184,0.2920570828,2,False,完成,30,0.10116109871992562,0.06175864322839364
603162.SH,20251129,0.01,,20251208,20260123,75.52199999999999,0.03194845,2,False,完成,32,-0.08467153284671536,-0.13160601369156633
603165.SH,20220505,2.0,20230504,20220509,20221031,3192.25,4.3695119051,8,False,完成,118,-0.249500914348335,-0.22079892069907514
603165.SH,20240311,1.2,20250329,20240513,20240930,3470.8671999999997,3.9800461552999993,8,False,完成,97,0.006302361228937459,-0.05054304444907631
603165.SH,20241025,2.0,20251110,20250106,20251031,4596.0088,5.2109402288,10,False,完成,197,0.22456019936739735,-0.007009215830966586
603166.SH,20230104,0.95,20240103,20230427,20240103,4522.050000000001,2.7899737899999995,10,False,完成,167,0.16265663853126755,0.2875082706645846
603166.SH,20240220,1.0,20240520,20240221,20240430,2567.23,1.4552278799999998,5,False,完成,47,0.17450980392156867,0.11630344424854111
603168.SH,20240831,0.02,,20241205,20241205,323.66200000000003,0.0203148,2,False,完成,0,0.0,
603173.SH,20240914,0.3,20250313,20241017,20241030,178.35,0.33596941,2,False,完成,9,0.3250000000000002,0.2857098762068093
603176.SH,20231107,0.4,20240506,20231116,20240416,1757.71,0.9987822300000001,7,False,完成,99,-0.38607594936708856,-0.3771219667675466
603177.SH,20240830,,,20241024,20241111,263.6,0.0,2,False,完成,12,0.10592686002522078,0.04543565462852195
603179.SH,20240131,1.2,20250130,20240205,20240419,650.802,2.7909747992,4,False,完成,46,0.014870794734276105,-0.10533927177195035
603180.SH,20240125,0.6,20250123,20240131,20240831,682.8743999999999,1.290814442,6,False,完成,140,-0.15989940422701676,-0.1757619801626209
603181.SH,20210818,0.6,20220816,20210916,20210922,619.4282,0.8889417524,2,False,完成,2,0.01962158374211631,0.013608792018297455
603181.SH,20220329,2.6,20230328,20220329,20230327,7587.3357000000005,11.1874252438,10,False,完成,241,-0.042878034916861596,-0.05684830720212708
603181.SH,20230429,0.8,20240427,20230504,20240229,2592.8199999999997,2.570846755,6,False,完成,200,-0.10194624652455986,-0.0020825313668942913
603183.SH,20240416,0.17,20250510,20240618,20240731,785.95,0.25280282,3,False,完成,31,-0.015337423312883347,0.015319758041578924
603185.SH,20221119,0.01,,20230224,20230224,5.306,0.013844025999999999,2,False,完成,0,0.0,
603185.SH,20230405,0.01,,20230602,20230602,1.718,0.007131058,2,False,完成,0,0.0,
603185.SH,20240309,1.13,,20240402,20250127,1334.2691,3.393721195,6,False,完成,200,-0.39274770809873416,-0.42555981811253907
603186.SH,20200910,0.36,20210908,20200916,20200921,73.36,0.2838999,2,False,完成,3,0.024435102469784642,
603187.SH,20231027,1.0,20241025,20231117,20231130,10.193999999999999,0.016817734,2,False,完成,9,0.00121212121212122,0.00937231972685404
603187.SH,20231223,0.0,,20231231,20240229,685.2798,1.009716871,4,False,完成,37,-0.04683377308707126,-0.05955344140061836
603187.SH,20240322,0.0,,20240331,20240831,1142.2060000000001,1.6146313467,4,False,完成,104,-0.3551028439533618,-0.3099605635376914
603189.SH,20231104,0.3,20241103,20240131,20240831,594.58,0.61793868,3,False,完成,140,0.0642714226434784,0.04417610746013145
603189.SH,20260721,0.3,20261020,20260819,20260831,127.99,0.11763881000000001,2,False,完成,8,0.07972665148063784,0.05484127313191056
603191.SH,20231027,1.0,20241024,20231102,20231231,704.5636,1.1029807336,3,False,完成,41,0.04228187919463089,0.0543589501468138
603194.SH,20260728,1.0,20270727,20260826,20260911,59.5,0.20176548,3,False,完成,12,-0.011206133883809977,-0.004997636169236763
603195.SH,20220427,0.02,,20220523,20220729,300.82,4.28015373,4,False,完成,48,0.04821278482739788,0.01393622326438515
603195.SH,20240426,0.08,,20240606,20240625,461.24289999999996,3.6800392632,3,False,完成,12,-0.030635908702551062,0.0018288254892746547
603195.SH,20250425,0.1,,20250609,20250918,1586.9954,7.7746679708999995,5,False,完成,73,-0.09523809523809512,-0.19721820852000527
603195.SH,20260430,0.83,,20260605,20260731,1692.2929000000001,5.9979341704,5,False,完成,33,0.04272863568215879,0.09591552830871963
603196.SH,20201216,0.5,20211231,20210107,20210731,2231.09,1.24004154,7,False,完成,136,0.5450501893370197,0.626386318477391
603197.SH,20250529,0.24,,20250625,20250808,666.9766999999999,2.5425145000000002,5,False,完成,32,0.030859474623820438,-0.01994564383857811
603201.SH,20240521,,,20240617,20241018,14.2,0.003255,2,False,完成,82,-0.19106744910526707,-0.251999138826862
603201.SH,20260722,0.2,20270720,20260723,20260731,70.92999999999999,0.1047932,2,False,完成,3,0.033579583613163155,0.04558549301136616
603203.SH,20230429,0.0,,20230815,20230815,2.4375999999999998,0.0005273668,2,False,完成,0,0.0,
603203.SH,20240208,0.4,20240507,20240220,20240331,99.59,0.20828078099999997,3,False,完成,28,-0.029064039408866926,-0.0668766471561576
603203.SH,20240430,,,20240506,20240802,230.88940000000002,0.2099775603,2,False,完成,63,-0.05406232217856677,0.022575092175144196
603208.SH,20220616,1.0,20230615,20220720,20220831,141.15310000000002,0.5567467185,3,False,完成,30,-0.07381288199341796,-0.04414073772111893
603209.SH,20231009,0.8,20241007,20231013,20240630,2088.4372,3.3400027192,8,False,完成,172,-0.15094392236691678,-0.11640937011036911
603209.SH,20260327,1.0,20270326,20260415,20260731,1513.066,2.137180678,6,False,完成,73,-0.05689618610591696,-0.008920516820434043
603212.SH,20230830,0.03,,20231012,20231205,21.77,0.03709608,2,False,完成,38,-0.09838998211091232,-0.05725590587245766
603214.SH,20200818,0.0,,20200903,20200903,7.42,0.01019479,2,False,完成,0,0.0,
603214.SH,20201119,0.02,,20210121,20210121,17.0184,0.023427635500000002,2,False,完成,0,0.0,
603214.SH,20210820,0.0,,20210827,20211207,112.0,0.1544249536,2,False,完成,65,-0.13093762907889317,-0.14856780079619158
603214.SH,20240220,0.5,20250306,20240312,20240426,346.69,0.44117268,3,False,完成,31,0.04988308651597828,0.038767527679682834
603215.SH,20240425,0.01,,20240425,20240516,306.27,0.502890049,3,False,完成,12,-0.022222222222222143,-0.04398641373168333
603215.SH,20240810,0.0,,20240822,20240822,10.77,0.0076197750000000005,2,False,完成,0,0.0,
603215.SH,20241025,0.0,,20241231,20241231,4.2,0.0029715,2,False,完成,0,0.0,
603217.SH,20240224,0.92,20250223,20240228,20240630,635.09,0.99493297,5,False,完成,81,-0.042119565217391464,-0.04520244338423407
603217.SH,20240727,0.01,,20240731,20250222,1431.988,2.2659897906000004,7,False,完成,133,0.21398002853067055,0.05577504221181617
603218.SH,20230829,3.0,20240827,20230912,20230927,329.5,0.50790038,3,False,完成,11,-0.006329113924050778,0.003182455719591859
603218.SH,20231027,0.01,,20231027,20240329,3163.5,4.379055729999999,9,False,完成,103,-0.1713483146067415,-0.17771959063373133
603218.SH,20240425,0.03,,20240430,20240827,3891.765,4.8119656850000005,5,False,完成,81,-0.2265896270833141,-0.1570621073740257
603219.SH,20240227,0.6,20250225,20240229,20240430,516.976,0.6358475788,3,False,完成,41,0.2853425845620121,0.24822769953823287
603219.SH,20250415,0.3,20260414,20250519,20250613,217.634,0.324424096,3,False,完成,18,-0.09877340219496444,-0.10128549758619332
603220.SH,20210407,0.8,20211005,20210412,20210630,1420.8081,1.6897628759,5,False,完成,53,0.024186822351959902,-0.026648758139297235
603222.SH,20230725,1.2,20240724,20230811,20240724,8915.95,7.5467361304,12,False,完成,229,-0.4311064718162839,-0.3747854299396495
603222.SH,20250329,2.0,20260328,20250331,20260318,3578.9260000000004,2.8607916600000003,7,False,完成,233,0.5066006600660069,0.23693249394033455
603223.SH,20231212,0.8,20241211,20231227,20240624,2678.3959,2.5651870764,5,False,完成,115,-0.3037056128293242,-0.3150990573719309
603223.SH,20260121,1.0,20270204,20260624,20260731,231.77,0.30128406,2,False,完成,27,-0.09511343804537531,-0.02934104815917582
603225.SH,20200527,0.26,,20200531,20201130,2044.5400000000002,1.939272619,6,False,完成,123,0.2911917098445598,
603225.SH,20220308,3.0,20230307,20220308,20221031,10216.665500000001,11.570814956,9,False,完成,157,-0.3233164636656416,-0.2297595416611402
603225.SH,20240201,5.0,20250130,20240202,20241231,10486.27,12.776740819999999,9,False,完成,218,-0.022988333270810624,-0.20418288645586524
603228.SH,20200423,0.04,,20200512,20200623,66.7009,0.1171331316,2,False,完成,30,-0.017536446889886093,
603229.SH,20250127,1.0,20260123,20250305,20250831,745.06,0.6767486236,3,False,完成,122,0.3216424501961177,0.14488486198714456
603232.SH,20231028,0.3,20240429,20231122,20240427,652.6,0.8368947499999999,6,False,完成,103,-0.08228730822873087,-0.09566529859295336
603233.SH,20230119,0.0,,20230310,20230310,3.3480000000000003,0.00189864,2,False,完成,0,0.0,
603233.SH,20231228,,,20240308,20240308,5.6347000000000005,0.0052164,2,False,完成,0,0.0,
603233.SH,20240316,2.0,20250331,20240430,20240918,2049.1084,3.2855597808,6,False,完成,95,-0.4373503210789115,-0.35710428359723767
603235.SH,20240123,1.2,20250121,20240201,20240831,813.8847,1.7964430704,5,False,完成,139,0.268135480182927,0.23624534730798508
603236.SH,20230826,0.3,20231125,20230904,20230928,137.61,0.6506528674000001,4,False,完成,18,-0.05072765072765073,-0.030406865870011957
603236.SH,20240202,1.2,20240501,20240202,20240325,543.8552,1.8409922019999998,3,False,完成,30,0.2124183006535949,0.0937713487174423
603237.SH,20231027,0.01,,20231027,20240329,771.6004,2.095836163,6,False,完成,103,-0.005496518871381473,-0.013142983966140331
603237.SH,20240425,0.17,,20240606,20240619,795.7176,2.0264267979999997,3,False,完成,8,-0.07870197687430047,-0.06931673411552797
603237.SH,20250628,0.7,20260626,20250702,20250904,175.42589999999998,0.2249817844,4,False,完成,46,0.10760998810939348,0.016114888194914467
603237.SH,20250911,0.01,,20250930,20251113,542.0876,0.9502158249,3,False,完成,26,0.030839520274129173,-0.006695818244890961
603258.SH,20200701,0.0,,20200821,20200821,15.5,0.0137485,2,False,完成,0,0.0,
603258.SH,20210518,1.0,20220517,20210602,20210610,82.81,0.14512588,3,False,完成,6,0.017629407351837934,0.013762461879523569
603258.SH,20210715,0.01,,20210727,20210731,521.95,1.3102692232,2,False,完成,3,-0.020929259104227604,-0.025590407816553862
603258.SH,20210820,0.04,,20210830,20211020,798.11,1.8862471000999999,5,False,完成,30,0.09599614085865871,0.07801481163995394
603258.SH,20211125,0.02,,20220120,20220120,17.1,0.0329891,2,False,完成,0,0.0,
603258.SH,20231228,0.4,20241226,20240104,20240831,285.16999999999996,0.5253100788,8,False,完成,159,-0.3182942694696763,-0.29139880780124205
603258.SH,20240927,0.01,,20241031,20241126,199.22,0.35347047,3,False,完成,18,0.01801363193768246,0.024280565915102637
603259.SH,20201020,0.02,,20201217,20201217,33.6008,0.07697427999999999,2,False,完成,0,0.0,
603259.SH,20210626,0.04,,20210831,20210831,69.09989999999999,0.13292228909999998,2,False,完成,0,0.0,
603259.SH,20240309,10.0,20240607,20240311,20240522,4471.541800000001,21.131857785100003,4,False,完成,47,-0.19444951615848116,-0.2174245662952934
603259.SH,20240911,10.0,20241210,20240911,20240926,2445.6921,10.2000871732,2,False,完成,9,0.12272963155163463,0.01829003298986054
603259.SH,20250409,10.0,20250708,20250418,20250826,43934.47680000001,308.6695781032999,70,False,完成,88,0.871284736206202,0.5850801658633615
603259.SH,20260610,10.0,20270609,20260611,20260625,5497.9376999999995,55.0015143905,10,False,完成,9,0.20758215720613982,0.1685242534788991
603260.SH,20231212,10.0,20241226,20240102,20241226,4372.1608,21.9573431545,6,False,完成,238,0.12447879000657269,-0.019734618381526237
603262.SH,20260428,0.6,20270427,20260720,20260731,163.93,0.33948826909999996,2,False,完成,9,-0.12702078521939963,-0.13521716162802477
603267.SH,20210611,0.6,20211209,20210624,20210731,88.19980000000001,1.007905,3,False,完成,26,0.3854148471615719,0.45445258945871414
603267.SH,20220614,0.0,,20220731,20220906,43.3642,0.5373340000000001,2,False,完成,27,-0.05487394957983205,-0.05202072047617001
603267.SH,20231221,0.3,20240319,20231226,20240131,58.6,0.258093,3,False,完成,25,-0.30831265508684846,-0.28094565077688516
603269.SH,20250429,1.2,20260424,20250729,20250930,2692.9864,3.0374664084000003,6,False,完成,45,0.41000000000000014,0.31083819870796625
603272.SH,20240208,0.5,20250207,20240221,20241009,1687.1777,1.8866868037999998,9,False,完成,152,-0.09457062874775324,-0.18011707245977537
603272.SH,20241115,0.3,20251113,20241122,20250131,291.9918,0.43981483060000004,4,False,完成,45,0.12653651482284878,0.1322862996745453
603275.SH,20240227,0.6,20250226,20240416,20250226,446.23490000000004,1.2434499116,9,False,完成,208,0.5731084364097683,0.39945093333981796
603276.SH,20240305,0.3,20240603,20240322,20240521,282.9045,0.546062191,4,False,完成,37,0.052020202020201856,0.015398274793283262
603276.SH,20241029,0.2,20250425,20241213,20250425,339.942,0.46993273300000005,7,False,完成,87,-0.15930388219544833,-0.13460184797670116
603277.SH,20211214,0.0,,20220304,20220304,3.6,0.0028992,2,False,完成,0,0.0,
603277.SH,20241029,0.01,,20241227,20241227,10.0,0.0123,2,False,完成,0,0.0,
603278.SH,20240309,0.4,20240907,20240415,20240621,315.54,0.26050954,3,False,完成,45,-0.20270270270270263,-0.18694898593306863
603279.SH,20210413,2.0,20220505,20210512,20210701,1578.4868999999999,3.637189,4,False,完成,35,-0.023871491877133,-0.05815102806213712
603279.SH,20211105,0.0,,20211229,20220311,2398.0287,5.9116078,4,False,完成,46,-0.11475409836065575,-0.03792345038189737
603279.SH,20240514,0.01,,20240605,20240729,22.54,0.02822302,2,False,完成,37,-0.1906721536351167,-0.14209922226420935
603281.SH,20240206,1.0,20240501,20240222,20240430,247.79000000000002,0.600415178,4,False,完成,46,0.12134439109559159,0.07928105360440219
603281.SH,20250517,4.0,20260527,20250609,20250930,2266.0671,5.578194,5,False,完成,81,0.09283611214145338,-0.043109404749052005
603282.SH,20240824,0.2,20250223,20240911,20250111,573.78,0.81722072,6,False,完成,79,-0.018102824040550303,-0.15654002017596158
603283.SH,20230912,4.0,20240911,20230920,20240206,2133.6204,9.7875010596,7,False,完成,92,0.32364864864864873,0.47505730448819894
603283.SH,20250829,0.01,,20251113,20251124,420.30800000000005,1.43841908,2,False,完成,7,-0.1689516129032258,-0.1272048101286054
603285.SH,20251129,0.3,20261127,20251217,20260127,56.08,0.15575036,2,False,完成,27,0.32839506172839505,0.2418784093376749
603286.SH,20260328,0.0,,20260703,20260703,2.613,0.002592096,2,False,完成,0,0.0,
603288.SH,20231031,8.0,20241030,20231113,20240831,10582.5867,38.972897300599996,10,False,完成,196,-0.014684702493575452,0.056146813539461826
603288.SH,20260623,20.0,20270714,20260721,20260911,8722.847800000001,30.410234185300002,17,False,完成,32,-0.06407447973713043,-0.06978989009360581
603289.SH,20211216,0.3,20221214,20220121,20220425,500.0,0.45121727,3,False,完成,59,-0.19120879120879108,-0.027143428313961326
603296.SH,20240219,4.0,20250217,20240226,20240930,1873.5790000000002,11.548249196,7,False,完成,147,0.1875588897224305,0.059610914054702535
603296.SH,20260721,2.0,20261020,20260730,20260831,1675.5553000000002,11.3493823397,9,False,完成,22,0.03553299492385764,-0.011643203081496023
603297.SH,20250426,,,20250717,20250717,21.38,0.0008496,2,False,完成,0,0.0,
603298.SH,20220616,2.0,20230614,20221208,20230331,1503.3422,3.0575202099,5,False,完成,75,0.0730643402399127,0.048306970447332453
603300.SH,20221215,0.0,,20221221,20230404,1722.4679999999998,1.1340040500000002,4,False,完成,68,0.26876876876876876,0.17525599467642872
603300.SH,20250514,3.0,20260512,20250714,20250905,4005.5884,4.2956363500000005,3,False,完成,39,-0.05833333333333335,-0.1306689931628584
603301.SH,20210104,1.6,20211230,20210125,20210228,298.1,1.9239316382,3,False,完成,19,-0.1833497121999157,-0.15654965117897246
603301.SH,20221001,1.5,20230929,20221012,20221123,330.8449,1.5487571875,4,False,完成,30,-0.05431724734905863,-0.07612075782812011
603303.SH,20240323,1.6,20250321,20240417,20240930,3877.661,4.651194,7,False,完成,112,0.021826776424010097,-0.05936718617876291
603305.SH,20250409,1.5,20260407,20250416,20250807,2264.9422,2.8470582064,5,False,完成,77,0.20374692358582847,0.08347275991712433
603306.SH,20220428,1.2,20221027,20220506,20220930,553.5500000000001,1.5393311124,5,False,完成,103,0.15083460487265032,0.142147382098593
603306.SH,20230926,1.2,20240325,20231010,20231228,1046.3476,3.1662253519999997,5,False,完成,57,-0.17191801774242876,-0.13813768264800763
603306.SH,20240112,2.0,20250110,20240115,20240630,1551.42,3.3115287028000004,4,False,完成,107,-0.21648771824387836,-0.23790451012592495
603306.SH,20241205,8.0,20251203,20241226,20251106,16859.7271,62.5158562453,11,False,完成,197,0.5586358602993884,0.3215272424230391
603308.SH,20231028,1.0,20241114,20231201,20240507,1351.1260000000002,1.6978555453,7,False,完成,100,0.05213270142180093,0.01332549404716743
603311.SH,20250412,0.4,20260410,20250903,20251125,926.68,1.06924683,5,False,完成,53,0.0900735294117645,0.07416863346994451
603312.SH,20240713,1.1,20250711,20240719,20240906,1556.7883000000002,4.2077121119,6,False,完成,35,0.07588932806324111,0.16010786717018655
603312.SH,20240913,1.0,20250929,20241010,20241231,229.05,0.749101625,3,False,完成,58,0.04839233517375785,0.032803872132878276
603313.SH,20250510,1.7,20260508,20250606,20250908,6937.905000000001,5.915196460000001,6,False,完成,66,0.0633971291866029,-0.059281492399412716
603316.SH,20210202,0.6,20210801,20210208,20210301,1317.07,0.8163685432000001,4,False,完成,10,0.18861209964412806,0.18226871808912382
603317.SH,20210419,0.03,,20210709,20210709,34.763999999999996,0.0684221172,2,False,完成,0,0.0,
603317.SH,20220428,2.4,20230427,20220524,20220831,1249.9315000000001,2.6648453894,4,False,完成,70,0.26919140225179117,0.21718509402723618
603317.SH,20231213,0.01,,20231228,20240229,215.21269999999998,0.27008549779999996,3,False,完成,38,-0.07320754716981137,-0.0917938907910294
603317.SH,20250430,0.36,20260428,20250523,20250531,134.082,0.156342008,2,False,完成,5,-0.008635578583765069,-0.008373661923378961
603317.SH,20250828,0.02,,20250831,20260228,608.288,0.713694093,5,False,完成,116,0.11369294605809133,0.0321087765251622
603317.SH,20260314,0.32,20270311,20260312,20260703,693.0248,0.7059982621999998,4,False,完成,76,0.19594563690417832,0.221221060948132
603321.SH,20240223,0.8,20250222,20240226,20240331,2137.8,1.4352048158000001,4,False,完成,24,0.02209131075110471,0.0005331901790746052
603321.SH,20251018,0.0,,20251212,20251212,16.0,0.005104,2,False,完成,0,0.0,
603324.SH,20220414,1.0,20230412,20220428,20220831,998.1999999999999,3.493265,7,False,完成,85,0.47024387913597754,0.36617740643832963
603324.SH,20240220,0.6,20250218,20240306,20240831,190.38,0.461487,5,False,完成,121,0.24515860996823768,0.3317772227876048
603324.SH,20241030,,,20241031,20250213,364.18399999999997,0.7966059999999999,5,False,完成,68,0.05109780439121736,0.03448888994311372
603324.SH,20250625,,,20250930,20250930,88.548,0.0,2,False,完成,0,0.0,
603325.SH,20260714,0.6,20270112,20260716,20260831,78.05,0.41464,4,False,完成,31,0.05217717717717729,0.024756786899801764
603327.SH,20240316,0.7,20250315,20240527,20240705,666.6128,0.9237139999999999,5,False,完成,28,-0.018891560976947996,0.03901490140077413
603330.SH,20210309,0.6,20220307,20210324,20210402,550.3338,1.6638081168,4,False,完成,7,-0.07069023007669228,-0.1019833726236361
603330.SH,20230805,0.6,20240803,20230809,20240625,3266.0404000000003,2.5907373468,12,False,完成,210,-0.45642201834862384,-0.4021580529166311
603331.SH,20210803,0.45,20220802,20210813,20210906,611.0,0.7394611812,3,False,完成,16,0.05892116182572593,0.028058521355184052
603332.SH,20230321,0.6,20240317,20230509,20240131,714.278,0.7194187619999999,5,False,完成,182,0.08830651340996165,0.3104219940310824
603333.SH,20210202,1.0,20210801,20210203,20210412,3136.4489000000003,1.66283273,5,False,完成,42,0.4150537634408602,0.4583229396045667
603333.SH,20240618,0.8,20241217,20240620,20241217,6968.0199999999995,2.1957607300000004,7,False,完成,121,0.6115884405512584,0.4408891804801176
603337.SH,20220513,0.8,20230512,20220531,20220630,221.89000000000001,0.4803628184,2,False,完成,21,-0.007393715341959428,-0.06936603841054767
603337.SH,20230208,3.8,20240207,20230209,20230705,2454.5434999999998,5.0790375565999994,9,False,完成,98,-0.06053757878885202,-0.046710463742729025
603337.SH,20230711,,,20230731,20240125,10790.818,21.6929860554,10,False,完成,121,-0.01944579484686415,0.11043434652541895
603337.SH,20240201,2.0,20250131,20240201,20240430,2347.786,4.7283179168,5,False,完成,55,0.40795755968169756,0.2564590208882127
603337.SH,20241029,1.0,20251113,20241212,20250320,900.64,2.6528880364000003,5,False,完成,63,0.054846498792687104,0.07110778174968657
603337.SH,20250415,,,20250424,20250707,625.0478,1.3106156856,2,False,完成,48,0.124460653170823,0.06753096672401715
603339.SH,20240220,1.0,20250218,20240305,20241031,4164.389800000001,4.2127746854,10,False,完成,159,0.3647200679619633,0.2681728956483165
603341.SH,20250409,5.0,20260407,20250415,20250531,1847.8553000000002,7.311435702500001,4,False,完成,30,-0.03481175863847341,-0.05782787325276462
603341.SH,20260429,5.0,20270427,20260717,20260720,125.44,0.49992949,2,False,完成,1,-0.041813602015113416,-0.04992242317682727
603341.SH,20260723,0.07,,20260722,20260916,6647.5649,25.0069017673,18,False,完成,38,-0.0864681295715779,-0.09077069598322318
603344.SH,20250830,0.3,20260827,20251121,20260616,187.57,0.50213055,4,False,完成,135,0.20139458572600488,0.1259381679066598
603345.SH,20231027,2.0,20241024,20231110,20240830,703.45,6.8524972386,9,False,完成,197,-0.38189189873524576,-0.3391026212275837
603353.SH,20220506,1.0,20230505,20220524,20230313,1034.3400000000001,1.9249328589999999,6,False,完成,196,0.042125283018867865,-0.0209271933007098
603355.SH,20211222,0.0,,20211227,20220228,15.68,0.0140533364,2,False,完成,39,-0.1891268533772653,-0.15313783419823535
603356.SH,20240220,0.6,20240818,20240221,20240801,681.63,0.8018034839999999,4,False,完成,110,0.16785714285714315,0.17525226315253062
603356.SH,20240920,1.0,20250318,20240920,20241204,1216.4,1.5719714644,5,False,完成,46,0.21422663358147243,-0.012149282552413876
603359.SH,20210130,0.5,20220222,20210303,20210330,175.16,0.32239175400000003,2,False,完成,19,0.04352741661955917,0.07982271537345342
603360.SH,20201125,2.0,20211124,20201130,20210119,3866.4164,7.248594397800001,6,False,完成,35,-0.19473244092416797,
603360.SH,20250425,4.0,20260424,20250729,20260105,6622.5996000000005,16.019221260400002,10,False,完成,106,0.5956607495069033,0.43158789355861105
603360.SH,20260430,1.0,20260728,20260519,20260602,256.44,0.559837494,2,False,完成,10,-0.19333333333333347,-0.17463968047651468
603363.SH,20200520,0.11,,20200720,20200720,216.125,0.1356620702,2,False,完成,0,0.0,
603363.SH,20231031,0.04,,20231229,20231229,78.348,0.05488433660000001,2,False,完成,0,0.0,
603365.SH,20221017,0.6,20231101,20221104,20230630,1367.73,1.81199482,8,False,完成,158,0.16587930903886572,0.11808504944798748
603365.SH,20240113,0.75,20250112,20240123,20240426,1466.98,2.1727450812,6,False,完成,60,0.15661016949152518,0.03765535313860391
603365.SH,20241029,0.0,,20241031,20250108,1181.83,1.5834490612,5,False,完成,48,0.32330827067669166,0.34365113184587637
603368.SH,20210428,0.0,,20210701,20210701,0.588,0.000578,2,False,完成,0,0.0,
603368.SH,20220428,0.0,,20220701,20220701,5.236000000000001,0.004860000000000001,2,False,完成,0,0.0,
603368.SH,20221115,1.0,20230514,20221214,20230512,1008.75,2.062204,6,False,完成,97,0.1284313725490196,0.09538336949091297
603368.SH,20250726,2.0,20260724,20250806,20260724,4956.829,9.110224,7,False,完成,233,-0.1439840031831584,-0.18442673142152766
603369.SH,20211101,5.18,20221031,20211111,20211126,772.0263,4.3411841999,2,False,完成,11,0.08679316175089236,0.0772477955717541
603375.SH,20250515,0.5,20260514,20250618,20251201,191.79000000000002,0.73622117,6,False,完成,112,0.12196443795426881,-0.02858538308522518
603377.SH,20210120,3.0,20220119,20210119,20210731,9407.4704,12.2403222295,6,False,完成,128,-0.28065914062265906,-0.24487077481357578
603378.SH,20210126,1.0,20220125,20210308,20210525,448.02869999999996,2.53722651,4,False,完成,52,0.11970165544842626,0.06970047699568571
603378.SH,20240430,0.09,,20240507,20240628,933.3996999999999,0.5939387512,2,False,完成,37,-0.2056514913657772,-0.15737729105355325
603379.SH,20211029,2.0,20221026,20211213,20211214,1036.0,2.5753500000000003,2,False,完成,1,0.045508982035928236,0.051093186386225176
603379.SH,20240102,1.6,20241231,20240131,20240806,713.81,2.325508084,3,False,完成,122,-0.07325251589749526,-0.09870096612742973
603380.SH,20210626,0.8,20220625,20210708,20220328,806.34,2.4552651500000002,7,False,完成,174,0.29746070133010893,0.42298924267073534
603380.SH,20260410,0.1,20270409,20260422,20260625,56.61,0.20257405300000003,4,False,完成,42,0.3106453813336221,0.3061848781194112
603381.SH,20260728,0.8,20270727,20260807,20260824,885.58,1.34823784,4,False,完成,11,0.03552278820375321,0.05100203516284196
603385.SH,20220519,0.01,,20220609,20220714,62.3,0.03296293,3,False,完成,25,-0.0013908205841448584,-0.01441139354914489
603386.SH,20200409,,,20200624,20200624,134.776,0.0039556,2,False,完成,0,0.0,
603387.SH,20201231,1.0,20210629,20210204,20210331,224.3757,0.68785367,3,False,完成,34,0.13342228152101376,0.15316307349254976
603387.SH,20210428,0.0,,20210430,20210916,160.03910000000002,0.5038128321600001,2,False,完成,95,-0.24056645388597508,-0.2743023372682788
603387.SH,20260704,1.0,20270702,20260707,20260731,83.86999999999999,0.06749843999999999,2,False,完成,12,0.09605911330049288,0.1412406845570715
603389.SH,20210825,0.1,20220909,20211013,20220211,270.358,0.13702399999999998,4,False,完成,81,-0.05094339622641497,-0.0238622903085568
603390.SH,20201219,0.2,20211217,20201225,20210107,305.7919,0.3181116508,3,False,完成,8,-0.05640520358275658,
603390.SH,20260724,0.2,20270723,20260727,20260831,196.97,0.19226986000000001,4,False,完成,25,0.10834236186348867,0.07273876061147355
603392.SH,20220806,4.0,20230805,20220829,20221221,374.44050000000004,4.7366844215,4,False,完成,76,0.00994035785288272,0.06665698447247448
603392.SH,20230829,4.0,20240912,20230922,20240910,1110.818,6.735124430800001,11,False,完成,233,0.41676098395967376,0.6171997856135416
603393.SH,20210203,1.0,20220202,20210301,20210731,244.0516,0.4786981404,3,False,完成,104,0.10335618173629091,0.15338436961240154
603396.SH,20230608,,,20230710,20231019,10.251000000000001,0.011104872,2,False,完成,67,-0.2502705209460503,-0.20080173757574404
603399.SH,20201204,0.08,,20201211,20201211,755.0,0.781659,2,False,完成,0,0.0,
603399.SH,20240323,0.02,,20240327,20240423,2299.0,1.7105258112000001,3,False,完成,17,-0.09917355371900827,-0.10777013117081369
603399.SH,20240426,0.29,,20240627,20250207,4105.05,3.0359970708,5,False,完成,147,0.4589371980676329,0.30092232865653323
603400.SH,20260114,0.5,20270112,20260128,20260213,70.1017,0.40982321,3,False,完成,12,0.03514431239388793,0.05268343293662059
603408.SH,20210929,0.2,20220928,20211025,20211031,86.14999999999999,0.120007,2,False,完成,4,-0.024840312278211485,-0.007651830415910221
603408.SH,20220420,0.6,20230419,20220425,20221031,1156.0563,1.271916,7,False,完成,125,0.010821213364040627,0.02305835331769579
603408.SH,20240330,0.09,,20240613,20240710,597.62,0.593588,4,False,完成,19,-0.08610639466653358,-0.058262328959589715
603409.SH,20251202,0.5,20261130,20260120,20260630,326.5333,1.080165,5,False,完成,104,-0.2659347155564912,-0.2624831505634685
603416.SH,20240106,0.4,20250105,20240220,20240415,313.9773,0.8575682494,3,False,完成,37,-0.005454545454545379,-0.04925448682795097
603416.SH,20260324,0.5,20270322,20260326,20260331,37.33,0.18163834,2,False,完成,3,-0.01597378660659432,-0.016675929140889445
603416.SH,20260425,,,20260430,20260831,290.218,1.39319688,5,False,完成,83,-0.09328624301431299,-0.06465813438266954
603429.SH,20240206,2.0,20240505,20240206,20240430,6256.165999999999,3.3479839179999997,6,False,完成,52,0.09158878504672896,-0.019277375051356516
603429.SH,20240607,1.0,20240906,20240614,20240905,5038.724,1.9796884303999998,7,False,完成,59,-0.10227380013384946,-0.02361273860913171
603439.SH,20231104,0.4,20240103,20231117,20231207,172.38,0.33288707,2,False,完成,14,-0.012755102040816424,0.016587066009186247
603439.SH,20240913,1.2,20250912,20240920,20240930,1364.67,1.7004078200000001,3,False,完成,6,0.2573344509639566,0.031348144418462454
603439.SH,20250731,0.01,,20251028,20251028,87.2,0.062932,3,False,完成,0,0.0,
603439.SH,20260427,0.1,,20260724,20260724,485.0,0.34726,2,False,完成,0,0.0,
603444.SH,20231228,1.0,20241226,20240115,20240831,119.84,2.22514185,8,False,完成,152,-0.09248744779691231,-0.07841388931619153
603456.SH,20220901,1.0,20230831,20220914,20230228,435.7,1.6236032461999998,6,False,完成,108,0.0660351826792962,0.052362481179785814
603456.SH,20230428,0.01,,20230519,20230728,548.89,1.9197476253999999,3,False,完成,48,-0.14546435508357702,-0.14347769724463888
603456.SH,20240105,1.0,20250104,20240109,20240331,458.86,0.9187124022,4,False,完成,52,-0.17300556586270888,-0.21322873740981407
603456.SH,20240409,0.01,,20240430,20240607,973.58,1.7105076719999999,3,False,完成,25,-0.09615384615384626,-0.0802925728507502
603456.SH,20250322,2.0,20260321,20250331,20250515,1885.0100000000002,2.48942271,4,False,完成,29,0.0014450867052022698,-0.011906798009043262
603456.SH,20260526,4.0,20270609,20260612,20260815,3862.75,5.173851,5,False,完成,43,0.37089201877934297,0.4073136256919765
603458.SH,20240710,0.35,20241025,20240809,20241025,1742.9099,1.0207169600000001,5,False,完成,48,0.06944444444444464,-0.07235284999468972
603466.SH,20200416,0.58,20201014,20200612,20201009,945.8300999999999,1.704676344,6,False,完成,77,0.16950182260024316,
603477.SH,20240819,2.0,20250217,20240905,20241105,1041.25,1.8846541061,4,False,完成,36,0.17352112676056342,-0.03390665479268118
603477.SH,20241115,3.0,20251114,20241127,20250131,3223.6400000000003,6.1278000609,5,False,完成,42,-0.12486938349007315,-0.10893735755715939
603477.SH,20250424,1.0,20260422,20250623,20250728,773.36,1.6101296504000002,3,False,完成,25,0.04625121713729308,-0.01666317026041375
603486.SH,20221029,0.1,,20230117,20230215,110.218,0.864417934,2,False,完成,16,0.034560906515580525,0.01682239273815811
603486.SH,20230905,1.5,20231201,20230915,20231025,426.913,2.0599274158,5,False,完成,22,-0.13453895071542132,-0.09274293857175597
603486.SH,20231028,0.05,,20231031,20231227,333.6495,1.5499323155,2,False,完成,41,-0.10634847080630205,-0.07441289032015941
603486.SH,20240427,,,20240725,20240725,726.14,0.0,2,False,完成,0,0.0,
603489.SH,20220317,1.0,20220915,20220401,20220430,4.67,0.08082215,2,False,完成,18,-0.12839896197675726,-0.06099094127638127
603489.SH,20220525,,,20220531,20220731,42.5472,0.766536,3,False,完成,42,-0.061543479921573274,-0.08081637312951961
603489.SH,20220826,,,20220831,20221020,70.53630000000001,1.2191130700000001,4,False,完成,30,-0.19122448979591844,-0.146699299313522
603496.SH,20210118,0.72,20210514,20210205,20210305,447.091,0.7198996918,4,False,完成,15,0.06526946107784437,0.06354963145112369
603496.SH,20210331,,,20210331,20210617,714.4187,0.8961796032,3,False,完成,51,-0.15704387990762136,-0.1770544283611475
603499.SH,20200831,,,20210326,20210326,91.3595,0.052547093499999996,2,False,完成,0,0.0,
603500.SH,20200507,1.0,20210506,20200914,20210129,1100.452,1.638785232,5,False,完成,92,-0.34170846847333325,
603500.SH,20241031,1.0,20250515,20241223,20250311,2234.0288,1.5904182908000002,5,False,完成,49,0.12908011869436198,0.1195354664288053
603500.SH,20250430,,,20250430,20250703,1094.724,0.7197267074,3,False,完成,42,0.09058402860548265,0.03319955916852502
603501.SH,20221011,6.0,20230331,20221011,20221021,169.015,1.299635173,2,False,完成,8,0.03735099337748338,0.01716450497936073
603501.SH,20221103,2.35,,20221231,20230131,669.8226999999999,6.4284396218,4,False,完成,16,0.22142949798936296,0.15899696626324133
603501.SH,20230817,10.0,20230928,20230817,20230928,2168.7,19.2621297835,4,False,完成,30,0.05750000000000011,0.07560870512297613
603501.SH,20240124,12.0,20240229,20240124,20240229,2196.37,19.6349706152,3,False,完成,20,0.07502799552071693,0.005716942864857577
603501.SH,20260404,10.0,20260702,20260407,20260703,1141.0705,10.6216617883,4,False,完成,59,0.12754984297081173,0.08475306899125656
603505.SH,20220121,1.0,20220719,20220124,20220430,853.4010000000001,2.7212390591,4,False,完成,62,-0.2464854732895969,-0.1285165964593422
603505.SH,20240717,1.0,20250115,20240719,20241130,764.9399,1.9213191391,5,False,完成,88,-0.07164532853271377,-0.16769066830889645
603506.SH,20240220,0.4,20240519,20240314,20240521,516.6600000000001,0.44332921000000003,4,False,完成,43,0.40309155766944116,0.34989443847192536
603507.SH,20231228,0.6,20241227,20240205,20240513,175.9692,0.41933438759999997,3,False,完成,59,0.7664670658682633,0.5162927004842228
603507.SH,20241031,0.6,20251030,20241126,20250411,575.207,1.3846985520000001,6,False,完成,90,-0.12149532710280386,-0.11565430416724365
603508.SH,20210622,0.0,,20210625,20210823,6.9272,0.0099753388,2,False,完成,41,0.19221792446115393,0.23693886739630754
603515.SH,20200207,2.28,20210206,20200228,20200326,1159.0418,2.8194953045,3,False,完成,19,-0.026495383380168658,
603515.SH,20200425,0.21,,20201015,20201105,136.8033,0.20960972320000001,2,False,完成,15,0.07601713062098514,
603515.SH,20220311,1.73,20230309,20220311,20220331,462.14000000000004,0.8413493382999999,3,False,完成,14,0.0021845985800110768,0.01991704390307758
603515.SH,20220427,0.03,,20220505,20230411,1332.4571,2.3675321528,3,False,完成,229,0.22923681854993405,0.13804789862382028
603515.SH,20231229,2.1,20241227,20240108,20240221,2500.6889,4.1343899546,4,False,完成,26,-0.07125890736342044,-0.09121807719657504
603516.SH,20220510,0.6,20230506,20220607,20220621,216.5,0.25486296799999997,2,False,完成,10,0.0033783783783785104,-0.01633135528489882
603516.SH,20220811,0.14,,20220930,20221028,745.28,0.885303902,3,False,完成,15,0.030874785591766596,0.06922062802672779
603516.SH,20240201,0.4,20250131,20240205,20240419,255.95,0.395216,4,False,完成,46,1.3357086302454473,1.0590471170382534
603517.SH,20220428,,,20220601,20220809,604.03,0.022387999999999998,3,False,完成,48,0.016676910491248087,-0.0037588654556703904
603517.SH,20230718,3.0,20240802,20230830,20240131,3563.9149,10.5360492125,14,False,完成,103,-0.4411928651059086,-0.37133781006768596
603517.SH,20240205,3.0,20250221,20240301,20240831,4704.5849,7.4182438706,8,False,完成,124,-0.4115869594792958,-0.37332721886964104
603518.SH,20201126,0.5,20210525,20201210,20210430,3394.4264000000003,1.8847756076,7,False,完成,94,1.42100115490196,
603518.SH,20210602,0.2,,20210826,20210826,240.4617,0.21891633172,2,False,完成,0,0.0,
603518.SH,20240105,0.0,,20240321,20240321,15.5,0.006758,2,False,完成,0,0.0,
603518.SH,20240722,,20241021,20240723,20240831,104.99000000000001,0.07179291,2,False,完成,28,-0.05619596541786742,-0.03190387529776606
603518.SH,20250327,0.01,,20250604,20251211,88.53,0.0373365,4,False,完成,130,-0.17608517608517626,-0.28182919524744954
603519.SH,20231026,0.5,20240425,20231102,20240402,1027.7996,1.2993473474,7,False,完成,101,-0.039999999999999925,-0.060465539926293554
603528.SH,20240220,0.6,20240819,20240220,20240819,2365.27,1.4390874500000002,8,False,完成,123,0.07594936708860756,0.0867533544592205
603529.SH,20230829,4.0,20240228,20230922,20231127,4709.5484,13.3564959378,8,False,完成,40,-0.004776526782668045,0.028290810736405936
603529.SH,20250426,,,20250703,20250811,388.62,0.0,2,False,完成,27,0.008769448373408428,-0.04278045802695507
603529.SH,20260529,4.0,20261127,20260615,20260717,3182.48,5.664721999999999,5,False,完成,23,-0.022253787878787956,0.06406617340587561
603529.SH,20260729,,,20260731,20260806,2945.8334,5.971230091000001,2,False,完成,4,-0.03397612488521595,-0.050840362778336035
603530.SH,20231107,0.8,20240506,20231113,20231215,1172.77,1.8494600930999998,5,False,完成,24,0.014138817480719768,0.04997370743093499
603530.SH,20240110,0.8,20250109,20240115,20240122,401.157,0.7856146383,2,False,完成,5,-0.12230215827338131,-0.08092205690764198
603530.SH,20250730,4.0,20260729,20250814,20260407,2713.9596,8.346227629,5,False,完成,153,0.9244897959183673,0.8138131102220505
603536.SH,20240612,0.6,20250611,20240621,20240905,1365.9540000000002,1.043688012,6,False,完成,54,-0.09565217391304359,-0.027599038679197774
603536.SH,20260321,1.2,20270319,20260323,20260331,385.79,0.37509401,2,False,完成,6,0.12568306010928953,0.10295524825065705
603536.SH,20260617,,,20260720,20260911,1132.992,0.93221526,4,False,完成,33,0.18988902589395806,0.1617862869089557
603538.SH,20200731,0.0,,20200902,20201023,7.2700000000000005,0.00531437,2,False,完成,31,-0.3347556245151281,
603551.SH,20210427,0.75,20220426,20210616,20210930,675.9300000000001,0.7992289577999999,4,False,完成,74,-0.1869983948635634,-0.1983538193902833
603551.SH,20211106,,,20211130,20220104,1368.31,1.4325889065,4,False,完成,24,0.007820136852395132,-0.011169587195008823
603551.SH,20220217,2.0,20230216,20220222,20220331,395.58,0.37353932300000003,3,False,完成,27,-0.07221664994984955,-0.013750803342412188
603551.SH,20220429,,,20220430,20220930,4855.5599999999995,4.2447559151,9,False,完成,105,0.05329841671181734,0.06119431387650187
603551.SH,20221027,,,20221031,20221229,3215.7400000000002,2.5359066613,4,False,完成,43,0.24968474148802033,0.17641264522441213
603551.SH,20240203,1.5,20250221,20240319,20250214,6483.289999999999,6.601893744,14,False,完成,218,0.0985738255033557,0.005360213365831035
603551.SH,20251114,,,20260130,20260130,19.1,0.0,2,False,完成,0,0.0,
603556.SH,20220329,0.5,20230327,20220406,20220609,462.844,0.5645357204,3,False,完成,42,0.23109243697478976,0.24799570005530192
603556.SH,20250527,2.0,20260525,20250527,20251031,1461.4740000000002,3.956166532,4,False,完成,106,0.29441623850714205,0.09341823474058253
603557.SH,20220430,,,20221014,20221014,198.10000000000002,0.0,2,False,完成,0,0.0,
603558.SH,20210105,2.0,20220120,20210127,20210507,13751.43,11.6911786381,11,False,完成,63,0.08302354399008682,0.13195529788879612
603558.SH,20210519,2.0,20220603,20210702,20220602,9254.699999999999,9.128380938,14,False,完成,221,0.3147540983606556,0.4477747708686801
603558.SH,20221108,1.0,20231123,20221129,20230621,4057.7200000000003,3.3687281922,7,False,完成,136,-0.04484553205625086,-0.059228040521329794
603558.SH,20240207,2.0,20250221,20240228,20240831,4042.8199999999997,4.0195585358,8,False,完成,126,0.02558460565747178,0.06731149511778756
603558.SH,20240924,,,20240930,20250221,6603.469999999999,6.5955725093,6,False,完成,92,-0.03454715219421112,-0.04672288047720374
603558.SH,20250325,1.0,20260414,20250530,20250915,3537.12,3.2961927005,7,False,完成,75,0.1081576596760474,-0.0391036827000264
603558.SH,20251015,3.0,20261009,20251015,20260910,21859.56,25.2544244264,18,False,完成,217,0.23094960834250644,0.22400578115037129
603566.SH,20200205,2.0,20210204,20200207,20201031,3764.3599999999997,7.0520443595,8,False,完成,178,0.521042172312356,
603566.SH,20231114,1.2,20241113,20231129,20240831,1545.93,2.41756414,8,False,完成,184,-0.4059135888022912,-0.36839967120446604
603567.SH,20220610,0.5,20230609,20220802,20230510,1020.16,1.184002628,6,False,完成,185,0.4367088607594938,0.37918935333041337
603568.SH,20210112,0.0,,20210129,20210721,856.6296000000001,1.600881735,2,False,完成,113,0.5218163029679019,0.487818050649097
603568.SH,20240109,1.8,20250107,20240111,20240130,1290.107,2.187872,2,False,完成,13,-0.08435136707388013,-0.06619591232037514
603568.SH,20260613,3.0,20270611,20260615,20260831,4875.0,7.44656852,5,False,完成,54,-0.15041128084606326,-0.12693026345412461
603569.SH,20260623,1.0,20270621,20260625,20260630,38.5,0.02039,2,False,完成,3,0.0,0.006321663174251979
603578.SH,20211207,1.0,20221205,20211207,20221130,2154.1044,3.3040474144000003,11,False,完成,238,-0.059952557226862435,0.07241951338973096
603579.SH,20210205,1.0,20220204,20210208,20211119,1311.7549999999999,3.9997445385,10,False,完成,187,0.1086297193362653,0.09993389839147682
603579.SH,20231103,1.0,20241102,20231108,20231130,397.84000000000003,0.86026915,3,False,完成,16,0.0382436260623229,0.046022692919033936
603579.SH,20260331,1.0,20260629,20260331,20260617,707.31,1.3834056000000001,4,False,完成,52,0.025947567630297153,-0.028049963257392507
603583.SH,20260630,1.6,20270629,20260703,20260717,327.1526,0.7752575424,2,False,完成,10,-0.06708760852407258,0.0021811398950664085
603586.SH,20200321,0.7,20201220,20200323,20200630,1022.0300000000001,1.6935628850000002,6,False,完成,65,0.008702714090894847,
603586.SH,20200728,,,20200731,20200925,504.81,0.81908621,3,False,完成,40,-0.09047619047619038,
603587.SH,20200430,2.0,20210428,20200528,20210228,2873.4371,5.910534922,11,False,完成,182,0.07532410826796676,
603587.SH,20220602,0.01,,20220615,20230413,5510.6242,8.08119728579,15,False,完成,203,0.09102958806346484,0.08676944980543055
603587.SH,20240730,2.0,20250728,20240820,20241031,183.98000000000002,0.196120078,4,False,完成,45,0.0712277413308342,-0.06371609766937802
603587.SH,20241112,,,20241130,20250408,2196.092,2.595261664,7,False,完成,84,-0.08225806451612894,-0.029476954462623106
603587.SH,20250429,,,20250430,20250728,2315.2255000000005,2.47359544,4,False,完成,59,0.10509237658379345,0.007141788039385366
603588.SH,20240605,0.55,,20240805,20241115,1381.691,0.6498073200000001,2,False,完成,67,0.13894315344845487,-0.02178327489861387
603588.SH,20250725,1.5,20260723,20250828,20251119,4074.7111999999997,3.1041103,5,False,完成,53,0.028530670470756192,0.0016508325553892256
603588.SH,20260722,2.0,20261020,20260724,20260831,987.0821,1.2712251427,3,False,完成,26,0.24009700889248187,0.18655837649475382
603589.SH,20200326,2.0,20210410,20200612,20200831,734.5676000000001,3.4817262266,4,False,完成,54,0.24948024948024927,
603589.SH,20231108,1.1,20241105,20231116,20240730,379.16999999999996,1.5721867254000002,8,False,完成,170,-0.20390755869162402,-0.15645496260150704
603590.SH,20200508,1.2,20210525,20200612,20210114,747.99,2.77656715,4,False,完成,145,-0.04679822196757322,
603590.SH,20210121,1.2,20220120,20210127,20210731,756.362,2.636839174,6,False,完成,122,-0.06957848242383202,-0.021382459754912708
603590.SH,20251016,1.0,20261014,20251020,20260331,371.33079999999995,1.5791833916,6,False,完成,108,-0.2783746825551866,-0.28356046573414817
603596.SH,20220126,0.54,20220725,20220208,20220413,120.22,0.8470457116000001,4,False,完成,44,-0.24866425992779784,-0.18599737888206225
603596.SH,20220430,0.64,20230429,20220629,20220719,69.2886,0.5416849753999999,2,False,完成,14,0.17365852175103003,0.20303599426581131
603596.SH,20240201,1.16,20250130,20240220,20241130,355.18,1.46755185,7,False,完成,190,0.10133354593531574,-0.03233317822983961
603596.SH,20241219,0.0,,20241231,20250225,328.61,1.41473166,3,False,完成,33,0.3680197353666741,0.37035965091383827
603596.SH,20260804,2.0,20270803,20260806,20260831,400.77680000000004,1.080632,2,False,完成,17,0.020727272727272705,-0.0012798928091813933
603599.SH,20200206,1.0,20200805,20200317,20200804,838.2986000000001,1.3143403586,5,False,完成,94,0.20983606557377033,
603599.SH,20230825,,,20231115,20231115,8.82,0.0,2,False,完成,0,0.0,
603600.SH,20210804,0.5,20220803,20210809,20210930,935.3468,0.9752394978,4,False,完成,36,0.07707509881422925,0.054878971053047065
603601.SH,20201022,0.2,20211109,20201126,20201127,182.6406,0.253534294,2,False,完成,1,0.020729092208720434,
603602.SH,20240203,1.2,20240430,20240206,20240430,2512.66,2.7585697425999998,6,False,完成,52,0.21295387634936214,0.08976138803409883
603605.SH,20231214,2.0,20241213,20231226,20240131,260.6805,2.311924542,2,False,完成,25,-0.16886916170684962,-0.13598499604878334
603605.SH,20251231,1.5,20261229,20260115,20260531,452.2875,2.9677986428,5,False,完成,86,-0.11281756853739056,-0.10321603429273318
603606.SH,20240201,2.0,20250130,20240325,20250130,786.9066,3.671461766,6,False,完成,206,0.1305376757159653,0.05252927127482687
603608.SH,20210224,1.2,20220221,20210930,20220221,3090.2619999999997,1.80803401,7,False,完成,91,0.1333333333333333,0.15851375798261325
603608.SH,20240120,1.2,20250118,20240123,20240201,6706.219999999999,3.60882153,6,False,完成,7,-0.09160305343511455,-0.0915256800055696
603608.SH,20240207,0.5,20240505,20240207,20240226,1393.5558999999998,0.47876889419999996,3,False,完成,7,0.3914373088685015,0.32257803211505887
603608.SH,20240607,0.3,20240905,20240621,20240904,2274.8382,0.5370737446,6,False,完成,53,0.2301255230125523,0.3246110154563755
603609.SH,20210511,3.0,20220510,20210519,20211231,11686.928300000001,11.259558033700003,10,False,完成,154,-0.0454555884445057,-0.07923666565975129
603609.SH,20240625,3.0,20240923,20240626,20240923,14482.638400000002,9.6157803964,8,False,完成,61,0.04545454545454519,0.13049578649543658
603609.SH,20241030,2.0,20251027,20241122,20250630,9610.8048,8.150986,9,False,完成,144,0.03833723404255318,-0.015090734132546246
603610.SH,20220820,1.0,20230818,20221012,20221110,1097.81,1.4815215787,4,False,完成,21,0.03568773234200728,0.03206288030159654
603612.SH,20240115,0.5,20250114,20240123,20240531,1098.73,1.3278439999999998,5,False,完成,82,0.15641800732974542,0.03809543239767943
603613.SH,20221221,4.0,20231220,20230116,20231215,1869.08,12.4881145069,10,False,完成,222,-0.4994177633066522,-0.45092817842610167
603615.SH,20200407,,,20200708,20200708,11.0,0.0,2,False,完成,0,0.0,
603617.SH,20231017,1.0,20241016,20231030,20231225,3609.09,3.1472297728000003,6,False,完成,40,0.09629629629629655,0.13488539876848615
603619.SH,20220512,1.83,20221202,20220902,20220926,546.29,1.2009966338,2,False,完成,15,-0.04633378317588843,-0.004060494168611983
603619.SH,20231012,0.93,20231209,20231026,20231210,441.62,0.9012085122,4,False,完成,31,-0.07792207792207795,-0.0721031824171906
603619.SH,20240126,1.6,20240725,20240131,20240521,990.16,1.8543360714,4,False,完成,68,0.4310154525386314,0.26361586648923563
603626.SH,20201015,0.01,,20201222,20201222,60.55,0.0325759,2,False,完成,0,0.0,
603626.SH,20210813,0.01,,20211111,20211111,44.45,0.0239141,2,False,完成,0,0.0,
603626.SH,20240221,0.3,20250220,20240228,20240312,488.71000000000004,0.29185993,3,False,完成,9,0.10992907801418461,0.07430504485011746
603628.SH,20240925,0.42,20250323,20241114,20241231,340.07,0.492197467,3,False,完成,33,-0.17350993377483426,-0.16658687493972824
603629.SH,20240207,0.5,20240506,20240222,20240327,205.3,0.48080394000000004,3,False,完成,24,0.23354156655454106,0.2315712061323325
603630.SH,20210428,0.0,,20210629,20210629,3.9000000000000004,0.0031824,2,False,完成,0,0.0,
603630.SH,20220106,0.0,,20220315,20220315,9.649999999999999,0.00819955,2,False,完成,0,0.0,
603630.SH,20230927,0.4,20240922,20231101,20240223,340.65,0.4077424223,4,False,完成,75,-0.218791064388962,-0.2140605984610564
603633.SH,20240427,0.5,20241227,20241217,20241227,509.9816,0.405886724,2,False,完成,8,0.10411311053984584,0.09156019348104705
603636.SH,20200120,0.0,,20200131,20210228,4640.7289,4.5717899092,7,False,完成,262,-0.0714386064116489,
603637.SH,20201230,0.6,20211227,20210106,20210331,934.6995999999999,0.6805677749,4,False,完成,55,-0.06524466750313662,-0.03565186659684172
603638.SH,20240120,1.0,20250118,20240123,20241019,2629.9417000000003,3.5849516781000004,6,False,完成,174,0.16591175593634833,-0.009458487716302977
603638.SH,20251121,2.0,20261119,20260224,20260531,513.95,1.2486827,3,False,完成,64,-0.10102669404517461,-0.09023526457967213
603648.SH,20211029,1.0,20220331,20211209,20220331,1451.33,1.2632967370000001,5,False,完成,74,0.0776470588235294,0.21709566340945297
603650.SH,20230412,,,20230620,20230620,106.2336,0.006242328399999999,3,False,完成,0,0.0,
603650.SH,20240207,1.2,20250204,20240306,20240329,136.69,0.3642316112,2,False,完成,17,-0.052442528735632266,-0.05282763783125044
603650.SH,20240425,,,20240430,20240711,653.721,1.4904889938,5,False,完成,48,0.03403282518886597,0.08083223402126216
603650.SH,20250418,0.0,,20250506,20250618,3.6667,0.0052090468,2,False,完成,30,-0.058890989400876115,-0.07907920942498847
603655.SH,20240209,0.15,20240507,20240416,20240507,112.37,0.15367415,3,False,完成,12,0.26947040498442365,0.21273878535085888
603655.SH,20240514,0.08,20240812,20240516,20240621,70.63,0.12391317,2,False,完成,25,-0.1287528868360278,-0.09264245688571959
603656.SH,20210224,0.4,20220223,20210311,20210630,287.206,0.3771723616,7,False,完成,74,0.1999803272081111,0.14839980873593883
603656.SH,20210820,0.02,,20210930,20211122,402.187,0.5051215991,4,False,完成,32,-0.02336448598130847,-0.027157766248911308
603656.SH,20240206,0.8,20240805,20240206,20240506,819.02,0.86279395,4,False,完成,53,0.2997925311203318,0.15443357150312687
603657.SH,20240206,0.4,20250204,20240207,20240331,239.64999999999998,0.20829399999999998,3,False,完成,31,0.4527845036319613,0.3517633371833504
603657.SH,20240420,,,20240624,20240831,548.7025000000001,0.40830200000000005,4,False,完成,49,-0.09557522123893814,-0.05710833930825976
603657.SH,20241030,,,20241031,20241224,206.43,0.200947,2,False,完成,38,0.3468067906224739,0.3016806237641825
603658.SH,20220319,3.0,20230317,20220323,20220930,2442.255,11.389957819,8,False,完成,130,0.16562182510885348,0.2606794237187213
603658.SH,20240130,5.0,20250219,20240221,20250219,7932.5298,37.949916239,15,False,完成,240,-0.23414641072239883,-0.32568297632955134
603659.SH,20230831,0.0,,20230907,20240205,1957.9732999999999,6.0638377428,4,False,完成,100,-0.5451851851851852,-0.47446526307003
603659.SH,20240702,0.19,,20240628,20240912,5669.6756,7.671786881599999,5,False,完成,54,-0.1995753715498939,-0.12584664137896273
603659.SH,20260722,3.0,20270720,20260722,20260831,987.52,2.299381,4,False,完成,27,0.03384615384615386,0.0029149386608444683
603660.SH,20201224,0.5,20211223,20210120,20210228,1515.0610000000001,1.050753138,4,False,完成,22,-0.05745554035567724,-0.037575909347675296
603660.SH,20210323,0.45,,20210524,20210624,1238.5301,0.94552554852,2,False,完成,22,-0.0014388489208634336,-0.020860970159044645
603660.SH,20240208,1.0,20240506,20240228,20240412,962.8839,0.7130980832,3,False,完成,30,0.010510510510510551,-0.010111882505761671
603660.SH,20240427,,,20240507,20250122,1135.5389,0.5000621232,2,False,完成,177,-0.014792899408283988,-0.034991611369319164
603661.SH,20200324,1.0,20210322,20200430,20210113,751.4250000000001,2.9502942826000003,5,False,完成,172,0.6941767296455175,
603665.SH,20210106,0.6,20210705,20210112,20210701,792.3580000000001,1.2186915884,5,False,完成,112,-0.08010171646535291,-0.07508867061698676
603665.SH,20250426,0.22,,20250512,20260519,189.36,0.44632152,2,False,完成,247,0.5920199501246881,0.28645061350634093
603666.SH,20220518,1.0,20220817,20220520,20220630,139.1692,0.7194065168000001,3,False,完成,28,0.3164459796584147,0.21881546780456684
603666.SH,20221103,2.0,20230502,20221109,20230331,726.2954,2.8127596747,4,False,完成,96,0.11005434782608714,0.033845471701666074
603666.SH,20230428,0.01,,20230713,20230713,144.9884,0.4116882498,2,False,完成,0,0.0,
603667.SH,20220804,0.0,,20220908,20221020,20.4,0.009322800000000001,3,False,完成,24,-0.10989010989010983,-0.05107761079582829
603669.SH,20220310,0.6,20230307,20220329,20230109,4432.9725,3.1114665176,9,False,完成,191,-0.20705626065933946,-0.2001020095143884
603669.SH,20230131,1.0,20240129,20231025,20240128,2124.1,1.19519215,4,False,完成,66,-0.04339622641509433,-0.022395022494391514
603676.SH,20220625,0.01,,20220722,20220816,68.5,0.028748399,2,False,完成,17,0.05208333333333348,0.04954425048111055
603676.SH,20240828,0.3,20250826,20241125,20241219,447.02,0.46938701499999996,3,False,完成,18,0.03065134099616862,-0.0018500674387283977
603678.SH,20220316,0.5,20230315,20220324,20220430,83.98,0.3999182385,2,False,完成,24,-0.2753098188751192,-0.2269817983577388
603678.SH,20220520,0.0,,20220715,20220831,76.4569,0.35087794,2,False,完成,33,-0.08822905620360544,-0.08084775944831635
603678.SH,20230428,0.5,20240427,20230606,20230824,208.9986,0.5348793044,4,False,完成,55,0.00561272217025266,0.04251157992545118
603678.SH,20240113,0.25,20240411,20240117,20240409,221.7134,0.4899531048,3,False,完成,51,-0.08387375702550792,-0.1484606116424525
603678.SH,20250816,0.5,20260814,20250820,20250903,198.1267,0.759816967,3,False,完成,10,0.00670600858369097,-0.005792482725866299
603679.SH,20210427,0.04,,20210816,20210816,87.57,0.1133393399,2,False,完成,0,0.0,
603681.SH,20231229,1.4,20241227,20240108,20241227,6958.1050000000005,9.0393419334,12,False,完成,235,-0.08665815139414457,-0.22435321715814527
603681.SH,20250417,1.0,20260415,20250429,20260331,1081.97,1.89757629,9,False,完成,222,0.4372019825421236,0.21370917444024173
603683.SH,20240220,0.32,20240517,20240221,20240430,417.87,0.35105524,4,False,完成,47,0.22222222222222232,0.16165133040888802
603683.SH,20250718,,,20250722,20250916,9.64,0.0026726,2,False,完成,40,0.46617647058823564,0.3598715464544049
603686.SH,20210109,1.5,20220108,20210114,20210922,1786.4459,3.1574534093,5,False,完成,167,-0.19125198178398306,-0.2052014703535252
603687.SH,20240207,1.0,20250206,20240222,20240315,881.5899999999999,0.89744426,3,False,完成,16,0.1911021233569261,0.16525813139635792
603688.SH,20231215,2.0,20241214,20231227,20240731,566.0899999999999,2.8505151163999995,7,False,完成,142,-0.42619025275389055,-0.4309028647329588
603690.SH,20220430,0.01,,20220701,20221017,269.99,1.0551285639999999,4,False,完成,70,-0.02874432677760952,0.06655542518405633
603690.SH,20230822,0.6,20240220,20230922,20231130,394.346,1.0600098,4,False,完成,43,-0.011127596439169052,0.02241247553965131
603690.SH,20240912,0.6,20250910,20240912,20241024,185.026,0.39164578,3,False,完成,23,0.3210084033613443,0.09422415067916856
603690.SH,20241029,1.6,20251027,20250207,20250228,219.89010000000002,0.54991482,2,False,完成,6,0.17446633825944158,0.16837254031674487
603690.SH,20250429,,,20250531,20251209,1287.5962,3.093211,5,False,完成,130,0.17223667322327763,0.0037154868793081164
603700.SH,20201123,0.3,20211122,20201203,20210121,183.4696,0.5082771288,3,False,完成,34,-0.020305909860775406,
603700.SH,20210909,1.0,20220908,20210914,20220831,1416.5754000000002,2.589371995,12,False,完成,232,-0.1771130292762525,-0.05878283773319992
603700.SH,20240208,0.5,20250207,20240208,20250117,1686.052,1.6803875526,7,False,完成,226,0.052191786755798164,-0.06981920882090598
603703.SH,20210610,2.0,20220609,20210701,20220430,3484.0199999999995,5.6100676,8,False,完成,191,0.38397328881469095,0.6300217133031634
603707.SH,20250429,0.4,20260519,20250610,20260508,418.85900000000004,0.4523260575,3,False,完成,220,-0.21754084264832352,-0.36638500718615385
603708.SH,20201125,2.2,20210524,20201203,20210510,2810.6348000000003,6.359151907199999,5,False,完成,102,-0.322543278546759,
603708.SH,20240206,1.5,20240805,20240206,20240802,3824.5944,3.5242339702,6,False,完成,116,-0.11738527986523695,-0.15257989641140168
603708.SH,20240912,2.0,20250910,20240918,20250731,3972.59,3.90712909,11,False,完成,209,0.4124488051133819,0.07411057809112176
603709.SH,20250828,,,20251031,20251031,9.43,0.0,2,False,完成,0,0.0,
603713.SH,20210802,1.0,20220217,20210827,20210924,57.909200000000006,0.5776531338,2,False,完成,18,-0.057308561879484854,-0.081028198724998
603713.SH,20220325,0.0,,20220513,20220513,1.975,0.00357245,2,False,完成,0,0.0,
603713.SH,20230118,0.3,20230417,20230119,20230228,24.062399999999997,0.29157515,3,False,完成,23,0.06596370769985271,0.05318168720103422
603713.SH,20230329,0.5,20230627,20230403,20230626,73.1678,0.7215325758,5,False,完成,54,-0.2361850844170954,-0.20084386198920334
603713.SH,20231107,1.2,20240206,20231117,20240205,597.2219,2.9678781387,7,False,完成,55,-0.4320161792159304,-0.3579898538549192
603713.SH,20240809,0.6,20241107,20240809,20240930,174.8,0.7792381144,3,False,完成,34,0.3206797616420216,0.1329371399363899
603713.SH,20241023,1.5,20250207,20241122,20250206,785.0568000000001,4.181872869,7,False,完成,47,-0.05725260654838127,-0.058252178503508056
603713.SH,20260528,1.2,20260825,20260604,20260616,197.22,1.0948382696999999,2,False,完成,8,0.10702845298662145,0.09780010396935768
603716.SH,20210205,1.0,20210803,20210330,20210331,43.43,0.0608471887,2,False,完成,1,0.030935251798561048,0.035357754261605256
603716.SH,20210421,,,20210430,20210618,900.3888,1.2457601476,5,False,完成,31,0.021474588403722183,-0.0011972940780701213
603716.SH,20240206,0.2,20240505,20240206,20240208,361.0,0.22907296,2,False,完成,2,-0.052959501557632405,-0.07821163958433552
603716.SH,20240605,0.2,20240904,20240605,20240630,274.49,0.16085668,2,False,完成,16,-0.053333333333333455,-0.02206898953297931
603719.SH,20210707,1.5,20220106,20210722,20210930,699.98,2.3230025923,4,False,完成,48,0.09937357630979493,0.1013970932316417
603725.SH,20240219,0.6,20250217,20240412,20240630,1075.0639999999999,0.9461771460000001,5,False,完成,51,-0.12809712586719524,-0.11279735160395499
603725.SH,20260803,0.6,20270731,20260807,20260911,314.46,0.359504,3,False,完成,25,-0.009803921568627416,0.0034203464515947246
603727.SH,20240126,0.8,20250125,20240131,20241031,1532.83,1.6319290024,5,False,完成,177,0.05074681359532662,-0.10664176542287329
603729.SH,20220302,0.91,20230831,20221010,20230227,317.05,0.43472930000000004,5,False,完成,94,0.1147672552166934,0.017631951391720913
603737.SH,20200207,3.0,20200805,20200309,20200805,170.9185,1.6696405220000001,3,False,完成,101,1.4257757788901642,
603738.SH,20230909,1.5,20240908,20230915,20240331,5899.726068,9.1963265064,10,False,完成,127,-0.16098144823459004,-0.13985498387340567
603738.SH,20241106,1.0,20251121,20241126,20251016,1570.0520000000001,2.314319698,8,False,完成,214,-0.03286151785527425,-0.19498133648798244
603755.SH,20240208,0.6,20240507,20240312,20240506,273.1,0.5799230832,4,False,完成,34,0.13504189255791044,0.10440083935327626
603757.SH,20231107,,,20231124,20240930,1256.1083999999998,2.7441171859999995,13,False,完成,206,-0.06414599257795295,-0.14703798303513294
603758.SH,20200606,3.13,20210322,20200702,20210321,12413.947400000003,10.6041677939,13,False,完成,174,0.3533752485441455,
603758.SH,20210702,0.79,20220119,20210922,20211231,1761.0499999999997,1.43312859,6,False,完成,67,-0.01044083526682138,-0.013509120157539911
603758.SH,20240203,0.8,20240304,20240205,20240207,812.19,0.5874010000000001,2,False,完成,2,0.009602194787380114,-0.03589209145975403
603758.SH,20240711,0.8,20240810,20240715,20260716,1083.73,0.763135,4,False,完成,476,0.3558453444145071,0.03860639691771284
603767.SH,20210820,0.0,,20211026,20211026,11.7,0.0039663,2,False,完成,0,0.0,
603768.SH,20250417,0.5,20260414,20250522,20260306,753.13,0.9310011899999999,5,False,完成,191,-0.09502222671468719,-0.2582804150302771
603773.SH,20201229,0.8,20220113,20210208,20210630,501.03,1.2711586822,4,False,完成,92,0.2157676348547719,0.1958782460860664
603773.SH,20250312,0.45,20260310,20250401,20250407,164.8,0.42033,2,False,完成,3,-0.1300500192381685,-0.059292953673401816
603773.SH,20250422,0.25,20260420,20250514,20250618,100.45,0.225067,2,False,完成,24,-0.06356116673922496,-0.05937762692049586
603776.SH,20210205,0.8,20210504,20210210,20210331,631.88,1.110099134,4,False,完成,30,0.21694088970140135,0.29231272874300096
603776.SH,20240429,0.2,20241025,20240705,20241025,383.0,0.3813395,4,False,完成,73,0.47270854788877426,0.3166019915844298
603777.SH,20230830,0.7,20240228,20230904,20240226,826.4538,1.0930683916,8,False,完成,112,-0.20639332870048654,-0.15306767484163664
603777.SH,20240626,0.6,20250624,20240710,20241031,514.98,0.462270736,4,False,完成,74,0.13072625698324014,0.013351690822466677
603777.SH,20250117,0.13,,20250428,20250604,725.7338,0.700803235,3,False,完成,23,0.172628304821151,0.1421375638324207
603778.SH,20210302,0.8,20220226,20210319,20220223,2351.85,0.9804053,7,False,完成,225,0.030588235294117583,0.005634485446933901
603790.SH,20201016,0.3,20211015,20201029,20210713,1160.366,1.276340357,9,False,完成,172,-0.13832550923762232,
603797.SH,20211027,1.0,20221026,20211217,20220930,5813.8456,3.75436346,12,False,完成,192,-0.19669771262303515,-0.035215145291163985
603798.SH,20240208,0.5,20240507,20240208,20240507,1268.53,0.8973171962,5,False,完成,52,0.5305514157973172,0.39351248429763297
603799.SH,20230901,10.0,20240831,20230908,20231231,7678.024300000001,27.551604477799998,8,False,完成,74,-0.16315120711562903,-0.12326730098600391
603799.SH,20240110,3.57,,20240131,20240830,7898.4303,26.1532240009,5,False,完成,140,-0.034718353471421826,-0.05294456768237121
603799.SH,20260721,10.0,20261020,20260820,20260831,247.053,0.97282,2,False,完成,7,0.005590851334180469,-0.01524017427670521
603800.SH,20230527,0.5,20240526,20230612,20230620,196.27,0.5053572199999999,2,False,完成,6,-0.04665161775771254,-0.05004421443858997
603800.SH,20240207,0.6,20250205,20240207,20240618,1309.059,2.5721766211000006,6,False,完成,82,0.08956363619008534,0.017453045154046
603800.SH,20240716,0.6,20241011,20240718,20241011,571.64,1.03403365,4,False,完成,54,-0.07254408060453421,-0.1418940099872189
603801.SH,20220216,1.09,20220815,20220223,20220303,361.9896,1.0207514834,2,False,完成,6,0.002498215560313932,0.004811864045908942
603801.SH,20251204,1.1,20261203,20260107,20260202,1575.0468,1.50811683,3,False,完成,18,0.025974025974026205,0.04386478584508158
603806.SH,20230601,1.5,20240531,20230609,20240530,1518.42,4.5761177652,8,False,完成,234,-0.10259067357512952,-0.0620324559174239
603808.SH,20220430,1.0,20230429,20220511,20221014,2633.074,2.5425780000000002,7,False,完成,105,-0.09661621257988551,-0.10052268788455421
603810.SH,20210923,,,20211029,20211202,32.732,0.0,2,False,完成,24,0.09142857142857141,0.08333571788608762
603811.SH,20241001,1.0,20250929,20241008,20250430,4839.544,3.8870905176,8,False,完成,138,0.10635696821515905,0.17746264930209388
603813.SH,20231125,0.08,,20240131,20240131,121.0,0.09430919,2,False,完成,0,0.0,
603813.SH,20240223,0.15,20250222,20240229,20240416,154.53,0.1972276642,3,False,完成,31,0.08547008547008539,0.08839508495698523
603815.SH,20240711,0.6,20250710,20240822,20250125,1545.7399999999998,0.920628,4,False,完成,103,0.23404255319148937,0.0808206025542666
603816.SH,20200423,0.01,,20200430,20200731,2978.8772000000004,11.3599844683,4,False,完成,61,0.47183305138782505,
603816.SH,20221014,6.0,20240412,20221031,20240331,9496.1802,36.41805399999999,27,False,完成,340,0.2564807101534692,0.19546396779766328
603816.SH,20250709,0.03,,20250722,20250908,44.0,0.046024,2,False,完成,34,0.18313725490196098,0.10739736548064793
603818.SH,20240207,0.8,20240524,20240305,20240331,632.1700000000001,0.25008292,2,False,完成,18,-0.030456852791878264,-0.028344378530097303
603818.SH,20240430,,,20240430,20240729,2073.77,0.68779291,3,False,完成,60,-0.31656804733727817,-0.26623451444305846
603822.SH,20201231,0.3,20220115,20210125,20210901,228.82419999999996,0.47304816399999994,4,False,完成,147,1.7017254493281837,1.7450012932616938
603822.SH,20240208,0.15,20250207,20240221,20240331,89.29,0.17930596,3,False,完成,27,0.10323253388946818,0.07050692416233884
603825.SH,20200428,,,20200506,20200506,8.1994,0.002841864,3,False,完成,0,0.0,
603825.SH,20200728,0.0,,20200810,20200810,232.4188,0.0,2,False,完成,0,0.0,
603825.SH,20210429,,,20210819,20210819,221.5942,0.008973109,6,False,完成,0,0.0,
603833.SH,20221028,2.5,20231027,20230203,20231018,1495.068,17.0492265323,12,False,完成,171,-0.2513607658840158,-0.20126005625457366
603836.SH,20221214,1.0,20231213,20230320,20231212,2364.9,3.64706233,13,False,完成,179,0.059639952153110354,0.14130553844384708
603836.SH,20250418,0.8,20260416,20250715,20260331,2557.31,3.5116717008,10,False,完成,171,-0.04077094143810234,-0.13612096343520497
603836.SH,20260702,1.1,,20260723,20260831,3226.419,2.734953162,6,False,完成,24,0.17353308364544318,0.14129112696265156
603839.SH,20201113,1.1,20211130,20201204,20211130,2475.262,2.3666220620000002,7,False,完成,239,-0.21985522878694486,
603839.SH,20211203,0.3,20221202,20220308,20221130,676.58,0.51984239,6,False,完成,179,-0.1826596048142014,-0.1457795070266491
603839.SH,20240208,0.2,20240507,20240208,20240331,259.924,0.1354589884,3,False,完成,30,0.30612244897959173,0.23085007472705588
603848.SH,20241126,,,20241225,20250117,12.8489,0.0,2,False,完成,16,-0.18237082066869303,-0.14415327487931517
603855.SH,20201229,2.0,20211227,20210111,20210731,4031.5,6.327242762499999,10,False,完成,134,0.2933245973310141,0.3443898985018068
603855.SH,20251105,0.8,20261103,20251119,20260707,1967.5061,3.7224579480999997,9,False,完成,151,-0.03876016184324804,-0.04923751593737069
603856.SH,20251225,0.6,20261224,20260305,20260731,1407.33,1.8467648460000001,5,False,完成,101,-0.1393032043723449,-0.07724730657234535
603858.SH,20231214,7.2,20241213,20231228,20241106,34422.6388,54.60128283270001,15,False,完成,204,0.03355524762915452,-0.09751057622235293
603858.SH,20241227,1.0,20251226,20250121,20250425,1694.1019999999999,2.5087778047000002,5,False,完成,61,0.01277740416946882,-0.0033398786276263026
603858.SH,20260117,1.2,20270116,20260202,20260211,903.24,1.5529939268000001,2,False,完成,7,0.020178041543026604,-0.008521014068187616
603858.SH,20260526,1.5,20270525,20260602,20260622,1179.6596,1.7985898738,2,False,完成,13,-0.013063357282821708,-0.03392412550720314
603859.SH,20220518,0.8,20221117,20220525,20221014,610.11,1.695223,6,False,完成,95,-0.09982174688057055,-0.08942590340253409
603859.SH,20240202,0.3,20240801,20240202,20240801,135.3,0.426605,4,False,完成,117,-0.05707782011174534,-0.12210742051542978
603859.SH,20250528,0.2,20251127,20250528,20250605,46.300000000000004,0.13300909,2,False,完成,5,0.03312412831241285,0.019640602308213184
603861.SH,20210527,0.0,,20210616,20210824,276.3,0.16105923000000003,2,False,完成,49,0.12697287378350341,0.12821006900908127
603861.SH,20211030,0.0,,20211115,20220120,1160.3156999999999,0.0012240999999999999,2,False,完成,47,0.18153526970954337,0.17430317209195678
603861.SH,20231228,0.3,20241226,20240205,20241225,697.9052,0.5295637546,5,False,完成,213,0.3746379215035929,0.09464861050387507
603861.SH,20250802,0.2,20260731,20251125,20260630,406.95000000000005,0.576803,6,False,完成,142,0.11581676750216086,0.0546696179978976
603863.SH,20210508,2.0,20220524,20210701,20220524,208.07,0.17019837999999998,7,False,完成,214,-0.06265664160401008,0.09540877344592658
603863.SH,20240613,0.3,20250612,20240705,20250612,185.45,0.25489870200000003,4,False,完成,225,-0.24489795918367352,-0.3453645194133408
603867.SH,20231213,0.6,20241212,20240115,20240327,799.07,2.01823641,5,False,完成,46,-0.106280193236715,-0.13818388374149326
603869.SH,20220505,1.0,20230504,20220505,20230504,2783.71,2.40203666006,9,False,完成,243,0.20840273182425428,0.10644193096832466
603869.SH,20231027,1.5,20241025,20231030,20240731,11911.191499999999,8.791630014999999,13,False,完成,183,-0.5052966101694916,-0.49135752766188723
603869.SH,20240817,1.2,20241115,20240820,20260724,2426.3395,1.3037429999999999,7,False,完成,462,0.6865419977101621,0.25110892536524587
603871.SH,20220624,1.5,20230622,20220928,20230531,2901.1864,6.1380881746,9,False,完成,160,0.08290946083418116,0.029010884160126427
603871.SH,20260526,2.0,20260824,20260526,20260731,2114.94,2.36376288,4,False,完成,41,0.09551032039097462,0.18501773348560246
603876.SH,20260314,1.4,20270312,20260324,20260430,841.1622,1.805438,3,False,完成,26,0.3880597014925373,0.31012627399698367
603877.SH,20220310,1.0,20220909,20220310,20220731,535.9721,1.1150189699,4,False,完成,95,-0.07111930124200339,-0.05888341471375114
603877.SH,20220830,0.03,,20220831,20221031,637.6913999999999,1.2418862685999998,3,False,完成,37,-0.13082039911308208,-0.03810288459319622
603877.SH,20230418,,,20230616,20230616,251.91750000000002,0.0,2,False,完成,0,0.0,
603878.SH,20240910,0.3,20250909,20240927,20250331,1065.0,0.6457743102,4,False,完成,119,-0.048275862068965614,-0.11909500333915879
603879.SH,20240227,0.3,20240526,20240307,20240520,486.76,0.151720876,2,False,完成,46,-0.31376975169300225,-0.3448756583784426
603882.SH,20230919,0.5,20240918,20230927,20231114,111.78,0.7038021503,4,False,完成,28,0.059610894941634296,0.07737883640376375
603882.SH,20231219,1.0,20241218,20231221,20240111,242.38,1.4499182863,3,False,完成,14,-0.1449067431850788,-0.13540842962017463
603882.SH,20240120,1.0,20250119,20240124,20240409,507.79999999999995,2.8420088965000003,5,False,完成,46,-0.059204440333024966,-0.12949399485590074
603882.SH,20240416,0.5,20250415,20240416,20240522,247.22,1.0123751958,4,False,完成,23,-0.17823479005998288,-0.21764358636076497
603882.SH,20260411,2.0,20261009,20260413,20260831,2754.92,7.2965306212,6,False,完成,90,0.03830109973454676,0.0388897562989583
603885.SH,20200430,1.0,20210429,20200601,20200731,1091.808,1.0536799996,3,False,完成,42,-0.00640341515474907,
603885.SH,20240220,3.0,20240819,20240222,20240818,11281.230399999999,13.699389447799998,8,False,完成,120,-0.17406244834776996,-0.14281746865548006
603885.SH,20250206,5.0,20260126,20250213,20251130,21706.45,27.6240689201,11,False,完成,195,0.004118492325899892,-0.13948190248853942
603885.SH,20260325,5.0,20260623,20260325,20260703,11963.1816,13.8934409353,7,False,完成,67,-0.10487105030220878,-0.1296211367616733
603885.SH,20260709,8.0,20270707,20260713,20260831,14456.5268,15.313887856400001,5,False,完成,29,0.007976071784645988,-0.010357303469455403
603887.SH,20250806,0.0,,20251103,20251103,691.5,0.2897385,2,False,完成,0,0.0,
603890.SH,20220506,1.5,20230505,20220602,20220731,682.09,0.643745597,3,False,完成,40,0.16086687698570845,0.14024892152040946
603890.SH,20220803,0.0,,20220810,20230220,4165.7551,4.177852292,7,False,完成,126,-0.041144901610017826,-0.05872258031898725
603893.SH,20230410,0.0,,20230609,20230609,2.5,0.001206,2,False,完成,0,0.0,
603893.SH,20240415,,,20240620,20240620,4.65,0.0,2,False,完成,0,0.0,
603896.SH,20200928,2.16,20211013,20201028,20201231,1106.07,5.0419643907,6,False,完成,46,-0.14317073170731698,
603896.SH,20210206,0.02,,20210402,20211011,366.36,1.6697792226,2,False,完成,124,0.1229118475034916,0.08936047829021465
603899.SH,20221029,3.0,20230428,20221108,20230223,814.7054,4.217614,5,False,完成,71,0.19542483660130694,0.1143411207761702
603899.SH,20240828,3.0,20250227,20240902,20250225,1811.0,5.192607,7,False,完成,112,0.05328665888759221,-0.11512538997112864
603899.SH,20260529,10.0,20270527,20260601,20260831,6182.0,13.406766000000001,6,False,完成,58,-0.000860585197934638,0.01704588292669862
603900.SH,20240605,,,20240625,20240823,198.0,0.065048,2,False,完成,43,-0.1220400827577326,-0.09262612210481136
603901.SH,20200721,0.6,20210720,20200731,20201127,2344.7200000000003,2.2808101558000002,6,False,完成,79,0.0071721311475412275,
603901.SH,20220915,0.01,,20221118,20221123,29.2,0.0100532,2,False,完成,3,-0.00689179875947632,-0.006784083218621562
603901.SH,20230905,0.4,20240303,20231009,20231117,148.38,0.174975505,3,False,完成,29,0.01910299003322269,0.03330229395953577
603901.SH,20231205,0.0,,20231231,20240229,662.225,0.6756983725,4,False,完成,37,-0.12184873949579844,-0.13356735944618525
603901.SH,20240706,0.3,20250104,20240710,20250104,447.99,0.33145,5,False,完成,119,0.0741885625965999,-0.016814671734616593
603901.SH,20250410,0.3,20250709,20250414,20250531,520.01,0.4748327,4,False,完成,31,0.21509009009008984,0.18435253185923095
603906.SH,20200807,0.0,,20201106,20201106,16.848,0.0087446174,2,False,完成,0,0.0,
603906.SH,20220928,1.0,20230327,20221014,20230310,263.4,0.6426008099,3,False,完成,99,-0.1819794253281306,-0.22201584707916922
603908.SH,20221028,0.3,20230427,20221125,20221207,51.739999999999995,0.32004372999999997,3,False,完成,8,0.017322324753116458,-0.013813412653100876
603918.SH,20210825,0.01,,20210914,20211028,14.9942,0.0068070814000000006,3,False,完成,25,-0.1424870466321243,-0.10734612004882782
603918.SH,20211117,0.5,20221116,20211224,20220510,1139.5645,1.016282235,5,False,完成,86,-0.256578947368421,-0.11400685797796595
603918.SH,20220714,0.0,,20220930,20221014,401.6289,0.33944875459999996,2,False,完成,5,0.13221884498480252,0.11467663815906026
603918.SH,20240830,0.2,20250527,20240920,20250228,192.97000000000003,0.26995483,4,False,完成,103,0.7897959183673464,0.47500446567589405
603919.SH,20240316,2.0,20250314,20240408,20250305,9272.6544,17.200739305,13,False,完成,219,-0.05806568740716289,-0.1411868520177405
603920.SH,20211214,0.0,,20220825,20220825,7.41,0.0038840100000000002,2,False,完成,0,0.0,
603920.SH,20260720,3.0,20270119,20260729,20260730,1702.9565,5.4551480488,3,False,完成,1,-0.0324159021406728,-0.02636924634925808
603922.SH,20230926,0.15,20240925,20231010,20231026,92.12,0.22437332999999998,2,False,完成,12,0.0431034482758621,0.07344986746053217
603927.SH,20220601,3.0,20221130,20220607,20221031,3989.9044,9.018478368999999,7,False,完成,98,0.3605980650835532,0.524369522127982
603936.SH,20210206,1.6,20220204,20210222,20210930,2571.71,3.1325437436,6,False,完成,151,0.016724025017910593,0.03788904701258944
603936.SH,20230929,2.0,20240926,20231031,20240304,3358.01,2.781393617,6,False,完成,82,-0.27006610009442866,-0.2749978582349548
603938.SH,20240612,0.3,20250611,20240618,20250430,550.39,0.668183,5,False,完成,211,0.10178710178710193,0.01819287206484188
603939.SH,20260725,3.0,20270124,20260806,20260831,575.29,1.2961150000000001,2,False,完成,17,0.018246550956831253,-0.003707129524299413
603950.SH,20240221,0.3,20250220,20240314,20240325,130.0,0.22328188399999999,2,False,完成,7,0.023508137432187937,0.02754236810273536
603950.SH,20260725,3.0,20261024,20260812,20260831,148.33,0.887449,2,False,完成,13,0.14067914067914078,0.12934107677742013
603956.SH,20210116,0.6,20210501,20210204,20210302,440.4801,0.6499504585000001,2,False,完成,13,0.13247863247863267,0.13030572440263732
603956.SH,20210319,0.6,20210618,20210322,20210618,716.9059,1.1605656219,4,False,完成,59,0.16486979975604021,0.13788600964833053
603956.SH,20240206,1.2,20240505,20240206,20240505,4401.7388,2.7566541185,6,False,完成,52,0.19047619047619047,0.06956662660535784
603956.SH,20240612,,,20240624,20250311,3946.73,1.9954872968,8,False,完成,172,0.6295585412667946,0.42863558431346505
603966.SH,20200912,0.2,20210910,20200914,20210518,333.28,0.4898824,6,False,完成,160,-0.15519083040003545,
603969.SH,20200313,0.2,20200512,20200319,20200511,636.0,0.2603717915,3,False,完成,33,-0.12727272727272743,
603969.SH,20240207,0.28,20240806,20240207,20240229,617.74,0.27320115,2,False,完成,10,0.25837320574162703,0.18096548661813183
603978.SH,20200911,0.7,20210909,20201224,20210731,759.63,1.4108142399,5,False,完成,145,0.0569885682289657,
603978.SH,20240221,0.6,20251119,20240228,20251119,506.76,0.71022881,5,False,完成,419,2.0142450142450143,1.259000194583931
603980.SH,20240301,1.2,20240918,20240325,20240731,8991.008,3.363553578,7,False,完成,86,-0.005493928683906635,0.024136081770325113
603982.SH,20230621,0.23,,20230717,20230913,247.375,0.234,2,False,完成,42,-0.11033163265306123,-0.08567245102751986
603985.SH,20241122,0.9,20251120,20250331,20250430,403.103,0.541300975,2,False,完成,21,0.28551136363636376,0.307745831987708
603986.SH,20201030,,,20210111,20210111,3.2222,0.0,2,False,完成,0,0.0,
603986.SH,20211028,,,20220210,20220210,7.2682,0.0,2,False,完成,0,0.0,
603986.SH,20220707,,,20220921,20220921,44.1954,0.0,2,False,完成,0,0.0,
603986.SH,20230428,,,20230803,20230808,11.88,0.0,2,False,完成,3,-0.08202611515204628,-0.07643964447112483
603986.SH,20230913,1.5,20231231,20230919,20231110,411.56,4.10946307,6,False,完成,32,0.037380412269454544,0.0667327997457936
603986.SH,20240306,2.0,20240630,20240311,20240331,65.06,0.50076055,2,False,完成,14,-0.03698244673723694,-0.02834125558715217
603986.SH,20240420,,,20240425,20240722,191.3143,1.04991596,2,False,完成,58,0.22383607832965913,0.26045126055531953
603986.SH,20241026,,,20241031,20250121,278.62149999999997,2.34947832,3,False,完成,57,0.46501053565487416,0.4818182359852565
603986.SH,20260801,20.0,,20260821,20260907,1064.87,41.7434222428,8,False,完成,11,-0.05774214051728366,-0.06433020793394562
603987.SH,20220511,1.31,20230509,20220707,20220720,479.21999999999997,0.91455047,2,False,完成,9,-0.03658536585365846,-0.019188902295818266
603989.SH,20210929,1.0,20220928,20211011,20220430,1229.4301,4.0229201092,7,False,完成,136,-0.19413919413919412,-0.05009583413872065
603990.SH,20210226,1.0,20220225,20210301,20210331,450.83,1.3631280556,3,False,完成,22,-0.1658048948638401,-0.13926888313614771
603990.SH,20240207,0.3,20240805,20240207,20240710,572.22,0.480337,2,False,完成,98,-0.054117647058823604,-0.0894086283727219
603993.SH,20210714,8.0,20220713,20210901,20211216,34456.105599999995,24.068208636100003,4,False,完成,69,-0.2142857142857143,-0.23735786262077307
603993.SH,20220525,5.0,20230524,20220525,20220608,20186.2484,9.5813036552,3,False,完成,9,0.09766454352441634,0.04508856560743446
603995.SH,20221104,1.0,20230221,20221124,20230131,470.1475,1.4107824247,4,False,完成,42,0.09323204419889497,0.03736959798350248
603995.SH,20230829,4.0,20240312,20231010,20240229,5835.720800000001,11.993177,9,False,完成,95,-0.18989205103042195,-0.17375397802678527
603997.SH,20220506,1.0,20220804,20220509,20220720,1567.0575000000001,1.2320498535,5,False,完成,51,0.8765603328710125,0.7058765378084406
603998.SH,20240313,,,20240329,20240514,14.675999999999998,0.0029952,2,False,完成,27,0.14488888888888884,0.10681754665827947
605005.SH,20230428,0.24,,20230620,20230706,313.65,0.35348355,2,False,完成,10,0.3158227848101267,0.3301033670893312
605006.SH,20240828,1.0,20250826,20240911,20241128,1017.222,0.47478645319999996,4,False,完成,49,0.1894977168949772,-0.017637877758498788
605006.SH,20250128,,,20250826,20260119,1954.378,0.5008233517,3,False,完成,96,-0.09112709832134291,-0.14538952657257198
605008.SH,20230601,1.0,20231215,20230904,20231213,1099.03,1.6427453355,9,False,完成,66,0.06968876860622464,0.1447422604890145
605009.SH,20211014,2.0,20220429,20211206,20220405,1114.9931,5.8828607143,6,False,完成,78,-0.23399638336347195,-0.16245543285230546
605009.SH,20220426,,,20220429,20220729,587.909,2.6095117596,5,False,完成,61,0.1887752032881016,0.11343590641211887
605009.SH,20240827,1.0,20250308,20240910,20240930,166.47,0.56153004,2,False,完成,12,0.3004291845493563,0.06957298838290282
605009.SH,20241026,,,20241024,20250228,524.5088000000001,1.8182318938,4,False,完成,84,0.0036307053941906364,-0.008649810774602584
605009.SH,20260113,,,20260430,20260722,2.8,0.0,2,False,完成,55,-0.15679065658185554,-0.10334082864348104
605018.SH,20221028,1.2,20230127,20221102,20230126,1932.6699999999998,2.2582890000000004,5,False,完成,56,-0.07976876275948497,-0.1534602068369345
605018.SH,20240227,0.3,20240526,20240228,20240430,389.62,0.342758,3,False,完成,42,0.2376237623762376,0.17903875592375162
605020.SH,20240828,0.0,,20240902,20241205,678.6116000000001,0.8566584035999999,5,False,完成,61,0.18585858585858595,-0.010497723099300194
605020.SH,20241226,0.0,,20241231,20250418,626.2717,1.0104056038000002,3,False,完成,70,0.025086079685194163,0.04855913495473585
605020.SH,20260721,0.3,,20260724,20260820,996.64,3.264879356,7,False,完成,19,-0.007022900763358764,-0.029794632516314867
605033.SH,20230420,,,20230803,20230803,241.5,0.0015776,2,False,完成,0,0.0,
605050.SH,20241225,0.8,20251223,20250109,20251223,1960.83,2.36178969,11,False,完成,231,0.3499352073857003,0.10591748649662236
605055.SH,20250321,1.2,20260318,20250408,20260317,5929.2425,3.7694808125000003,8,False,完成,227,0.9684814474466923,0.528912784098204
605056.SH,20240725,0.6,20250209,20240820,20240831,1068.38,0.98553589,3,False,完成,8,0.07049891540130138,0.07970662145140572
605056.SH,20241001,0.07,,20240930,20241209,1816.998,1.6953908158000002,4,False,完成,45,0.09635627530364355,0.0750780269942588
605060.SH,20240207,0.6,20250206,20240222,20240531,524.05,0.9070960000000001,6,False,完成,66,0.01941747572815533,-0.013097401660708163
605066.SH,20260612,1.5,20270610,20260622,20260731,3803.71,2.69557,5,False,完成,28,-0.07439198855507867,0.005514516129770053
605068.SH,20220416,2.0,20230506,20220930,20230331,1086.6399999999999,2.71412737,5,False,完成,119,0.2839805825242716,0.1865030703025059
605068.SH,20240115,0.4,20250112,20240116,20240131,145.92,0.30784491,2,False,完成,11,-0.21659634317862153,-0.18697433595037682
605068.SH,20240209,,,20240229,20241105,462.4576,0.8087450878,4,False,完成,165,-0.2435545803620407,-0.32659543393442436
605069.SH,20240224,0.4,20260222,20240401,20260211,297.40999999999997,0.30841293999999997,3,False,完成,454,0.729498164014688,0.28807840267524965
605077.SH,20250228,,,20250509,20260821,317.91,0.029266340000000002,3,False,完成,314,-0.29316465785021895,-0.39510361486861356
605080.SH,20230913,0.6,20240312,20230925,20240224,546.2760000000001,1.308339352,7,False,完成,96,-0.31233790292701,-0.28699841622962874
605088.SH,20231103,1.2,20241102,20231117,20240228,1662.68,3.64552037,7,False,完成,66,-0.20589529256489225,-0.17998409191162268
605088.SH,20250411,1.2,20260409,20250429,20250831,139.45999999999998,0.5038239099999999,6,False,完成,84,0.12013650859417169,-0.045730608454095045
605088.SH,20250930,0.01,,20250930,20260313,965.8156000000001,3.6681293324000004,6,False,完成,104,-0.14875000000000005,-0.19295426087032963
605089.SH,20240224,0.5,20250221,20240307,20240518,324.6186,0.9525796661999999,4,False,完成,46,-0.022151898734177222,-0.061409661366906176
605090.SH,20220525,3.0,20230525,20220606,20220819,2229.2839999999997,4.7838698026,5,False,完成,54,0.19319792158715154,0.1852484042627891
605090.SH,20221222,3.0,20231221,20221222,20230215,1281.4099999999999,2.8041031591,4,False,完成,33,0.13540669856459342,0.05716516426251794
605090.SH,20231024,2.0,20241023,20231025,20231201,568.9,1.3995475222,3,False,完成,27,0.23763570566948133,0.2141527885089729
605090.SH,20240423,1.5,20250421,20240424,20240701,539.37,1.504058,4,False,完成,44,0.1671830233419469,0.18670616103659832
605090.SH,20250418,3.0,20260508,20250604,20250630,169.64,0.448762,2,False,完成,18,-0.04336545589325436,-0.062313228059455716
605090.SH,20250719,0.0,,20250731,20260507,5425.5094,16.145152548,10,False,完成,182,0.6502617051881099,0.4106695199508128
605098.SH,20251217,0.25,20261216,20260105,20260227,67.92,0.29445319000000003,3,False,完成,33,0.10406811731315035,0.0670796421025408
605108.SH,20230926,0.45,20240925,20231016,20231113,152.1674,0.4586795674,3,False,完成,20,-0.0636882129277565,-0.055304033264865216
605111.SH,20240328,0.51,,20240418,20240701,360.83500000000004,1.3798733297999999,4,False,完成,48,0.1383542431147673,0.16857154639193994
605116.SH,20250122,1.2,20260120,20250217,20250930,715.9137999999999,1.4348121268,7,False,完成,156,0.14081944863717344,-0.014005883007275677
605116.SH,20251031,,,20251031,20260120,1211.749,2.5438997039999998,6,False,完成,55,0.3569892473118279,0.30458566235873374
605117.SH,20231028,2.0,20241027,20231108,20231128,408.644,2.9177335822000003,3,False,完成,14,-0.13211327811915574,-0.12816648515835094
605117.SH,20250422,2.0,20260420,20250617,20250722,302.72,1.5783280731999998,3,False,完成,25,0.028930338789493693,-0.02692941628189016
605128.SH,20240803,0.3,20241101,20240812,20240822,129.4052,0.3110682758,2,False,完成,8,0.07525453740593169,0.07881490015609738
605133.SH,20240201,0.6,20250131,20240202,20240329,324.45,0.567464172,3,False,完成,34,0.10610225398570639,-0.007016918103513459
605133.SH,20241030,0.01,,20241130,20250114,187.99,0.33381950000000005,2,False,完成,31,0.19478008699854987,0.22630564917672724
605138.SH,20240221,0.65,20250218,20240305,20240930,5110.85,2.5579340000000004,9,False,完成,141,0.006455171009426497,-0.08063254427776567
605151.SH,20240612,0.8,20250611,20240627,20240715,167.85,0.24940836,3,False,完成,12,0.038173142467621046,0.02834359114907814
605151.SH,20240723,0.0,,20240731,20241101,2204.7689,3.3315912544,7,False,完成,60,0.03618421052631571,-0.06935439847563529
605155.SH,20240425,0.4,20250424,20240606,20240617,365.33000000000004,0.350892,2,False,完成,6,-0.020618556701030744,-0.009933559560665217
605155.SH,20240622,,,20240630,20240813,583.8191999999999,0.540674,3,False,完成,32,-0.013114754098360937,0.021109198697329745
605158.SH,20241019,2.0,20251017,20241105,20250930,3818.042,3.6238960000000002,6,False,完成,223,-0.04443943686153318,-0.1664546338642514
605162.SH,20250701,0.8,20260629,20250903,20251231,1982.73,1.7428159399999998,5,False,完成,79,-0.016129032258064613,-0.05462363611458054
605166.SH,20241010,0.2,20251107,20250304,20250310,99.41,0.12651182,2,False,完成,4,0.064882400648824,0.05161057814864778
605167.SH,20221028,0.6,20231027,20221109,20230905,2606.254,2.1857675910000003,10,False,完成,202,0.20751682176978625,0.16686199443217942
605167.SH,20240206,0.7,20250204,20240206,20240909,1746.4,1.17561991,4,False,完成,142,0.18480766313037567,0.20775419884778534
605168.SH,20240717,1.0,20241101,20240815,20241031,389.74649999999997,0.6055321378,4,False,完成,48,0.23460291734197725,0.08310507647207732
605169.SH,20231211,0.5,20250309,20240207,20250303,3058.2896,2.433035634,9,False,完成,252,0.5237676083863605,0.29993837873690077
605177.SH,20230802,1.0,20240731,20230821,20240331,933.8506000000001,2.5270282487999998,8,False,完成,146,-0.2660517914153956,-0.2535478923872512
605178.SH,20221102,0.6,20231101,20221114,20230411,622.976,1.2774459999999999,6,False,完成,99,0.1417085427135678,0.062402506548184355
605178.SH,20250703,0.1,,20250807,20250815,33.72,0.077576,2,False,完成,6,0.0939130434782609,0.07701540240384785
605183.SH,20220429,0.4,20221028,20220516,20220531,97.72999999999999,0.15548087,3,False,完成,11,0.06642728904847384,0.028716332471563355
605183.SH,20221221,0.0,,20221229,20230228,5.779999999999999,0.004739599999999999,2,False,完成,37,0.03451882845188292,-0.030431443002401082
605183.SH,20240206,1.0,20240805,20240207,20240319,1343.1599999999999,1.69555733,4,False,完成,23,0.216549295774648,0.12397605758729457
605189.SH,20240709,0.3,20250707,20240719,20250430,660.934,0.7956543819999999,7,False,完成,188,0.09775784753363226,-0.001579347664361963
605196.SH,20241106,1.0,20251125,20250306,20250430,1247.0,1.5005560199999999,4,False,完成,38,0.08958837772397099,0.12350415785047875
605208.SH,20240208,0.4,20250207,20240226,20241231,2842.6696,1.933308,8,False,完成,208,0.12257441051410911,-0.0029340293466526557
605208.SH,20260811,3.0,20261110,20260824,20260911,496.78,0.7067,3,False,完成,14,0.056562726613488046,0.054904367061755055
605218.SH,20220322,0.3,20230320,20220601,20230222,1027.0085,1.281841,7,False,完成,177,0.30072756669361356,0.2576520984324169
605228.SH,20240208,1.0,20250207,20240208,20240430,1936.3403,1.4893078935,6,False,完成,50,0.4979367262723522,0.382668056510588
605228.SH,20250423,0.02,,20260227,20260227,221.0,0.0239475,2,False,完成,0,0.0,
605259.SH,20260523,1.0,20270607,20260615,20260831,1388.316,2.45498755,6,False,完成,54,-0.02726281352235549,-0.0003782065607503826
605266.SH,20240621,0.3,20240920,20240621,20240712,212.26,0.573980656,3,False,完成,15,-0.2784719601173109,-0.27195367071280574
605266.SH,20240920,0.3,20241219,20240920,20240926,18.473,0.019992,2,False,完成,4,0.13866231647634586,0.03843921264823136
605266.SH,20241030,1.0,20250129,20241031,20250417,1419.298,2.656592,7,False,完成,112,-0.04011326097215673,-0.0402644859321486
605268.SH,20240625,0.07,,20240822,20240822,184.375,0.076884375,2,False,完成,0,0.0,
605268.SH,20241112,0.0,,20250109,20250109,4.75,0.00193975,2,False,完成,0,0.0,
605268.SH,20260429,0.2,,20260625,20260625,575.25,0.204789,2,False,完成,0,0.0,
605287.SH,20240302,0.4,20250228,20240307,20240430,508.84299999999996,0.669841373,4,False,完成,36,-0.020689655172413834,-0.04511014679429304
605287.SH,20240705,0.1,20240930,20240812,20241001,52.70399999999999,0.056690489999999996,3,False,完成,33,0.19534883720930218,0.023993468454756917
605287.SH,20250118,0.7,20260116,20250221,20251104,1829.1908999999996,2.43095074,9,False,完成,171,1.5816666666666666,1.202861905644499
605296.SH,20240625,0.02,,20240902,20240902,20.444,0.028048999999999998,2,False,完成,0,0.0,
605296.SH,20241029,2.0,20251115,20241205,20250228,2217.009,6.166791611,6,False,完成,54,-0.1149068322981367,-0.10212495610562511
605299.SH,20220407,0.22,20221006,20220505,20220930,323.0,0.31870351,7,False,完成,104,-0.10640495867768585,-0.09359126663921591
605299.SH,20240206,0.3,20250205,20240206,20240314,660.0,0.461646,3,False,完成,21,0.3067484662576687,0.1997616615847908
605299.SH,20250312,,,20250318,20250430,95.56,0.079448,3,False,完成,30,-0.10577971646673934,-0.06467491171422202
605299.SH,20250520,0.07,,20250522,20260210,560.0326,0.3944024772,4,False,完成,179,0.3961407491486948,0.1431183157001492
605300.SH,20240209,1.0,20250208,20240228,20240831,1845.6093999999998,2.4653498152,6,False,完成,126,-0.18552036199095023,-0.1523824798158424
605303.SH,20231219,0.1,20241218,20240131,20240430,251.22,0.21375137,5,False,完成,56,-0.208502024291498,-0.2891288201746711
605318.SH,20210907,0.9,20220922,20211008,20211203,1764.9549,2.4728467951999997,7,False,完成,40,0.08845029239766089,0.08384428849726167
605318.SH,20240823,0.7,20250909,20241008,20241023,500.51239999999996,0.9145133056,3,False,完成,11,0.06101694915254252,0.12108132215175216
605319.SH,20230622,1.0,20240710,20230718,20240331,2441.93,4.146986,7,False,完成,170,0.4391828097980759,0.513316390740266
605336.SH,20220407,0.0,,20220607,20220607,27.0,0.0364305,2,False,完成,0,0.0,
605336.SH,20220928,0.0,,20221201,20221201,4.42,0.00425021225,2,False,完成,0,0.0,
605336.SH,20230509,0.05,,20230712,20230712,60.027499999999996,0.0627019513,2,False,完成,0,0.0,
605336.SH,20240430,0.05,,20240627,20240627,58.5,0.05493032219999999,2,False,完成,0,0.0,
605337.SH,20231010,3.0,20241009,20231018,20231231,6301.9738,9.6185350271,8,False,完成,52,-0.0868438107582633,-0.061129075849206904
605338.SH,20240614,2.0,20250630,20240709,20240820,1203.6875,1.6243192,5,False,完成,30,-0.05371596762325248,-0.023111959183017006
605338.SH,20240830,0.22,,20240831,20241130,3820.6388,5.348609478399999,6,False,完成,58,0.21720733427362493,0.040015043584270105
605339.SH,20240621,0.8,20250619,20240627,20250514,891.2938,1.3299442008,5,False,完成,211,0.1598046057222613,0.003720703408485404
605358.SH,20240206,1.2,20240826,20240228,20240506,882.4436000000001,1.9727071792,4,False,完成,43,-0.017628911414720116,-0.07482732876744358
605358.SH,20240921,0.5,20250320,20240923,20240926,286.32,0.5500934312,2,False,完成,3,0.11388286334056374,0.020333449706455342
605365.SH,20241026,0.1,20251111,20241119,20250109,177.7975,0.18212556000000002,5,False,完成,36,-0.07706650093225609,-0.03837859640892893
605366.SH,20211222,0.6,20221219,20220107,20220221,660.1,0.888197,3,False,完成,26,-0.02750929368029731,-0.002733128332660817
605366.SH,20241011,1.0,20251009,20241029,20250128,6215.0,3.9008629999999997,7,False,完成,63,-0.12779552715654952,-0.11818794446699477
605369.SH,20240807,0.36,20250206,20240808,20240919,224.368,0.643573956,3,False,完成,28,-0.00720658888126291,0.04137283698956806
605377.SH,20220727,0.01,,20220801,20220930,191.68400000000003,0.34536168899999997,3,False,完成,43,-0.07984790874524705,-0.008177802708113302
605377.SH,20221028,0.0,,20221031,20221222,548.928,0.98359305,4,False,完成,38,0.2739059967585089,0.20677954610673366
605388.SH,20240220,2.0,20250218,20240301,20250131,7832.678,5.7228490814,11,False,完成,222,-0.0773378673791596,-0.14079969965219374
605398.SH,20240220,1.0,20250218,20240508,20241031,1014.0495999999999,2.0949259324000002,8,False,完成,118,0.12492699838421628,0.07301823564690024
605399.SH,20231201,0.01,,20231213,20240130,191.493,0.24520738139999998,3,False,完成,33,-0.08301306687163712,-0.03823031453358594
605399.SH,20250426,,,20250627,20250714,111.60320000000002,0.0,2,False,完成,11,0.34618473895582347,0.3096876076321744
605399.SH,20251031,0.0,,20251225,20260119,3.6,0.0021708,2,False,完成,15,-0.008683068017366291,-0.04588251209189298
605399.SH,20260430,,,20260630,20260716,83.4024,0.0,2,False,完成,12,-0.2695711368277739,-0.2296888042833094
605488.SH,20240219,0.3,20250217,20240222,20240229,135.31,0.15675795,2,False,完成,5,0.05675675675675684,0.04735920028579366
605488.SH,20240330,,,20240331,20240705,446.25570000000005,0.43378753999999997,3,False,完成,64,-0.0443447552153472,-0.014788877344961038
605488.SH,20240711,0.03,,20240731,20241015,507.51,0.56468333,3,False,完成,47,0.02746365105008075,-0.05680013581427279
605488.SH,20250329,0.08,,20250721,20250721,180.8506,0.10600000000000001,2,False,完成,0,0.0,
605488.SH,20260428,0.09,,20260727,20260727,190.08,0.09312576,2,False,完成,0,0.0,
605499.SH,20260402,20.0,20270429,20260518,20260608,3900.8055,57.044067812200005,10,False,完成,15,-0.041983122362869274,-0.00031940411256925483
605507.SH,20240127,2.0,20250126,20240202,20250125,3304.21,5.23402401,8,False,完成,235,0.47128732647558147,0.234952171867006
605507.SH,20250311,2.0,20260310,20250407,20251231,3149.3669999999997,6.1924134205,6,False,完成,182,0.3279619998196197,0.03610511371970837
605507.SH,20260530,2.0,20270529,20260603,20260831,4838.2911,7.490963545199999,6,False,完成,61,-0.04452926208651398,-0.021117424889084746
605566.SH,20240827,1.0,20250823,20240911,20250409,1560.3799999999999,2.51101814,10,False,完成,135,0.18438177874186534,0.011558499409416001
605567.SH,20230825,0.25,20231023,20230911,20230914,191.05,0.24775949,2,False,完成,3,0.00853374709076804,0.013768391998511431
605588.SH,20260723,0.3,20261022,20260728,20260807,66.38,0.266065,3,False,完成,7,0.10922330097087385,0.0879202205545837
605589.SH,20240724,2.5,20250723,20240724,20240831,744.68,1.37237114,3,False,完成,27,0.018861652146522356,0.040276065539878836
605589.SH,20240912,,,20240918,20241127,4100.780000000001,7.68151867,5,False,完成,45,0.3268236645605973,0.08930331633571775
605589.SH,20241202,5.0,20251201,20241211,20250313,8289.8202,19.6255889583,7,False,完成,59,0.17169179229480758,0.19742354717636834
605589.SH,20250401,0.01,,20250331,20250609,2040.1989,5.0056248183,2,False,完成,45,0.015756039670099975,-0.003372947330760434
605598.SH,20230309,0.77,20240308,20230320,20230407,581.3632,1.7962150000000001,4,False,完成,13,-0.04396984924623115,-0.07061266114240494
688001.SH,20220719,0.6,20230718,20220914,20230717,348.0567,1.1138409776,6,False,完成,201,-0.021916939076702224,-0.013411175513316387
688001.SH,20240207,0.4,20250206,20240321,20240930,506.39360000000005,1.1486756872000001,8,False,完成,129,0.16092687074829937,0.07067464402307388
688001.SH,20241115,0.8,20251113,20241126,20250906,690.0991,1.9970178894000001,9,False,完成,191,-0.008720930232558155,-0.15244145185666025
688002.SH,20231101,2.0,20241031,20231201,20240420,1864.6439,7.206693832999999,6,False,完成,91,-0.43846000398962703,-0.4446199670967974
688003.SH,20200818,1.75,20210817,20200827,20200922,1188.0342,3.7524513301000004,5,False,完成,18,0.08022449653350949,
688003.SH,20210111,0.6,20220110,20210115,20210430,468.1422,1.3593733879,4,False,完成,69,-0.021527777777777812,0.012401216148720362
688003.SH,20240206,0.6,20250204,20240206,20240229,140.08259999999999,0.34477958670000003,2,False,完成,11,0.4780219780219781,0.3673922115548913
688004.SH,20241009,0.5,20251006,20241111,20251010,829.3599999999999,1.5256683649,9,False,完成,221,0.26582278481012667,0.1271379407934221
688005.SH,20220624,0.04,,20220906,20220906,23.3739,0.08563629689999999,2,False,完成,0,0.0,
688005.SH,20231026,0.0,,20231110,20240125,807.1264,3.2983480585000002,6,False,完成,53,-0.2440126525079077,-0.20945049515549474
688005.SH,20240206,1.5,20240506,20240219,20240331,535.2816,1.5637610654,3,False,完成,29,-0.0760271756713039,-0.11571326124424808
688007.SH,20220321,0.2,20220929,20220428,20220927,231.1273,0.4596143469999999,4,False,完成,103,0.4973325242078046,0.44004175180867944
688007.SH,20240202,0.6,20240731,20240205,20240415,696.1083,1.217509548,4,False,完成,42,0.26618705035971213,0.11908704200497144
688007.SH,20240419,0.3,20241017,20240424,20240620,265.12059999999997,0.4966816402,3,False,完成,37,-0.10820512820512818,-0.0965184087988451
688007.SH,20240831,0.3,20250228,20240902,20240906,362.7746,0.4976626851,2,False,完成,4,-0.008076358296622566,0.008144269435055085
688007.SH,20250410,0.2,20251009,20250416,20250430,168.0771,0.23834169519999998,2,False,完成,10,-0.02422145328719716,-0.0251223807837051
688008.SH,20211029,6.0,20220428,20211117,20211231,573.9832,4.4743269201,3,False,完成,32,0.12562072205073127,0.09395010917482738
688008.SH,20230824,6.0,20240223,20230824,20240131,3009.991,15.4297512337,8,False,完成,107,-0.0905432595573441,0.005242617123583981
688008.SH,20240206,6.0,20240504,20240206,20240504,1234.8,5.990489,4,False,完成,52,0.0670718926849716,-0.04130423293225416
688008.SH,20250621,4.0,20250919,20250623,20251231,1167.8,11.619889,8,False,完成,131,0.5122638563028037,0.2884982770705742
688008.SH,20260724,6.0,20261023,20260729,20260911,1491.6000000000001,29.714982125300004,12,False,完成,32,-0.07489156626506022,-0.08908224982263324
688010.SH,20210119,0.3,20220118,20210129,20210510,399.60279999999995,1.029083,5,False,完成,62,0.07222665602553868,0.08945436261850892
688010.SH,20210518,0.3,20220516,20210524,20220513,441.27750000000003,1.245816,7,False,完成,235,-0.1911829318241054,-0.08287920433214391
688010.SH,20240220,0.6,20240519,20240311,20240510,485.4689,0.8434568794,5,False,完成,39,-0.05759162303664933,-0.08331120444213713
688012.SH,20240208,5.0,20240502,20240208,20240507,433.7208,6.092309226199999,4,False,完成,52,0.1437647633786754,0.041357030163942765
688013.SH,20220209,1.0,20230208,20220308,20221230,1018.702,2.1332667288,7,False,完成,201,-0.13809189546414524,-0.08109961109987485
688013.SH,20231228,0.8,20251226,20240108,20251226,2493.0391999999997,4.3652148381,13,False,完成,477,1.8422133178264715,1.0705508398040724
688013.SH,20260331,0.72,20270326,20260526,20260731,330.3517,0.953819,4,False,完成,47,-0.19770100612924923,-0.13215008786481441
688016.SH,20240724,1.0,20250722,20240730,20240930,181.7102,1.6291744015,3,False,完成,42,0.1888479747501315,0.025941005726203503
688016.SH,20241030,2.0,20251027,20241123,20251027,978.6275999999998,10.1651372374,11,False,完成,223,0.04161310000523111,-0.14856221526542313
688018.SH,20220630,0.6,20230629,20220718,20221018,116.8171,1.1037882665999998,5,False,完成,60,-0.2049959546925566,-0.15412482352541446
688018.SH,20230811,1.0,20231110,20230811,20231031,148.712,1.6184594589999999,5,False,完成,51,-0.0894402260286068,-0.03801867620589727
688018.SH,20231221,0.8,20240220,20231221,20231231,48.240399999999994,0.47568869680000003,2,False,完成,6,0.03084009211975558,0.011359420847577129
688018.SH,20240130,1.0,20240329,20240129,20240229,188.6799,1.6440996505000003,4,False,完成,17,0.15253618781170197,0.10215039608497123
688018.SH,20260203,1.0,20260501,20260203,20260430,156.65159999999997,2.3740723116,4,False,完成,55,0.048872638634978705,0.03754224318316335
688018.SH,20260731,1.0,20261030,20260803,20260814,108.31,1.1734446504,2,False,完成,9,0.08003857280617166,0.0477204134218725
688018.SH,20260819,2.0,20261118,20260818,20260909,475.0912,5.2826990047999995,4,False,完成,16,-0.04578270822327879,-0.03641395986446738
688019.SH,20230831,0.2,20240830,20230927,20231231,24.4309,0.3960672141,3,False,完成,61,-0.015103877689415124,0.028722742170748772
688020.SH,20231031,0.3,20240430,20231117,20240501,96.9805,0.3859646432,6,False,完成,108,-0.485981308411215,-0.49433503956699487
688021.SH,20231201,0.2,20241130,20240130,20240425,366.97159999999997,0.4338059794,6,False,完成,54,-0.311069882498454,-0.36125158926618905
688022.SH,20210224,0.3,20220223,20210310,20210531,113.86500000000001,0.3231304451,3,False,完成,54,0.20876585928489044,0.12259537400797438
688022.SH,20230802,0.6,20240201,20230811,20230928,898.7557999999999,2.8016108095,9,False,完成,34,-0.13095975232198143,-0.10895133234890975
688022.SH,20231009,1.0,20240408,20231009,20240229,1432.8863,3.2650740061,8,False,完成,96,-0.42306238185255207,-0.4074197070323974
688023.SH,20220617,1.0,20221215,20220705,20221102,89.8313,1.3072475439,5,False,完成,80,0.38545749425598075,0.5702801789337415
688023.SH,20230111,1.0,20230710,20230505,20230519,33.1066,0.6157376485,2,False,完成,10,-0.06862944162436557,-0.05417441942609824
688023.SH,20230729,0.6,20240128,20230731,20240122,92.70649999999999,1.4202226003,7,False,完成,118,-0.5504362376000955,-0.46322576736786736
688025.SH,20240203,0.3,20250202,20240205,20240626,156.8342,0.7158886374,5,False,完成,90,-0.08689263663419566,-0.16993635455706468
688026.SH,20240219,0.4,20250218,20240227,20240710,865.1615,0.9981049347,6,False,完成,90,-0.2402396093572564,-0.22056502482113682
688026.SH,20251231,0.3,20261229,20260128,20260520,593.1281000000001,0.9899890880000001,5,False,完成,70,-0.11969111969111967,-0.12200636477938465
688028.SH,20230512,0.4,20240510,20230605,20230920,335.7444,0.7069030766,4,False,完成,75,-0.0675551470588236,-0.03039821877912685
688028.SH,20240729,0.2,20250813,20240902,20250630,371.5751,0.6770376492,7,False,完成,196,0.5313645602236208,0.2497640757716484
688029.SH,20240205,0.4,20240504,20240207,20240507,132.7433,0.9114644832,4,False,完成,53,0.08091168091168077,-0.028301902043820992
688029.SH,20240716,0.4,20250115,20240717,20241231,66.3056,0.411829463,4,False,完成,112,0.09063294659885579,-0.03591418309353667
688029.SH,20250422,0.5,20251021,20250509,20251022,46.061,0.406039196,3,False,完成,111,0.42513475672011114,0.21693760219344682
688030.SH,20240305,0.3,20240903,20240416,20240630,338.5933,0.3834643146,4,False,完成,49,0.02150537634408578,0.035159847925868126
688032.SH,20230318,2.0,20240317,20230406,20240131,125.2062,7.0901151312,6,False,完成,202,-0.5596189687991393,-0.47685374969496863
688032.SH,20240226,2.0,20240523,20240229,20240523,80.5616,2.7884230753,3,False,完成,55,0.046130696474634636,0.01215386517985717
688032.SH,20240730,2.0,20250728,20240830,20250728,348.0642,3.5713042582,8,False,完成,217,-0.18824641305082057,-0.35874985141404436
688032.SH,20251030,2.0,20261028,20251127,20260831,478.1077,4.434143061,6,False,完成,178,-0.2727179906064937,-0.29297648009429456
688033.SH,20230819,0.15,20240218,20230915,20231228,124.87,0.2118863286,5,False,完成,68,0.029739776951672736,0.08656059510152181
688035.SH,20231215,0.6,20241214,20231225,20241130,718.3734,3.2175735427000003,9,False,完成,224,-0.2540544159079795,-0.3454668974662283
688035.SH,20250404,0.8,20260401,20250410,20251231,273.8445,1.0707561598000002,5,False,完成,179,0.3594540876402248,0.1041986096207177
688035.SH,20260811,0.24,20270810,20260813,20260825,74.2632,0.48608142719999997,3,False,完成,8,0.0419625564880568,0.05201394734930198
688037.SH,20240222,0.2,20240821,20240401,20240430,12.1032,0.12008149500000001,2,False,完成,19,-0.16925064599483208,-0.1765942699887456
688039.SH,20220329,0.5,20221026,20220506,20220930,326.0096,1.1909906956,5,False,完成,103,0.16753145890802057,0.15871819778751717
688041.SH,20230828,0.5,20240825,20231018,20231101,79.0125,0.45037685380000003,2,False,完成,10,0.16735723293100335,0.18111698743546278
688041.SH,20240223,5.0,20250221,20240520,20240718,968.5778,7.0229137482,4,False,完成,42,0.022210911059970195,0.08882562056989451
688045.SH,20230821,0.84,20240820,20230904,20240430,525.8032000000001,2.3294300077,8,False,完成,156,-0.4588735818476499,-0.44628391704811954
688046.SH,20231227,0.4,20241224,20240104,20240331,592.0775,0.9681680114999999,6,False,完成,55,-0.3256423702149974,-0.34489372501895876
688046.SH,20241031,0.4,20251028,20241108,20250930,607.5354,0.841117768,7,False,完成,220,0.26970011115218706,0.12892951617581083
688047.SH,20230829,0.5,20240825,20230920,20240718,245.4002,2.0784781551,7,False,完成,197,0.09619842373667131,0.1445933971445197
688048.SH,20240320,0.6,20240918,20240409,20240822,386.9998,1.3735718945,6,False,完成,93,-0.35396419437340154,-0.3086620724854434
688049.SH,20230824,0.53,20240822,20230925,20240206,202.3956,0.5185039253999999,4,False,完成,89,-0.3412023921938936,-0.26418182262118517
688049.SH,20240924,0.45,20250922,20250401,20250630,133.305,0.5385280539999999,3,False,完成,59,0.25910509885535915,0.22401590198268617
688050.SH,20240224,0.4,20250222,20240308,20240331,16.38,0.2310041815,2,False,完成,15,-0.11889451361335346,-0.11748867556099463
688052.SH,20230824,4.0,20240223,20230907,20231130,657.5183,8.2312978137,6,False,完成,54,0.25112,0.28939255041509937
688052.SH,20251125,4.0,20261123,20251208,20260113,503.64509999999996,7.8983073606,6,False,完成,24,0.09368177732117644,0.03695163239183241
688053.SH,20230825,0.5,20240822,20230921,20240822,497.4578,2.2002454863,8,False,完成,221,-0.6062095352564103,-0.5735966494806584
688056.SH,20240229,0.3,20240827,20240307,20240619,174.08280000000002,0.44097205669999995,4,False,完成,68,0.014473948147033733,0.017617556134677193
688058.SH,20220418,0.8,20230417,20220615,20230131,745.6789,3.4743045148,9,False,完成,152,-0.163327032136106,-0.15054504001238733
688058.SH,20240203,0.8,20250131,20240205,20240731,1187.177,3.5720424190999998,8,False,完成,115,0.011354501607717005,-0.07005780863075017
688060.SH,20240307,0.2,20250305,20240327,20240725,111.1094,0.3413697507,6,False,完成,80,-0.13585951940850272,-0.10400972462895275
688061.SH,20231219,1.0,20241218,20240105,20240517,1038.0759,2.88602527,7,False,完成,84,-0.3266452648475121,-0.37464711528100114
688061.SH,20250116,0.4,20260115,20250304,20250523,260.0671,0.7221554925,3,False,完成,54,-0.11719470932020914,-0.12356501906579309
688061.SH,20250916,0.4,20260911,20251217,20260323,156.9887,0.5166807209000001,3,False,完成,60,0.03248862897985716,0.04792054891772879
688062.SH,20250627,0.5,20260625,20250918,20251223,196.7919,0.8874549722,4,False,完成,62,-0.2794520547945205,-0.29568697093299556
688063.SH,20230825,1.2,20240914,20230926,20240205,506.44489999999996,6.154045609000001,8,False,完成,87,-0.4786948176583493,-0.4015099693705255
688063.SH,20240220,2.0,20250218,20240220,20240923,1882.4928,8.8152605497,8,False,完成,146,-0.4199449782772091,-0.38326842973478004
688065.SH,20220330,1.5,20230329,20220602,20220930,259.4686,2.274212874,4,False,完成,84,-0.13328155582866763,-0.08425767566230702
688065.SH,20230825,1.0,20240822,20230914,20240816,664.3789999999999,3.5340888796,10,False,完成,222,-0.3558541774336793,-0.3005716513369644
688065.SH,20241022,0.2,20251020,20241127,20251018,72.412,0.3293738469,4,False,完成,214,0.05978017392729762,-0.08649437678934913
688066.SH,20230601,1.0,20240531,20230831,20231031,156.1556,0.7698673452,3,False,完成,37,-0.22731308826141017,-0.20143396768137678
688067.SH,20240706,0.2,20250105,20240805,20241130,252.0439,0.3442504957,5,False,完成,77,0.39880952380952395,0.20295344001753968
688068.SH,20220907,3.0,20230906,20220913,20230505,1772.5312999999999,10.2544692754,9,False,完成,153,-0.2418344897613811,-0.25791081373409686
688068.SH,20240208,1.5,20240507,20240208,20240415,905.9092,2.8784898981,4,False,完成,39,-0.09156930849384282,-0.14846160128676655
688068.SH,20241115,1.0,20250214,20250107,20250214,233.68200000000002,1.7102979123,3,False,完成,22,-0.1714099216710182,-0.2003969457430289
688068.SH,20251112,2.0,20261111,20251112,20251124,110.6594,1.7996277712,2,False,完成,8,0.12566267425878652,0.17359474785323026
688068.SH,20260522,1.0,20260821,20260522,20260630,104.58930000000001,0.8949193434,3,False,完成,26,0.024852071005917242,0.029483332222728142
688069.SH,20220407,0.6,20230422,20220512,20230331,1135.1000000000001,3.6139995269000007,13,False,完成,218,0.12950919811135275,0.05432056742753444
688069.SH,20231027,1.6,20241025,20231204,20241022,4018.2609000000007,6.6104045961,13,False,完成,211,-0.2058416945373467,-0.26939459995544257
688071.SH,20231031,0.2,20241030,20231107,20240630,121.51570000000001,0.44886693879999995,7,False,完成,155,-0.5415697059445737,-0.5276862825708242
688072.SH,20240302,1.97,20250317,20240329,20240614,222.4406,3.7483075664,4,False,完成,49,0.09172170786283718,0.09479372991252544
688073.SH,20231209,1.0,20241208,20240105,20240705,1004.0829000000001,4.2878353134,7,False,完成,118,-0.3990126231499441,-0.403240002823118
688073.SH,20250208,1.0,20250823,20250306,20250730,936.8016,4.3341076427,7,False,完成,99,0.13610705187062755,0.06238677983200147
688075.SH,20260401,0.49,20270329,20260416,20260831,222.1343,0.8134863146,5,False,完成,93,-0.2313906732219252,-0.2180386173675486
688077.SH,20240206,1.0,20250205,20240208,20250205,3887.4223,5.9343670552,13,False,完成,233,0.5764348191089887,0.3989555472130848
688079.SH,20220303,0.4,20230302,20220422,20220701,561.2181,0.5768284903,4,False,完成,46,0.08875170032436985,-0.007895964352761853
688079.SH,20230829,0.1,20240828,20230926,20240704,272.8012,0.25240423840000004,5,False,完成,183,-0.31563126252505,-0.2821469868425195
688080.SH,20240823,0.4,20250911,20241023,20250831,152.1188,0.6097736126,7,False,完成,210,0.7675079600829606,0.5131778372978948
688080.SH,20260810,0.3,20270225,20260826,20260901,5.5716,0.0201982862,2,False,完成,4,0.05205177637014602,0.03424458390244034
688081.SH,20240209,0.2,20240507,20240227,20240229,113.91,0.13138695360000002,2,False,完成,2,-0.10086956521739132,-0.10077727166219785
688083.SH,20220412,0.6,20221011,20220422,20221011,53.7145,0.9868535744,4,False,完成,112,0.07156583416583429,0.11008976084681632
688083.SH,20231025,0.3,20240424,20231031,20240131,61.2762,0.5859126329,4,False,完成,65,-0.32769673882746453,-0.272191415191686
688083.SH,20240716,0.5,20250715,20240731,20250430,66.7303,0.5222808472,4,False,完成,180,0.4171171171171171,0.27005552186720316
688083.SH,20260325,0.2,20270323,20260326,20260831,224.5154,1.1491952341,5,False,完成,107,0.08586427775946337,0.05938312837468396
688084.SH,20240207,1.0,20250205,20240223,20241011,906.55,4.180116465199999,11,False,完成,152,-0.1634753789765907,-0.21881235386419373
688084.SH,20250618,0.12,20260616,20250828,20260227,22.714199999999998,0.1866895331,4,False,完成,117,-0.032865539162768576,-0.10704268206424228
688085.SH,20260722,1.8,20270121,20260804,20260831,460.859,0.6127909267,2,False,完成,19,0.0015255530129671957,-0.03968150454683805
688087.SH,20250428,,,20250630,20251130,476.25109999999995,1.1690281235,6,False,完成,103,0.16274674705664016,0.029933285919123254
688088.SH,20210322,3.0,20210920,20210331,20210916,1948.0964,8.583326000000001,8,False,完成,116,-0.16765491925876852,-0.20577075757263064
688088.SH,20240205,0.2,20240802,20240206,20240331,78.9,0.234509,3,False,完成,32,0.3945228925973472,0.2791149626085314
688088.SH,20260801,1.5,20270731,20260804,20260831,65.2752,0.20912,2,False,完成,19,-0.11383285302593671,-0.15029357090089623
688089.SH,20240828,0.3,20250827,20241226,20241231,81.0,0.1566850984,2,False,完成,3,-0.020082389289392433,-0.00654222721240616
688089.SH,20250125,0.3,20260125,20250124,20260804,415.3239,1.0470808948,6,False,完成,365,-0.6203115202615503,-0.6768987916354667
688091.SH,20240808,0.6,20241225,20240830,20241227,359.7326,1.012435054,4,False,完成,78,0.5051001133358521,0.25812890007086997
688091.SH,20250913,0.35,20251226,20251015,20251105,66.0189,0.3665795564,2,False,完成,15,-0.0741319444444446,-0.08743683213494813
688091.SH,20260702,0.5,20261016,20260721,20260831,236.8567,0.9121787875,4,False,完成,29,-0.015284389877223581,-0.045404381053578025
688092.SH,20220507,0.4,20230506,20220520,20220930,275.4977,0.6924373752,7,False,完成,93,-0.0739021903874083,-0.03649046499497777
688093.SH,20240103,0.3,20250101,20240109,20240630,436.2097,0.6512610594,4,False,完成,111,0.08919050635995918,0.0619730656295161
688095.SH,20210914,1.5,20220913,20210923,20211115,361.5145,5.524264147899999,6,False,完成,32,-0.10627125723491848,-0.07872112086710825
688095.SH,20211120,3.0,20221119,20211206,20220430,812.038,10.024601999999998,8,False,完成,96,-0.40968542491112747,-0.3046352758363602
688095.SH,20230830,0.3,20240829,20230926,20240828,73.24430000000001,0.432416,5,False,完成,222,-0.529737443279612,-0.4858435258564485
688097.SH,20230610,1.0,20231209,20230719,20231031,694.289,1.8990433289,6,False,完成,68,-0.1518394648829431,-0.10124794382203184
688097.SH,20240206,1.0,20240804,20240206,20240804,1165.5716,2.3476674576,8,False,完成,116,-0.02991851162790715,-0.06860090069635105
688098.SH,20241126,0.4,20250525,20241205,20250331,1012.8306,0.5931395346999999,4,False,完成,75,-0.024778761061946875,-0.015099158482432928
688099.SH,20250411,1.0,20260409,20250423,20260404,587.2403,4.254307,7,False,完成,229,0.07950983186092886,-0.0828971227170966
688100.SH,20221013,3.0,20231012,20221025,20230831,6112.6651,14.440249459799999,9,False,完成,210,0.131849666004771,0.07975589016464801
688100.SH,20250115,1.5,20260114,20250115,20250729,1985.8023999999998,7.101242999999999,9,False,完成,128,0.03809298623941659,-0.07193486303292695
688100.SH,20260619,0.5,20270617,20260626,20260717,331.69100000000003,0.9564178434,3,False,完成,15,-0.07059607059607054,-0.005631800980408719
688100.SH,20260818,2.0,20270816,20260819,20260831,550.5388,1.4262172974,2,False,完成,8,0.004214559386973127,-0.0189304275589135
688101.SH,20220429,0.27,20221028,20220628,20220926,392.97339999999997,0.5715627779,6,False,完成,63,-0.17710215926975947,-0.08055588328583485
688102.SH,20231115,0.25,20241110,20231226,20240131,323.0296,0.36753925870000004,4,False,完成,25,-0.2288401253918495,-0.19832874511681797
688103.SH,20240612,0.4,20250627,20240709,20241105,181.0254,0.5949652321,5,False,完成,78,0.31151241534988716,0.1459311059761681
688103.SH,20250326,0.5,20260323,20250425,20251018,237.0917,1.3260557882000001,8,False,完成,115,0.4399966540103928,0.23572337402945576
688105.SH,20230822,0.3,20240821,20230925,20231124,117.1885,0.36015884470000004,4,False,完成,38,0.26575630252100835,0.29682210558033195
688105.SH,20240206,1.6,20250205,20240219,20250204,3252.2812,7.8849029181,10,False,完成,231,-0.15100093711918228,-0.23981769631890293
688105.SH,20250620,0.1,20260618,20250901,20260403,40.0514,0.0898305885,3,False,完成,140,-0.205990972507181,-0.20692540370891888
688106.SH,20210731,2.99,20220730,20210827,20210903,887.1152999999999,2.4407749812999997,3,False,完成,5,-0.07082152974504252,-0.08627725872017489
688106.SH,20231109,0.5,20241108,20231124,20240723,1082.1126,2.439416458,8,False,完成,159,-0.2365447755434038,-0.2036527348808026
688106.SH,20240927,0.8,20250926,20241030,20250212,886.9534,1.624536964,5,False,完成,68,-0.04898828541001088,-0.0717654904791798
688108.SH,20260226,0.3,20270312,20260508,20260512,136.0,0.2977301153,2,False,完成,2,-0.0027447392497712553,-0.010917000453140258
688109.SH,20230825,0.5,20240824,20230831,20240104,834.8175,2.100146,7,False,完成,83,0.02794918330308538,0.08554366176915296
688109.SH,20260523,0.8,20261122,20260602,20260731,76.16,0.5929679999999999,3,False,完成,42,-0.17295285359801482,-0.12054530775915451
688110.SH,20230511,2.0,20240508,20230804,20240131,1271.6178,3.9461236572000002,8,False,完成,121,-0.31875753920385996,-0.19672087012413586
688110.SH,20240711,2.0,20241008,20240715,20241009,1312.7701000000002,2.4152780264,4,False,完成,55,0.24506749740394596,0.13623983823459773
688111.SH,20240201,1.0,20250130,20240221,20240718,93.34729999999999,2.1597398345,4,False,完成,100,-0.18085872332952857,-0.18806139570975333
688111.SH,20260629,5.0,20270625,20260707,20260723,56.7217,1.2002925239,2,False,完成,10,0.2019907744598204,0.24114140670639528
688113.SH,20250428,0.2,20260425,20250804,20260330,54.4349,0.20763034280000003,6,False,完成,156,-0.0160977696044603,-0.1013592402543988
688114.SH,20231012,5.0,20241010,20231030,20240831,3849.4193000000005,28.0934714248,14,False,完成,206,-0.5040861812778603,-0.47279480727847156
688114.SH,20260612,5.0,20270609,20260623,20260831,457.0878,2.2750181857999996,4,False,完成,43,0.24443561208267095,0.2818825505908009
688115.SH,20230823,0.5,20240821,20230926,20240821,821.6466,2.593552204,9,False,完成,217,-0.36931837500478615,-0.31507479106560576
688116.SH,20221215,2.0,20231214,20230106,20231130,402.43639999999994,3.1289122173,4,False,完成,217,-0.4873403060724504,-0.4656871807887172
688116.SH,20250111,1.0,20260109,20250708,20251031,265.94,1.2731853223,3,False,完成,77,0.31918311151904555,0.16663851904020377
688116.SH,20260721,2.0,20270720,20260727,20260831,301.6093,1.0004541538,3,False,完成,25,0.037892791127541514,0.004552261748590247
688118.SH,20210330,0.3,20220329,20210406,20210520,344.211,0.7248145566,4,False,完成,29,-0.016470588235294237,-0.023194984751498615
688118.SH,20210525,0.7,20220524,20210629,20220302,1206.0576999999998,2.7919914642,10,False,完成,163,-0.026076649545634045,-0.001202634166991512
688120.SH,20240305,1.0,20250325,20240403,20250131,237.29020000000003,3.7161890559000006,8,False,完成,199,0.380290910444379,0.30330410383354667
688120.SH,20250829,1.0,20260916,20251017,20251231,127.02770000000001,1.7119462849,5,False,完成,53,0.05615763546798047,0.02180656721938634
688121.SH,20231230,1.2,20241229,20240131,20241227,2478.9557,3.2040667185,8,False,完成,218,-0.2767624020887728,-0.40685333088215825
688123.SH,20240202,1.0,20240819,20240229,20240731,410.8258,2.1129636404,4,False,完成,103,0.1047736293526016,0.13350316399681983
688129.SH,20221112,0.5,20231111,20221125,20231011,1471.5313,2.0519679018,9,False,完成,210,0.08577712609970667,0.0937954184006431
688129.SH,20240202,0.8,20240430,20240202,20240430,2937.5224,3.1242044041000003,8,False,完成,54,0.22077922077922074,0.07346255196351059
688130.SH,20230819,0.3,20240818,20230921,20240730,238.69960000000003,0.9709980065,6,False,完成,204,-0.35751671648483385,-0.31168370698814507
688132.SH,20240207,0.48,20250205,20240221,20241011,1707.9436999999998,2.6222567754000004,11,False,完成,154,0.024666666666666615,-0.06028827702974904
688132.SH,20250528,0.5,20260526,20250529,20260525,709.3923,1.291761,11,False,完成,238,-0.049008810572687245,-0.22972806840109938
688133.SH,20240321,0.15,20240708,20240508,20240528,61.4416,0.18013566669999997,2,False,完成,14,-0.11965240641711239,-0.11429946792271717
688136.SH,20240224,0.6,20240522,20240226,20240522,451.06230000000005,0.7109561917,4,False,完成,57,0.3120052770448547,0.23660578265265997
688136.SH,20250319,0.6,20260316,20250407,20260303,473.8097,1.7147812476,5,False,完成,218,0.2571495001973909,-0.05574456441565245
688137.SH,20240730,0.2,20250726,20240822,20240831,14.739199999999999,0.04322954517,2,False,完成,6,0.016717843739338267,0.01906363067267547
688137.SH,20240928,0.2,20260413,20240930,20260413,185.58390000000003,0.58890607329,6,False,完成,368,0.22309356408869663,0.023138812708419998
688138.SH,20240219,0.5,20250216,20240222,20240331,258.9229,0.4460545205,3,False,完成,26,0.06110102843315168,0.04267527537085547
688139.SH,20220207,1.0,20230206,20220217,20230202,878.7421999999999,6.142535475100001,9,False,完成,232,-0.0228086797990803,0.031428468262269416
688139.SH,20240209,0.5,20250208,20240223,20250107,569.8265,1.7294165736,6,False,完成,203,-0.016131410504331756,-0.08460247550129818
688139.SH,20250114,2.0,20260113,20250122,20260113,2362.0107,7.659768382099999,14,False,完成,235,0.14054346932906037,-0.11440169221855012
688139.SH,20260703,1.0,20270702,20260730,20260831,99.9481,0.2934845826,3,False,完成,22,0.10681334279630961,0.05638979697914759
688143.SH,20240208,0.5,20250207,20240227,20240516,457.4548,1.1164007409999999,5,False,完成,52,-0.10860087197780433,-0.13912503020984157
688143.SH,20240718,0.4,20250716,20240807,20250430,414.0784,0.7971771037,6,False,完成,166,0.5567514677103718,0.3624809997961085
688147.SH,20240229,0.6,20250227,20240319,20240501,179.26299999999998,0.6703812009,3,False,完成,28,-0.16021220159151195,-0.17159087402691287
688147.SH,20241115,0.8,20251114,20241204,20250430,1023.0867000000001,2.8424613455999994,5,False,完成,97,0.06269061335140624,0.09043840192402142
688148.SH,20221129,0.02,,20221130,20230331,949.2585,1.5162628157,4,False,完成,81,-0.15033887861983974,-0.18188773084689547
688148.SH,20230804,0.22,,20230914,20231030,3505.035,4.515229343400001,5,False,完成,26,-0.03563474387527843,-0.002123459959856966
688148.SH,20240224,1.0,20250222,20240308,20240430,3573.55,1.6773145550000002,5,False,完成,35,0.006109979633401208,-0.012945718743539558
688150.SH,20230824,0.5,20240822,20230908,20240617,1459.4669000000001,2.5925299678,7,False,完成,182,0.16216983147717867,0.20102393339675872
688150.SH,20250403,1.0,20260331,20250409,20250831,535.7389000000001,1.2122428025,4,False,完成,98,0.3701513466356374,0.13180249995289728
688152.SH,20240126,0.6,20240423,20240205,20240423,255.8537,0.9651132903999999,4,False,完成,48,0.22414281666194413,0.09460125267036412
688153.SH,20240911,1.5,20250909,20241009,20250305,1394.1706,4.6523250249,7,False,完成,98,-0.05892462558310818,-0.08232703930959628
688153.SH,20260729,1.0,20270728,20260825,20260902,451.5973,1.16125404,2,False,完成,6,0.06494554255748297,0.050911227445292084
688157.SH,20240221,0.3,20240819,20240229,20240630,94.6,0.35634115330000005,3,False,完成,80,-0.09113967531862399,-0.07650910223514829
688158.SH,20250930,0.1,20260414,20251110,20260303,56.906800000000004,0.15902034880000002,3,False,完成,73,0.47430497051390086,0.43708548196686925
688161.SH,20230830,1.2,20240828,20230926,20240827,924.8394,3.112546203,8,False,完成,221,-0.5101487238839777,-0.4665512169172823
688162.SH,20221117,1.2,20231116,20221125,20230131,513.9350999999999,2.308781259,5,False,完成,41,0.06447963800904954,0.014135359560219163
688162.SH,20230801,0.02,,20231026,20231117,355.3313,1.5436136785,3,False,完成,16,-0.054751773049645514,-0.07519760801477016
688162.SH,20260724,0.5,20270723,20260727,20260824,174.44440000000003,0.38737077,3,False,完成,20,0.11664226451927773,0.10980697228106617
688166.SH,20240207,0.2,20250205,20240327,20240419,46.3361,0.1294662243,2,False,完成,15,-0.1058864507140368,-0.12692395330331452
688166.SH,20250927,0.2,20260925,20251030,20251216,25.275100000000002,0.1303171971,2,False,完成,33,-0.09038173652694603,-0.05183369087109102
688167.SH,20230110,1.32,20240130,20230208,20230517,162.5093,1.8170601257999999,4,False,完成,66,-0.11046812921057181,-0.12458633749707793
688167.SH,20230828,0.5,20240911,20231110,20231229,70.2,0.7898665772,2,False,完成,35,0.004670838106988651,0.026296252413636534
688167.SH,20240125,0.5,20250125,20240126,20240229,94.3,0.8084701095,2,False,完成,18,0.007250418293363037,-0.027808758619795815
688167.SH,20250409,0.4,20260427,20250508,20250531,77.3203,0.539681713,2,False,完成,16,-0.021589934229339414,-0.020272181124935562
688169.SH,20220422,0.81,20230420,20220526,20220530,12.778,0.770570738,2,False,完成,2,-0.05860266159695826,-0.0663611328274768
688169.SH,20230429,1.0,20240428,20230529,20230629,23.8245,0.7513731435999998,2,False,完成,21,0.0795975277366987,0.09285076482080279
688169.SH,20230831,1.02,20240828,20230925,20240830,109.8168,3.2506827504999998,10,False,完成,225,0.15926952264834426,0.2707797869621482
688169.SH,20250404,1.0,20260401,20250408,20260402,136.11270000000002,2.5240554434,6,False,完成,239,-0.09471190279975861,-0.27343175755902327
688169.SH,20260602,4.0,20260831,20260602,20260703,577.2575999999999,5.7771893693,3,False,完成,22,-0.060643214184664784,-0.05333528416974831
688169.SH,20260814,0.3,20270811,20260814,20260831,18.301,0.20772917070000002,2,False,完成,11,0.19553596548813656,0.17780472734758535
688170.SH,20240223,0.2,20250221,20240306,20240329,40.6,0.11696974779999998,2,False,完成,17,-0.03813415049370117,-0.038525074842506224
688171.SH,20241001,0.3,20251016,20241121,20250403,264.4782,0.4972409264,4,False,完成,88,-0.017377567140600236,-0.009028471138229577
688172.SH,20240920,0.8,20250919,20250326,20250630,621.9379,1.1811717619,5,False,完成,63,-0.0020304568527919065,-0.02397157149156215
688173.SH,20230824,0.3,20240823,20230908,20231013,175.9654,0.3263303218,3,False,完成,19,-0.10826666666666673,-0.10000222722558794
688173.SH,20240221,0.5,20240520,20240313,20240520,577.9421,0.7439234683,4,False,完成,43,-0.21104815864022652,-0.24272184440106837
688175.SH,20240907,0.15,20241223,20241015,20241130,88.813,0.15692888759999998,3,False,完成,33,0.3565945568736917,0.3055502787858677
688175.SH,20260428,0.3,20270426,20260622,20260730,366.2,0.6824355648,4,False,完成,22,-0.3583724569640062,-0.2979308292300027
688176.SH,20240207,1.0,20250206,20240208,20241226,3594.524,2.10916876,7,False,完成,211,0.28181818181818175,0.0810724329163599
688179.SH,20240608,0.15,20241206,20240703,20240724,158.6258,0.14888696259999998,2,False,完成,15,-0.012671594508975703,0.014690921373448296
688180.SH,20230911,0.6,20240908,20230927,20240630,322.454,1.2460342158,5,False,完成,178,-0.25531914893617014,-0.22020750754433638
688181.SH,20220301,1.0,20230228,20220309,20220731,641.2045,2.6644737858,7,False,完成,96,0.006914639961850266,0.00788966309382011
688181.SH,20241210,1.0,20251209,20241226,20250319,792.1975,2.5148801283999997,4,False,完成,52,-0.10184904516520177,-0.10928095576917396
688181.SH,20250517,1.0,20260515,20250613,20260331,520.9896,1.5928562344000001,6,False,完成,193,0.07829181494661897,-0.06435825592734568
688183.SH,20240328,1.5,20250325,20240410,20240430,2563.291,2.4375784446,3,False,完成,14,0.206185567010309,0.1760818245561373
688183.SH,20250419,1.0,20260417,20260105,20260228,109.0779,1.0000648604,3,False,完成,33,-0.12563374569052932,-0.15492675217750707
688184.SH,20231228,0.4,20250112,20240125,20240229,75.56309999999999,0.1408699793,3,False,完成,19,-0.056426332288401326,-0.09055656779038412
688184.SH,20240316,0.2,20240701,20240331,20240731,885.9134,1.4816167237000002,7,False,完成,82,-0.29112492933860956,-0.26642010561071616
688184.SH,20240808,0.3,20241123,20240828,20241119,447.262,0.5639667399999999,5,False,完成,52,0.3847517730496455,0.17427487931386643
688184.SH,20241231,0.15,20250415,20250123,20250331,94.04220000000001,0.12236916070000001,3,False,完成,41,-0.1441504178272982,-0.17123963058267777
688184.SH,20250612,0.2,20251001,20250804,20250930,190.6849,0.2060706025,3,False,完成,41,0.015075376884422065,-0.06321476717844665
688185.SH,20220124,3.0,20230123,20220207,20221201,267.8896,6.247261967599999,6,False,完成,201,-0.21200707202705826,-0.14626120102278728
688186.SH,20250102,4.0,20260101,20250113,20250509,8939.814699999999,17.7275628833,11,False,完成,74,0.5029036004645762,0.4213978555428044
688186.SH,20250618,4.0,20260617,20250618,20260428,6897.5882,15.442003999199999,11,False,完成,209,-0.25857617115455545,-0.3839747932884716
688189.SH,20231221,0.1,20241219,20240112,20240928,433.2005,0.285267573,5,False,完成,171,-0.2954796030871003,-0.3423829306449798
688189.SH,20250430,0.2,20260427,20250530,20260709,1160.2098999999998,0.9683523129999999,10,False,完成,268,-0.10764872521246449,-0.2599852564860323
688191.SH,20240223,0.4,20250222,20240226,20240229,173.3388,0.24124123639999998,2,False,完成,3,-0.006531204644412147,-0.019100952067344523
688193.SH,20240219,0.5,20240818,20240222,20240731,436.8156,1.2413551466,7,False,完成,108,-0.14585560391994745,-0.13143694552232998
688195.SH,20240314,0.2,20250312,20240321,20240328,58.05329999999999,0.1583203647,2,False,完成,5,-0.07228478023973861,-0.05180885602026175
688195.SH,20241028,0.2,20251025,20250324,20250408,53.702299999999994,0.2067612962,3,False,完成,10,-0.22312025471467045,-0.16767895077258466
688198.SH,20260611,1.0,20270609,20260617,20260831,175.155,1.3632028561,4,False,完成,52,-0.16307621033124842,-0.13750886121609462
688199.SH,20201107,2.0,20210523,20201204,20210228,1111.8656,5.0622893215,6,False,完成,54,-0.11909658903626552,
688199.SH,20230825,0.3,20240224,20230831,20240223,211.0166,0.5690246093,6,False,完成,113,-0.35184546395308725,-0.3270408909485226
688200.SH,20231027,0.15,20241025,20240124,20240202,23.46,0.2000095859,2,False,完成,7,-0.16165626772546793,-0.1338297492076913
688201.SH,20240223,0.6,20240522,20240229,20240522,776.7371999999999,1.0605063119,5,False,完成,54,0.11069558713537764,0.06028020931370248
688201.SH,20260428,0.6,20270519,20260521,20260831,884.2116000000001,0.7087538331,5,False,完成,65,-0.1341052494386734,-0.11434310281442606
688202.SH,20231114,0.4,20240512,20231124,20240331,204.4092,1.2469832216,6,False,完成,83,-0.4442508710801393,-0.4442865423318437
688202.SH,20240429,0.2,20241026,20240430,20241025,320.4585,1.3108428553,7,False,完成,117,0.07777149321266963,0.014119778553306928
688202.SH,20241228,1.0,20250713,20250422,20250713,523.8794,1.5706350640000002,5,False,完成,54,0.907001414427157,0.7926848413709864
688203.SH,20240829,0.3,20260227,20240918,20260227,1894.3316,1.9589528584000002,15,False,完成,346,0.7884171585712272,0.1673722880617019
688206.SH,20240131,0.4,20250129,20240202,20241031,452.6912,0.6887769032,6,False,完成,175,0.4226148409893993,0.18419594456242572
688207.SH,20240824,0.8,20250823,20240923,20250430,1234.3797,1.575563858,6,False,完成,144,0.2674307545367718,0.06252804857876249
688207.SH,20260722,1.0,20261019,20260722,20260831,950.5373,1.516278,4,False,完成,23,0.1078735275883449,0.07398644330487647
688208.SH,20220419,2.0,20230418,20220505,20220930,743.3661,2.2124721739999997,4,False,完成,104,-0.019959975797417928,-0.005906707286747026
688208.SH,20231219,2.0,20241217,20240109,20240229,1572.8193999999999,3.0226868935,5,False,完成,31,-0.021891010712622228,-0.0614413188884958
688208.SH,20250409,2.0,20250708,20250516,20250630,688.5681999999999,1.9282719273,4,False,完成,30,0.04508196721311464,0.021730214456428643
688208.SH,20260716,2.0,20270715,20260717,20260831,682.9178999999999,1.7996973302,3,False,完成,25,0.00500770416024654,-0.05099807562028691
688209.SH,20230728,1.0,20240726,20230922,20240430,997.9695999999999,1.3571509998,6,False,完成,142,-0.23408239700374522,-0.22727210422949096
688209.SH,20250225,0.15,20260224,20250407,20260131,110.63759999999999,0.2137876632,4,False,完成,202,0.6468273209881705,0.23836599758620758
688209.SH,20260811,1.0,20261109,20260811,20260831,179.7633,0.44447541890000003,2,False,完成,14,0.3127853881278537,0.29559297239130977
688210.SH,20230508,0.6,20240506,20230530,20231115,972.9072,1.9131687924,8,False,完成,113,0.5199138858988159,0.5947901155537696
688210.SH,20241106,1.0,20251103,20241230,20251103,1042.173,2.06937594,10,False,完成,202,2.0220460054597145,1.5894736635960243
688211.SH,20221115,1.4,20231112,20221202,20230203,761.0913,3.2819237297,4,False,完成,39,0.04400749063670406,0.009693028479720533
688211.SH,20231118,0.5,20241116,20231212,20240527,438.52549999999997,1.3987217077,7,False,完成,107,-0.25128482553421694,-0.28018927000449523
688211.SH,20240710,0.3,20241025,20240806,20241025,132.6566,0.3384031983,4,False,完成,51,0.333609958506224,0.15884406113566518
688212.SH,20250106,2.0,20260102,20250226,20250710,729.4671,2.9322091965999997,6,False,完成,91,0.17498388672117104,0.13164032524625768
688213.SH,20231028,0.5,20241027,20231211,20231231,55.647,0.31116583729999997,2,False,完成,14,-0.023893183415319763,-0.01847814908620815
688213.SH,20240824,0.4,20250926,20241011,20241031,45.084900000000005,0.3003219181,2,False,完成,14,0.10158982511923709,0.08073685598002633
688215.SH,20240914,0.2,20251008,20241127,20250630,67.2101,0.1682626083,5,False,完成,141,0.6890270990670815,0.6230010176502101
688216.SH,20220806,0.5,20230804,20220919,20230519,354.7106,0.8670124166,8,False,完成,159,-0.03836028582173745,-0.08754424510300829
688216.SH,20250426,,,20250715,20250730,22.869500000000002,0.0,2,False,完成,11,0.09043020193151885,0.05703982539719754
688216.SH,20260402,,,20260623,20260706,37.5484,0.0,2,False,完成,9,-0.030864197530864224,-0.015273206014000174
688217.SH,20240201,0.2,20250218,20240228,20240430,142.7926,0.36621339080000004,4,False,完成,42,0.023762376237624006,-0.024699141099872368
688218.SH,20220512,0.4,20230511,20220601,20221231,483.5547,0.7108884803,4,False,完成,145,0.2629090456638048,0.30088664816840893
688219.SH,20220517,1.0,20230601,20220621,20230331,8772.5346,8.1895792172,13,False,完成,191,0.05678024387847458,0.06771284900757091
688219.SH,20241031,1.0,20251117,20241120,20250407,1031.501,1.0162342673,5,False,完成,90,0.03304904051172697,0.12359518710334427
688219.SH,20260613,,,20260713,20260901,806.1733,0.7458879057000001,3,False,完成,36,0.007561436672967936,-0.009171061414109394
688220.SH,20230215,10.0,20240813,20230303,20240813,19640.69610000001,133.1944341592,26,False,完成,352,-0.5055506865322816,-0.42616719928967794
688222.SH,20220701,0.3,20221229,20220727,20221229,309.46,0.5143874979999999,6,False,完成,105,-0.19674039580908032,-0.14393709991096493
688223.SH,20230816,6.0,20240815,20230904,20230927,5799.9346000000005,5.873566397099999,3,False,完成,17,-0.04976525821596267,-0.028436933215661653
688225.SH,20230228,3.0,20240227,20230313,20230928,5185.5872,10.782181612799999,9,False,完成,137,-0.31457425142645545,-0.27970877635759517
688227.SH,20240206,0.4,20240505,20240208,20240506,495.6361,0.5615375388,4,False,完成,51,0.2491039426523296,0.1398056911974488
688228.SH,20220427,0.4,20230426,20220926,20221014,128.15030000000002,0.3733602747,3,False,完成,9,0.1060057887120116,0.0985312888286487
688228.SH,20230823,0.8,20240822,20231030,20240430,414.6875,1.7017644289,7,False,完成,122,0.2709511568123393,0.23686436676219746
688228.SH,20260225,1.0,20260522,20260302,20260522,148.92079999999999,1.7173258982,6,False,完成,55,-0.1366115898489999,-0.12198184768161102
688229.SH,20220519,0.6,20230518,20220630,20230517,357.6626,1.3662929135000002,8,False,完成,213,0.32666666666666666,0.37287216392345823
688229.SH,20240208,0.3,20240507,20240208,20240430,193.3014,0.5348946668000001,4,False,完成,50,0.1400402414486921,0.0523122888577372
688231.SH,20240320,2.0,20240918,20240328,20240831,2756.2719000000006,4.4352513593000005,7,False,完成,105,-0.23889956226131603,-0.1937914518040469
688232.SH,20240220,2.0,20250218,20240223,20250131,6246.499,13.419729206400001,13,False,完成,227,0.10675720182916804,0.02309511204794612
688232.SH,20250925,0.5,20260923,20251022,20260214,696.6678999999999,1.8569623001999997,7,False,完成,80,0.048644634236910456,0.005406152488304228
688232.SH,20260411,1.0,20270409,20260422,20260831,2146.822,4.0848174424999995,9,False,完成,89,-0.17664945223447748,-0.15187227450089935
688233.SH,20231031,0.3,20241027,20231205,20240430,319.9783,1.0120862317,5,False,完成,96,-0.4109236488418644,-0.43606821469803314
688234.SH,20231128,2.0,20240526,20240110,20240430,439.7098,2.3108042924000003,5,False,完成,71,-0.0834983498349835,-0.15054171125174287
688236.SH,20240618,0.4,20250616,20240704,20250531,338.35760000000005,0.4750470827,7,False,完成,218,0.2939156035328754,0.14319838936921925
688237.SH,20240220,0.3,20240518,20240221,20240430,371.3562,0.8288222961,5,False,完成,47,-0.0149779735682819,-0.06379369751107478
688238.SH,20250215,1.0,20250513,20250314,20250410,5125.1884,2.7894300435000003,5,False,完成,18,-0.051693404634581164,0.005942019275280375
688239.SH,20240224,0.5,20240523,20240304,20240524,185.14729999999997,0.6236384838,4,False,完成,54,0.04886174347584671,0.03203137382604093
688244.SH,20240219,0.6,20240818,20240227,20240424,166.9371,0.7765134597,4,False,完成,39,-0.202020202020202,-0.20970997887200837
688246.SH,20230823,0.5,20240821,20230907,20240531,614.1177,1.905324127,10,False,完成,173,-0.18152866242038213,-0.17210549125651842
688247.SH,20240221,0.7,20250219,20240226,20240930,1392.2247,1.1636913428,5,False,完成,147,0.15947187141217012,0.03455000010561626
688249.SH,20231225,10.0,20250314,20240408,20240930,41455.7578,59.11329584879999,10,False,完成,119,0.3067164179104478,0.19335733894374263
688251.SH,20230830,0.2,20240914,20231031,20240331,174.2808,0.48743246380000005,6,False,完成,101,-0.2285613040396881,-0.23424246953781858
688252.SH,20240221,0.8,20250219,20240228,20240531,759.6687,1.1206938174999999,4,False,完成,62,0.034149962880475115,-0.009054791045702837
688253.SH,20240803,1.0,20250801,20240906,20250228,691.6868,2.6942170605,6,False,完成,111,-0.13150609080841624,-0.2766755581083814
688255.SH,20230831,1.1,20240918,20231010,20240630,3297.7288,7.5012920561000005,12,False,完成,175,-0.2655351609421237,-0.238845232857679
688256.SH,20220409,2.0,20230408,20220505,20230322,428.15200000000004,2.6198078453000004,6,False,完成,216,2.027410207939509,1.8438708148364924
688256.SH,20230831,0.5,20240228,20230926,20240228,111.66399999999999,1.4072352423,6,False,完成,98,0.2122373869038492,0.2714261300149423
688257.SH,20230825,0.88,20240823,20230904,20240331,1660.2957000000001,4.2080719158,10,False,完成,136,-0.18507681053401592,-0.1486622740758634
688258.SH,20210421,0.2,20220513,20210715,20210830,65.1211,0.26738395810000004,3,False,完成,32,-0.18113871180479224,-0.1726814533742167
688258.SH,20211027,0.2,20221112,20211124,20220302,179.46620000000001,0.6196433621999999,6,False,完成,64,-0.1428571428571429,-0.116162473466073
688258.SH,20240120,0.2,20240419,20240122,20240307,132.5768,0.5051396644,4,False,完成,27,-0.012254901960784381,-0.10069364614631637
688258.SH,20240319,0.2,20240618,20240320,20240508,114.03999999999999,0.43355538029999996,4,False,完成,30,-0.2125299108113986,-0.22481183022313966
688258.SH,20241107,0.6,20251104,20241129,20250113,399.5204,1.4205010935,4,False,完成,30,-0.09143020922900547,-0.04379897861176141
688258.SH,20260723,0.4,20261020,20260723,20260820,73.088,0.7186593669,3,False,完成,20,-0.018860353130015994,-0.025632208544223656
688259.SH,20230825,0.4,20240824,20231027,20240731,338.4742,1.9801039828,9,False,完成,185,-0.43243243243243246,-0.4171682362160536
688261.SH,20230921,0.5,20241008,20231031,20240913,214.5811,1.5106945300999999,9,False,完成,215,-0.551879395181919,-0.4997305906287124
688262.SH,20230111,2.0,20240110,20230306,20240109,2011.0223,9.4813331857,9,False,完成,208,-0.36634168495819874,-0.2724346708772848
688262.SH,20240419,0.4,20250417,20240513,20250417,977.6274,1.7785766164,7,False,完成,227,0.34424603174603186,0.2900226152783638
688265.SH,20230831,0.3,20240830,20231201,20240131,82.3392,0.3055951421,3,False,完成,42,-0.34068865179437435,-0.28321415187786947
688265.SH,20240224,0.3,20240522,20240222,20240430,223.6747,0.6562664391999999,5,False,完成,46,-0.008955223880597107,-0.04613082418485448
688265.SH,20240726,0.3,20241024,20240729,20240924,151.4323,0.33221892,2,False,完成,39,-0.03505617977528086,-0.025376899726924695
688267.SH,20230830,0.6,20240828,20230914,20240229,1618.3947,3.1931249075,9,False,完成,107,-0.14592484138604178,-0.1143754534909509
688268.SH,20220511,0.8,20230510,20220526,20221231,112.96090000000001,0.7688146337999999,5,False,完成,149,0.2368815592203899,0.2504344713225519
688268.SH,20231031,0.4,20241030,20231122,20240131,62.4026,0.43014943299999997,3,False,完成,49,-0.4035685099427949,-0.3490141415219218
688268.SH,20240412,,,20240613,20241029,84.1928,0.47924726500000003,3,False,完成,91,-0.006365799071357814,-0.08421652821688808
688270.SH,20241025,0.4,20251024,20250106,20250930,109.97149999999999,0.46596223000000003,5,False,完成,180,1.0444583594239196,0.6885902669792923
688271.SH,20230823,8.0,20240822,20230829,20240731,2921.6409,31.5821619901,8,False,完成,222,0.07786408780858389,0.15016944703876933
688271.SH,20260421,6.0,20270419,20260430,20260630,427.4866,4.6535131945999995,3,False,完成,39,-0.07930877671668934,-0.07531468215813475
688272.SH,20251018,0.2,20261016,20251030,20251130,51.9566,0.132098,2,False,完成,21,0.003020007550019077,0.02837658240708496
688273.SH,20230823,0.4,20240822,20230926,20240131,245.66790000000003,0.7749751328999999,5,False,完成,84,-0.3159509202453987,-0.2389922766341589
688273.SH,20240315,0.13,,20240417,20240516,277.2,0.7568646343000001,3,False,完成,18,0.1942771084337347,0.17476247985683746
688273.SH,20240702,0.4,20250630,20240703,20250430,423.30859999999996,0.8291608318999999,5,False,完成,200,0.4919739537747758,0.35699423786347984
688275.SH,20231009,2.0,20241007,20231031,20241007,1647.6506,8.226835833099999,12,False,完成,224,-0.43657574761748286,-0.49022931400476366
688278.SH,20260327,2.0,20270413,20260417,20260508,374.9176,2.1996006913,2,False,完成,12,-0.11517027863777096,-0.14237740893847073
688278.SH,20260512,5.0,20270511,20260601,20260831,2184.4354000000003,12.0553477761,5,False,完成,58,0.012500000000000178,0.030645915082114117
688279.SH,20240112,0.3,20250111,20240131,20240912,100.39999999999999,1.0232616578,9,False,完成,149,0.26978552990277693,0.3031644218829965
688282.SH,20230818,1.5,20240817,20230927,20240815,3771.4752,11.8096410264,15,False,完成,211,-0.5162127107652399,-0.4775485555964789
688282.SH,20240830,0.3,20250829,20240830,20250724,140.3056,0.3454179117,4,False,完成,214,1.251125112511251,0.774449351878556
688283.SH,20240708,0.3,20250706,20240712,20240930,152.6225,0.2967892193,4,False,完成,54,0.3517276946879835,0.20377187783450168
688286.SH,20220311,0.2,20220910,20220328,20220506,87.8588,0.4363002042,4,False,完成,24,-0.3119114488683298,-0.2630958111782714
688286.SH,20240207,0.25,20250206,20240220,20241031,205.45260000000002,0.7741246977,7,False,完成,169,0.35561989997367727,0.20802541177937628
688288.SH,20240208,0.4,20250207,20240229,20240327,264.2481,0.42766106309999996,3,False,完成,19,-0.09363525091799263,-0.08696352867855806
688289.SH,20211022,2.6,20220421,20211102,20220208,979.8956000000001,5.3604208481,4,False,完成,64,-0.04567007460223349,-0.031020654751156895
688289.SH,20220318,1.2,20230317,20220421,20220712,673.8001999999999,2.8141833388,3,False,完成,54,0.0016936069218982386,-0.05986433698505367
688289.SH,20221021,2.0,20231020,20221214,20231009,3089.4891,6.445096079299999,5,False,完成,195,-0.31159486861010766,-0.29390019055375205
688289.SH,20260624,1.0,20261223,20260624,20260827,1264.8054,1.8300883251999998,4,False,完成,45,0.10441485634197623,0.14746920770780325
688290.SH,20231221,0.3,20250105,20240119,20240718,215.69050000000001,0.8363076174999999,5,False,完成,117,-0.3942909248893649,-0.42376204060657907
688291.SH,20240220,0.3,20250219,20240305,20240723,522.2958,0.9388820754999999,8,False,完成,94,-0.2012994465874557,-0.1650201215877396
688292.SH,20240125,0.4,20240724,20240131,20240718,759.0377,1.3942437184,6,False,完成,109,-0.28616601676074915,-0.33138351507505737
688293.SH,20231031,1.0,20241027,20231204,20240828,409.1408,1.8640798156000002,6,False,完成,179,-0.5449460682230407,-0.5151989125816003
688296.SH,20250416,0.03,,20250529,20260402,1571.7213,2.1304438971,12,False,完成,205,0.10702614379084974,-0.04997418873327042
688297.SH,20250426,2.0,20260625,20251016,20260613,1112.4185,5.254268000000001,7,False,完成,159,-0.025251458000150606,-0.05312530858105746
688298.SH,20240208,3.0,20250206,20240507,20240926,4009.834,13.317576599999999,7,False,完成,99,-0.08244178728760232,-0.03756132190595174
688298.SH,20250628,0.5,20250925,20250725,20250911,302.7736,0.84974006,4,False,完成,34,-0.06839060905069749,-0.13609916531703692
688299.SH,20220316,0.6,20230315,20220322,20220427,240.1675,0.4099344216,3,False,完成,24,-0.22133199799699532,-0.14195125668252095
688299.SH,20230512,0.4,20231111,20230523,20230728,272.18039999999996,0.4305037636,4,False,完成,46,-0.004068244424928813,-0.013093761450539532
688299.SH,20240205,1.0,20240802,20240205,20240802,1756.5921,1.6381056458,5,False,完成,117,0.4763552479815454,0.3731227459002655
688301.SH,20240202,0.2,20240801,20240206,20240220,9.1856,0.2267005609,2,False,完成,4,-0.03883268482490254,-0.08265129318521358
688301.SH,20251218,2.0,20260616,20251218,20260430,200.51999999999998,2.0320679999999998,3,False,完成,86,0.1282985427333596,0.06360256672074538
688303.SH,20230823,4.0,20240821,20230926,20240731,6926.099199999999,23.6091826253,12,False,完成,202,-0.4770087441131977,-0.4479075016105609
688303.SH,20250423,1.0,20260420,20250603,20260803,586.8773,1.4533110733,7,False,完成,279,0.038726790450928306,-0.08333778805215153
688306.SH,20230901,0.5,20240830,20231031,20240630,2094.2745,0.8862420032,6,False,完成,160,-0.1960396039603961,-0.18212249205644993
688306.SH,20240807,0.5,20260504,20240807,20260323,2101.9271,1.1422959531,5,False,完成,390,1.2385786802030458,0.6847291241901017
688308.SH,20230909,0.6,20240908,20231009,20240608,508.47380000000004,1.3246568766,9,False,完成,162,-0.3045530935622518,-0.29414998945924975
688309.SH,20220427,0.2,20230426,20220601,20220831,150.2851,0.2466016063,4,False,完成,64,0.03492063492063502,0.028462775364910486
688310.SH,20240815,0.3,20250902,20240920,20250311,927.3343,1.0196814102,7,False,完成,110,0.26963906581740993,0.02808942705851636
688310.SH,20251213,0.4,20261229,20260105,20260420,591.9567999999999,0.9429455223,5,False,完成,68,0.02070263488080304,0.00602257752175972
688311.SH,20220303,0.5,20230302,20220315,20220428,130.99540000000002,0.7617945981,3,False,完成,30,-0.042153284671532676,-0.013670309221297194
688312.SH,20221017,0.6,20231013,20221223,20230607,547.6197999999999,0.9026627749,6,False,完成,108,0.1499348109517602,0.09531335271429908
688313.SH,20220423,0.6,20221116,20220601,20221031,2175.6013000000003,2.2431960419,7,False,完成,101,0.0669253152279341,0.17336910253025883
688313.SH,20231223,0.2,20241221,20231227,20240515,475.1883,0.5367174762,4,False,完成,88,-0.16763005780346818,-0.22239966432561642
688315.SH,20240206,1.6,20250205,20240228,20240731,4618.8486,6.275496566099999,7,False,完成,104,-0.3012892251219841,-0.2967473127500875
688317.SH,20220507,1.8,20221105,20220530,20220930,754.2303999999999,3.013646137,6,False,完成,87,-0.1451652386780905,-0.10992758644338252
688317.SH,20240219,0.7,20240818,20240226,20240820,1220.8831,1.8964408551999998,9,False,完成,120,-0.022860492379835784,0.014757555556219382
688317.SH,20250117,1.1,20250415,20250205,20250415,2693.3617,4.5872283711,7,False,完成,48,0.023573200992555776,0.011615233403331482
688317.SH,20250430,1.2,20250725,20250514,20250729,1731.9269,3.0976318623,6,False,完成,53,0.4491017964071855,0.36649911769587384
688317.SH,20251017,1.2,20261014,20251103,20260831,3409.7949,6.993496631699999,14,False,完成,196,-0.242091388400703,-0.243950331176228
688320.SH,20240228,0.8,20250227,20240403,20240831,872.3338,2.1480450062000003,7,False,完成,101,-0.13163998809034338,-0.06226144944379619
688320.SH,20260411,0.4,20270410,20260430,20260515,87.9029,0.31716566,2,False,完成,8,0.24518233026978975,0.23818765401260333
688321.SH,20210331,1.88,20220420,20210706,20210730,392.5476,1.6192106767,2,False,完成,18,-0.05465538089480049,-0.01767436797693389
688321.SH,20240207,0.15,20250222,20240326,20240403,97.19760000000001,0.1868218361,3,False,完成,6,0.26388888888888906,0.2483172529533204
688321.SH,20251101,0.15,20261029,20251203,20251223,64.9321,0.17987656230000001,2,False,完成,14,0.06092124814264466,0.0495598562524493
688321.SH,20260311,1.2,20270308,20260311,20260716,569.9295999999999,1.5155368097,5,False,完成,86,-0.013850112287455918,0.049910199506439046
688322.SH,20240220,0.5,20250219,20240223,20240731,352.6612,1.0103849046,5,False,完成,107,-0.07375643224699824,-0.052912850336295225
688322.SH,20250409,0.4,20250708,20250409,20250630,125.3012,0.6169143346,4,False,完成,54,0.26821405544809784,0.17336170861729383
688322.SH,20251014,0.5,20261013,20251014,20260721,162.3565,1.3228642036,4,False,完成,187,0.21003717472118955,0.21030702745779295
688325.SH,20230705,0.5,20240703,20230721,20231231,409.95730000000003,1.5955465638,8,False,完成,109,-0.011102699974766761,0.05298935474078026
688325.SH,20240125,0.5,20250124,20240125,20240731,547.3687,1.3829340147,7,False,完成,122,0.17904816666666656,0.1659525141763709
688326.SH,20230420,2.0,20240419,20230505,20240109,915.0942,9.983539953600001,9,False,完成,168,-0.2713622291021671,-0.16023724339307055
688326.SH,20240110,2.0,20250107,20240111,20240131,125.24640000000001,1.0311959088999998,2,False,完成,14,-0.27236244587601643,-0.24676392857777818
688326.SH,20240208,0.01,,20240219,20240827,1780.1131,11.9453568629,11,False,完成,130,-0.14405594405594402,-0.1254833603241906
688326.SH,20250111,2.0,20250410,20250120,20250408,795.3044000000001,7.2296079139,8,False,完成,49,-0.09449311639549451,-0.06604342948826825
688326.SH,20260715,1.0,20261014,20260717,20260831,116.1037,0.740986248,4,False,完成,30,-0.013913043478260945,-0.06886443211220039
688329.SH,20220430,1.24,20230429,20220520,20230406,736.5782,2.5389778533,10,False,完成,215,0.44887807817189773,0.37624640691998534
688329.SH,20240827,0.12,20250822,20240904,20250407,290.0474,0.373683392,5,False,完成,138,0.050393700787401796,-0.0555412821557385
688329.SH,20250429,0.03,20260424,20251009,20260424,34.4765,0.0711372981,5,False,完成,132,0.03483807654563309,-0.002175535559738595
688330.SH,20230907,0.6,20240905,20230925,20240903,378.48199999999997,1.0064948711000001,7,False,完成,227,-0.30270106848727907,-0.22492828723834146
688331.SH,20260720,0.5,20270719,20260730,20260911,11.408,0.12536884,3,False,完成,31,0.02943287867910982,0.007346770358617638
688333.SH,20240924,0.3,20241223,20241011,20241031,34.349900000000005,0.1630689655,2,False,完成,14,-0.07618659604807487,-0.09367427790907379
688333.SH,20241128,1.0,20250227,20241127,20250131,319.65470000000005,1.3752573847999998,4,False,完成,42,0.13625971650663016,0.15694567918281255
688335.SH,20230822,0.5,20240820,20231027,20231231,683.9804,0.901235542,5,False,完成,45,-0.012317167051578148,0.0019088982666064513
688337.SH,20240205,0.5,20250203,20240311,20240430,87.73310000000001,0.2999316004,3,False,完成,34,-0.04250681198910089,-0.05372263610543582
688337.SH,20240724,0.1,,20240722,20241029,134.0248,0.3963149796,2,False,完成,64,0.4990723562152133,0.3521068796149278
688337.SH,20250809,,,20250829,20260227,325.2429,1.1640105057999999,5,False,完成,116,0.18310214375788147,0.09643336650401158
688338.SH,20240628,1.0,20250625,20240717,20250228,1299.0248000000001,2.9685171255000005,11,False,完成,148,0.17652626597255083,0.049679137055962386
688343.SH,20240402,0.5,20250331,20240415,20240731,374.8364,1.0307470358000002,4,False,完成,73,0.026132404181184565,0.0675542235527542
688345.SH,20240420,0.12,20241018,20240426,20241011,124.3228,0.2424023396,6,False,完成,109,-0.02357255107386058,-0.06274875133134661
688348.SH,20230913,2.0,20240911,20231010,20240911,996.2132999999999,10.7317869911,10,False,完成,228,-0.45242998956289904,-0.3813248464199107
688349.SH,20240117,5.0,20250116,20240126,20240831,8403.741399999999,21.713594058699996,10,False,完成,143,-0.05422904252335714,-0.031598635511264184
688349.SH,20260703,2.0,20270630,20260708,20260831,734.9190000000001,1.0187951525,3,False,完成,35,-0.04022988505747138,-0.043942107165105604
688350.SH,20220215,1.0,20230214,20220315,20220930,1652.8187999999998,3.0565571231,9,False,完成,136,-0.05195546903907733,-0.03955013384859207
688350.SH,20240206,0.5,20250204,20240207,20240831,2727.3606,3.3549589589,10,False,完成,135,-0.02185255198487701,-0.026160825669077847
688350.SH,20260723,0.4,20270722,20260728,20260731,100.5706,0.2839297495,2,False,完成,3,-0.016428571428571348,-0.021291629530825862
688352.SH,20250619,1.5,20260617,20250708,20250731,926.4826,1.0657268965,2,False,完成,17,0.008896797153024716,-0.012486418146075429
688353.SH,20230829,0.3,20240828,20230912,20240408,423.2742,1.18599583,9,False,完成,134,-0.25283481458780277,-0.23076434796906442
688353.SH,20241009,0.5,20251008,20241014,20250228,901.286,1.8669229229,8,False,完成,92,0.32952287434817995,0.314880135102763
688353.SH,20250325,1.0,20260323,20250325,20260323,1005.7974999999999,2.2024070009,6,False,完成,240,3.42498880429915,2.9105693936983985
688355.SH,20220528,0.6,20231126,20220627,20230630,383.2689,0.910643992,7,False,完成,246,0.3908100143231361,0.4677430281142654
688356.SH,20240222,0.2,20250220,20240326,20240630,36.7542,0.2677060388,4,False,完成,62,-0.21817795688275077,-0.20129529064644758
688357.SH,20260720,0.4,20270717,20260730,20260807,141.7582,0.370596589,3,False,完成,6,0.05597162002364975,0.01969786236631932
688358.SH,20230828,0.2,20240912,20230928,20231012,37.0884,0.1519170079,2,False,完成,4,-0.059021922428330376,-0.05824241162912236
688359.SH,20250923,0.15,20260921,20251010,20251031,25.9006,0.1699524475,2,False,完成,15,0.09731036566938656,0.08128353956464829
688359.SH,20260723,0.3,20270722,20260729,20260731,41.0375,0.374605168,2,False,完成,2,-0.30241935483870963,-0.2965753872286865
688362.SH,20240223,0.6,20250221,20240228,20240430,485.3938,1.0023148273,3,False,完成,42,0.012388503468780954,-0.035534612433797075
688362.SH,20241029,0.9,20251027,20250106,20250915,1115.5176000000001,3.0384868546999995,9,False,完成,169,0.1840110268780153,-0.016441285653374327
688362.SH,20260811,1.5,20270807,20260826,20260831,48.3284,0.2997731212,2,False,完成,3,0.04759576202118976,0.028207885463734206
688363.SH,20230830,3.0,20240829,20230926,20240628,1661.5772000000002,11.5143387013,10,False,完成,179,-0.35591483547762726,-0.3266408733036684
688365.SH,20220304,0.4,20230303,20220322,20220523,305.2214,0.2682605772,3,False,完成,39,-0.20218579234972667,-0.17353604219746022
688365.SH,20220602,0.2,20230617,20220908,20221013,257.0836,0.2051121263,3,False,完成,19,-0.05562130177514779,0.013016561124960191
688366.SH,20230825,2.0,20240915,20230926,20240724,4431.5770999999995,45.69942159929999,35,False,完成,197,-0.2651823087912729,-0.21445807975442777
688366.SH,20240817,2.0,20250815,20241126,20250527,1661.9876,9.8701169558,23,False,完成,119,-0.18214735516372793,-0.20196024124855727
688368.SH,20240206,0.6,20250204,20240218,20240705,318.9606,2.1958042020999997,6,False,完成,94,0.004844321577168964,-0.023779094696874115
688368.SH,20260806,1.2,20261103,20260807,20260831,9.5003,0.1129115463,2,False,完成,16,0.1976642567728608,0.1837653895993221
688369.SH,20220706,1.0,20230705,20220720,20220928,111.1267,0.662984156,4,False,完成,49,0.22281571919114818,0.32708708447150103
688369.SH,20240131,1.0,20240430,20240202,20240425,1606.4023,3.2469040473,7,False,完成,51,-0.06568627450980402,-0.16446051745078138
688370.SH,20240521,0.4,20241207,20240701,20241130,410.32880000000006,0.6722404774,6,False,完成,102,0.33104309806371,0.19830698372963873
688370.SH,20260401,0.5,20270329,20260401,20260724,467.7017,1.1003790935,4,False,完成,77,-0.19159780653318825,-0.16312201253485448
688371.SH,20240120,1.0,20250118,20240131,20240430,3267.7005,3.4743328987999997,7,False,完成,56,0.03370786516853941,-0.07159190262072035
688371.SH,20240806,1.0,20250805,20240807,20250430,2182.5602,2.2449146703,6,False,完成,175,0.7094594594594592,0.4961322226089344
688377.SH,20211129,0.6,20221126,20211206,20220131,314.90779999999995,0.534295,3,False,完成,38,0.43024691358024714,0.5272009702925071
688378.SH,20250121,1.0,20260120,20250218,20250530,817.3556,1.7193144578,5,False,完成,69,-0.18201563857515213,-0.18763505973453298
688379.SH,20220429,0.3,20230428,20220512,20221027,734.7048,1.1668423237,7,False,完成,113,0.06753476904110656,0.09333505767551675
688379.SH,20221110,0.3,20231109,20221130,20231108,500.03499999999997,0.9151361043,8,False,完成,227,0.2325015216068167,0.272461151152803
688379.SH,20240125,0.3,20250124,20240131,20240731,530.23,0.7073317715,5,False,完成,118,-0.1333108472746899,-0.17760780860358227
688380.SH,20230812,0.6,20240810,20230926,20240731,422.6639,0.9580351529,6,False,完成,202,-0.28585027634514015,-0.24611224237738027
688381.SH,20230912,2.0,20240911,20230921,20240221,2738.7833,6.3567604524000005,10,False,完成,96,-0.34136243884079787,-0.3115111784313691
688381.SH,20240227,1.0,20250312,20240319,20240930,2274.801,4.2305044617,8,False,完成,131,-0.04099872322315201,-0.11967960093249397
688381.SH,20241102,0.6,20251101,20241113,20241203,170.0,0.3510761517,2,False,完成,14,-0.08299503834009936,-0.06658312815187217
688381.SH,20241204,2.0,20251201,20241217,20251202,6547.7044,13.2455374281,14,False,完成,222,0.2585306226700801,0.08538861883627669
688383.SH,20220429,1.0,20230428,20220526,20230314,157.17260000000002,1.5226739631,6,False,完成,195,0.4511495203440288,0.3965055169167069
688383.SH,20240223,0.5,20250220,20240328,20250218,217.9396,1.16052104,7,False,完成,213,-0.34224556240826454,-0.4043366093452303
688388.SH,20231027,0.6,20241025,20231113,20240529,1058.4475,1.8508707194,6,False,完成,130,-0.432231020027946,-0.44399964915521417
688390.SH,20240208,0.1,20250206,20240329,20240506,14.2724,0.13869973270000002,2,False,完成,21,-0.038595444146026,-0.06906972273867273
688390.SH,20250604,1.5,20260603,20250617,20251017,1151.4193,5.507281131,7,False,完成,82,0.31700713758306653,0.1618543585795309
688391.SH,20240206,2.0,20250226,20240326,20241009,3622.9079,13.176483623400001,11,False,完成,128,0.1253221294975171,0.046806197533089344
688392.SH,20240206,1.0,20240504,20240207,20240430,328.1158,1.7771152661,4,False,完成,51,0.012058212058212225,-0.07762365647237401
688392.SH,20240719,0.4,20241018,20240827,20241011,192.4946,0.6409575236,3,False,完成,26,0.18908382066276808,0.052721040418313825
688398.SH,20240221,0.5,20250219,20240227,20240514,849.5873999999999,2.5152152467,20,False,完成,50,0.14507772020725396,0.09765019228651428
688398.SH,20260617,1.0,20270615,20260706,20260731,401.8225,0.976313576,3,False,完成,19,-0.2408906882591092,-0.19949595607466852
688399.SH,20240701,3.0,20241016,20240723,20241015,888.1112,6.773276696899999,8,False,完成,53,0.1387323943661971,0.03702650560068843
688400.SH,20231031,0.6,20241027,20231205,20240123,384.98339999999996,0.9223810308,3,False,完成,34,-0.17331095258078055,-0.11324955532133141
688400.SH,20240205,0.6,20250204,20240205,20240812,1380.967,2.5931384719,8,False,完成,123,-0.10788921926576545,-0.15658649138051994
688400.SH,20241129,1.0,20260528,20241127,20260717,518.2708,1.6247951431,6,False,完成,396,0.9729650140394746,0.7348059509631886
688401.SH,20231216,0.8,20241214,20231229,20240731,687.5581999999999,1.8547443178999998,5,False,完成,140,-0.23931066492101627,-0.22994412115544205
688403.SH,20231223,1.0,20241220,20240118,20241220,6680.6179999999995,5.6136931434,7,False,完成,222,0.08931356898517673,-0.07960592833717672
688403.SH,20260528,1.2,20270526,20260717,20260731,1187.8796,2.850064778,4,False,完成,10,-0.22318271119842836,-0.23698845656192713
688408.SH,20230830,1.5,20240828,20231031,20240229,386.5238,2.6402612974,5,False,完成,80,0.10458526532715107,0.10590387841420168
688408.SH,20250417,1.0,20260416,20250512,20251210,753.588,3.6576050674000005,6,False,完成,145,-0.09742254393329364,-0.2203545062790112
688409.SH,20231021,2.8,20241019,20231101,20240930,2039.0602,14.2808574694,9,False,完成,223,-0.11924090884730132,-0.20197686633141654
688410.SH,20240229,0.5,20250227,20240311,20240731,455.2187,0.9489630223000001,3,False,完成,96,-0.3265467157312182,-0.2968228467932673
688416.SH,20241130,0.6,20251127,20241217,20251031,275.4415,1.0070402226,5,False,完成,210,0.5519021739130436,0.319082904294814
688418.SH,20220323,0.2,20220708,20220609,20220613,161.2249,0.1543704609,2,False,完成,2,0.005313496280552554,0.00018840792452290422
688419.SH,20240914,0.3,20250912,20250103,20250831,216.2106,0.6658429358,6,False,完成,159,0.43801920256660676,0.19704115321002602
688420.SH,20231228,0.7,20241226,20240122,20241129,2055.5591,4.5507299449000005,11,False,完成,205,0.07865575042013218,-0.10621329385283806
688426.SH,20240207,0.6,20250206,20240304,20250127,1192.3471,2.2737543394,9,False,完成,221,0.09865470852017943,0.027240072336869314
688429.SH,20240227,0.57,20240526,20240305,20240527,452.0,0.7027332554,4,False,完成,54,-0.1479140328697851,-0.1687111923193958
688429.SH,20250429,0.6,20250727,20250515,20250725,532.48,0.7392460000000001,4,False,完成,50,0.09713024282560712,0.032152806512079524
688429.SH,20260722,0.36,20261020,20260729,20260821,250.14000000000001,0.25765,3,False,完成,17,0.18131256952169061,0.16895994806417547
688432.SH,20240221,0.6,20250220,20240306,20240430,705.7979,0.717114972,3,False,完成,37,-0.02662721893491138,-0.04697157782067951
688433.SH,20240312,0.2,20250310,20240411,20240715,290.8101,0.6457204774,5,False,完成,63,-0.20993041301627025,-0.19392832041429142
688435.SH,20240220,0.6,20250218,20240221,20240527,139.7354,0.4497563277,4,False,完成,63,-0.12389649923896495,-0.1724368774631727
688443.SH,20241016,0.4,20251014,20241119,20250430,418.568,1.0739369638,7,False,完成,108,0.11660777385159027,0.1394159122915397
688448.SH,20240925,0.05,20250324,20241011,20241203,24.562400000000004,0.0686591195,3,False,完成,37,0.8209693372898119,0.7341632419536579
688450.SH,20250411,0.2,20260409,20250418,20250831,206.841,0.4784403682999999,5,False,完成,91,0.3120567375886527,0.1143953094041017
688455.SH,20240305,0.6,20250304,20240321,20240531,1731.3707,1.6583704168,6,False,完成,46,-0.1341341341341341,-0.1368551425518264
688455.SH,20240619,0.6,20240918,20240619,20240930,3918.5019,3.4146750149999994,9,False,完成,71,0.1847437425506555,0.07166718785263781
688455.SH,20241122,3.0,20251210,20241128,20251211,17332.279299999995,19.566370827999997,21,False,完成,252,0.4532434709351305,0.23652448140245697
688458.SH,20240127,0.6,20250125,20240205,20240702,674.0586999999999,3.0509651138000002,8,False,完成,94,-0.12630544217687079,-0.2122537254762613
688458.SH,20240709,1.0,20241008,20240710,20241007,796.6891,1.9822364316,5,False,完成,56,0.15553778488604553,0.01799740749645795
688458.SH,20250118,0.5,20260115,20250120,20250731,687.8389000000001,2.4108790493,8,False,完成,127,0.2549618320610689,0.13947182165144856
688466.SH,20220825,0.3,20230223,20220916,20230202,358.3243,0.5569670486,5,False,完成,88,0.09299279633267843,0.04000999630701063
688468.SH,20231130,0.6,20241128,20240111,20240430,2463.3552000000004,2.0091883386,6,False,完成,70,-0.2737047898338222,-0.3247411524595869
688469.SH,20240415,4.0,20250412,20240514,20240930,35615.1857,14.256936311299999,6,False,完成,96,0.03170731707317098,-0.02726782788119897
688472.SH,20240227,10.0,20250224,20240408,20240930,25306.2395,27.306700155500003,8,False,完成,119,0.19624767540152144,0.09247188071423684
688472.SH,20241130,10.0,20251218,20241130,20251219,30956.5015,32.2101581699,11,False,完成,257,0.07006738486630337,-0.08505853072876357
688472.SH,20260428,6.0,20270426,20260610,20260831,8246.2924,8.4411366229,5,False,完成,56,-0.18450895364073128,-0.18309170915199313
688478.SH,20240220,1.0,20250219,20240228,20241031,1123.6317,3.3784354576,10,False,完成,163,-0.10930558130317791,-0.19674278171447224
688479.SH,20240803,0.6,20250801,20240827,20250630,946.4852000000001,1.5934170552999998,12,False,完成,200,0.39073224162057674,0.15021277496906182
688484.SH,20240224,1.0,20250222,20240715,20250131,376.7266,1.1539421754,4,False,完成,132,0.020974322866595285,-0.06589924728973662
688485.SH,20240131,0.4,20250130,20240221,20240430,449.6635,0.42933805700000005,4,False,完成,47,-0.008988764044943975,-0.058101301247625026
688485.SH,20240710,0.4,20241009,20240719,20240930,1373.903,1.1064126496,6,False,完成,49,0.21611253196930935,0.08701504237942648
688486.SH,20240207,0.6,20250205,20240221,20240930,244.9261,1.8340223720000002,5,False,完成,150,0.00843781690134171,-0.10809005184994647
688489.SH,20231202,0.8,20241201,20240108,20240731,1028.942,3.7306101322000003,7,False,完成,135,-0.4104099187471214,-0.42068426691526006
688496.SH,20240829,0.2,20250826,20240924,20250731,780.7466999999999,0.6183306995000001,8,False,完成,205,0.3864306784660767,0.11091344453382956
688498.SH,20240208,1.0,20250207,20240327,20240731,135.4298,1.6750405536,4,False,完成,84,-0.05482371605396896,-0.037330673862284613
688499.SH,20250228,0.4,20260226,20250320,20250430,349.86580000000004,0.9715854426000001,3,False,完成,28,-0.039744499645138376,-0.00169871521364362
688500.SH,20220430,0.5,20230429,20220712,20230328,245.4284,0.5890897509999999,6,False,完成,173,0.5857843137254901,0.6034191729142282
688500.SH,20230505,0.3,20240504,20230505,20240229,795.5912,1.2946857057,8,False,完成,199,0.5650406504065042,0.7307914160543552
688502.SH,20240427,0.5,20250426,20240521,20240930,96.19579999999999,1.0558340924,5,False,完成,91,0.022845888724766228,-0.03188528395711365
688503.SH,20240206,6.0,20250204,20240221,20240430,2382.1018,13.526892540099999,7,False,完成,47,0.14963579604578592,0.09266214251458305
688503.SH,20240717,3.0,20241014,20240718,20240926,1396.2752,3.8690086897000002,6,False,完成,48,0.08364312267657992,0.07504201639197627
688506.SH,20251231,2.0,20261229,20260108,20260313,157.6006,4.6618729491,4,False,完成,40,-0.2264474237960682,-0.22880271371351923
688506.SH,20260602,2.0,20270531,20260602,20260709,167.3665,3.7985494954999997,3,False,完成,26,0.4438792331967407,0.45765550488986295
688507.SH,20240206,1.0,20250204,20240207,20241231,516.4521000000001,3.9507998285,10,False,完成,215,-0.0678107522984277,-0.21300765818214196
688508.SH,20220409,1.1,20221008,20220429,20220921,737.6205,4.8183926394,6,False,完成,98,-0.09683313032886742,-0.11714815797759592
688508.SH,20240126,0.8,20250125,20240129,20240229,156.0838,0.5417455115,3,False,完成,17,-0.007500669702651952,-0.050890079140832656
688508.SH,20240311,0.8,20240608,20240308,20240605,518.811,1.7193396745,5,False,完成,58,-0.05405973116421392,-0.060041421978273335
688511.SH,20221017,0.5,20231013,20221101,20230228,614.4729,1.9577136453,6,False,完成,79,0.030141287284144447,-0.06735880835006636
688513.SH,20230815,2.0,20250214,20230927,20250131,2008.4103,8.181251259,13,False,完成,321,-0.15665564249415176,-0.19382990403899825
688513.SH,20260604,1.0,20260903,20260605,20260731,204.51839999999999,0.8940413258,3,False,完成,39,-0.04936170212765956,-0.0008720996122790758
688513.SH,20260821,,,20260831,20260831,277.3056,1.2150709432,2,False,完成,0,0.0,
688515.SH,20240302,0.4,20250228,20240326,20240430,69.5662,0.4682978792,3,False,完成,23,-0.07320349227669576,-0.0950967079299011
688516.SH,20221227,1.5,20240111,20230207,20230302,81.22139999999999,1.6104877254,2,False,完成,17,-0.051625143541864316,-0.06954606153524134
688516.SH,20231021,0.7,20241020,20231120,20240102,107.5168,0.9601472667000001,3,False,完成,30,-0.11032028469750887,-0.07847172949463799
688517.SH,20240207,0.4,20250206,20240222,20240926,1032.1266999999998,1.2793188161,8,False,完成,147,0.18079440446243789,0.17583868827907545
688517.SH,20250424,0.5,20260421,20250630,20260331,663.4576,1.1097940826000001,9,False,完成,182,0.24756606397774683,0.10413733700274963
688519.SH,20211109,1.0,20221108,20211122,20220329,437.1086,1.8689575696,4,False,完成,85,-0.2450489143402529,-0.15594688125497846
688519.SH,20220514,1.8,20220812,20220516,20220811,2128.946,6.2275817976,6,False,完成,62,0.24214431829049166,0.16344573330730694
688519.SH,20230823,0.35,20240822,20230905,20230921,153.0121,0.37800822430000003,2,False,完成,12,-0.06188524590163935,-0.040697824455298015
688519.SH,20240209,1.5,20240507,20240221,20240416,3064.4042,5.7136493426,6,False,完成,37,0.09661538461538477,0.07615231935616085
688519.SH,20260317,1.8,20260912,20260318,20260324,183.62,2.4442668504,2,False,完成,4,0.19364403558123633,0.2495252778921364
688522.SH,20240302,0.3,20250301,20240820,20240829,39.8306,0.15912711029999999,2,False,完成,7,0.0031622476283141854,0.01863907765008843
688523.SH,20240206,1.0,20250204,20240221,20240731,662.95,1.3196366339,5,False,完成,109,0.040917922948073615,0.045241448075882484
688525.SH,20250811,1.5,20260904,20251010,20251224,181.033,1.8996795164,2,False,完成,53,0.15999999999999992,0.1470726695893143
688526.SH,20240222,0.5,20250220,20240227,20240229,198.0744,0.3261450654,2,False,完成,2,-0.0017985611510792365,-0.0016960981979562417
688526.SH,20240402,0.01,,20240531,20250131,1216.5357999999999,1.9987243721999999,7,False,完成,162,-0.1993562295366037,-0.2396980904812651
688528.SH,20240222,0.8,20240521,20240226,20240514,4865.3177,3.7165300187,9,False,完成,51,0.103267973856209,0.044084167256422724
688531.SH,20240207,2.0,20250205,20240223,20240731,623.0844,4.2850338008,7,False,完成,107,-0.17909160501240984,-0.16061841721622705
688531.SH,20250624,0.2,20260622,20250724,20260228,52.8257,0.271862,3,False,完成,142,0.5981348948167426,0.3842426165792612
688535.SH,20241231,0.5,20251231,20250123,20251202,256.5685,1.8807903731,8,False,完成,206,0.14136226284056463,-0.0541149966104596
688536.SH,20240131,2.0,20240730,20240227,20240730,440.2382,4.2863253657,7,False,完成,104,-0.26264020707506486,-0.22776559114545125
688539.SH,20240828,1.0,20250312,20240924,20250314,1074.6895,2.5075509633,8,False,完成,111,0.39518072289156625,0.16815486079247033
688543.SH,20240209,1.3,20250207,20240227,20240930,861.4196000000002,3.9636559535,7,False,完成,146,0.1879825129533681,0.07368234117262662
688550.SH,20220316,1.0,20230315,20220420,20220930,121.62610000000001,1.0427331855,3,False,完成,112,-0.15676048851389135,-0.12144622395143745
688550.SH,20230825,0.8,20240824,20230919,20240131,519.2206,1.7032689318,9,False,完成,89,-0.06167938931297701,0.05151895137208107
688550.SH,20240227,1.0,20250313,20240223,20250131,1308.3049,4.4668635977,8,False,完成,222,0.18439588104738758,0.09486492125518686
688551.SH,20240826,0.3,20250822,20240910,20250822,569.1763,1.565179618,9,False,完成,229,0.5588740650606012,0.11817019069945345
688553.SH,20240224,0.6,20240523,20240314,20240523,649.0491,0.9104673385000001,4,False,完成,45,0.014545454545454417,-0.010897429269564829
688557.SH,20250606,0.2,20260605,20250728,20251219,140.8404,0.491262,5,False,完成,98,0.06562311860325099,-0.014497756385168259
688557.SH,20260324,0.4,20260923,20260326,20260531,151.38479999999998,0.49743400000000004,3,False,完成,42,-0.01609848484848475,-0.059503463219843455
688558.SH,20240224,0.3,20250221,20240304,20240615,246.75130000000001,0.5312167731999999,5,False,完成,68,-0.2451712752785803,-0.24351055084576267
688559.SH,20230518,2.0,20240601,20230609,20240202,1371.582,5.9136315171,7,False,完成,161,-0.4150504761904762,-0.3076542593743953
688560.SH,20230315,2.14,20240314,20230328,20231213,5385.936299999999,15.9281129429,10,False,完成,174,-0.5134885510759637,-0.4681576614620616
688560.SH,20240206,1.0,20240804,20240206,20240731,2651.2421,3.1632471327999996,7,False,完成,114,-0.09829059829059827,-0.14408971458138597
688561.SH,20220309,3.0,20220908,20220316,20220902,1424.2114000000001,7.5438415579,8,False,完成,116,-0.1500757958564931,-0.15428151591654737
688563.SH,20251121,1.0,20261210,20251230,20260717,313.80060000000003,1.9682732434,3,False,完成,130,-0.14921174845558172,-0.10378975026399095
688565.SH,20230429,0.0,,20230710,20230710,329.28,0.19460448,2,False,完成,0,0.0,
688565.SH,20240106,0.0,,20240304,20240304,6.72,0.00397152,2,False,完成,0,0.0,
688565.SH,20250425,0.13,,20250619,20250619,220.70999999999998,0.13043960999999998,2,False,完成,0,0.0,
688568.SH,20231027,1.0,,20231222,20240409,524.2302999999999,2.3431904782,5,False,完成,68,0.1031315240083508,0.05472904346926066
688568.SH,20250415,0.6,20260506,20250527,20250530,175.33890000000002,0.5995902266,2,False,完成,3,-0.08566675907956756,-0.08752419415877799
688571.SH,20240207,0.8,20240506,20240208,20240507,2448.6584000000003,1.3460330576000001,5,False,完成,52,0.31968810916179313,0.20152896303591117
688573.SH,20240220,0.4,20250218,20240228,20240930,538.6115,1.0923071313,7,False,完成,145,-0.1140259067357513,-0.21457136513893826
688573.SH,20241114,0.5,20250211,20241127,20250210,837.4176,1.4621597962,7,False,完成,46,-0.1357466063348416,-0.13897006510433796
688576.SH,20231227,1.0,20241224,20240109,20240613,173.246,1.464383796,3,False,完成,100,-0.30262257696693273,-0.3338586024837604
688576.SH,20240618,2.0,20250627,20240617,20240731,1255.4152,7.8169441177,8,False,完成,32,0.02591024555461474,0.05284012100075319
688576.SH,20240828,3.0,20250912,20240828,20250131,2736.8499,16.792877341700002,12,False,完成,100,0.16657137411854395,0.018292956580369335
688580.SH,20220412,0.4,20230411,20220428,20230228,95.15279999999998,0.4484095493,3,False,完成,202,0.5315449256625728,0.3895235035832254
688580.SH,20231110,0.4,20241109,20231207,20241110,209.76260000000002,1.0845510743,8,False,完成,221,-0.30155398400853983,-0.3998967142328026
688581.SH,20240208,0.5,20250206,20240222,20250207,117.16899999999998,0.9089653164,5,False,完成,231,0.07905134227774968,-0.023935558359253428
688588.SH,20221223,2.0,20231222,20230202,20231221,3937.9576,5.239934417,8,False,完成,218,-0.021276445449087134,0.10177363018329588
688588.SH,20240906,0.5,20250904,20250220,20260714,634.1786999999999,0.8276810003,6,False,完成,329,-0.38707709739861196,-0.4823023713679042
688589.SH,20240220,0.2,20240816,20240229,20240816,172.5832,0.4552644121,6,False,完成,115,-0.10693551246011801,-0.06483487717845693
688589.SH,20241019,0.2,20250417,20241121,20250417,99.38550000000001,0.2640528135,5,False,完成,97,-0.06937218175511628,-0.0438215304977887
688590.SH,20240201,1.0,20250130,20240206,20240828,2098.1427,2.5350587131999998,6,False,完成,134,-0.2043492849762948,-0.2177931867946047
688591.SH,20240227,1.5,20250226,20240307,20241130,2481.3485,5.269135501299999,10,False,完成,178,0.24519109683341012,0.13324615905809045
688592.SH,20240311,0.75,20250307,20240410,20250228,529.3903,1.8714672168,9,False,完成,214,-0.014250891390417797,-0.10138965178547421
688593.SH,20240221,0.8,20250819,20240322,20250630,1867.7195,2.3084939508,9,False,完成,296,0.4965193430656931,0.3242966376495866
688595.SH,20220427,1.2,20220725,20220511,20220724,229.06119999999999,1.3289639814,4,False,完成,51,0.14029426352289165,0.06662048361669792
688595.SH,20240130,0.6,20240429,20240131,20240430,572.7224,1.5094300830999998,4,False,完成,56,0.06283470189218132,-0.0454321025684451
688596.SH,20220329,1.2,20230328,20220429,20220630,923.579,1.6589802096,4,False,完成,40,0.27214377406931956,0.14055290368356643
688596.SH,20240206,0.5,20240804,20240206,20240221,99.2509,0.31690796759999995,2,False,完成,5,0.11475409836065564,0.053757281478471475
688597.SH,20240201,0.6,20240430,20240206,20240223,2733.7533000000003,1.6175814000999997,5,False,完成,7,0.2930728241563054,0.20038315659238282
688597.SH,20240228,1.5,20240527,20240228,20240323,5777.2883999999995,4.5190958596,7,False,完成,17,0.23295454545454541,0.19647551174095845
688598.SH,20220426,1.0,20220625,20220505,20220526,46.1358,1.0608255845999999,2,False,完成,15,0.07520547945205469,0.05615017780100118
688598.SH,20220916,2.0,20230315,20221011,20230314,113.3896,2.8549333735,4,False,完成,104,-0.32426269951033526,-0.37954907836047713
688598.SH,20230529,1.0,20230828,20230529,20230825,152.5785,1.804126165,4,False,完成,62,-0.19507031054771795,-0.15372837999068656
688598.SH,20230927,1.0,20240110,20231024,20231130,117.3277,0.948544,3,False,完成,27,-0.04976247030878855,-0.07091114633229068
688598.SH,20240206,1.0,20240323,20240226,20240323,168.8613,0.858737,3,False,完成,19,0.05799123156636132,0.033342702645822175
688598.SH,20240719,0.2,20240905,20240808,20240831,71.4586,0.11510999999999999,2,False,完成,16,-0.05008944543828253,-0.040835968516570786
688599.SH,20230530,6.0,20240528,20230727,20240331,8277.5498,28.694869152499997,9,False,完成,163,-0.3459741687276725,-0.30823071259193113
688599.SH,20240626,12.0,20260324,20240705,20260323,41193.5172,72.5408694549,18,False,完成,413,0.11828605914302948,-0.1349004594461658
688600.SH,20231116,2.05,20250514,20231207,20250331,7434.9982,12.666343676899999,15,False,完成,315,-0.21678305059959035,-0.30354926494860845
688601.SH,20240919,0.8,20241218,20240920,20241126,178.678,0.683608351,4,False,完成,42,0.4840310077519381,0.24595681238053935
688603.SH,20240201,0.5,20250130,20240228,20240531,286.6886,1.4621518317000002,5,False,完成,62,0.009228352640879622,-0.032935225366433674
688606.SH,20220723,1.16,20230722,20220830,20220929,166.8023,1.8825542864,4,False,完成,21,-0.08213820078226852,-0.0259970568800314
688606.SH,20230829,0.6,20240828,20230927,20240223,235.3718,1.3564915437999998,3,False,完成,94,-0.03481657608695665,-0.0019140491798468329
688606.SH,20260122,2.0,20270208,20260302,20260811,1891.3258,11.202072491200001,10,False,完成,108,-0.2426458337346149,-0.19480736108222396
688607.SH,20240228,0.12,20240827,20240308,20240415,113.7722,0.15514355319999998,3,False,完成,24,-0.09558823529411753,-0.09894819665061949
688608.SH,20220519,0.96,20221118,20220726,20220930,43.8619,0.5174554283,3,False,完成,47,-0.35193513218860717,-0.2977127560497387
688608.SH,20230823,0.96,20240822,20230823,20240331,170.6073,1.9925753731,9,False,完成,144,-0.05309417040358755,-0.041500519313215634
688609.SH,20220317,3.0,20230916,20220324,20230515,12845.1443,10.528307,17,False,完成,275,0.015106933019976454,-0.003434514563476543
688610.SH,20240206,0.8,20250203,20240227,20240930,982.4204000000001,3.4744328658000003,10,False,完成,146,0.015516666666666623,-0.0821899310151819
688612.SH,20240925,1.0,20251009,20241126,20250731,1224.0739,3.0703354787,7,False,完成,165,0.2121804471361184,0.10584486519738245
688612.SH,20251224,1.0,20270107,20260126,20260331,184.1978,0.557357,3,False,完成,40,-0.12613981762917936,-0.07208412692628585
688612.SH,20260416,0.0,,20260430,20260731,494.3411,1.4344958949,4,False,完成,62,-0.07365163691129428,-0.005993943338796881
688616.SH,20240219,0.5,20250207,20240228,20240416,731.6002000000001,0.7279666374,5,False,完成,32,-0.05251641137855578,-0.06802356535771437
688617.SH,20220615,1.0,20230413,20220708,20220930,85.4438,1.6839621082999998,4,False,完成,59,-0.00409321363784354,0.10512867190244646
688617.SH,20251210,2.5,20261008,20251211,20260128,146.8714,3.616943,3,False,完成,32,0.028725005375188184,-0.04014685237260773
688617.SH,20260210,2.0,20261208,20260211,20260311,167.9404,3.9389129609999998,3,False,完成,14,-0.024734395750331983,-0.02507606866177081
688617.SH,20260512,1.0,20270310,20260514,20260521,60.1436,1.39311973,2,False,完成,5,-0.03201465521001445,-0.008121496851730692
688618.SH,20240219,0.6,20240518,20240226,20240314,107.9383,0.47460089680000006,3,False,完成,13,-0.05276046304541415,-0.07184465438702115
688618.SH,20251031,0.4,20261028,20251203,20260317,350.2668,1.0251535152,5,False,完成,66,0.1816443594646271,0.13148672646064763
688619.SH,20220412,0.3,20230428,20220510,20220525,426.3731,0.5769758899999999,3,False,完成,11,0.05868358445678057,0.03428336292230294
688619.SH,20230520,0.6,20230818,20230522,20230630,727.4556,1.0855836519,4,False,完成,27,0.01898305084745755,0.049026013651857436
688619.SH,20240207,0.6,20240505,20240207,20240229,1090.198,0.6986431945,3,False,完成,10,0.4811165845648604,0.3900070027301312
688620.SH,20240626,0.6,20250624,20240715,20250623,3095.0557999999996,2.3710095439000005,11,False,完成,226,0.5246753246753246,0.3409112261583127
688620.SH,20260331,0.25,20270330,20260408,20260731,562.8199000000001,0.7251329483,5,False,完成,72,0.1944954128440366,0.24521906121913628
688621.SH,20241226,1.0,20251224,20250109,20250306,961.3469,3.4954526455,5,False,完成,34,0.26243093922651917,0.19906666420930463
688623.SH,20240224,0.5,20250222,20240321,20240831,145.2282,0.8205833853,7,False,完成,110,-0.18374528914879795,-0.1162847676746267
688625.SH,20260721,1.5,20261019,20260722,20260907,510.4765,2.7167653582,4,False,完成,33,0.006785714285714395,-0.010024925083805591
688626.SH,20220412,1.6,20230411,20220505,20230403,962.2678,3.1060085965,5,False,完成,224,0.33418253230082606,0.2416439259281622
688626.SH,20230811,1.6,20240809,20230817,20240808,1170.4931000000001,5.0354208930999995,12,False,完成,236,-0.27819780576648245,-0.20429532222855717
688626.SH,20241111,1.0,20250208,20241126,20250207,453.5954,1.3683026221,5,False,完成,46,0.02969657843770168,0.016010766757657446
688627.SH,20240307,0.5,20250305,20240411,20250304,500.8829,2.3016322700000003,9,False,完成,215,0.25673371616078744,0.14711160508230603
688627.SH,20250312,0.5,20260309,20250325,20250430,88.71090000000001,0.62693,3,False,完成,25,0.04403567447045709,0.07299231087569202
688628.SH,20240221,0.5,20250218,20240223,20240630,146.57,0.5629208871000001,6,False,完成,84,-0.04262010826233553,-0.030528431642456888
688628.SH,20240717,0.01,,20240731,20241130,251.3612,0.8796577946999999,5,False,完成,80,0.26129322716053993,0.11428647266000813
688630.SH,20240224,0.6,20240823,20240328,20240430,81.042,0.5194271476,3,False,完成,21,0.009378843788437896,-0.021232876897249398
688633.SH,20240311,0.2,20240607,20240325,20240430,83.0007,0.2024084,3,False,完成,24,0.09068010075566746,0.06309750765540234
688638.SH,20240427,0.5,20250524,20240815,20250524,532.0362,1.4870690573999998,12,False,完成,183,0.12935507783543354,-0.029510745442359432
688639.SH,20230812,0.5,20240211,20230908,20240131,160.7442,1.5918703021,5,False,完成,96,0.03376861864925518,0.15542790285093488
688646.SH,20240205,1.2,20250201,20240207,20241130,1818.8153,4.8338926061,10,False,完成,193,0.4843515151515152,0.2626841690023336
688646.SH,20250205,1.0,20260223,20250228,20260225,1812.4199999999998,6.3152810598,11,False,完成,238,0.14879707112970708,-0.0801000591207669
688651.SH,20240207,0.3,20250206,20240228,20250206,161.0326,0.4950859606,4,False,完成,226,0.1874689531859559,0.07389901042785674
688653.SH,20240826,0.6,20250909,20241011,20241031,38.352000000000004,0.05,2,False,完成,14,0.025423728813559254,0.006012575148220067
688653.SH,20241119,0.4,20250214,20241130,20250213,563.2181,0.7749170995,6,False,完成,47,0.030133146461107208,0.028270118140897527
688653.SH,20250410,0.4,20250709,20250410,20250415,259.93039999999996,0.30093256980000005,2,False,完成,3,0.033065236818588195,0.019147006280568535
688653.SH,20260617,0.3,20270615,20260702,20260717,147.85229999999999,0.2161638753,2,False,完成,11,-0.29297820823244547,-0.2432503415613846
688656.SH,20240311,0.3,20240608,20240326,20240520,193.75580000000002,0.4802139473,5,False,完成,34,-0.015984405458089768,-0.059322614989788636
688657.SH,20240826,0.2,20250910,20241224,20250131,79.02709999999999,0.30985279499999996,3,False,完成,23,-0.014768460575719677,0.028551711701333637
688657.SH,20260724,0.8,20261022,20260724,20260813,410.68600000000004,1.1591751983,4,False,完成,14,0.30694548170276326,0.26941514246081844
688658.SH,20230626,2.0,20240624,20230727,20240529,2820.0333,5.2250220203,11,False,完成,201,-0.038440111420612766,-0.005784566374501643
688659.SH,20240224,0.5,20250223,20240308,20250223,1947.2066,1.2310842336999999,11,False,完成,230,0.01555869872701554,-0.0845492654019998
688659.SH,20260616,0.6,20270614,20260703,20260713,1159.1814,1.153073178,4,False,完成,6,-0.095703125,-0.06570097726783786
688662.SH,20220518,0.5,20231115,20220525,20231115,363.6188,1.0878299563,9,False,完成,360,0.46937001180305726,0.4859290715187736
688662.SH,20240208,0.5,20250206,20240208,20240930,673.8607999999999,1.3456407687,6,False,完成,153,0.4523076923076923,0.24746785739117638
688663.SH,20241224,0.6,20251222,20250117,20250408,353.96889999999996,0.7855620786999999,3,False,完成,50,-0.010879419764279086,0.019393423667893428
688676.SH,20231215,1.0,20241213,20240328,20241008,620.9748999999999,2.4262248602,5,False,完成,125,0.024747754398917188,-0.11593994600094426
688676.SH,20250410,0.5,20260408,20250411,20250430,107.7036,0.3374211312,2,False,完成,13,0.005678233438485725,-0.006836528708703327
688677.SH,20220401,0.6,20230331,20220627,20220831,64.9667,0.5812055207,4,False,完成,47,-0.027103825136612025,0.02668796927945216
688677.SH,20230616,0.6,20240615,20230616,20240427,498.9485,2.5961769847,8,False,完成,208,-0.2695286195286196,-0.22584690749671654
688677.SH,20240509,0.5,20250508,20240621,20240831,159.3752,0.5806902757,4,False,完成,50,-0.29023790564225493,-0.2513004497954753
688677.SH,20250305,1.0,20260302,20250331,20260304,1129.48,4.0776703445,10,False,完成,223,0.1060295051735749,-0.0962750236815636
688677.SH,20260716,1.0,20261015,20260724,20260824,249.7385,1.7416789368,4,False,完成,21,0.1569623729744578,0.13675279684051045
688678.SH,20220506,0.5,20220805,20220519,20220531,395.9,0.7411629388000001,3,False,完成,8,0.048231511254019255,0.018801306518044125
688680.SH,20230803,0.9,20240802,20230811,20240729,1030.529,6.8293658714,14,False,完成,232,-0.7014845669123144,-0.6707846896429643
688681.SH,20240206,0.2,20240804,20240219,20240803,479.94,0.4517395795,7,False,完成,113,-0.012696470896638834,-0.010927177028275281
688681.SH,20250430,0.16,20260428,20250618,20251125,345.7115,0.4923015236,8,False,完成,108,0.3153961136023915,0.15183447037634012
688683.SH,20241017,0.4,20251016,20241021,20241231,356.0237,0.6978880000000001,5,False,完成,51,0.08465319497542323,0.05758251792597813
688686.SH,20240924,0.6,20250923,20241126,20250313,99.8997,0.797436,5,False,完成,70,0.5202735710796289,0.47547582940881683
688687.SH,20220602,1.2,20230601,20220629,20230601,1498.7298,2.4766504195000003,7,False,完成,225,0.45084745762711886,0.5218738389084807
688689.SH,20240207,0.5,20240506,20240305,20240430,381.7115,0.6765031858999999,4,False,完成,38,-0.01902748414376343,-0.03704661403042975
688690.SH,20240131,1.0,20250129,20240205,20241130,1629.6507,3.260579934,7,False,完成,195,0.11230885001670754,-0.0964363992935795
688693.SH,20241217,0.2,20251215,20250124,20251215,230.7532,0.7113581629000001,7,False,完成,214,0.1804770872567485,-0.0073088261431604185
688696.SH,20220901,0.4,20240229,20220919,20231211,104.36549999999998,1.7044162506,8,False,完成,297,-0.5078113172267577,-0.48738240976479674
688696.SH,20240224,1.6,20250223,20240229,20240507,519.5569,4.5876786839,5,False,完成,43,0.03546178880035922,-0.008146623292241584
688696.SH,20241001,3.0,20250930,20241009,20250530,2111.5751,17.586383,11,False,完成,156,0.5652524167561761,0.5238101268717932
688696.SH,20260203,2.0,20270201,20260203,20260831,1277.8159999999998,11.3034348953,11,False,完成,137,-0.16287142041194225,-0.14576891884061116
688698.SH,20240724,0.4,20250723,20240802,20241119,164.25869999999998,0.3682424112,3,False,完成,70,0.548556233223543,0.34461007712622527
688699.SH,20240221,1.0,20250219,20240326,20240814,2691.0182,7.598309913,11,False,完成,95,-0.07702702702702713,-0.018479606105889057
688707.SH,20240808,0.31,20241123,20240925,20240930,6.4,0.0057032069000000005,2,False,完成,3,0.3378995433789955,0.1613874098975714
688711.SH,20240301,0.5,20240828,20240417,20240827,350.30289999999997,0.6145636392,5,False,完成,90,-0.32432522809191255,-0.27151625034052895
688711.SH,20241206,0.5,20251203,20241225,20251201,791.4676999999999,1.3888879250000001,7,False,完成,225,0.20148069804336322,0.04165515911012907
688716.SH,20260731,1.0,20261030,20260814,20260909,178.5885,0.4886630768,3,False,完成,18,-0.05757891085674627,-0.06338162947215942
688718.SH,20240219,0.2,20250208,20240223,20240430,217.45080000000002,0.24942576589999998,4,False,完成,45,0.017889087656529634,-0.014876499587516023
688719.SH,20240427,1.17,20250425,20240523,20241115,662.7826,1.7630837808000002,7,False,完成,118,-0.12280226741467981,-0.1792518015489989
688719.SH,20241129,1.66,20251127,20241224,20250430,1319.9659,3.9224140355,8,False,完成,83,-0.07201719813686858,-0.03961404137841773
688719.SH,20260723,0.5,20270721,20260723,20260731,156.252,0.7438119999999999,3,False,完成,2,-0.11424394319131181,-0.10682353991281346
688720.SH,20240227,0.2,20240526,20240322,20240526,60.331900000000005,0.21961950319999998,3,False,完成,40,-0.24044444444444446,-0.2504862685567426
688720.SH,20241120,0.6,20251118,20241209,20260703,342.8424,1.4975317275000002,5,False,完成,368,1.7480438183265652,1.3123487625612236
688728.SH,20230504,3.0,20240503,20230814,20240104,2877.9936,4.5701916127,8,False,完成,96,0.27963917525773185,0.3766960205118455
688728.SH,20240306,3.0,20250304,20240322,20250228,15896.494200000001,21.721170035599997,11,False,完成,225,-0.09648952937769018,-0.17072705849451786
688733.SH,20221118,0.6,20231117,20221201,20230508,235.11759999999998,0.9282376163999999,3,False,完成,102,-0.2421347005360055,-0.29337314895745026
688733.SH,20250913,0.55,20260910,20251010,20251121,212.336,0.56504568,3,False,完成,30,0.010432766615146916,0.026804957434503507
688733.SH,20251126,0.45,20261123,20251130,20260321,463.76220000000006,1.3317828259000002,8,False,完成,72,-0.18001827596710307,-0.19420385375616256
688737.SH,20230119,0.4,20240207,20230301,20240206,326.19489999999996,1.2900832207000001,7,False,完成,231,-0.3218343724118018,-0.19471887488326245
688737.SH,20240607,0.4,20250605,20240612,20240930,804.5158,1.2173235373,8,False,完成,76,-0.05995343422584409,-0.1442040710040382
688739.SH,20230918,1.0,20240915,20230926,20231221,712.7995000000001,2.4058353693,5,False,完成,56,-0.06006445941986527,-0.0009520034629144636
688739.SH,20240312,0.5,20250311,20240328,20240719,421.9801,1.1616219313,4,False,完成,75,-0.08035813774758382,-0.07161442658229156
688739.SH,20250620,0.2,20260618,20250825,20260612,143.0827,0.3711139096,4,False,完成,191,-0.3198283066493427,-0.344789709659429
688755.SH,20260724,0.5,20261023,20260806,20260831,115.80040000000001,0.3173459343,2,False,完成,17,0.0947075208913648,0.07110532050938811
688758.SH,20260331,0.8,20270329,20260414,20260629,583.6143,1.1968907181,4,False,完成,50,0.0777279521674139,0.06522132383137391
688766.SH,20220826,0.7,20230825,20221028,20230818,68.0765,0.904321264,5,False,完成,198,0.22089263945174809,0.13668124148676108
688767.SH,20231106,1.0,20241103,20231214,20240725,980.1807,2.7095969201,7,False,完成,147,-0.2597673079384041,-0.24124214080695805
688767.SH,20260410,2.0,20270408,20260601,20260613,496.6526,1.8645881165000002,3,False,完成,9,-0.0002627430373096651,0.0062410707076707705
688772.SH,20230427,1.0,20240426,20230510,20240416,2982.9006,4.9113443481,8,False,完成,227,-0.31671755654344824,-0.24580446576242165
688772.SH,20250415,2.0,20260412,20250429,20260331,1315.5448999999999,1.7500947667,3,False,完成,222,0.30103794163039455,0.0987193903382857
688777.SH,20230824,1.0,20240823,20230913,20240131,1273.6749,5.8082839463000004,10,False,完成,93,-0.2519601610510701,-0.16222410611273153
688777.SH,20240703,2.0,20250701,20240705,20241122,1183.7441,4.3822914992,6,False,完成,93,0.26586021505376345,0.1429397656177427
688777.SH,20251025,10.0,20261023,20251104,20260430,1869.8492,9.4598777715,4,False,完成,118,0.5586789856496954,0.501074799671337
688778.SH,20240228,0.5,20250227,20240301,20250131,324.1041,1.11632207,4,False,完成,222,0.24135328120909372,0.1559714811563484
688787.SH,20240309,0.3,20250307,20240403,20240417,59.2297,0.4106389385,2,False,完成,8,-0.1556643356643358,-0.15623742861134482
688787.SH,20240810,0.2,20250808,20240813,20240829,48.5941,0.2085509684,2,False,完成,12,-0.036741214057507965,-0.021441567511589654
688788.SH,20230825,0.55,20240824,20230915,20240731,661.8462000000001,2.5036686517,9,False,完成,209,-0.37120622568093387,-0.3329074923661035
688788.SH,20250506,0.5,20260518,20250709,20250904,246.8958,1.1287678503,4,False,完成,41,0.37536302032913826,0.2757220997322791
688789.SH,20231019,0.8,20241018,20231102,20240224,295.34630000000004,2.8278158112,6,False,完成,74,-0.08456615255482103,-0.08318767697694618
688789.SH,20260422,2.0,20270421,20260430,20260717,944.4363999999999,5.5624712995,4,False,完成,52,-0.22435522432095723,-0.15264511370773637
688793.SH,20220927,0.4,20230926,20220929,20230427,434.9529,1.8936232383,10,False,完成,138,0.2306892067620283,0.1390472765186237
688793.SH,20240131,0.5,20240729,20240201,20240726,535.0181,1.3566857955,5,False,完成,114,0.0838302350052611,0.0387820108613155
688793.SH,20250411,0.8,20250710,20250417,20250611,294.4794,0.9173021141,5,False,完成,35,0.5057556628295581,0.45177358102259335
688798.SH,20220825,2.0,20230823,20220913,20230315,564.8346,5.7630303424000004,7,False,完成,120,0.153128643606685,0.1532991050214636
688800.SH,20231010,0.66,20241009,20231030,20231130,98.4785,0.4011304221,3,False,完成,23,0.08966376089663775,0.08674354216348923
688819.SH,20240319,1.0,20250317,20240429,20250228,749.1119000000001,1.7602859068999999,6,False,完成,201,0.012031943212067464,-0.0513108734199299
920000.BJ,20220920,0.11,20221214,20221021,20221208,567.2562,0.2996354061,5,False,完成,34,0.072265625,0.019137508454169172
920000.BJ,20230424,0.02,,20230616,20230616,268.0,0.132258,2,False,完成,0,0.0,
920005.BJ,20260309,0.3,20270309,20260325,20260910,146.28,0.5182998508,6,False,完成,116,-0.29779434473765487,-0.29825233789625416
920014.BJ,20230103,0.16,20230417,20230228,20230331,196.85000000000002,0.24349760609999999,3,False,完成,23,-0.020145044319097583,-0.018125642554988275
920014.BJ,20230828,0.16,20231212,20230915,20231212,197.22840000000002,0.1723262949,6,False,完成,56,0.18646080760095018,0.2316154349048054
920014.BJ,20240607,0.11,20241224,20240625,20241218,322.0556,0.23370724710000002,5,False,完成,119,0.6842808741123847,0.4690469066029086
920014.BJ,20250325,0.1,20251008,20250828,20250930,114.6281,0.1536466476,2,False,完成,23,-0.053740014524328306,-0.06328845431666275
920014.BJ,20260112,0.2,20270127,20260331,20260907,310.43989999999997,0.3714441776,4,False,完成,102,-0.2977439478799333,-0.3050364517754044
920017.BJ,20230620,0.08,20231006,20230718,20230802,140.1802,0.1410895523,3,False,完成,11,-0.0009940357852883386,-0.020556503360945944
920017.BJ,20230821,0.16,20231206,20230907,20230922,197.2705,0.20669130730000002,3,False,完成,11,0.05756097560975593,0.054158036391078745
920017.BJ,20240703,0.06,20241018,20240814,20240930,41.5,0.0441155,3,False,完成,31,0.24977127172918578,0.06778604109290276
920020.BJ,20260609,0.5,20261208,20260622,20260827,990.0421999999999,1.5419156459,5,False,完成,48,0.01959459459459434,0.0728154981107818
920021.BJ,20200731,0.43,20210219,20200918,20201111,1230.0,0.7198311695999999,3,False,完成,32,-0.013722126929674006,
920023.BJ,20230425,0.12,20230717,20230608,20230809,1183.4569,0.3443263373,5,False,完成,42,0.0,-0.009524218422593544
920023.BJ,20240221,0.1,20250221,20240228,20240430,387.36519999999996,0.1123035799,4,False,完成,42,-0.11036789297658867,-0.1524801279826753
920027.BJ,20260701,0.4,20270701,20260717,20260831,253.27320000000003,0.2820140873,4,False,完成,29,0.07996323529411753,0.019780429852348735
920033.BJ,20240624,0.29,20240921,20240709,20240920,202.7713,0.3221415971,4,False,完成,51,-0.07296650717703346,0.0024201252909032966
920057.BJ,20230410,0.04,20230726,20230531,20230725,151.36419999999998,0.0509905772,3,False,完成,37,-0.04117647058823537,-0.04917484274812167
920057.BJ,20240510,0.03,20240809,20240606,20240809,118.07230000000001,0.0365620736,4,False,完成,45,0.022844444444444445,0.08952845052371217
920058.BJ,20230905,0.01,20231220,20231010,20231130,4.91,0.0054032222,3,False,完成,37,0.4454303460514639,0.46716824566988846
920060.BJ,20260721,0.15,20270720,20260804,20260828,73.75,0.16516922439999998,2,False,完成,18,-0.01702715140358957,-0.04933405561635973
920075.BJ,20231009,0.1,20241006,20240111,20240731,434.1848,0.4629942506,8,False,完成,132,-0.10563902974919126,-0.12149455088030436
920076.BJ,20260728,0.2,20270727,20260813,20260831,30.2609,0.0385243063,2,False,完成,12,0.018039215686274535,0.0028864287164704905
920077.BJ,20240903,0.25,20241223,20240930,20260720,525.3326000000001,0.5296884820000001,6,False,完成,434,0.1760500746236935,0.03361358203102638
920080.BJ,20260701,0.25,20270629,20260728,20260831,48.8795,0.1031596429,3,False,完成,24,0.06686332350049162,0.02056732530005223
920092.BJ,20220525,0.3,20230610,20220805,20230331,229.00599999999997,0.3380310019,7,False,完成,158,-0.009463722397476282,-0.023335303126618134
920099.BJ,20260612,0.16,20261212,20260630,20260708,58.3137,0.1323852089,2,False,完成,6,-0.07335069444444431,-0.04452650075281517
920174.BJ,20231020,0.36,20241020,20231102,20240129,474.616,1.0008588956,4,False,完成,61,0.646969696969697,0.7189692006414914
920179.BJ,20220428,0.3,20221117,20220615,20221117,732.1466,1.4768742642,8,False,完成,105,-0.07153075822603716,-0.014914881811949887
920184.BJ,20210309,0.6,20220324,20210525,20210930,1181.8249,1.1103855711000001,6,False,完成,89,0.025641025641025772,0.029428074080807498
920185.BJ,20240301,2.0,20240828,20240325,20240827,3307.6672,6.2401360147,6,False,完成,105,-0.11877891822101161,-0.0638484225876762
920208.BJ,20230717,0.1,20231101,20230802,20230911,55.2791,0.1665000701,3,False,完成,28,-0.0353322528363047,0.0011672579098553904
920208.BJ,20231027,0.4,20241027,20231030,20231130,138.5068,0.4056188937,4,False,完成,23,0.2588984638441363,0.2555247085545005
920212.BJ,20220505,0.09,20230520,20220608,20230515,397.06260000000003,0.34580230030000003,7,False,完成,227,-0.3329924308556538,-0.34245000457953634
920237.BJ,20221219,0.05,20230304,20230203,20230303,50.873400000000004,0.0815845692,3,False,完成,20,-0.008652657601977753,-0.028008694367396503
920242.BJ,20200908,0.37,20210904,20201030,20201117,447.71000000000004,0.7024641490999999,6,False,完成,12,-0.005134788189987138,
920242.BJ,20220826,0.0,,20220907,20220929,10.5,0.0040158989,2,False,完成,15,0.04562737642585546,0.1161413447866051
920242.BJ,20250611,0.0,,20250716,20250716,1.45,0.00042536,2,False,完成,0,0.0,
920261.BJ,20230419,0.63,20230801,20230512,20231011,2043.3032999999998,1.6905197390000002,9,False,完成,100,-0.10429970683550938,-0.048035797213084375
920261.BJ,20260123,0.99,20260422,20260131,20260228,308.72389999999996,0.5222867892,2,False,完成,14,-0.02877275396359391,-0.03925612418459967
920262.BJ,20230717,0.2,20240117,20230822,20231229,639.4740999999999,0.5838783503,8,False,完成,87,0.8589164785553047,0.9497704351077181
920262.BJ,20260528,0.06,20270528,20260622,20260724,118.124,0.1577915338,4,False,完成,24,-0.09872849663425576,-0.01628587767218892
920266.BJ,20200923,0.64,20211012,20201105,20201218,1260.078,1.5669142989000002,7,False,完成,31,-0.0303756994404476,
920266.BJ,20220824,0.12,20221108,20220930,20221130,146.90820000000002,0.0962766002,3,False,完成,38,0.2361963190184051,0.18639879525807146
920273.BJ,20230818,0.24,20240604,20230920,20240604,973.0366,0.9907383962,11,False,完成,166,0.08995621213049443,0.09608041223433461
920273.BJ,20251202,0.0,,20260202,20260629,1.7521,0.0006254997,2,False,完成,94,-0.4151474547652477,-0.4234962755588104
920274.BJ,20230906,0.14,20231225,20231031,20231130,194.6685,0.1264319532,3,False,完成,22,0.5562599049128367,0.5506597946734204
920275.BJ,20210913,0.1,20220309,20210930,20220308,339.2192,0.23499382700000002,6,False,完成,102,-0.240506329113924,-0.17717463664114586
920278.BJ,20220331,0.18,20220930,20220505,20220926,555.8198,0.30589867049999997,6,False,完成,100,0.0,0.005418379366195714
920278.BJ,20260703,0.17,20270703,20260709,20260720,168.2,0.0989344473,2,False,完成,7,0.03392857142857153,0.09937676403357698
920284.BJ,20240621,0.12,20250628,20240913,20241031,94.5761,0.06033611750000001,3,False,完成,27,0.8285163776493258,0.5075417209016477
920339.BJ,20230215,0.1,20230603,20230317,20230522,318.9676,0.16103502000000003,4,False,完成,42,-0.04882812500000011,-0.062079039468845965
920346.BJ,20221028,0.15,20230514,20221124,20230410,721.8492,0.5162450314,8,False,完成,90,-0.023578363384188616,-0.09015288315338477
920351.BJ,20230407,0.31,20231004,20230727,20231007,1095.2549,0.6034246964000001,7,False,完成,45,0.01848428835489835,0.05325664295048749
920363.BJ,20251209,0.15,20261205,20260311,20260626,96.03,0.133591204,3,False,完成,72,-0.05596286331030931,-0.03107579406688321
920370.BJ,20220303,0.24,20220922,20220505,20220715,1452.4096,0.48655095579999996,4,False,完成,50,-0.0031613623080599673,-0.05266334867610567
920374.BJ,20230731,0.15,20240817,20230913,20240515,979.6216000000001,0.8019742848000001,10,False,完成,157,0.17890697519238308,0.18010284758693307
920374.BJ,20240812,0.15,20250809,20240904,20240930,38.55,0.0406540305,3,False,完成,16,0.46033210332103325,0.21863454353961465
920374.BJ,20260615,0.15,20270612,20260630,20260831,160.1,0.22592274960000003,3,False,完成,44,0.0691823899371069,0.09817614830797883
920378.BJ,20221026,0.16,20230425,20221115,20230407,707.07,0.24000985390000001,8,False,完成,96,-0.09470752089136492,-0.14736804423579808
920392.BJ,20230206,0.03,20230521,20230505,20230519,40.8055,0.0272611207,2,False,完成,10,0.007518796992481258,0.02315565221055671
920395.BJ,20240522,0.1,20241122,20240529,20240606,166.8863,0.11008968520000001,3,False,完成,6,0.007518796992481258,0.028081534069730463
920395.BJ,20240805,0.09,20250205,20240807,20240822,161.7912,0.110704817,2,False,完成,11,-0.03493449781659397,-0.02779941960254151
920414.BJ,20221227,0.12,20230627,20230109,20230331,176.7978,0.36588594739999997,5,False,完成,54,0.007889546351084853,-0.021912892619821545
920414.BJ,20230424,0.06,20231116,20230608,20230831,183.1064,0.2261389785,4,False,完成,58,-0.09565217391304337,-0.06848903986402621
920414.BJ,20230922,0.06,20240322,20230925,20240321,124.0628,0.1250469749,7,False,完成,115,0.4083333333333332,0.4259513162175066
920415.BJ,20221024,0.2,20230508,20221117,20230508,2799.3797999999997,1.1098203433,11,False,完成,112,0.015113350125944613,-0.06847834994471969
920429.BJ,20230112,0.09,20230528,20230322,20230516,204.8024,0.1556204222,4,False,完成,35,0.036437246963562764,0.028488394752935742
920429.BJ,20240828,0.2,20250325,20240906,20250325,323.6164,0.3993174368,5,False,完成,128,0.9948453608247425,0.6372092779846714
920429.BJ,20260112,0.5,20270109,20260210,20260831,1273.2328,1.6031817711,10,False,完成,130,-0.28622730473857205,-0.2607878300539055
920445.BJ,20220314,0.25,20220930,20220427,20220430,50.3628,0.0603430858,2,False,完成,2,0.043341213553979685,0.012942016518892041
920445.BJ,20220510,0.02,,20220531,20220623,206.697,0.2158075471,3,False,完成,16,-0.06818625889049146,-0.10571579013201382
920445.BJ,20250212,0.28,20250528,20250320,20250430,498.03779999999995,0.4452238737,4,False,完成,28,0.10572687224669597,0.14953630234739568
920445.BJ,20260327,0.32,20260626,20260403,20260422,389.8067,0.3871921689,3,False,完成,12,0.0910052910052912,0.03091572088763006
920471.BJ,20231128,0.2,20241128,20231222,20241031,1039.6446,0.9521800066999999,13,False,完成,204,0.7165211674187386,0.5254698785298344
920475.BJ,20220822,0.21,20230907,20220926,20230105,615.61,0.4000332683,7,False,完成,67,0.0015197568389055949,-0.03148851683109799
920476.BJ,20230921,0.2,20231209,20231030,20231130,249.8254,0.3244598306,4,False,完成,23,0.14542190305206448,0.1423522565990165
920476.BJ,20241024,0.24,20251024,20241108,20241204,346.8202,0.4244938129,4,False,完成,18,0.1668085106382977,0.19720323866451528
920476.BJ,20250320,0.56,20260320,20250407,20251020,1725.6548,2.5221616359,6,False,完成,130,1.0810338535600592,0.6677688976987519
920478.BJ,20240719,0.1,20250119,20240829,20240923,84.21889999999999,0.0984562288,3,False,完成,15,0.023993144815766865,0.051628861456369135
920491.BJ,20221021,0.49,20231019,20221205,20230320,1370.5019,1.3355407204,7,False,完成,69,-0.052736318407960336,-0.0594993829861904
920505.BJ,20230113,0.04,20230430,20230228,20230430,38.053,0.038839254499999996,3,False,完成,42,-0.061895551257253434,-0.0742226591656645
920509.BJ,20240611,0.2,20240925,20240628,20240831,241.213,0.1746965626,3,False,完成,45,0.019858156028369045,0.06477898386455849
920510.BJ,20240619,0.59,20250103,20240711,20240726,542.9937,0.6122686731,3,False,完成,11,0.09803921568627438,0.1282316569946611
920519.BJ,20231017,0.11,20240202,20231117,20231130,40.0386,0.0302998917,2,True,停止,9,0.19189189189189193,0.20160619142929992
920519.BJ,20240710,0.09,20250724,20240806,20241031,261.2929,0.17970443330000002,5,False,完成,55,0.5043859649122806,0.3151622860363359
920523.BJ,20220422,0.3,20230420,20220511,20221102,793.78,1.1703740704999999,6,False,完成,118,-0.027277448167525753,-0.009356424714492051
920527.BJ,20240730,0.2,20250129,20240821,20240930,204.2649,0.14074725470000002,4,False,完成,26,0.24463519313304705,0.0656099579389009
920566.BJ,20230426,0.27,20240425,20230525,20230705,801.0494,0.5561413708,5,False,完成,27,-0.02837067450711106,-0.0349085241391881
920571.BJ,20230615,0.3,20231230,20230720,20231229,1637.8157999999999,0.5936593367999999,7,False,完成,110,0.5787965616045843,0.6820639012088887
920571.BJ,20260414,1.3,20260710,20260415,20260430,1310.9552999999999,1.40552685,3,False,完成,11,0.04554455445544581,0.023945488292790307
920592.BJ,20210705,0.3,20220720,20210802,20211025,1494.87,1.34265981,8,False,完成,40,0.040748898678413914,-0.0012220368837003726
920599.BJ,20210707,0.72,20220123,20210831,20211223,2245.1771,2.0385283389,5,False,完成,75,0.2788732394366198,0.24398255543758252
920599.BJ,20220418,1.2,20221109,20220630,20220930,742.3569,0.5309390946,4,False,完成,65,-0.17402597402597397,-0.07182335652187011
920599.BJ,20241205,1.5,20250620,20250109,20250131,1028.911,1.3473848763,3,False,完成,12,0.020077220077220126,0.007773470927576742
920599.BJ,20260601,2.0,20261217,20260624,20260709,1665.24,2.8654146663000004,4,False,完成,11,0.07121119902617168,0.09090882207392381
920634.BJ,20230816,0.11,20240214,20230919,20231130,21.325400000000002,0.0155139498,4,False,完成,46,0.35595567867035993,0.39860083994023143
920639.BJ,20230802,0.08,20231018,20230908,20231117,334.95860000000005,0.123723492,4,False,完成,44,-0.023872679045092715,-0.0039454461975851896
920641.BJ,20240514,0.07,,20240605,20240613,534.0,0.23496,2,False,完成,5,0.019434628975264934,0.03171418161158157
920641.BJ,20250521,,,20250623,20250623,224.0,0.00726,3,False,完成,0,0.0,
920642.BJ,20231114,0.1,20240513,20231121,20240512,188.9072,0.1502896666,6,False,完成,111,0.14304993252361697,0.11166521142146513
920663.BJ,20240723,0.55,20250208,20240828,20240930,674.7451,0.662888428,5,False,完成,21,0.347599164926931,0.1460273744613756
920685.BJ,20230424,0.51,20240216,20230607,20240208,1983.3053,2.1723101952,11,False,完成,167,-0.24743892828999192,-0.16029658142605718
920689.BJ,20260724,0.6,20270724,20260813,20260831,56.1427,0.11163761520000001,2,False,完成,12,0.020060180541624728,0.004877312952670909
920703.BJ,20260511,0.3,20270526,20260605,20260731,487.5274,0.48438596580000004,4,False,完成,38,-0.08703878902554396,-0.040470997331066516
920717.BJ,20230719,0.1,20231203,20230811,20231113,492.8763,0.2147834214,4,False,完成,60,-0.02257336343115124,0.023214272796439506
920717.BJ,20260722,0.23,20261022,20260804,20260810,448.62289999999996,0.3644179155,3,False,完成,1,-0.030952380952380842,-0.07050513110604961
920719.BJ,20240607,0.09,20240905,20240710,20240905,202.45440000000002,0.1666461041,4,False,完成,41,-0.1844311377245509,-0.1402498638636629
920725.BJ,20230828,0.15,20240113,20230920,20231031,99.41329999999999,0.13067364979999999,3,False,完成,23,-0.19197707736389702,-0.16794137329587977
920729.BJ,20220811,0.43,20230811,20220830,20230720,3084.0898,2.4722066959,14,False,完成,214,-0.12342368575129514,-0.1074664016080028
920765.BJ,20220628,0.27,20230119,20220831,20230119,1176.7318,0.7573844445,9,False,完成,94,0.06375838926174504,0.05123680023461796
920768.BJ,20260729,0.2,20270128,20260806,20260825,185.276,0.12974921849999999,2,False,完成,13,-0.0014164305949009304,0.001383956273911302
920799.BJ,20201204,0.3,20211222,20210112,20210226,230.0435,0.5642494128000001,4,False,完成,28,0.0261353898886032,0.05516084612986183
920799.BJ,20210928,0.25,20220128,20210929,20220119,196.65179999999998,0.3357383497,5,False,完成,74,-0.06618531889290025,-0.0719289078502886
920799.BJ,20220422,0.15,20230422,20220511,20220630,16.4113,0.0162177285,3,False,完成,35,0.06903346844872926,-0.03788616892196428
920799.BJ,20220720,,,20220731,20230331,480.245,0.3468636874,10,False,完成,163,0.08714285714285719,0.08062503608137184
920799.BJ,20240207,0.07,20240507,20240314,20240430,50.480000000000004,0.054524030900000006,3,False,完成,31,-0.05777777777777782,-0.07798605142129977
920809.BJ,20230426,0.7,20230824,20230606,20230731,748.0,0.6389169062,3,False,完成,37,-0.013002364066193928,-0.041703044489531216
920809.BJ,20230913,0.25,20240913,20231030,20240630,2556.8761,1.0436842255999998,8,False,完成,161,-0.061576354679802936,-0.04445154659905448
920809.BJ,20240711,0.08,20250731,20250123,20250730,380.88109999999995,0.20321321869999998,5,False,完成,123,0.11823647294589179,-0.0010039052766905865
920826.BJ,20230424,0.21,20240420,20230616,20231031,808.4412,0.48734082729999995,7,False,完成,89,-0.047451669595782175,0.03287375722096719
920832.BJ,20220818,0.1,20221213,20220916,20220921,42.2852,0.0238449839,2,False,完成,3,0.18595825426944979,0.18946620055824326
920832.BJ,20231027,0.25,20240216,20231127,20240217,668.4916000000001,0.33723250979999997,5,False,完成,52,-0.21150592216582065,-0.1658903017140645
920833.BJ,20260415,0.4,20260730,20260522,20260616,574.7736,0.8105022152999999,5,False,完成,17,-0.031680440771349794,-0.026709057861015406
920839.BJ,20220428,0.18,20221028,20220517,20221028,476.00030000000004,0.2684215432,8,False,完成,111,0.018705439397580736,0.0808113020147454
920866.BJ,20231122,0.2,20240408,20240105,20240331,619.1404,0.3958320853,5,False,完成,54,-0.20859671302149174,-0.23773822088404495
920873.BJ,20220512,0.1,20221124,20220613,20220630,128.369,0.060028361300000006,2,False,完成,13,0.014765818760309246,-0.027950824599599522
920879.BJ,20200109,0.39,20200806,20200219,20200806,396.9396,0.12602170840000002,6,False,完成,82,0.07790792818557368,
920879.BJ,20201218,0.17,20210928,20210105,20210430,398.86659999999995,0.13282848600000002,5,False,完成,52,0.4279624051233397,0.461858888996562
920879.BJ,20230117,0.15,20230716,20230118,20230331,489.20829999999995,0.30461135250000004,4,False,完成,47,0.03361344537815136,0.01831095472943911
920879.BJ,20230516,0.3,20231116,20230517,20231023,2671.0129,1.8081522018999998,10,False,完成,105,0.01425167087958501,0.13327923420050314
920914.BJ,20221214,0.16,20230630,20230111,20230330,188.4998,0.2126175248,4,False,完成,51,-0.035447761194029925,-0.06484969304826205
920924.BJ,20220428,0.19,20230427,20220518,20221128,792.6895999999999,0.5278138427,8,False,完成,131,-0.11946511627906986,-0.1173404535437762
920925.BJ,20221228,0.15,20231226,20230208,20230331,55.16009999999999,0.0839070487,3,False,完成,37,-0.060446780551905444,-0.07214616751321412
920925.BJ,20230525,0.01,,20230615,20231031,323.87829999999997,0.3867871528,5,False,完成,90,0.027598524330352925,0.10732243531303198
920926.BJ,20230823,0.08,20231207,20230922,20231109,147.7504,0.1438981335,5,False,完成,28,-0.002020202020201922,0.023851161516292185
920932.BJ,20230505,0.2,20240515,20230615,20240506,405.4474,0.4862581225,11,False,完成,212,0.18084647914655383,0.22305194489341007
920942.BJ,20221228,0.05,20230412,20230207,20230331,34.64,0.0376942675,3,False,完成,38,-0.04193254329990892,-0.04918237641105916
920953.BJ,20240729,0.3,20250725,20240902,20240927,153.7175,0.20097010950000002,2,False,完成,17,0.2585034013605445,0.14580221502840107
920961.BJ,20220321,0.2,20221006,20220429,20221009,382.3734,0.5204296462,7,False,完成,105,0.006444839424198268,0.013989505615598308
920970.BJ,20220722,0.06,20230208,20220921,20221121,109.75,0.1004914697,4,False,完成,38,-0.028451001053740765,-0.018331605694912212
920976.BJ,20260210,0.35,20270303,20260413,20260511,276.8676,0.8103518302,4,False,完成,17,0.013884297520661226,-0.042859996887017915
920982.BJ,20260410,1.5,20260709,20260506,20260605,93.9324,1.5382065187,3,False,完成,22,-0.12017434620174339,-0.09124446990425727
920985.BJ,20230621,0.5,20240706,20230719,20240702,2204.594,1.2830731054,8,False,完成,230,-0.10262755573795013,-0.04219670703290046
