ts_code,t0,final_stage,terminate_date,apply_date,list_date,raise_plan_yi,raise_act_yi,price_ratio,purpose,base_date,gap_cal_days,d0,d1,ex1,d5,ex5,d20,ex20,d60,ex60,suspended
300566.SZ,20210331,实施完成,,20211203,20211224,6.98,6.98,80.0,1、光学膜生产基地建设项目;2、太阳能封装胶膜生产基地建设项目;3、补充流动资金。,20210331,0,-0.018651051832574317,-0.037569060773480656,-0.044349301940810215,0.05502762430939234,0.04271488073301177,0.009944751381215644,0.0003566588250949465,-0.07027836589221781,-0.10892674942801306,
002438.SZ,20210330,实施完成,,20211222,20220121,3.71,3.7,80.0,用于1、乏燃料后处理关键设备研发及产业化(二期)项目;2、年产1万吨大型特种法兰研制及产业化建设项目;3、补充流动资金。,20210330,0,-0.023502653525397932,0.0,0.004289796527307432,0.028726708074534146,0.02194199847140821,-0.0007763975155280489,-0.000889613642930942,-0.1340314403450391,-0.16226582043535887,
600419.SH,20210329,实施完成,,20211206,20211230,5.67,5.67,80.0,"1、10,000头规模化奶牛示范牧场建设项目;2、补充流动资金。",20210329,0,-0.07697325505544683,0.009187279151943395,0.0029450893624527463,0.007067137809187107,-0.006716655219362266,-0.022614840989399365,-0.02469171387629343,-0.062210020499336105,-0.10669620349759878,
300687.SZ,20210324,实施完成,,20211117,20211210,6.5,6.5,80.0,用于基于共享技术中台的企业数字化解决方案升级项目,20210324,0,0.009040880503144555,0.04479937670432421,0.045876949149647794,0.14647448383326833,0.12154221961265832,0.10790806388780672,0.07655730970189678,0.3206559282424879,0.24690250933255897,
600597.SH,20210317,实施完成,,20211202,20211220,19.3,19.3,80.0,1、用于补充流动资金；2、用于奶源牧场项目。,20210317,0,-0.004174120453190211,0.026946107784431073,0.021751517369278384,0.05808383233532943,0.08274906034612028,0.10958083832335341,0.12478120502290313,-0.09695029673770117,-0.11563030604977309,
603129.SH,20210316,实施完成,,20210902,20210929,17.27,17.27,80.0,1、动力运动装备扩产及产线智能化改造项目;2、研发中心升级改造项目;3、补充流动资金。,20210316,0,-0.07809210526315791,0.035467066295582717,0.03582243466523716,-0.07578676942838791,-0.06624405877743123,0.09041604224648547,0.09999416771458347,0.006208520659387817,-0.02486293197405065,
605358.SH,20210313,实施完成,,20210927,20211018,52.0,52.0,80.0,1、年产180万片集成电路用12英寸硅片;2、年产72万片6英寸功率半导体芯片技术改造项目;3、年产240万片6英寸硅外,20210312,1,-0.038002296211251285,-0.08557107053347657,-0.07671217209544945,-0.1299677765843179,-0.11759592182942091,-0.0026256116481682135,0.009101680335989126,0.13617376775271506,0.08652713959528158,
600155.SH,20210308,实施完成,,20221027,20221111,80.0,30.27,80.0,1、证券自营业务;2、信用交易业务;3、股权投资业务;4、资产管理业务;5、信息系统建设;6、偿还债务。,20210308,0,-0.030164533820840944,-0.01979264844486328,-0.0016660494132687553,-0.027332704995287394,-0.026915048666860897,-0.032987747408105506,-0.05007742653845415,0.025447690857681504,-0.023209108034957016,
603883.SH,20210304,实施完成,,20220121,20220210,17.4,17.4,80.0,1、新建连锁药店项目；2、华东医药产品分拣加工项目；3、企业数字化平台及新零售建设项目；4、补充流动资金。,20210304,0,-0.04702329594478005,-0.000603591368643297,-0.00017412324549215263,-0.051908857703334865,-0.03351981429208617,0.0537196318092652,0.0650158182501741,-0.14290025652633176,-0.16521361284977387,
603290.SH,20210303,实施完成,,20211028,20211112,35.0,35.0,80.0,1、高压特色工艺功率芯片研发及产业化项目;2、SiC芯片研发及产业化项目;3、功率半导体模块生产线自动化改造项目;4、补,20210303,0,-0.05028379566711971,-0.07744107744107742,-0.058109583703251366,-0.25930134680134675,-0.210954226623155,-0.2849326599326599,-0.25688746311754407,-0.01711770062568463,-0.03008173511455292,
300207.SZ,20210225,实施完成,,20211103,20211129,39.15,39.15,80.0,1、3C消费类锂离子电芯扩产项目;2、3C消费类锂电池模组扩产项目;3、笔记本电脑类锂电池模组扩产项目;4、补充流动资金,20210225,0,0.009234320892651304,-0.057186427754479574,-0.03677617721104376,-0.09149828440716756,-0.07035020155924498,-0.2523827678231034,-0.20316066376567787,0.05833015630956928,0.05588230779490155,
002792.SZ,20210220,实施完成,,20211108,20211210,8.0,8.12,80.0,用于收购深圳市光为光通信科技有限公司少数股东股权、投资于高速光通信器件、光模块研发及生产项目、武汉研发中心建设项目、无线,20210219,1,0.021957340025094307,0.022099447513812098,0.037174583126358796,0.0055248618784529135,0.05913470027063439,-0.05279312461632901,0.02830598236909787,0.007366482504604033,0.06172078374156076,
300587.SZ,20210220,实施完成,,20211118,20211207,8.1,8.1,80.0,1、年产40万平方米橡胶减振垫产品生产线建设项目;2、年产45万根钢轨波导吸振器产品生产线建设项目;3、补充流动资金项目,20210219,1,0.034837688044338844,0.06962509563886776,0.08540119591028628,-0.02601377199693955,0.02591457533592445,0.16908951798010707,0.2691860421483947,0.2815608263198164,0.35070978493324945,
600626.SH,20210219,实施完成,,,20210802,9.0,8.69,80.0,用于补充流动资金,20210219,0,0.04558404558404572,0.027247956403269713,0.042399028334831,0.029972752043596618,0.08488603651699655,0.04632152588555849,0.13590675121933438,0.15531335149863756,0.21765039667638209,
002352.SZ,20210210,实施完成,,20211022,20211119,200.0,200.0,80.0,用于1、速运设备自动化升级项目;2、新建湖北鄂州民用机场转运中心工程项目;3、数智化供应链系统解决方案建设项目;4、陆路,20210210,0,0.10004697040864241,-0.005380017079419153,-0.01086521248963257,-0.11349274124679742,-0.09085594759485449,-0.19786507258753183,-0.14908418634413922,-0.40856712712964516,-0.3874382613927675,
002048.SZ,20210209,实施完成,,,20220120,16.18,16.18,80.0,用于补充流动资金,20210209,0,0.0997357992073975,0.00960960960960966,-0.004643083142588544,0.06666666666666687,0.057025281866553756,0.08708708708708723,0.1365272290454378,0.027027027027027195,0.052099150394592675,
601456.SH,20210206,实施完成,,20210913,20211015,65.0,50.9,80.0,1、进一步扩大包括融资融券在内的信用交易业务规模;2、扩大固定收益类、权益类、股权衍生品等交易业务;3、增加子公司投入;,20210205,1,-0.02185089974293053,-0.02562417871222078,-0.03558566334971647,0.04993429697766105,-0.00683090558617272,-0.07227332457293045,-0.060652096677904166,-0.0775295663600527,-0.059562683590759,
601198.SH,20210203,实施完成,,20210927,20211022,70.0,44.93,80.0,1、扩大投资交易业务规模；2、扩大融资融券业务规模；3、增加对子公司投入；4、其他营运资金安排。,20210203,0,-0.0062611806797853164,-0.046804680468046755,-0.04259956455351044,-0.06300630063006296,-0.09832665184983924,0.035103510351035094,0.08429505971634077,-0.06030603060306039,-0.03970320220902124,
600115.SH,20210203,实施完成,,,20211109,108.28,108.28,80.0,用于补充流动资金、偿还债务,20210203,0,-0.008658008658008698,-0.017467248908296873,-0.013132707997838278,0.037117903930131035,-0.0019766691153040306,0.072052401746725,0.1229998848876468,0.13973799126637543,0.16472679295390558,
002025.SZ,20210202,实施完成,,20210809,20210915,14.31,14.31,80.0,用于1、特种连接器、特种继电器产业化建设项目;2、年产153万只新基建用光模块项目;3、年产3976.2万只新基建等领域,20210202,0,0.08014440433212999,-0.022560160427807396,-0.018009113289288448,-0.017546791443850296,-0.036578141897639416,-0.2588569518716577,-0.22038155721172892,-0.27005347593582896,-0.24754729952957344,
002185.SZ,20210120,实施完成,,20211015,20211109,51.0,51.0,80.0,用于1、集成电路多芯片封装扩大规模项目;2、高密度系统级集成电路封装测试扩大规模项目;3、TSV及FC集成电路封测产业化,20210120,0,-0.04049844236760136,-0.01558441558441559,-0.025961236797170995,-0.08116883116883122,-0.07866155899425153,-0.13766233766233782,-0.13306231456237028,-0.20519480519480526,-0.17813373544472488,
600765.SH,20210116,实施完成,,20210603,20210625,19.1,19.1,80.0,用于1、航空精密模锻产业转型升级项目;2、特种材料等温锻造生产线建设项目;3、补充流动资金。,20210115,1,0.009047619047618971,0.03586597451628104,0.027269080977980087,-0.008022652194431323,-0.019126253922185477,-0.10099103350637095,-0.13255955354198656,-0.17461066540821146,-0.15352720479817117,
000725.SZ,20210116,实施完成,,20210723,20210820,198.7,203.33,80.0,1、收购武汉京东方光电24.06%的股权;2、对重庆京东方显示增资并建设京东方重庆第6代AMOLED(柔性)生产线项目;,20210115,1,-0.031339031339031265,0.00588235294117645,-0.002465699522202436,0.04852941176470593,0.03679280002268692,-0.07794117647058829,-0.11031908762550524,0.03823529411764692,0.06475561853922285,
002747.SZ,20210116,实施完成,,20210604,20210707,7.95,7.95,80.0,1、标准化焊接机器人工作站产业化项目;2、机器人激光焊接和激光3D打印研制项目;3、工业、服务智能协作机器人及核心部件研,20210115,1,0.0013071895424836555,0.06005221932114857,0.05125459849109948,0.18635770234986948,0.173078323075043,0.18831592689295018,0.1465884508110673,0.04699738903394257,0.07374152938733025,
300850.SZ,20210115,实施完成,,20210423,20210824,14.6,14.6,80.0,1、3.0MW及以上大功率风力发电主机配套轴承生产线建设项目;2、研发中心建设项目;3、补充流动资金。,20210115,0,0.15744763634005587,0.019720992772704227,0.01125809020682822,-0.06269258782004594,-0.07318424695353465,-0.18146674883746994,-0.21020938022625824,-0.27643005210375937,-0.2579474308052614,
300729.SZ,20210113,实施完成,,20210922,20211101,11.12,7.0,80.0,1、线性驱动核心技术产品智能工厂项目;2、年产15万套智能线性驱动产品5G+智能工厂技改项目;3、营销研发总部大楼建设项,20210113,0,0.051827741612418654,-0.06688883599143036,-0.05831968416666711,-0.03594382289930953,-0.03175734895321736,-0.1730540347536299,-0.18582245178868817,-0.18328969293025454,-0.13531426149254966,
300252.SZ,20210108,实施完成,,20230104,20230207,5.95,5.32,80.0,1、高速率线缆、连接器及组件生产项目;2、高性能特种电缆及组件生产项目;3、卫星通信终端及电磁兼容解决方案研发项目;4、,20210108,0,-0.01661129568106301,-0.029279279279279424,-0.01866624270445405,0.011261261261261257,0.012319031699661975,-0.2702702702702703,-0.25487241449694564,-0.22297297297297292,-0.18719218556709472,
603595.SH,20210413,实施完成,,20211108,20211122,4.68,4.68,80.0,1、年产12万片碳化硅半导体材料项目;2、补充流动资金。,20210413,0,0.0031982942430703876,0.012752391073326041,0.006749720670454318,0.023379383634431594,0.0008450111004820737,-0.10810048987843734,-0.13209644016522248,0.314966401855836,0.2588641873915405,
603956.SH,20210629,实施完成,,20220331,20220425,13.0,9.7,80.0,用于年产农村饮用水泵站及加压设备2000套、智慧加药系统2000套、集装箱一体化水厂200套、大型装配式水厂20套的智慧,20210629,0,0.020913593835993227,-0.013477088948786964,-0.018427041565288627,-0.04097035040431263,-0.029310980738536108,-0.1439353099730457,-0.09532516874353913,-0.044743935309973115,-0.0628519187934442,
300903.SZ,20210629,实施完成,,20220331,20220429,11.0,9.97,80.0,用于江西科翔印制电路板及半导体建设项目(二期),20210629,0,0.007430340557275761,-0.014751075599262364,-0.01969463589229814,-0.07744314689612786,-0.06622719398730148,0.04855562384757217,0.10809602722598854,-0.03534111862323297,-0.05362734337159136,
688339.SH,20210429,实施完成,,20210621,20210811,2.0,2.0,80.0,1、燃料电池综合测试评价中心;2、补充流动资金。,20210429,0,-0.06766488413547245,0.029749158764148076,0.038127519473573956,-0.09368308351177723,-0.08497875876309458,0.043897216274090045,0.0007520000938483484,-0.042176506576934725,-0.009890436978800543,
300919.SZ,20210625,实施完成,,20211111,20211202,50.0,50.0,80.0,用于广西中伟新能源科技有限公司北部湾产业基地三元项目一期、补充流动资金,20210625,0,0.000643178732223193,0.06284816454792153,0.06319875625239013,0.044636480502785236,0.07099978328962031,0.19840022853878003,0.21769582843982493,0.24496500499928575,0.24275873695120853,
603577.SH,20210114,实施完成,,,20210923,3.76,3.76,80.0,用于补充公司流动资金,20210114,0,0.023863636363636198,-0.0011098779134295356,-0.0012424142941158678,-0.007769145394006749,-0.022937717052605278,-0.08546059933407324,-0.11269567364872624,0.006659267480577213,0.04757843508010162,
000911.SZ,20210622,实施完成,,,20211231,6.0,6.0,80.0,1、用于偿还有息债务(包含金融机构借款等)。,20210622,0,0.04653679653679643,0.0175801447776629,0.01506691104320157,0.05377456049638063,0.049125000690435794,-0.04343329886246117,-0.037855970992035304,0.23578076525336078,0.2002892817254316,
300432.SZ,20210618,实施完成,,20220302,20220323,15.0,15.0,80.0,1、新能源汽车智能电控产业项目；2、年产5万吨新能源锂电正极材料项目；3、补充流动资金。,20210618,0,-0.02162565249813575,0.08689024390243905,0.08563193095526067,0.05868902439024404,0.03448852686963555,0.6882621951219512,0.6814853987909617,2.128810975609756,1.978404817681728,
002015.SZ,20210615,实施完成,,20220124,20220316,50.0,37.65,80.0,用于1、新能源汽车换电站建设项目;2、信息系统平台及研发中心建设项目;3、补充流动资金。,20210615,0,-0.0033407572383075124,0.04804469273743028,0.059432637616043005,0.047843876354208614,0.04759262324477698,0.08757793450415141,0.0845396576531201,0.7562453702274763,0.6989101460824731,
688037.SH,20210612,实施完成,,20220601,20220622,10.0,10.0,80.0,1、上海临港研发及产业化项目;2、高端晶圆处理设备产业化项目(二期);3、补充流动资金。,20210611,1,-0.02461899179366933,0.007898351648351731,0.017303858258165272,0.18475274725274726,0.2050846911180877,0.5979567307692306,0.6168339840946029,0.7427884615384615,0.7273369974669128,
600784.SH,20210222,实施完成,,,20220225,4.54,4.5,80.0,用于偿还银行贷款,20210222,0,0.007380073800737907,0.0347985347985349,0.036530883696273664,0.04029304029304037,0.06696240708266066,0.08058608058608074,0.14303608387851274,-0.023809523809523836,0.019837083808547984,
600110.SH,20210608,实施完成,,,20220308,22.88,22.88,80.0,1、青海高性能极薄锂离子电池用电解铜箔工程项目;2、惠州联合铜箔电子材料有限公司三期扩建项目;3、补充流动资金;4、偿还,20210608,0,0.04338842975206614,0.0108910891089109,0.007713171389645446,-0.012871287128712772,0.004461357357175899,0.35148514851485135,0.3615216228070186,0.717821782178218,0.7240848883926874,
300726.SZ,20210607,实施完成,,20211210,20211231,10.0,10.0,80.0,1、微波电子元器件生产基地建设项目;2、研发中心建设项目;3、补充流动资金。,20210607,0,0.0357353809805081,-0.011548331907613507,-0.006182496364161794,-0.01896207584830345,-0.0071059609755042,-0.09424009124607935,-0.0764643557117024,0.2814371257485029,0.30154156468382065,
600735.SH,20210604,实施完成,,20220309,20220407,3.6,3.6,80.0,用于收购上海荔之实业有限公司50%股权、补充流动资金,20210604,0,0.019531250000000222,-0.10014684185051048,-0.10207084823384271,-0.18358543711401532,-0.18310860845504984,-0.19642214407763148,-0.1833435947542862,-0.17203240084676075,-0.15708515190894112,
002878.SZ,20210506,实施完成,,,,2.37,,80.0,募集配套资金用于1、支付本次交易的现金对价;2、支付本次交易的相关税费及中介机构费用;3、补充上市公司流动资金及归还银行,20210506,0,-0.09995194617972125,-0.03523758675920985,-0.028914195518477626,0.025093432995194842,0.028604479288213414,0.00666372529082615,-0.033479530440037264,-0.13644576646673467,-0.12528067903177853,
603338.SH,20210529,实施完成,,20211217,20220110,15.0,15.0,80.0,"用于年产4,000台大型智能高位高空平台项目",20210528,1,-0.022058823529411686,-0.008439466011968655,-0.012469058389670051,-0.042197330059843496,-0.03981346626738502,-0.05524014116924969,-0.05670397486316903,0.05081868583811122,0.08818745517156867,
603345.SH,20210522,实施完成,,20220217,20220310,57.4,56.75,80.0,1、新基地建设及老基地扩建类项目；2、老基地技术升级改造类项目；3、信息化建设项目；4、品牌形象及配套营销服务体系建设项,20210521,1,-0.03851586059472478,-0.015443862156582333,-0.018463224389213773,-0.013617595680482708,-0.044908554419752944,-0.041130697157376495,-0.05271198378226771,-0.2693565744822237,-0.2757519964765923,
300796.SZ,20210519,实施完成,,20220414,20220518,4.0,4.0,80.0,"用于年产8,500吨戊酮系列绿色新材料项目",20210519,0,-0.019680851063829663,-0.03689636462289747,-0.035792279384104786,0.022246337493217583,-0.0011928106105311143,-0.04232230059685316,-0.046298902020351695,0.051967388179241514,0.04785688869999638,
002064.SZ,20210515,实施完成,,20220304,20220329,28.0,28.0,80.0,用于年产30万吨差别化氨纶扩建项目,20210514,1,0.016990291262136026,-0.04375497215592683,-0.051159911621021736,-0.07637231503579955,-0.07536054000433978,0.017501988862370643,-0.010664640959658467,0.020455862010123838,0.019212323390879416,
603693.SH,20210130,实施完成,,,20211124,7.5,7.5,90.0,购买大唐滨海40.00%股权,20210119,11,-0.018440905280804554,0.030742954739538808,0.04870901229336577,-0.15115286080273282,-0.13414633695883338,-0.04611443210930832,-0.02857433837375789,0.038428693424423344,0.07617804403950013,True
300408.SZ,20210512,实施完成,,20211118,20211217,39.0,39.0,80.0,1、高容量系列多层片式陶瓷电容器扩产项目;2、深圳三环研发基地建设项目。,20210512,0,-0.01832884097035048,-0.014277869302581125,-0.004731109402447364,0.02718286655683677,0.013077347803415185,0.03130148270181232,-0.005640131932626136,0.24240101683450255,0.24103989646792967,
601607.SH,20210512,实施完成,,,20220408,143.84,139.75,80.0,用于补充营运资金及偿还公司债务,20210512,0,-0.05151793928242865,0.020368574199805867,0.03025088634860107,0.12172647914645962,0.10632266508086108,0.059650824442289085,0.021693725514186024,-0.041501874018058826,-0.04255196275987261,
600198.SH,20210512,实施完成,,,20211228,10.0,10.0,80.0,募集配套资金用于投入公司新型高性能系列安全芯片和解决方案的研发及产业化项目、补充上市公司流动资金及偿还债务,20210512,0,-0.008196721311475419,-0.04958677685950408,-0.04038198519999758,-0.05785123966942152,-0.0707890499075371,0.07438016528925617,0.03589545572302777,0.1966942148760331,0.1953831688881782,
603178.SH,20210302,实施完成,,20211118,20211208,4.44,4.44,80.0,1、年产350万套高效节能与新能源关键汽车零部件项目;2、补充流动资金及偿还银行贷款。,20210302,0,-0.012181616832779518,-0.010089686098654682,-0.028995429946900297,-0.020179372197309364,0.023367433461275677,-0.0807174887892379,-0.06691111076229073,0.2017937219730941,0.16626451426760291,
300308.SZ,20210508,实施完成,,20210929,20211105,26.99,26.99,80.0,1、苏州旭创光模块业务总部暨研发中心建设项目;2、苏州旭创高端光模块生产基地项目;3、铜陵旭创高端光模块生产基地项目;4,20210507,1,-0.020893789901334725,-0.058684054534676955,-0.06118750027358422,0.03675163011262583,0.015513255082600041,0.22584469472436264,0.16681232833243875,0.30801977391110413,0.2908737043756642,
603011.SH,20210430,实施完成,,20211230,20220208,4.41,4.41,80.0,用于年产80台煤炭智能干选机产业化项目(一期)、补充流动资金,20210430,0,-0.01948051948051932,0.026490066225165698,0.028152658635078875,0.04194260485651191,0.03715982605575485,0.04635761589403975,0.0026428080594609327,0.1611479028697571,0.1731048819755645,
600259.SH,20210430,实施完成,,20220218,20220314,13.96,13.96,80.0,"1、8,000t/a高性能钕铁硼永磁材料项目;2、富远公司年处理5,000吨中钇富铕混合稀土矿异地搬迁升级改造项目;3、",20210430,0,-0.03705848291835556,0.02104630186410117,0.022700077080739955,0.09320505111244759,0.08818696478123256,0.07336139506915229,0.028518421300177454,0.4131088394467832,0.42766039900757424,
600258.SH,20210430,实施完成,,20211118,20211216,30.0,30.0,80.0,用于酒店扩张及装修升级项目、偿还金融机构贷款,20210430,0,0.003923107100823886,-0.07463853067604531,-0.07313973491956838,-0.05158264947245017,-0.055936123816651584,0.06682297772567414,0.022253166452361306,-0.22508792497069163,-0.2171082287863696,
601615.SH,20210430,实施完成,,,20220214,20.0,20.0,80.0,用于补充流动资金,20210430,0,0.007954545454545103,-0.04735062006764368,-0.04580762644257286,-0.1364148816234496,-0.14037895467082184,-0.15515505033175725,-0.19045104671364965,0.18460102223153085,0.19679951101709703,
601866.SH,20210128,实施完成,,20211209,20211222,14.64,14.64,80.0,募集配套资金用于1、投入寰宇启东生产线技术改造项目;2、寰宇青岛集装箱生产线技术改造项目;3、寰宇宁波物流装备改造项目;,20210128,0,-0.09883720930232553,-0.09999999999999998,-0.09428778790843417,-0.2290322580645161,-0.22830205488853528,-0.17741935483870985,-0.1770239000356656,-0.08064516129032251,-0.06509002690290533,
300214.SZ,20210116,实施完成,,20210423,20210715,2.87,2.87,80.0,用于滨州海洋化工有限公司20万吨/年离子膜烧碱技术改造项目,20210115,1,0.025873221216041298,0.007566204287515754,-0.0007958228512698895,-0.02395964691046648,-0.03488485944167741,0.02900378310214391,-0.007129478916677701,-0.024707952829011948,0.0002045709922275929,
300476.SZ,20210429,实施完成,,20211029,20211124,20.0,20.0,80.0,用于高端多层、高阶HDI印制线路板及IC封装基板建设项目、补充流动资金和偿还银行贷款,20210429,0,-0.04916666666666658,0.019719544259421573,0.028016300893348056,-0.007011393514461006,0.002525331603815406,-0.03996005549575721,-0.07963937478271188,0.03208714107615429,0.06687647073546121,
300540.SZ,20210209,实施完成,,,20220221,4.96,4.96,80.0,用于补充流动资金,20210209,0,0.07023411371237476,-0.008124999999999938,-0.022127332672975397,0.04499999999999993,0.03555445582863914,0.17625000000000002,0.22974522376752438,0.0787500000000001,0.10508480168584655,
002841.SZ,20210428,实施完成,,20220705,20220811,19.95,19.95,80.0,用于投资交互智能显控产品智能制造基地建设项目,20210428,0,-0.07644370585791427,0.016644174538911205,0.011426871452006715,-0.05915429599640132,-0.051173718546912106,-0.01881841355525571,-0.061808033190573486,-0.21033637619299828,-0.19261369783581062,
002639.SZ,20210424,实施完成,,20211129,20211221,6.7,6.7,80.0,用于氢燃料电池系统生产基地建设项目、氢能技术研发中心建设项目、补充流动资金,20210423,1,0.04634146341463419,-0.09906759906759899,-0.09042780919834914,-0.2272727272727273,-0.2211503739518077,-0.14685314685314688,-0.17515187324560566,-0.13869463869463872,-0.16292583810847538,
002371.SZ,20210422,实施完成,,20210930,20211104,85.0,85.0,80.0,1、半导体装备产业化基地扩产项目(四期)；2、高端半导体装备研发项目；3、高精密电子元器件产业化基地扩产项目(三期)；4,20210422,0,-0.013288616085553429,0.05156159815301731,0.048821675564747036,0.08882190726608097,0.08575516483332946,0.1335214519335599,0.09673442107397157,1.2214832399758708,1.1606580068222323,
300073.SZ,20210422,实施完成,,20211110,20211203,46.45,46.45,80.0,1、当升科技(常州)锂电新材料产业基地二期工程项目；2、江苏当升锂电正极材料生产基地四期工程项目；3、当升科技(常州)锂,20210422,0,-0.011202830188679291,0.0017889087656528524,-0.0008213273485478956,-0.026436096203538262,-0.029178206474137602,-0.010137149672033607,-0.0422619190442054,0.49569157905568906,0.4547388554947478,
300119.SZ,20210316,实施完成,,20211020,20211119,13.36,13.36,80.0,1、国际标准兽药制剂自动化工厂建设项目;2、天然植物提取产业基地建设项目;3、华南生物大规模悬浮培养车间建设项目;4、超,20210316,0,-0.07756433490395065,0.07583497053045196,0.07620419301172543,0.17092337917485279,0.18301342791284303,0.1332023575638508,0.14315631453162392,0.4386844211598633,0.3942582272559989,
601233.SH,20210112,实施完成,,,20211012,19.7,19.7,80.0,用于江苏省洋口港经济开发区热电联产扩建项目、年产15万吨表面活性剂、20万吨纺织专用助剂建设项目,20210112,0,0.03986135181975747,0.008333333333333304,0.01104763479293358,0.05208333333333326,0.06446080548433009,0.14583333333333348,0.14737549901868285,-0.17166666666666675,-0.12521179988775988,
002230.SZ,20210119,实施完成,,,20210719,25.5,25.5,80.0,用于补充流动资金,20210119,0,0.06208778712758711,0.007922912205567512,0.0032222244708675074,0.0423982869379016,0.04150828099597881,0.21670235546038552,0.1932888580146146,0.07644539614561041,0.10541101030298305,
300793.SZ,20210420,实施完成,,20211118,20211210,15.0,9.91,80.0,1、江西电声产品柔性智能制造生产线建设项目;2、江西智能穿戴产品柔性生产线建设项目;3、总部创新技术研发中心建设项目;4,20210420,0,-0.014179608372721253,-0.018493150684931403,-0.018489504933624668,-0.05273972602739718,-0.044393758710314146,-0.08561643835616439,-0.08918689512540046,0.08269836686511156,0.06245245523603993,
600395.SH,20210420,实施完成,,20220325,20220418,35.0,35.0,80.0,用于盘江新光2×66万千瓦燃煤发电项目、偿还银行借款及补充流动资金,20210420,0,-0.00537634408602139,-0.013513513513513709,-0.01350984926562826,-0.06756756756756754,-0.05935224299385444,-0.07702702702702713,-0.08063102346507423,0.01621621621621605,-0.002786512834825672,
600418.SH,20210420,实施完成,,,20211213,20.0,20.0,80.0,用于偿还银行贷款和补充流动资金,20210420,0,-0.03253796095444694,-0.039237668161434924,-0.03923409946445722,-0.06838565022421506,-0.06017753348060173,0.0807174887892379,0.0764975364242344,0.9269067879329109,0.8908746059883634,
300223.SZ,20210415,实施完成,,20211022,20211116,13.07,13.07,80.0,1、嵌入式MPU系列芯片的研发与产业化项目;2、智能视频系列芯片的研发与产业化项目;3、车载LED照明系列芯片的研发与产,20210415,0,0.01238207547169834,-0.002038439138031478,-0.010085434433241947,-0.016453115899825566,-0.035222576320454,-0.09202096680256278,-0.12547554804532002,0.7161986174525903,0.653205563189037,
603565.SH,20210413,实施完成,,20210825,20210908,30.0,27.48,80.0,1、集装箱船舶购置项目;2、集装箱购置项目;3、集装箱智能运输信息化平台建设项目;4、补充流动资金。,20210413,0,-0.03580645161290319,-0.0010036801605888268,-0.006924817147806794,-0.012044161927065922,-0.03379852326973942,0.05921712947474078,0.03071961232920173,0.275916025426564,0.2214798707112129,
002163.SZ,20210410,实施完成,,,20220512,6.0,6.0,80.0,用于补充流动资金,20210409,1,0.002623294858342007,0.028257456828885363,0.03962465115109115,0.06907378335949765,0.07658009870734883,-0.07849293563579274,-0.08170609404131846,-0.1308215593929879,-0.14926934906123046,
300246.SZ,20210409,实施完成,,20220119,20220218,5.4,5.4,80.0,1、宝莱特血液净化产业基地及研发中心项目;2、营销网络及信息化建设项目;3、补充流动资金。,20210409,0,-0.11240310077519389,-0.04192139737991252,-0.031330017196279925,-0.013973799126637654,-0.007050587913151052,-0.19737991266375554,-0.20017852982014983,-0.12848376624873759,-0.14698117417049184,
603612.SH,20210116,实施完成,,,20210705,2.65,2.65,80.0,用于补充流动资金,20210115,1,0.015019762845849716,0.09968847352024923,0.09056190216379068,0.08177570093457964,0.0696669500961542,0.33878504672897214,0.2917738776013885,0.39797507788162,0.43368447131945986,
605018.SH,20210401,实施完成,,20220303,20220323,7.6,7.6,80.0,1、年产20亿件汽车高强度紧固件生产线建设项目(一期);2、汽车冲焊件(广清产业园)生产基地建设项目(一期);3、轻量化,20210401,0,-0.05009163103237635,-0.015434083601286175,-0.02053745443847599,0.029581993569131937,0.03425278265422205,-0.13311897106109327,-0.12822100237093037,-0.12468488745980721,-0.15455085173639005,
600841.SH,20210105,实施完成,,20210924,20211108,20.0,20.0,80.0,募集配套资金用于支付本次交易现金对价、标的资产投资项目及补充流动资金,20210105,0,0.09998417372937118,-0.06560134566862919,-0.0714431847069027,-0.2304457527333894,-0.24743539424311622,-0.28259041211101776,-0.2836071781214975,-0.19091673675357457,-0.17951136484981955,
603301.SH,20210929,实施完成,,,20220926,10.0,9.76,80.0,用于补充流动资金,20210929,0,0.0784373107207752,0.017691659646166702,0.008601200183087077,-0.032855939342881446,-0.03977137225158767,0.03482167930356628,0.045989886263250845,0.49957877000842443,0.4742707011080176,
600098.SH,20210610,实施完成,,20211210,20211231,56.27,52.59,80.0,1、广州LNG应急调峰储气库项目;2、广州LNG应急调峰气源站配套码头工程项目;3、广州LNG应急调峰气源站配套管线工程,20210610,0,0.00838926174496657,0.006655574043261225,0.012575600899204176,0.03327787021630613,0.058416522681414174,0.019966722129783676,0.045080575114688104,0.21823679964033205,0.22814279922947112,
300568.SZ,20210928,实施完成,,20220707,20220729,60.0,35.0,80.0,1、高性能锂离子电池湿法隔膜及涂覆隔膜(一期、二期)项目;2、补充流动资金。,20210928,0,-0.08634538152610427,-0.054725274725274775,-0.0371033564288199,-0.06989010989011002,-0.05539350829715417,0.10945054945054933,0.14001908962250198,-0.20615384615384624,-0.2122536120023184,
002921.SZ,20210610,实施完成,,20220222,20220323,4.24,4.24,80.0,用于精密液压零部件智能制造项目、补充营运资金及偿还贷款,20210610,0,-0.023427866831072675,0.0012626262626260765,0.007150937806482904,-0.02146464646464652,0.002342173449339846,-0.010732323232323315,0.013625650864306227,0.05303030303030298,0.06159293859692583,
601011.SH,20210430,实施完成,,20220217,20220308,15.06,12.37,80.0,1、宝泰隆新材料股份有限公司一矿项目;2、宝泰隆新材料股份有限公司二矿项目;3、宝泰隆新材料股份有限公司三矿项目;4、补,20210430,0,-0.02962962962962956,0.03562340966921118,0.03730079523493446,0.11704834605597947,0.11192081299990209,0.0636132315521627,0.019177517297920055,0.1895513254098622,0.20180079019213348,
002548.SZ,20210915,实施完成,,20220825,20220930,7.0,7.0,80.0,1、广东天种生猪标准化养殖项目(一期);2、广东天种生猪标准化养殖项目(二期);3、补充流动资金。,20210915,0,0.005649717514124353,0.035580524344569486,0.049685821331869384,0.020599250936329527,0.03278969068083226,0.07116104868913853,0.09317253998001829,0.04307116104868913,0.049922636680046706,
605333.SH,20210914,实施完成,,20220623,20220711,7.03,7.03,80.0,1、昆山泽轩汽车电器有限公司汽车线束部件生产项目;2、补充流动资金。,20210914,0,-0.0065885797950220315,0.028002947678702927,0.02979630405836242,-0.022107590272660405,-0.016635509837359508,-0.09801031687546069,-0.08099357471763391,0.6448047162859247,0.6392484334968618,
600887.SH,20210605,实施完成,,20211123,20211209,120.47,120.47,80.0,用于1、液态奶生产基地建设项目;2、全球领先5G+工业互联网婴儿配方奶粉智能制造示范项目;3、长白山天然矿泉水项目;4、,20210604,1,0.0020253164556962577,-0.04775138959070235,-0.049787424457451546,-0.012818183438513153,-0.012241617802444482,-0.09151406792655647,-0.07672809792424751,-0.14518208095446783,-0.1297501048172981,
002660.SZ,20210429,实施完成,,,20220719,4.57,4.57,80.0,用于补充流动资金,20210429,0,-0.016129032258064502,-0.0253353204172877,-0.017405144231388836,-0.013412816691505292,-0.003937571244603366,0.02682563338301036,-0.015613998834661191,0.06706408345752624,0.103032406954225,
600929.SH,20210305,实施完成,,,20220118,19.28,19.28,90.0,购买重庆湘渝盐化股份有限公司100%股权,20210305,0,0.007194244604316502,-0.016071428571428403,0.007099599809580859,-0.05535714285714266,-0.041977328814730486,-0.039285714285714146,-0.03443462594183455,0.15820229868847857,0.13163198291654665,
300777.SZ,20210828,实施完成,,20220303,20220330,20.0,20.0,80.0,用于高性能碳纤维及织物产品项目和补充流动资金,20210827,1,-0.03383383383383387,-0.0033153750518025715,-0.0050087905676261535,-0.08992954828014921,-0.10506743911633998,0.115209283050145,0.0904230149391454,0.3870700372979694,0.3708284665233772,
603906.SH,20210828,实施完成,,20220512,20220616,22.0,22.0,80.0,1、新能源汽车动力与储能电池正极材料规模化生产项目;2、年产60万吨车用尿素项目;3、补充流动资金项目。,20210827,1,0.023684210526315752,0.10000000000000009,0.0981310466512888,0.06683804627249357,0.049092521347639195,0.22262210796915172,0.195448518377362,0.26735218508997427,0.2525124223837085,
300416.SZ,20210317,实施完成,,20211215,20220111,6.0,6.0,80.0,1、实验室网络扩建项目；2、补充流动资金。,20210317,0,0.012940651494868227,-0.014537444933920507,-0.019522199542010066,0.0,0.02331122285117182,0.057709251101321746,0.07219901869909351,0.239713893231017,0.21406982625862137,
300035.SZ,20210825,实施完成,,20220311,20220330,22.06,22.06,80.0,用于1、湖南中科星城石墨有限公司年产5万吨锂电池负极材料生产基地项目;2、年产3万吨锂电池负极材料及4.5万吨石墨化加工,20210825,0,0.055603448275862055,-0.012658227848101222,-0.0017407675385398003,-0.03960800326663949,-0.046801208744860046,0.4148632094732545,0.3864005922471454,0.4581461821151491,0.4484476667105224,
603187.SH,20210825,实施完成,,20220705,20220729,10.0,10.0,80.0,1、年产100万台高端立式冷藏展示柜扩产项目;2、补充流动资金项目。,20210825,0,0.01565656565656548,-0.028344107409249086,-0.01760009257962125,-0.0024863252113376255,-0.009957567011035673,-0.0087021382396818,-0.028643947036058992,0.12257583291894569,0.11510928454268265,
603817.SH,20210824,实施完成,,20220616,20220705,5.1,5.1,80.0,1、福州市连坂污水处理厂三期工程项目;2、福州滨海新城空港污水处理厂PPP项目;3、补充流动资金。,20210824,0,-0.0035211267605633756,0.02296819787985882,0.01548091111452865,0.03356890459363937,0.02497438915479222,0.10424028268551244,0.06550950363411157,0.03180212014134276,0.011734857919271535,
002459.SZ,20210824,实施完成,,20220419,20220516,50.0,50.0,80.0,1、年产20GW单晶硅棒和20GW单晶硅片项目;2、高效太阳能电池研发中试项目;3、补充流动资金。,20210824,0,0.05316799728214727,0.10000000000000009,0.09194890373040665,0.2548387096774194,0.24440425231743745,-0.0754838709677419,-0.10791089838601509,0.409193548387097,0.38178649435501066,
603871.SH,20210423,实施完成,,20211208,20211217,5.84,5.84,80.0,用于服务贸易基础设施技术改造项目、购置装载机车辆项目、补充流动资金,20210423,0,-0.03656821378340358,-0.021897810218978075,-0.012517975081940635,0.08953771289537715,0.09817016974042803,0.16788321167883202,0.12914473735434617,0.06727430709186333,0.037248560444689494,
300619.SZ,20210514,实施完成,,,20211210,1.07,1.07,80.0,1、偿还银行借款;2、补充流动资金。,20210514,0,0.01202843083652283,-0.03619665045921128,-0.043660119812558795,0.014046461372231311,0.015157284387888659,0.19394921663965436,0.16089815042111,1.5892684522120533,1.5861131414967278,
002129.SZ,20210428,实施完成,,20211019,20211105,90.0,90.0,80.0,用于50GW(G12)太阳能级单晶硅材料智慧工厂项目,20210428,0,-0.0068369917236414945,-0.01594202898550734,-0.020992103356115344,-0.010869565217391464,-0.002479420043917435,0.04347826086956519,-0.0022408334879314706,0.6074022811079669,0.6434777349592498,
000756.SZ,20210415,实施完成,,,20220413,2.5,2.5,80.0,用于偿还有息负债及补充流动资金,20210415,0,-0.0034602076124566894,0.006944444444444198,-0.0011749837226929793,0.0347222222222221,0.014976160178507003,0.06944444444444442,0.030040653450184474,-0.011574074074074292,-0.04785423847589343,
600109.SH,20210811,实施完成,,20220418,20220510,60.0,58.17,80.0,1、资本中介业务投入;2、证券投资业务投入;3、向全资子公司增资;4、信息技术及风控合规投入;5、补充营运资金及偿还债务,20210811,0,-0.06076388888888884,-0.003696857670979825,-0.0014683925536046472,0.06561922365988893,0.08009192795069908,0.1182994454713493,0.07491917508139445,-0.010166358595194103,-0.011978410477561652,
300168.SZ,20210807,实施完成,,20221228,20230130,30.0,19.78,80.0,1、未来公卫和医疗创新管理服务项目;2、未来城市智慧服务平台项目;3、企业人力资源数字化平台项目;4、偿还银行贷款。,20210806,1,0.006535947712418277,0.012175324675324894,0.0016304836913723086,0.01379870129870131,-0.002944046919562182,0.038149350649350655,0.00235149796495171,-0.07792207792207784,-0.09074600084656015,
300274.SZ,20210203,实施完成,,20210915,20211022,36.38,36.38,80.0,1、年产100GW新能源发电装备制造基地项目;2、研发创新中心扩建项目;3、全球营销服务体系建设项目;4、补充流动资金项,20210203,0,0.057113821138211396,0.05268217650451845,0.05732618857912808,0.14487598538742552,0.10171942848190652,-0.335896942895597,-0.3043365646430657,-0.2364929821188233,-0.2197530597831019,
000905.SZ,20210804,实施完成,,20220715,20220815,8.0,8.0,80.0,1、古雷港区北1-2#泊位工程项目;2、拖轮购置项目;3、补充流动资金。,20210804,0,-0.0015723270440253234,-0.0015748031496062298,0.0014981946157492931,0.009448818897637823,-0.006382538422984085,0.05984251968503962,0.033137085029861124,0.08818897637795287,0.08371690715788738,
002916.SZ,20210803,实施完成,,20220125,20220224,25.5,25.5,80.0,用于高阶倒装芯片用IC载板产品制造项目、补充流动资金,20210803,0,-0.05579993483219292,0.009231300146665733,0.0007483692617202831,-0.07177982917781034,-0.09332639732368675,-0.21111206970925722,-0.23247045782367315,-0.04227417824173918,-0.06369261608673782,
600027.SH,20210326,实施完成,,,20210928,0.3,0.3,90.0,购买蒙东能源45.15%股权、福源热电36.86%股权,20210326,0,0.03857566765578624,0.014285714285714235,0.009275515247166854,0.03142857142857158,0.011872206143356046,-0.02857142857142847,-0.035018823313557434,-0.011428571428571455,-0.06328420787057432,
300422.SZ,20210323,实施完成,,,20211025,7.57,7.57,80.0,用于偿还银行借款,20210323,0,-0.03428011753183158,0.02535496957403649,0.0388905687725245,-0.09026369168356996,-0.10215105992240803,-0.12778904665314406,-0.14321465904689779,-0.1206896551724137,-0.1567535671127367,
605377.SH,20210727,实施完成,,20220303,20220323,8.2,8.2,80.0,用于年产18万吨特种纸生产线扩建项目(一期)、补充流动资金,20210727,0,-0.07124010554089699,-0.042613636363636465,-0.0370332890512064,0.03238636363636349,0.012382899758682786,-0.014772727272727382,-0.0521378605058912,-0.11477272727272736,-0.14930037811611052,
603985.SH,20210127,实施完成,,,20211020,14.74,14.74,80.0,"1、年产5万吨12MW海上风电机组用大型精加工锻件扩能项目;2、年产4,000套大型风电轴承生产线项目;3、年产10万吨",20210127,0,-0.0930930930930931,-0.06589403973509933,-0.047728442678117156,-0.11721854304635759,-0.10315521110790504,-0.09205298013245022,-0.09295747384087727,-0.152317880794702,-0.12830398509482688,
600859.SH,20210130,实施完成,,20211130,20211216,40.0,37.43,80.0,募集配套资金用于1、免税业务项目及其他项目建设;2、补充流动资金;3、偿还债务;4、支付本次交易的中介机构费用。,20210115,15,0.0028248587570622874,0.10015649452269182,0.1193313141885437,0.0062597809076681,0.02641900708653111,-0.05633802816901401,-0.03898689648300091,0.0028169014084507005,0.039270629691350534,True
603363.SH,20210329,实施完成,,,20220506,14.4,14.4,80.0,"1、15,000头母猪自繁自养猪场项目(一期);2、年产18万吨饲料(一期)项目;3、补充流动资金。",20210329,0,-0.0014295925661186315,-0.01073729420186098,-0.016856243269913307,0.0014316392269146938,-0.012275020368167855,-0.06370794559770931,-0.06569749860460272,-0.2424236964138584,-0.27836103719715966,
300129.SZ,20210726,实施完成,,,20220606,10.81,10.81,80.0,用于补充流动资金,20210726,0,0.07328244274809159,0.11237553342816509,0.14075342226141263,0.267425320056899,0.2685797747670795,0.29018492176386923,0.2865890157832487,0.391180654338549,0.3541334695697178,
300751.SZ,20210724,实施完成,,20211202,20211222,28.12,28.12,80.0,用于异质结太阳能电池片设备产业化项目和补充流动资金,20210723,1,0.032310060671919105,0.005280794399901589,0.029331260823090233,0.1444762188810329,0.196030846622387,0.1762311619502097,0.21846517632914586,0.19475780276846932,0.17906919916396347,
600886.SH,20210720,实施完成,,,20211209,36.33,36.33,80.0,用于两河口水电站项目、补充流动资金,20210720,0,-0.07422680412371119,-0.013363028953229494,-0.020527586486687288,-0.07015590200445443,-0.027363061839411507,0.0033407572383072903,0.029483831179344167,0.30101623208661965,0.28002767398949646,
300656.SZ,20210717,实施完成,,20211228,20220121,5.0,5.0,80.0,1、碳化硅功率器件的研发和产业化项目;2、适用于新型能源供给的高端沟槽型肖特基二极管产能的提升及技术改进项目;3、补充流,20210716,1,-0.009781545484186416,0.010865986170562891,0.010917770194227794,0.05498847546921293,0.0516923462924852,0.6898254856766546,0.7008809355746835,0.4537372406980571,0.43195052106575793,
600480.SH,20210716,实施完成,,20220301,20220324,13.8,13.8,80.0,1、盐城新能源汽车零部件项目;2、武汉新能源汽车零部件项目;3、涿州新能源汽车零部件项目;4、收购凌云吉恩斯49.90%,20210716,0,0.0028328611898016387,-0.04519774011299427,-0.04514882808756493,-0.012569407712337055,-0.015654463957890274,0.020789733919003073,0.027468109795932616,-0.13456855424980896,-0.1475385131541299,
002270.SZ,20210714,实施完成,,,20220322,5.0,5.0,80.0,用于偿还公司有息负债、补充流动资金,20210714,0,-0.012371134020618513,0.0,-0.01012433350683617,0.014613778705636848,0.004885318515981174,0.1899791231732777,0.188591215563906,0.6638830897703547,0.6434522621242178,
001872.SZ,20210714,实施完成,,,20221012,109.17,106.69,80.0,用于补充流动资金及偿还债务,20210714,0,0.0,-0.020178041543026604,-0.030098085827766408,-0.04122964179981892,-0.050422656379880526,-0.09287443295762343,-0.09393244015509128,-0.012065524440117437,-0.024196376132724295,
002179.SZ,20210710,实施完成,,20211217,20220117,34.0,34.0,80.0,用于1、中航光电(广东)有限公司华南产业基地项目;2、中航光电基础器件产业园项目(一期);3、补充流动资金。,20210709,1,-0.035620992638328186,0.01883772469835021,0.012017945315663692,0.027333169170155047,0.022916596254842547,0.1591972420586063,0.18127363513153116,-0.02807190347205113,-0.03433271818371142,
688122.SH,20210709,实施完成,,20211223,20220112,20.13,20.13,80.0,1、航空航天用高性能金属材料产业化项目;2、高性能超导线材产业化项目;3、超导创新研究院项目;4、超导产业创新中心;5、,20210709,0,-0.024752475247524663,0.00179157957599263,-0.0049140982709521275,-0.0008957897879964261,-0.005191004550663347,0.27217079725291105,0.29639872116185306,0.04060913705583746,0.03390590353718381,
300671.SZ,20210129,实施完成,,20211201,20211227,9.0,9.0,80.0,1、5G射频芯片、LED芯片及电源管理芯片生产建设项目;2、研发中心项目;3、补充流动资金。,20210129,0,-0.15944540727902945,-0.019734904270986786,-0.025947240682957284,-0.11163475699558179,-0.1150048623061024,0.050073637702503504,0.04440120952302551,0.6347569955817376,0.6546074248000691,
300557.SZ,20210706,实施完成,,20220228,20220415,4.21,4.21,80.0,1、光栅阵列传感技术产业化建设项目;2、智慧消防物联平台建设项目;3、补充流动资金。,20210706,0,0.023880597014925398,-0.0018221574344022828,-0.008410714785693996,0.030612244897959107,0.020133210991939432,0.12645772594752192,0.15333449280064926,-0.058309037900874716,-0.0683134824302497,
600055.SH,20210706,实施完成,,,20220325,20.83,20.62,80.0,1、投资“MRI产品研发和产业化项目”;2、投资“CT产品研发和产业化项目”;3、投资“DSA产品研发和产业化项目”;4,20210706,0,0.05493133583021215,0.07041420118343189,0.06334884163186416,0.2531611434706491,0.2404192823321416,0.3645929712542968,0.3971515362967337,0.11074292507336647,0.09894248689615215,
000010.SZ,20210104,实施完成,,,20220628,7.5,7.5,80.0,用于补充流动资金,20210104,0,0.03585369405526628,0.0,-0.007288369603256628,-0.04938271604938271,-0.057065022099121676,-0.08148148148148138,-0.0820907729120689,0.05679012345679024,0.06285572469038914,
603982.SH,20211230,实施完成,,20221116,20221209,22.84,11.93,80.0,1、高端汽车零部件智能制造项目(二期);2、汽车零部件智能制造欧洲生产基地项目;3、新能源零部件生产基地项目;4、补充流,20211230,0,-0.034017838622692254,0.009233412067854774,0.0035251240214113633,-0.16834872235344656,-0.15913761184247333,-0.2939660725789135,-0.23982871347190204,-0.48464676830577624,-0.4318240748772242,
002487.SZ,20211230,实施完成,,20221124,20230104,51.0,30.66,80.0,1、辽宁阜新彰武西六家子250MW风电场项目;2、大金重工蓬莱基地产线升级及研发中心建设项目;3、大金重工(烟台)风电有,20211230,0,-0.09214609692050602,0.018932421772284824,0.013169275513166268,-0.03313173810149883,-0.02242300638993089,0.04102024717328412,0.12084372982764857,-0.18616881409413633,-0.10275271695552934,
300164.SZ,20210608,实施完成,,20211223,20220310,1.2,1.2,80.0,用于页岩气射孔技术服务升级项目、补充流动资金,20210608,0,-0.007751937984496249,0.04687499999999978,0.043583960393261734,0.16927083333333348,0.1898016469928161,0.12500000000000022,0.13335453766628236,0.1171875,0.12126071879753164,
601966.SH,20210914,实施完成,,20220324,20220415,24.05,24.05,80.0,"用于长春年产120万条全钢子午线轮胎和300万条半钢子午线轮胎生产项目,补充流动资金",20210914,0,-0.03678229665071764,-0.02576839490841365,-0.024068842909849675,-0.06302390561937288,-0.05778078428679756,0.2496119217634276,0.27318682984478615,0.19776466935734227,0.19371852384729937,
688126.SH,20210113,实施完成,,20220210,20220303,50.0,50.0,80.0,1、集成电路制造用300mm高端硅片研发与先进制造项目;2、300mm高端硅基材料研发中试项目;3、补充流动性资金。,20210113,0,0.01789077212806034,0.13660191181005232,0.1470398046595769,0.1427690410114093,0.1477315866910427,-0.10792476102374349,-0.1216988032908276,-0.25408572309589883,-0.21026901239659102,
002838.SZ,20210605,实施完成,,20220627,20220720,7.71,7.71,80.0,1、12万吨/年全生物降解塑料PBAT项目(一期)；2、山东道恩高分子材料西南总部基地项目(一期)；3、补充流动资金。,20210604,1,0.005316321105794719,-0.007932310946589083,-0.010053484328212403,-0.029613960867265976,-0.029047204840667362,-0.06768905341089371,-0.052515321818122795,-0.20888418826017974,-0.19460222240932545,
300887.SZ,20210928,实施完成,,20220317,20220419,12.4,12.4,80.0,1、谱尼测试集团山东总部大厦暨研发检测中心项目；2、谱尼西北总部大厦(西安)项目；3、补充流动资金。,20210928,0,-0.10421650717703346,-0.015022533800701066,0.00333952748065669,0.12168252378567845,0.13916495767226045,0.21582373560340518,0.24932316171321478,0.06826907027207474,0.0600606898947762,
300846.SZ,20210106,实施完成,,20220118,20220217,10.32,7.15,80.0,1、一体化云服务平台升级项目;2、弹性裸金属平台建设项目;3、补充流动资金。,20210106,0,-0.03779599271402567,-0.05111216280170361,-0.05783250991265332,-0.13251301467108367,-0.14402962694037513,0.10932323710364433,0.11991046430961005,0.0023663038334122977,0.02203105408339434,
603041.SH,20210424,实施完成,,20220412,20220427,4.89,4.26,80.0,用于4.5万吨/年有机胺系列产品项目(一期2.5万吨/年有机胺催化剂项目),20210423,1,-0.012151536812008423,-0.08972503617945016,-0.08099565270682851,-0.02821997105644003,-0.020520513696267728,-0.07452966714905951,-0.10522735024674124,-0.11541244573082499,-0.14029864566578065,
002870.SZ,20210831,实施完成,,20220412,20220511,6.0,6.0,80.0,1、新能源汽车充电设备及运营平台开发项目;2、目的地充电站建设项目;3、补充流动资金及偿还贷款。,20210831,0,-0.055604075691412125,-0.03514180024660907,-0.04140646616835941,-0.030517879161529038,-0.06549551662383946,-0.04192355117139346,-0.048428553935050966,0.1559802712700371,0.14631034636812057,
600526.SH,20210727,实施完成,,20220819,20220831,8.22,7.98,80.0,募集配套资金用于1、桐庐县分水镇污水厂;2、福清市元洪投资区污水处理厂一二期提标改造;3、青田县金三角污水处理厂清洁排放,20210727,0,0.0028694404591105283,-0.10014306151645214,-0.09489803773194216,-0.15593705293276106,-0.17229157219692237,-0.19456366237482126,-0.22511015342240237,-0.23462088698140215,-0.26447394685799974,
000636.SZ,20210107,实施完成,,20220331,20220427,50.0,50.0,80.0,用于祥和工业园高端电容基地建设项目、新增月产280亿只片式电阻器技改扩产项目,20210107,0,-0.031003039513677888,-0.04611041405269756,-0.044481529955636034,0.1113550815558344,0.11456519473161197,-0.04956085319949788,-0.02938277792321542,-0.07622333751568366,-0.042618547527697115,
000959.SZ,20210913,实施完成,,20220414,20220607,25.0,2.91,80.0,募集配套资金用于1、铁前系统节能降耗综合改造项目;2、钢渣高值化综合利用项目;3、无人仓储及智能物流改造项目;4、炼钢部,20210913,0,0.10060606060606059,0.02753303964757725,0.0423377462280321,-0.05176211453744495,-0.029056972806578485,-0.26762114537444937,-0.24141080935287818,-0.2750405750057965,-0.261576984310227,
920167.BJ,20211207,实施完成,,20220826,20220928,1.05,0.78,80.0,"1、年产涂锡铜带(丝)15,000吨项目;2、补充流动资金。",20211207,0,0.00535540408958135,0.030024213075060535,0.017995650703508836,0.08861985472154976,0.06886722699831105,-0.027602905569007352,-0.027626680121970226,-0.2784503631961258,-0.20340135562824946,
000798.SZ,20211204,实施完成,,20220610,20220705,4.0,4.0,80.0,1、更新建造合计17艘金枪鱼钓船项目;2、金枪鱼研发加工中心项目;3、补充流动资金。,20211203,1,0.016925246826516416,-0.016643550624133252,-0.011677572008647608,0.01664355062413314,0.0003067849736322348,0.07073509015256585,0.06122049231012139,-0.008321775312066348,0.06064795185339911,
605266.SH,20210908,实施完成,,,20220429,4.2,4.2,80.0,用于健之佳广西现代物流中心工程项目以及补充流动资金,20210908,0,0.037405812701829966,-0.01037613488975353,-0.015184230433993418,-0.05045395590142676,-0.04552905785415928,0.0027237354085603016,0.031584257964122564,-0.00025940337224383825,0.0021507081279097395,
003038.SZ,20211202,实施完成,,20220520,20220616,7.8,7.8,80.0,1、年产10万吨光伏铝部件项目;2、补充流动资金。,20211202,0,-0.023415977961432355,0.03385049365303239,0.02422213397798023,0.0014104372355430161,-0.025636720032969795,0.15923836389280654,0.14471170847894999,-0.06911142454160801,-0.03504013407855533,
600481.SH,20210809,实施完成,,20220725,20220817,34.88,34.88,80.0,用于双良硅材料(包头)有限公司40GW单晶硅一期项目(20GW)、补充流动资金,20210809,0,-0.040632054176072074,-0.02588235294117658,-0.03562264385801939,0.00588235294117645,-0.0006121733550545905,0.29176470588235315,0.24638908380240943,0.5705882352941176,0.5715655409151559,
603588.SH,20211201,实施完成,,20220728,20220816,27.58,27.58,80.0,1、危废资源综合利用项目；2、生活垃圾焚烧发电项目；3、补充流动资金。,20211201,0,0.005721551176096629,-0.01390644753476622,-0.013065028830459013,-0.005056890012642201,-0.021654612746000557,0.09481668773704177,0.08869432827980228,0.1725663716814161,0.20482616351571314,
300631.SZ,20210426,实施完成,,20211108,20220120,1.03,1.03,80.0,1、盐湖提锂中试平台建设项目；2、固危废智能云仓综合服务项目。,20210426,0,0.0026652452025583973,-0.01329080276448702,-0.01370504961414265,-0.03880914407230196,-0.038841767691173645,0.161616161616162,0.10764177860857749,1.659405350034362,1.5775867559113332,
002160.SZ,20211127,实施完成,,,20230118,8.25,8.25,80.0,用于补充流动资金及偿还短期借款,20211122,5,0.04357298474945548,0.10020876826722325,0.10619446891243278,-0.014613778705636737,-0.021538927340548297,0.03340292275574108,0.02312794200638768,0.025052192066805867,0.06051233612455742,
600713.SH,20210911,实施完成,,,20220221,9.98,9.98,80.0,用于补充流动资金及偿还有息负债,20210910,1,-0.010351966873705987,-0.012552301255230214,-0.01581121656824158,-0.029288702928870536,-0.0053446257895489735,-0.07322175732217584,-0.04486066423156776,-0.043933054393305526,-0.033074726053186065,
300353.SZ,20210429,实施完成,,20211122,20220117,1.6,1.6,80.0,用于工业互联网通信设备研发升级建设项目、信息化升级项目、补充流动资金,20210429,0,0.01967213114754096,-0.01768488745980701,-0.009692464962410274,0.03858520900321549,0.048559846763891024,0.1559485530546625,0.10817215377199019,0.5080385852090032,0.5588711645443947,
603885.SH,20210803,实施完成,,20220728,20220812,33.02,33.02,80.0,用于引进飞机及备用发动机项目、偿还银行贷款,20210803,0,0.03996598639455784,-0.013082583810302473,-0.02137795894330663,0.06214227309893716,0.037487001012282306,0.1594439901880622,0.12805315026199438,0.2845461978740802,0.2558187977422919,
600874.SH,20211123,实施完成,,20220914,20220928,8.3,8.3,80.0,用于1、安徽阜阳界首高新区田营科技园污水处理厂建设项目;2、洪湖市乡镇污水处理厂新建及提标升级和配套管网(二期)PPP项,20211123,0,-0.02457757296466967,-0.007874015748031482,-0.008871774508658281,0.02834645669291347,0.03561845819477516,0.09606299212598435,0.08516753443119884,0.09921259842519703,0.13069837719749833,
688661.SH,20211120,实施完成,,20220915,20220929,7.0,7.0,80.0,1、MEMS工艺晶圆测试探针研发量产项目;2、基板级测试探针研发量产项目;3、补充流动资金。,20211119,1,0.022101980924431386,0.11260655002243158,0.10586449691938338,0.08380439659039918,0.08267439768023443,-0.057963212202781667,-0.07663359019967642,-0.26819201435621354,-0.2535665774186038,
300345.SZ,20211120,实施完成,,,20221227,5.49,5.49,80.0,用于补充公司流动资金,20211119,1,0.012987012987013102,0.0073260073260073,0.0012219218940667798,-0.02930402930402931,-0.03031609881808406,-0.005494505494505586,-0.02520476919431691,0.07692307692307687,0.0984457589068477,
300750.SZ,20210813,实施完成,,20220615,20220704,450.0,450.0,80.0,1、福鼎时代锂离子电池生产基地项目;2、广东瑞庆时代锂离子电池生产项目一期;3、江苏时代动力及储能锂离子电池研发与生产项,20210813,0,9.96015936254313e-05,-0.04989542874215713,-0.05017792006597355,-0.015815157852803408,0.00973184398871818,9.959167413597925e-05,-0.05035259303666617,0.22491783686883782,0.22300911704058435,
688568.SH,20211113,实施完成,,20220624,20220718,15.5,15.5,80.0,用于GEOVIS Online在线数字地球建设项目、补充流动资金,20211112,1,0.02170963364993206,-0.005577689243027928,-0.003945996902597004,0.011686586985391934,0.005641768455330487,-0.06294820717131477,-0.09547040328323497,-0.1779548472775565,-0.15153100061123992,
300769.SZ,20211111,实施完成,,20220530,20220620,32.0,32.0,80.0,用于年产11万吨新型磷酸盐系正极材料生产基地项目、补充流动资金,20211111,0,-0.01009116976692892,0.024231733358091256,0.022404317209456792,-0.019905301271933795,-0.016543809558845823,0.14295794262371198,0.0993139934554137,-0.07527620462352613,-0.05662713169086009,
600744.SH,20211109,实施完成,,20221107,20221130,10.0,8.4,80.0,用于1、醴陵泗汾镇鸭塘50MW复合光伏发项目;2、湘潭石坝口水库50MW渔光互补光伏项目;3、衡南县黄吉50MW林光互补,20211109,0,0.10054844606946989,0.08637873754152836,0.09090166890879137,-0.02491694352159468,-0.02901046385936179,0.038205980066445155,0.012767987406758996,-0.13455149501661123,-0.12782277678461162,
601228.SH,20211104,实施完成,,20220823,20220921,40.0,40.0,80.0,1、南沙港区粮食及通用码头筒仓三期工程项目;2、南沙集装箱码头分公司堆场三期工程项目;3、新沙港区11号12号通用泊位及,20211104,0,0.0,-0.006309148264984188,0.0037365683581083164,-0.006309148264984188,-0.00797433532822378,0.006309148264984188,-0.006916540874097432,0.018927444794952786,0.06907175988787273,
300506.SZ,20211013,实施完成,,20211028,20211230,2.55,2.55,80.0,1、补充工程配套资金项目；2、总部基地建设项目；3、补充流动资金。,20211013,0,-0.01619433198380571,0.03429355281207136,0.03530590655936239,0.0397805212620026,0.03246449168868337,0.1742112482853222,0.1975110496214476,0.0,-0.006780915491214068,
600029.SH,20211030,实施完成,,,20221123,45.0,45.0,90.0,用于补充流动资金,20211029,1,0.04458598726114649,-0.021341463414634054,-0.020552733792806643,-0.018292682926829062,-0.0026125498045461715,-0.018292682926829062,-0.022907280191174384,0.08993902439024404,0.09712396424575687,
300737.SZ,20210318,实施完成,,,20220412,3.94,3.94,80.0,用于购买丰泽股份100%股权,20210318,0,-0.05517762660619807,-0.027999999999999914,-0.011325996807790117,-0.050000000000000044,-0.021904207154763045,0.10719999999999996,0.11897772792752082,0.3660000000000001,0.34177030552663834,
002108.SZ,20211022,实施完成,,20220713,20220810,13.75,12.38,80.0,"用于1、年产38,000吨高阻隔尼龙薄膜项目(芜湖);2、年产38,000吨高阻隔尼龙薄膜项目(沧州);3、补充流动资金",20211022,0,0.09946949602122013,0.10012062726176096,0.09181333374357314,0.19179734620024136,0.20364615660958396,0.0458383594692402,0.05236834755944253,-0.09650180940892639,-0.0860584057883872,
000528.SZ,20210129,实施完成,,,20220304,74.28,74.28,90.0,吸收合并广西柳工集团机械有限公司,20210129,0,-0.08180708180708185,0.09574468085106402,0.0888005035986732,0.04787234042553212,0.043897128465108626,0.2273936170212767,0.22076331806839944,0.26994680851063846,0.28536744246511536,
600796.SH,20210116,实施完成,,,20211223,21.03,21.03,90.0,用于购买浙江海云环保有限公司100%股权、海宁首创水务有限责任公司40%股权、海宁实康水务有限公司40%股权、海宁绿动海,20201231,16,0.040169133192388795,0.09956768145716977,,0.006073941444175723,,-0.09148474378677485,,-0.0040884216007149865,,True
600552.SH,20211019,实施完成,,20221024,20221114,15.0,15.0,80.0,1、柔性玻璃(UTG)二期项目;2、深圳国显新型显示研发生产基地项目;3、偿还有息负债及补充流动资金。,20211019,0,0.0046242774566473965,-0.023014959723820505,-0.021339241504236273,0.013808975834292303,0.012545278555594175,0.07249712313003465,0.09423054417667887,0.23820483314154206,0.23673210740474615,
000301.SZ,20210513,实施完成,,20220617,20220720,40.89,40.89,80.0,募集配套资金用于1、支付现金对价;2、补充上市公司流动资金或偿还有息负债。,20210513,0,0.09926715522984697,0.0,-0.017430814477820578,0.032727272727272716,0.009932026088787405,0.06181818181818177,0.008497918689657435,0.3810971467840196,0.36963870901352003,
002154.SZ,20210511,实施完成,,,20220110,8.8,7.3,80.0,用于企业数字化转型项目、研发中心扩建项目、补充流动资金,20210511,0,0.10000000000000009,0.10079051383399218,0.09414463764786207,0.005928853754940677,-0.01891825717012785,0.016061834546604148,-0.023177677336063796,0.10606731201628383,0.09481546255205542,
603223.SH,20211014,实施完成,,,20220803,24.0,24.0,80.0,用于补充公司营运资金,20211014,0,0.010875475802066159,-0.01855836471221073,-0.022428425369432237,-0.13636363636363635,-0.14513352191351458,-0.11780527165142551,-0.11143907539177678,-0.10166756320602477,-0.10700383766086996,
688598.SH,20211012,实施完成,,20220711,20220728,31.03,31.03,80.0,1、高纯大尺寸先进碳基复合材料产能扩建项目;2、金博研究院建设项目;3、补充流动资金项目。,20211012,0,-0.024274169410356206,0.09423601950980087,0.0896811808421969,0.08702720942360198,0.07304527182003473,0.09819319611031019,0.11069837542637084,0.027638884628362614,0.013850075498655912,
000401.SZ,20210401,实施完成,,20211222,20220114,20.0,20.0,80.0,募集配套资金用于1、补充流动资金和偿还债务。,20210401,0,-0.003833865814696469,-0.028864656831302016,-0.03389841201898858,-0.017960230917254516,-0.013505121306552126,-0.10070558050032064,-0.09562447275553676,-0.166696086981875,-0.19512861892515643,
002245.SZ,20211009,实施完成,,20220621,20220720,25.0,25.0,80.0,用于1、年产20亿AH高效新型锂离子电池产业化项目;2、高效新型锂离子电池产业化项目(二期);3、补充流动资金。,20211008,1,-0.04923518164435947,0.016088486676722136,0.016218025833961924,0.044746103569633044,0.05053677272027057,0.21518350930115648,0.25019532486292717,0.3831070889894421,0.36501584391473774,
300293.SZ,20210529,实施完成,,20210930,20211117,1.2,1.2,80.0,用于收购工业清洗系统及表面处理业务子公司SBS Ecoclean GmbH 15%的少数股权,20210528,1,-0.026098901098901228,0.0049365303244006675,0.0008525793765123968,0.0,0.0024888882306075555,0.04019746121297607,0.038585754197886235,0.19181946403385042,0.2342024433611396,
688778.SH,20220302,实施完成,,,20220818,35.0,35.0,80.0,"1、海璟基地9#车间锂离子电池正极材料30,000吨扩产项目;2、补充流动资金及偿还银行贷款。",20220302,0,-0.008714596949891074,-0.026687598116169498,-0.025826687640957746,-0.1330193615907901,-0.07236905225801482,-0.010361067503924626,0.05556112883010522,-0.04558974358974355,0.04499828774563208,
688308.SH,20220330,实施完成,,20221110,20221125,8.0,8.0,80.0,1、株洲欧科亿切削工具有限公司数控刀具产业园项目;2、补充流动资金。,20220330,0,-0.0003527336860671415,-0.005469301340861099,-0.0010678907321316489,-0.06580804516584327,-0.06157189852280365,-0.15314043754410722,-0.09212624769541533,0.1883335615500481,0.14217240952627286,
600500.SH,20220326,实施完成,,20221118,20221207,50.0,49.75,80.0,1、碳三产业一期项目;2、补充流动资金。,20220325,1,-0.0028409090909091717,-0.0014245014245013454,-0.002127433370452625,-0.005698005698005493,-0.027044692573693574,-0.19658119658119655,-0.10589282213218332,-0.04415954415954404,-0.09138189576442846,
002849.SZ,20211111,实施完成,,20221026,20221122,3.79,3.79,80.0,1、智能计量表具终端未来工厂建设项目;2、智慧城市先进计量及系统产业研发中心建设项目;3、归还银行借款、补充流动资金。,20211111,0,0.014309764309764272,0.01327800829875514,0.011470135592692499,0.024896265560165887,0.028411415991982825,0.031535269709543456,-0.007853994932306985,0.05975103734439835,0.08112322921911708,
301071.SZ,20220326,实施完成,,20220819,20220919,40.0,39.12,80.0,1、商丘力量钻石科技中心及培育钻石智能工厂建设项目;2、力量二期金刚石和培育钻石智能化工厂建设项目;3、补充流动资金。,20220325,1,-0.025093251949813378,-0.07826086956521738,-0.07890971372526367,0.07130434782608686,0.048304496078167114,-0.199408695652174,-0.1090394838782337,0.16973857391304326,0.11194879750674103,
002213.SZ,20220326,实施完成,,,20221228,3.13,3.13,80.0,用于补充流动资金,20220325,1,0.01947040498442365,-0.023682200152788435,-0.02436946413221963,-0.059587471352177124,-0.07977720434885249,-0.3177998472116119,-0.2407944016806125,0.22536287242169584,0.16482503260596104,
000409.SZ,20220325,实施完成,,,20221102,8.68,8.68,80.0,用于偿还债务及补充流动资金,20220325,0,0.018927444794952786,-0.021671826625387025,-0.022360505776508055,-0.051083591331269385,-0.07145589427658716,-0.29721362229102166,-0.2178844431529101,-0.15170278637770895,-0.19361207054992235,
300471.SZ,20210211,实施完成,,,20220527,1.55,1.55,80.0,用于补充流动资金,20210210,1,-0.008274231678487065,0.05125148986889139,0.04545397931588924,0.22407628128724655,0.2553328355005844,0.12872467222884398,0.19736672726778792,0.3075089392133492,0.35421953325309263,
001267.SZ,20211222,实施完成,,20220901,20220929,3.38,3.38,80.0,1、园林工程项目;2、总部办公楼项目;3、偿还银行贷款。,20211222,0,0.09969788519637457,-0.03388278388278376,-0.039377524866495595,-0.3076923076923077,-0.30276173761937264,-0.3992673992673993,-0.387852008904199,-0.43956043956043955,-0.3753559472046252,
300316.SZ,20211026,实施完成,,20220708,20220729,14.2,14.2,80.0,1、12英寸集成电路大硅片设备测试实验线项目；2、年产80台套半导体材料抛光及减薄设备生产制造项目；3、补充流动资金。,20211026,0,-0.009871931696904923,0.009835623821072614,0.019851614921065686,0.03408784694152511,0.06122871705156552,-0.04015090272163857,-0.037864785792295685,-0.1782538399353275,-0.1691411627229551,
000420.SZ,20211104,实施完成,,20220628,20220727,12.0,12.0,80.0,用于1.2万吨碳纤维复材项目、偿还银行借款,20211104,0,0.09975062344139674,-0.006802721088435382,0.0032380057607162005,0.13378684807256236,0.13188689378739893,0.3764172335600906,0.3583272991814488,-0.03401360544217702,0.013525330123474344,
600063.SH,20210812,实施完成,,,20220909,7.95,7.95,90.0,用于购买安徽皖维集团有限责任公司、安徽安元创新风险投资基金有限公司、王必昌、鲁汉明、沈雅娟、佟春涛、林仁楼、姚贤萍、张宏,20210812,0,0.01903114186851207,0.035653650254668934,0.03813903718456668,-0.04244482173174868,-0.026092230834922403,0.6417657045840408,0.5669076387096514,0.06281833616298815,0.06024192178712817,
688188.SH,20210311,实施完成,,20220331,20220419,9.78,9.77,80.0,1、智能切割头扩产项目;2、智能焊接机器人及控制系统产业化项目;3、超高精密驱控一体研发项目。,20210311,0,0.024185107655502636,-0.010000364976823883,-0.01465821848253579,-0.01474506368845585,-0.02220952467119497,0.12405562246797341,0.11954533047568572,0.30401254793952415,0.24789093611671875,
002669.SZ,20211020,实施完成,,20220721,20220817,7.0,7.0,80.0,1、唐山丰南区康达化工新材料有限公司3万吨/年胶黏剂及上下游新材料项目;2、福建康达鑫宇新材料有限公司年产3万吨胶粘剂新,20211020,0,-0.002262443438913908,-0.008314436885865528,-0.010461296703156542,-0.040060468631897383,-0.03340568265656674,0.44746787603930427,0.4677780813516206,0.1806500377928948,0.1911912307215209,
920826.BJ,20220311,实施完成,,20220923,20221027,1.6,0.77,80.0,1、年产1.5万吨预制凉菜智能制造建设项目;2、研发及检测中心建设项目;3、补充流动资金。,20220311,0,0.031746031746031855,0.03150183150183139,0.05908951286524622,-0.0241758241758242,-0.006564466016110382,-0.1018315018315018,-0.0748816071127647,-0.32099307727448434,-0.3096895570866849,
300658.SZ,20210319,实施完成,,20220729,20220826,4.0,4.0,80.0,"用于年产20,000吨纺粘热风无纺布项目、年产37,000吨擦拭无纺布项目",20210319,0,0.009830205540661385,-0.004867256637168249,-0.016073224272690534,0.010619469026548645,0.006579949635043381,0.0845132743362833,0.0617832222748016,-0.2260240324540833,-0.25246658497912167,
688180.SH,20220308,实施完成,,20221115,20221202,39.69,37.77,80.0,1、创新药研发项目;2、上海君实生物科技总部及研发基地项目。,20220308,0,-0.14296597257491117,0.022370370370370374,0.03403131769016343,0.14607407407407402,0.23194266690515675,0.18814814814814818,0.20901152820516988,0.2340740740740741,0.24531782820340053,
300576.SZ,20220307,实施完成,,20230621,20230717,6.7,4.0,80.0,1、光刻胶及其配套化学品新建项目;2、补充流动资金。,20220307,0,-0.028431372549019618,-0.0036999663639419866,0.020296049278418105,-0.07198116380760178,-0.028992924362525985,-0.003027245206861817,0.024126822973832285,-0.08274470232088815,-0.04565237393025734,
000878.SZ,20211127,实施完成,,20221028,20221129,26.75,26.75,80.0,用于收购云铜集团持有的迪庆有色38.23%股权、补充流动资金及偿还银行贷款,20211126,1,0.021126760563380254,-0.032413793103448274,-0.03203557945593172,-0.04344827586206912,-0.05494111280823988,-0.07310344827586224,-0.086928323504185,-0.10482758620689647,-0.07851179457357838,
300496.SZ,20220304,实施完成,,20220908,20220929,31.0,31.0,80.0,1、整车操作系统研发项目；2、边缘计算站研发及产业化项目；3、扩展现实(XR)研发及产业化项目；4、分布式算力网络技术研,20220304,0,-0.19072125355250014,-0.08988230827638566,-0.06970024987932266,-0.06985573272589207,-0.031100793023432605,-0.05970007593014437,-0.012456910560139867,0.15135753633026527,0.22652055493730572,
300254.SZ,20210427,实施完成,,20220225,20220510,1.1,1.1,80.0,用于药品研发项目,20210427,0,0.04854368932038855,0.20061728395061706,0.19559639263715067,0.0509259259259256,0.058222429972010215,0.05246913580246915,0.0062368436502302504,0.03240740740740744,0.0250145000201627,
300171.SZ,20220301,实施完成,,20221222,20230113,32.0,24.68,80.0,1、生物制药装备产业试制中心项目;2、江苏生物医药装备产业化基地项目;3、浙江东富龙生物技术有限公司生命科学产业化基地项,20220301,0,-0.028245067497403853,-0.04680487283607604,-0.04553462687861076,-0.0946783500748023,-0.040993253129740004,-0.13742252618080786,-0.06072183636602013,-0.27420388972002563,-0.20532226999017134,
600425.SH,20220301,实施完成,,,20230210,6.8,6.8,80.0,1、补充流动资金；2、偿还银行贷款。,20220301,0,0.0176322418136019,0.004950495049504955,0.006289711194668701,-0.014851485148514754,0.04356730283634791,-0.004950495049505066,0.0835296539760002,0.01980198019801982,0.11658620266051734,
688733.SH,20220226,实施完成,,20220916,20221020,9.51,9.51,80.0,"1、年产15,000吨电子功能粉体材料建设项目;2、年产20,000吨锂电池涂覆用勃姆石建设项目;3、技术研发中心建设项",20220225,1,0.017793062200957,0.07448215072719266,0.07109938316289743,-0.056706331717349734,-0.05567837073840298,-0.018951079770823998,0.054092574990240117,-0.008198472161010772,0.09356167556155848,
603813.SH,20210303,实施完成,,,20220921,1.84,1.47,80.0,用于补充流动资金,20210303,0,0.005468749999999911,0.01087801087801088,0.032060161371760154,-0.010101010101010166,0.0545119944214667,0.03885003885003879,0.07959410890950536,0.053613053613053685,0.039716093647800044,
300389.SZ,20210305,实施完成,,,20220520,2.6,2.6,80.0,用于补充公司流动资金,20210305,0,0.09937888198757738,-0.03389830508474556,-0.011147090777267055,-0.10395480225988696,-0.09126331994071668,-0.096045197740113,-0.0914807141367735,-0.09491525423728808,-0.1156788009186458,
000791.SZ,20220222,实施完成,,20221223,20230112,12.0,12.0,,1、玉门市麻黄滩第一风电场C区200兆瓦项目;2、瓜州干河口200MW光伏项目;3、永昌河清滩300MW光伏发电项目;4,20220222,0,0.01573676680972813,-0.018309859154929553,-0.027313372006027237,-0.016901408450704092,-0.025830784307355414,-0.12253521126760547,-0.06943178037479347,-0.2423902853298333,-0.14710860139142723,
600298.SH,20210723,实施完成,,20220531,20220623,14.1,14.1,80.0,"1、酵母绿色生产基地建设项目;2、年产2.5万吨酵母制品绿色制造项目;3、年产5,000吨新型酶制剂绿色制造项目;4、补",20210723,0,-0.03710078408873585,-0.03257199602780547,-0.00942712460879569,-0.07110228401191654,-0.029258709486286616,-0.08162859980139037,-0.04865335464899767,-0.0027805362462761662,-0.015875224422639445,
600461.SH,20210130,实施完成,,20221018,20221107,3.68,3.68,80.0,募集配套资金用于1、支付标的资产的现金对价。,20210122,8,0.0,-0.07264296754250377,-0.045799145645943895,-0.09582689335394134,-0.06727245831584594,-0.017001545595053957,0.012405124846892601,0.09737248840803714,0.1501373887796058,
000591.SZ,20210930,实施完成,,20220711,20220818,60.0,59.81,80.0,1、中节能滨海太平镇300兆瓦光伏复合发电项目;2、中节能敦煌30兆瓦并网光伏发电项目;3、中节能贵溪流口50MW渔光互,20210930,0,0.02444987775061125,-0.08353221957040569,-0.08965527729182499,-0.2116149562450279,-0.20942429094087778,-0.18377088305489253,-0.17421249233367464,-0.11933174224343679,-0.1317470332602143,
688520.SH,20210125,实施完成,,20221027,20221109,22.4,4.83,80.0,用于新药研发项目,20210125,0,0.059964726631393184,-0.0361896838602328,-0.021390236666203766,-0.10212146422628943,-0.07165126424484036,0.002079866888519133,0.022632268217253282,-0.14933444259567386,-0.10445460322181155,
300390.SZ,20220209,实施完成,,20221130,20221227,46.0,27.66,80.0,1、四川天华时代锂能有限公司年产6万吨电池级氢氧化锂建设项目；2、宜宾市伟能锂业科创有限公司一期年产2.5万吨电池级氢氧,20220209,0,0.0004533776635937681,0.01978851963746231,0.0180445645842382,0.19033232628398777,0.19518019691274358,-0.008459214501510659,0.05961198978112359,-0.07370377796431038,0.053865302904059886,
000852.SZ,20210220,实施完成,,20220324,20220427,10.0,10.0,80.0,1、电动压裂装备一体化服务;2、螺旋焊管机组升级更新改造工程;3、螺旋焊管机组升级更新改造二期工程;4、油气田增压采收压,20210219,1,0.016949152542372836,0.04523809523809508,0.06065450708670972,0.021428571428571352,0.07588632053001687,0.02857142857142847,0.1166369045468636,0.06190476190476191,0.11920177576810187,
300593.SZ,20220128,实施完成,,20220928,20221026,15.81,15.81,80.0,1、特种电源扩产项目;2、高可靠性SiP功率微系统产品产业化项目;3、5G通信及服务器电源扩产项目;4、研发中心建设项目,20220128,0,-0.05254839984195969,-0.041284403669724745,-0.06033280436284172,-0.08611342785654708,-0.11290187042666266,-0.08527939949958308,-0.10815221012059495,-0.019599666388657178,0.09794775194250205,
000410.SZ,20220128,实施完成,,,20221028,15.0,15.0,80.0,用于补充流动资金,20220128,0,0.04921700223713654,0.01492537313432818,-0.005239840882294344,0.05543710021321968,0.02449943572919322,0.07462686567164178,0.0477555600802817,-0.0788912579957356,0.030661209462642613,
688560.SH,20220127,实施完成,,20221109,20221206,16.75,16.75,80.0,1、明冠锂膜公司年产2亿平米铝塑膜建设项目;2、明冠锂膜公司年产1亿平米铝塑膜建设项目;3、嘉明薄膜公司年产1亿平米无氟,20220127,0,0.003336670003336817,0.06351845693382097,0.07389841242716155,0.17492517459261703,0.1440312678027298,0.1799135350848018,0.1504708476633254,-0.15796474891918855,-0.06835046651831134,
601127.SH,20220127,实施完成,,20220627,20220714,71.3,71.3,80.0,1、电动化车型开发及产品平台技术升级项目；2、工厂智能化升级与电驱产线建设项目；3、用户中心建设项目；4、补充流动资金项,20220127,0,-0.047962124331000444,-0.009513513513513372,0.00015364889392266434,-0.04886486486486474,-0.0738743555497845,-0.07675675675675664,-0.09979468404254477,-0.14335135135135135,-0.05218182629905366,
300181.SZ,20220127,实施完成,,20221117,20221213,9.1,9.1,80.0,1、智能化中药生产基地建设与升级项目;2、企业研发中心升级项目;3、数字化运营决策系统升级项目;4、补充流动资金。,20220127,0,-0.029761904761904878,0.010224948875255713,0.02008475896056372,0.06134969325153383,0.033442181178556574,0.0971370143149286,0.06975987081204926,-0.15337423312883436,-0.06327140137343257,
688303.SH,20220125,实施完成,,20220621,20220720,110.0,110.0,80.0,1、年产10万吨高纯硅基材料项目;2、补充流动资金项目。,20220125,0,-0.06431651978248643,0.04368737474949902,0.03685965632934951,0.00581162324649287,0.00011123648060662461,0.19639278557114248,0.1772669115290011,0.10300601202404813,0.2726286295418121,
600416.SH,20220125,实施完成,,20221019,20221111,30.0,30.0,80.0,1、车载特种发射装备系统系列化研制及产业化建设;2、轨道交通高效牵引系统及节能装备系列化研制和产业化建设;3、收购湘电动,20220125,0,-0.02369146005509648,-0.016365688487584573,-0.022800544623519325,-0.15349887133182838,-0.15829637388562945,-0.015237020316027028,-0.03097972032053109,-0.3340857787810383,-0.23168006927979123,
600353.SH,20220122,实施完成,,20220829,20220914,5.5,5.5,80.0,1、电子封装陶瓷材料扩产项目;2、电子陶瓷材料产业化项目;3、补充流动资金。,20220121,1,0.004054054054053902,-0.07537012113055175,-0.07577341461551046,-0.05518169582772536,-0.009892508376785458,-0.06594885598923272,-0.046690397617769164,-0.18977119784656793,-0.011204074949467513,
603392.SH,20211016,实施完成,,20220623,20220713,35.0,35.0,80.0,1、九价宫颈癌疫苗二期扩产建设项目;2、二十价肺炎球菌多糖结合疫苗产业化项目;3、养生堂厦门万泰诊断基地建设项目;4、鼻,20211015,1,0.0861096184846859,-0.02947845804988669,-0.02832837463079363,-0.0669140383426099,-0.0695803601829249,-0.12047000618429193,-0.11220280742731037,-0.1383219954648527,-0.14339408371944562,
000563.SZ,20210123,实施完成,,20221129,20221228,36.0,35.19,,用于补充公司资本金,20210122,1,-0.016666666666666607,-0.016949152542372947,-0.0216927936253809,-0.039548022598870136,-0.00544330692289019,-0.05084745762711862,-0.02442943383617735,-0.08192090395480234,-0.0377442980430126,
688097.SH,20220118,实施完成,,20221118,20221208,17.0,10.0,80.0,1、新能源行业自动化设备扩产建设项目;2、消费电子行业自动化设备升级项目;3、新建研发中心项目;4、补充流动资金。,20220118,0,-0.03347547974413645,0.01985440105890146,0.02321785899833384,-0.09772777410103684,-0.06176021215212779,-0.2386940216192367,-0.21386103594480077,-0.4884182660489741,-0.40700745737834987,
688357.SH,20210409,实施完成,,20220111,20220330,1.94,1.94,80.0,用于吸附材料产业园改扩建项目(一期),20210409,0,-0.05028628329599205,0.045609436435124495,0.057168453654163454,0.020183486238532167,0.027346526881351307,0.07182175622542597,0.06808447279220875,0.9403183591243376,0.8991362688810991,
002805.SZ,20220113,实施完成,,20220913,20221014,9.4,9.4,80.0,1、年产5万吨锂电池磷酸铁锂正极材料生产基地项目；2、补充流动资金项目。,20220113,0,-0.02158273381294984,0.10014005602240905,0.1107634311281227,0.07107843137254899,0.07113736224017897,0.1516106442577032,0.18057431930702772,0.034663865546218586,0.15114062752338908,
300021.SZ,20211110,实施完成,,20211224,20220308,3.0,3.0,80.0,用于1、区域运营中心及综合服务能力提升项目;2、智能化农村污水处理设备、膜分离装置及配套双壁波纹管材生产项目;3、补充流,20211110,0,-0.003816793893129944,-0.009578544061302652,-0.020883490110837566,-0.005747126436781547,-0.01836853034633623,0.04597701149425282,0.004252030271998164,0.21839080459770122,0.2206817269601289,
300057.SZ,20220108,实施完成,,20221124,20221216,15.93,15.93,80.0,1、年产10万吨动力及储能电池箔项目;2、补充流动资金。,20220107,1,-0.018259935553168627,-0.032822757111597434,-0.03658432627961328,-0.05142231947483589,-0.03572066099859905,-0.12472647702407003,-0.09525668876745952,-0.14879649890590818,-0.05178747509217507,
002829.SZ,20220107,实施完成,,20230303,20230403,6.0,6.0,80.0,1、无人机产业化项目；2、无人机系统研究院项目；3、补充流动资金。,20220107,0,-0.07495782116172567,0.01563314226159429,0.011683117235636198,0.07842626367899941,0.09627728551067172,0.03725898905680047,0.07218270372697488,-0.17430953621677958,-0.08020815416071048,
300461.SZ,20220107,实施完成,,,20221219,4.7,4.7,80.0,用于补充流动资金,20220107,0,0.20010183299388995,-0.06109461179465436,-0.06474622538040198,-0.09291472210437002,-0.07789988090079636,-0.2257106491302504,-0.19964092050199467,-0.35893084429359357,-0.2858701802899358,
601956.SH,20210119,实施完成,,20220803,20220819,12.9,5.88,80.0,1、东贝中央研究院建设项目;2、年产100万台大规格商用制冷压缩机项目;3、年产400万台高柔性智能压缩机生产线扩建项目,20210119,0,0.0036900369003689537,-0.031862745098039214,-0.036377882976654785,0.09558823529411753,0.09465281545361015,-0.05882352941176472,-0.07693497038271524,0.12009803921568629,0.15023828389370109,
300591.SZ,20210112,实施完成,,20220323,20220421,5.82,4.2,80.0,1、高性能陶瓷基复合防弹衣产业化建设项目;2、轻量化非金属防弹头盔产业化建设项目。,20210112,0,0.0034482758620690834,-0.06357388316151202,-0.06105314652441196,0.12371134020618557,0.13693149623231915,-0.14948453608247425,-0.14833983577994692,0.0704467353951892,0.13047988688818624,
600009.SH,20210625,实施完成,,,20220923,50.0,50.0,80.0,募集配套资金用于1、四型机场建设项目;2、智能货站项目;3、智慧物流园区综合提升项目;4、支付本次交易相关费用;5、补充,20210625,0,0.045445240532241415,-0.031721167025650865,-0.03140177001507427,-0.0988838848639122,-0.07614257969908089,-0.15547288036028972,-0.1418750379883642,-0.1454865870373997,-0.14700091525715064,
600120.SH,20210120,实施完成,,20220823,20220902,24.27,23.51,80.0,1、对浙商金汇信托股份有限公司增资;2、补充流动资金项目。,20210120,0,-0.0017211703958691649,0.0017241379310344307,-0.008835134441703252,-0.01379310344827589,-0.011101978904418552,-0.018965517241379293,-0.01373232207938102,-0.012068965517241237,0.02156754165098329,
300655.SZ,20210330,实施完成,,20211208,20220207,2.41,2.41,80.0,1、阳恒化工年产9万吨超大规模集成电路用半导体级高纯硫酸技改项目(二期);2、补充流动资金或偿还银行贷款。,20210330,0,-0.01263641585295805,0.006399069226294296,0.010716316458546649,0.02006980802792313,0.01334219284299265,0.04624781849912729,0.04612927433541891,0.6207691030640217,0.5679249086826581,
600850.SH,20210320,实施完成,,,20220923,23.36,23.36,90.0,用于购买柏飞电子100.00%股权,20210305,15,0.010464629552113802,0.09983429991714998,0.11853436834710784,0.24979287489643753,0.280380259043727,0.15741507870753946,0.16554872261688258,0.1699938660240372,0.14878064224223175,True
301030.SZ,20220420,实施完成,,20230309,20230403,4.2,4.2,80.0,1、数字化、智能化不锈钢特氟龙风管生产项目;2年减排万吨级CO2和钢渣资源化利用项目;3、补充流动资金;,20220420,0,-0.039372949325555906,-0.05047438330170784,-0.028509960348488628,-0.12182163187855788,-0.06459770527847031,-0.0554079696394687,-0.054149507081510895,-0.12182163187855788,-0.15620010968566533,
002706.SZ,20210703,实施完成,,20220727,20220825,15.21,15.2,80.0,用于智能型低压电器研发及制造基地项目、补充流动资金,20210702,1,-0.026071586389748158,-0.031306715063520896,-0.035572167428186696,-0.01588021778584392,-0.01736825682536347,-0.008166969147005432,0.027275464079159928,-0.3942831215970962,-0.408316824934723,
300763.SZ,20220629,实施完成,,20230106,20230210,29.25,29.25,80.0,1、年产95万台组串式逆变器新建项目;2、分布式光伏电站建设项目;3、补充流动资金项目。,20220629,0,-0.038028169014084345,0.03953147877013152,0.028184226395258527,0.05778428501708155,0.05972876593660681,0.18301610541727653,0.2139885960789687,0.1613469985358711,0.25570987700002745,
600711.SH,20210604,实施完成,,20220726,20220816,22.25,22.25,80.0,用于卡隆威项目、补充流动资金,20210604,0,-0.042755344418052066,-0.018610421836228408,-0.020708763988859014,-0.05334987593052132,-0.05279698291551449,-0.07071960297766755,-0.05559519478485564,0.4706051635527,0.4971539095318247,
300681.SZ,20211105,实施完成,,20220707,20220805,9.76,9.76,80.0,1、珠海生产基地技术改造及产能扩张项目;2、山东菏泽新能源汽车驱动系统产业园项目(二期);3、珠海研发中心建设项目;4、,20211105,0,-0.05397148676171071,0.01162540365984932,0.009583115748650117,-0.02831001076426276,-0.04136046195333831,0.21743810548977383,0.17833609343435097,0.14499461786867607,0.16568943582118512,
300608.SZ,20210415,实施完成,,20221208,20230105,6.5,6.06,80.0,1、PaaS平台技术与应用项目;2、城市数字经济中台项目;3、物联网研发中心项目;4、补充流动资金。,20210415,0,0.04482758620689653,0.05610561056105623,0.04758977466844949,0.08168316831683176,0.06104092975800879,0.03960396039603986,0.0012996451180913304,1.0182821632039132,0.944201135208109,
603002.SH,20220625,实施完成,,20230921,20231018,15.0,11.68,80.0,1、珠海宏昌电子材料有限公司二期项目;2、年产8万吨电子级功能性环氧树脂项目;3、功能性高阶覆铜板电子材料建设项目。,20220624,1,0.050359712230215736,-0.03595890410958891,-0.04435727025686054,-0.03573900422457754,-0.046524143002046436,-0.004910055869413066,0.019365798326892225,-0.06485523322667719,0.005423182295734685,
600166.SH,20220401,实施完成,,,20220902,30.0,30.0,80.0,用于补充公司流动资金和偿还债务,20220401,0,0.011494252873563315,0.018939393939394034,0.018719216150102413,-0.06060606060606066,-0.04032123727495762,-0.14015151515151514,-0.05960952821141874,0.04166666666666674,0.004131569865630569,
300131.SZ,20220322,实施完成,,20220621,20220810,2.9,2.9,80.0,1、深圳市英唐智能控制股份有限公司MEMS微振镜研发及产业化项目;2、补充流动资金。,20220322,0,0.0017574692442881013,0.019298245614034926,0.01581733462264112,-0.021052631578947323,-0.003965765387299092,-0.16491228070175445,-0.1160907093977831,-0.11403508771929838,-0.11602538934827245,
300926.SZ,20220331,实施完成,,,20220928,2.01,2.01,80.0,用于补充流动资金,20220331,0,-0.028075548749362023,-0.030987394957983305,-0.03999461779484659,-0.10399159663865543,-0.07992254812600441,0.030462184873949694,0.09241711415809717,0.279147587178584,0.22800852752158396,
603773.SH,20211214,实施完成,,,20220928,1.71,1.7,80.0,1、补充公司流动资金及偿还银行借款。,20211214,0,0.038994356080041204,-0.011851851851851891,-0.008087676924771525,0.012345679012345512,0.022510731022601593,0.045925925925925926,0.06456053463905653,-0.07407407407407407,0.06925606029150733,
601069.SH,20211123,实施完成,,20221013,20221110,4.0,4.0,80.0,募集配套资金用于补充上市公司和标的公司流动资金、偿还债务,20211123,0,0.09991673605328888,-0.039364118092354294,-0.04033020796618059,-0.012112036336109022,-0.005126139016505382,-0.07267221801665402,-0.0818903566550192,0.11809235427706288,0.15011892362698176,
600330.SH,20220308,实施完成,,20221102,20221122,23.45,23.45,80.0,1、大尺寸射频压电晶圆项目;2、新型高效晶体生长及精密加工智能装备;3、补充流动资金及偿还银行借款。,20220308,0,-0.06577916992952226,-0.02430846605196979,-0.013179927992309048,-0.07041072925398151,-0.0007620700655930346,-0.11148365465213739,-0.09588168260112595,-0.15380966732367674,-0.14609995504051076,
688800.SH,20220302,实施完成,,20220831,20220916,6.83,6.83,80.0,1、新能源汽车关键零部件项目;2、研发中心项目;3、补充流动资金项目。,20220302,0,-0.05464773640503606,-0.05553981297818089,-0.05470442275110299,-0.14782280154906968,-0.08820807844842327,0.11268536884858782,0.18680398012657506,0.008968546330405003,0.10473498814879445,
688277.SH,20210624,实施完成,,20230217,20230307,3.7,3.7,80.0,1、新一代骨科手术机器人研发及产业化项目;2、营销体系升级项目;3、智慧医疗中心建设项目;4、科技储备资金。,20210624,0,0.024004364429896397,-0.029834842834310038,-0.04083601798613101,-0.04928076718167296,-0.055142709287047564,-0.3364411294619073,-0.3379410695563051,-0.3050079914757592,-0.3127993906915336,
300680.SZ,20211112,实施完成,,20221013,20221107,7.16,7.16,80.0,1、新能源高效高密度驱动电机系统核心零部件研发及制造项目(一期);2、补充流动资金。,20211112,0,0.07528494301139776,-0.03486750348675027,-0.0332838711757828,-0.11157601115760107,-0.11688433673925003,-0.13110181311018143,-0.16125860641828504,-0.3299860529986054,-0.30844910245370494,
300919.SZ,20220611,实施完成,,20221111,20221130,66.8,43.07,80.0,1、印尼基地红土镍矿冶炼年产6万金吨高冰镍项目;2、贵州西部基地年产8万金吨硫酸镍项目;3、广西南部基地年产8万金吨高冰,20220610,1,0.08154542406972864,-0.0042619139868269595,0.004694541457144874,0.002169701666020707,-0.007484502233782497,0.08485083301046092,0.06182133491844777,-0.282138705927935,-0.25998071104331544,
688063.SH,20220610,实施完成,,20230111,20230208,50.0,50.0,80.0,1、派能科技10GWh锂电池研发制造基地项目;2、派能科技总部及产业化基地项目;3、补充流动资金。,20220610,0,-0.026282514450867045,0.05138669882200153,0.06084370187798327,0.1478527038308135,0.13679509150098457,0.8653186160838511,0.8257211431382914,0.9182468010829279,0.9774567113494734,
688028.SH,20211028,实施完成,,20221020,20221104,4.87,4.87,80.0,"募集配套资金用于1、支付本次交易中的现金对价和重组相关费用,并用于标的公司符合相关行业政策的项目建设、上市公司或标的公司",20211028,0,-0.017147636971978186,-0.04425531914893599,-0.05204698521008888,0.015957446808510634,0.013523578667790304,0.1719148936170214,0.15041270136672935,-0.07659574468085106,-0.07768396446650971,
603633.SH,20210630,实施完成,,20220621,20220713,7.0,7.0,80.0,1、新能源汽车连接器项目；2、新能源汽车连接器研发中心项目；3、补充流动资金。,20210630,0,0.004807692307692291,0.1004784688995215,0.1012191369005444,0.09569377990430628,0.1072502048380084,0.001913875598086312,0.07034785309337166,0.16771665261173685,0.16064833326224282,
300666.SZ,20211217,实施完成,,20220914,20221010,16.48,16.48,80.0,1、宁波江丰电子年产5.2万个超大规模集成电路用超高纯金属溅射靶材产业化项目;2、浙江海宁年产1.8万个超大规模集成电路,20211217,0,-0.03410852713178303,0.024994267369869316,0.036050229159171554,0.14446227929374,0.14898891179250695,0.26599403806466415,0.29841462037411426,0.45608805319880763,0.6255539169169977,
688305.SH,20220411,实施完成,,20220602,20220729,1.6,1.6,80.0,1、面向航空航天高档五轴数控机床产业化能力提升工程;2、航空航天关键主要部件整体加工解决方案研发验证平台;3、补充营运资,20220411,0,-0.031868297840205395,0.009516380655226309,-0.004999183666839491,0.028081123244930062,0.018944734175086797,-0.06895475819032748,-0.03478124690026341,0.1556942277691109,0.09062701742136325,
002145.SZ,20210525,实施完成,,20230210,20230309,70.91,52.88,80.0,用于1、循环化钛白粉深加工项目;2、水溶性磷酸一铵(水溶肥)资源循环项目;3、补充流动资金。,20210525,0,0.01728201099764326,0.008494208494208566,0.005122080533112694,0.006831983484400395,-0.005215399894581307,0.006831983484400395,0.011101269450488171,0.4033688877490258,0.44204630630591724,
002928.SZ,20220125,实施完成,,20221027,20221205,24.35,24.35,80.0,1、引进4架A320系列飞机;2、购买14台飞机备用发动机;3、补充流动资金。,20220125,0,0.009042954031650563,-0.07468259895444362,-0.08073595057721294,0.014936519790888614,0.009184418132969219,-0.10828976848394345,-0.12254490089175307,-0.2546676624346528,-0.14004886558288043,
300998.SZ,20220608,实施完成,,20230317,20230411,8.0,8.0,80.0,1、智能装备生产基地建设项目；2、锂电池精密结构件生产基地建设项目；3、补充流动资金。,20220608,0,0.007186489399928275,0.026757046022119146,0.034631106159938474,0.0003567606136281043,-0.012237165335078792,0.11166607206564394,0.08133241343272601,-0.05583232535430893,-0.03765283773797812,
300014.SZ,20220608,实施完成,,,20221206,90.0,90.0,80.0,1、投资乘用车锂离子动力电池项目；2、投资HBF16GWh乘用车锂离子动力电池项目；3、补充流动资金。,20220608,0,0.07924318308291611,-0.057337320820872395,-0.05010816894478742,0.007012478086006135,-0.0056652395820981916,-0.005362483242239868,-0.032502823003406456,-0.018932971357720207,-4.3004695087223155e-05,
301073.SZ,20220607,实施完成,,20221215,20230106,5.17,5.17,80.0,1、新增直营酒店投资开发项目;2、现有酒店装修升级项目。,20220607,0,-0.05660032864706965,0.010257402748210076,0.0034383836409335178,-0.035997677569189035,-0.04981566129867154,0.250159127880913,0.19056704690558002,0.16384783205507936,0.1690926155584378,
920198.BJ,20220508,实施完成,,,20221118,1.59,1.59,80.0,用于补充流动资金,20220506,2,-0.03024574669187141,0.048732943469785406,0.04783213669093911,0.1286549707602338,0.09838316742913045,0.1513875079736715,0.06784985499571539,0.07951933459486593,-0.006047901006643763,
002236.SZ,20210327,实施完成,,,20230414,51.0,51.0,80.0,用于1、智慧物联解决方案研发及产业化项目;2、杭州智能制造基地二期建设项目;3、西安研发中心建设项目;4、大华股份西南研,20210326,1,0.05221932114882488,0.0008271298593880427,-0.004116588713346414,0.027295285359801635,0.007817289100254365,-0.00041356492969391034,-0.007047844088580724,-0.09034521192067235,-0.13806126623405113,
002421.SZ,20220601,实施完成,,20230214,20230316,7.0,7.0,80.0,1、达实AIoT智能物联网管控平台与低碳节能等应用系统升级研发及产业化项目；2、达实C3-IoT身份识别与管控平台与智能,20220601,0,0.0,0.0034843205574912606,-0.0006927790449643423,-0.017421602787456525,-0.03465191475306806,0.16724738675958184,0.09290483723941523,0.16724738675958184,0.14420212540432642,
600021.SH,20210529,实施完成,,,20220727,12.31,12.31,80.0,1、盐城滨海南H3#海上风电项目;2、江苏如东H4#海上风电场项目;3、江苏如东H7#海上风电场项目;4、浙能嵊泗2#海,20210528,1,-0.015760177390792385,0.007204610951008661,0.0031114427742255923,-0.007204610951008772,-0.0047336541918032715,0.0144092219020171,0.012837471806410372,0.010086455331411948,0.046006722324022586,
600731.SH,20220531,实施完成,,20230111,20230216,7.0,7.0,80.0,用于1、宁夏海利科技有限公司年产4000吨甲萘威和5000吨甲基硫菌灵等系列产品及配套年产3万吨光气建设项目;2、海利贵,20220531,0,-0.05540897097625341,-0.006983240223463638,-0.005650597426240633,-0.012569832402234526,-0.03597628287652599,0.0041899441340782495,-0.04811506673419774,0.1578212290502794,0.14745868206875667,
003000.SZ,20220531,实施完成,,,20230207,2.85,2.85,80.0,1、湘卤风味休闲食品智能生产项目;2、营销网络及品牌建设推广项目;3、新一代风味休闲食品研发中心项目。,20220531,0,0.10054347826086962,0.043209876543209846,0.04460987922622617,0.01728395061728394,-0.006830166198027343,0.07901234567901239,0.022810077574832777,0.402469135802469,0.3899169801283071,
002672.SZ,20220528,实施完成,,20230419,20230518,12.0,12.0,80.0,1、揭阳大南海石化工业区绿色循环中心一期项目;2、江陵县滨江污水处理厂扩建(二期)项目;3、数智化建设项目;4、危废处理,20220527,1,-0.006557377049180357,0.02310231023102305,0.01698743428990479,0.03300330033003296,-0.0008726651522644735,0.00990099009900991,-0.06449878233754969,0.05616974652930873,0.008624657646776335,
300657.SZ,20210603,实施完成,,20220705,20220802,1.81,1.81,80.0,募集配套资金用于1、支付现金对价;2、偿还上市公司银行贷款;3、支付交易的税费及中介费用。,20210603,0,0.05615826419910652,-0.0332326283987916,-0.03528699022587256,-0.01148036253776441,-0.01877529815488277,0.01450151057401805,0.033372297728126554,0.47352301181338263,0.49948439504976294,
603227.SH,20220118,实施完成,,20230407,20230420,8.0,8.0,80.0,募集配套资金用于1、支付现金对价;2、支付交易税费与中介费用等。,20220118,0,0.09957325746799439,-0.09314359637774916,-0.09015280341012422,-0.2548512289780078,-0.22514712880338028,-0.09184993531694707,-0.062227052813805916,-0.045278137128072604,0.10665199202577447,
300890.SZ,20220303,实施完成,,20220518,20220718,2.2,2.2,80.0,"1、30,000吨高端石墨负极材料生产基地建设项目;2、研发中心建设项目。",20220303,0,-0.10016286644951133,-0.00959276018099553,2.0310253286970337e-05,-0.07221719457013587,-0.020137749403075555,-0.10769230769230786,-0.04488632565377115,-0.17647058823529416,-0.10285207021598641,
002824.SZ,20210527,实施完成,,,20220729,2.97,2.94,80.0,用于补充流动资金,20210527,0,0.09996764801035263,0.0,0.002240150784923456,-0.04323529411764704,-0.03665829972539203,0.022647058823529465,0.023012427420712633,-0.06845796383069347,-0.01912205653589183,
600596.SH,20220524,实施完成,,20231124,20231214,18.0,18.0,80.0,1、浙江开化合成材料有限公司搬迁入园提升项目;2、35600吨/年高纯聚硅氧烷项目;3、补充流动资金。,20220524,0,-0.060701203558346406,0.0005571030640669772,-0.011207233913773429,0.04679665738161565,0.0088529337521277,0.18551532033426188,0.11429648027571915,0.13983286908077996,0.06311803190444243,
603311.SH,20220524,实施完成,,20221213,20221230,3.14,3.14,80.0,1、诸暨年产555万件新能源汽车空气过滤器研发及产业化项目；2、珠海年产150万件新能源汽车空气过滤器研发及产业化项目；,20220524,0,0.017964071856287456,0.09999999999999987,0.08706643465325947,0.004201680672268671,-0.032198083093699315,0.026050420168067356,-0.035588699556970416,0.22055561232912235,0.13840784522708627,
603990.SH,20220524,实施完成,,,20230103,2.39,2.39,,用于补充流动资金和偿还有息借款,20220524,0,-0.09586374695863753,0.03767491926803013,0.02547415892527871,0.280947255113025,0.23451616623896032,0.28363832077502704,0.20652482363817293,1.0822257504117028,0.9420844948467255,
002265.SZ,20211204,实施完成,,20230407,20230523,10.0,10.0,80.0,募集配套资金用于1、本次交易中的现金对价;2、支付本次交易相关税费及中介机构费用;3、补充流动资金等。,20211119,15,0.009708737864077666,0.09975961538461542,0.09089466652331923,0.6117788461538463,0.565190943971478,2.0444711538461537,1.9780557649851565,1.0805288461538463,1.196198509138147,True
300293.SZ,20220523,实施完成,,,20230317,3.98,3.98,80.0,用于偿还有息负债和补充流动资金,20220523,0,0.012048192771084487,-0.04761904761904767,-0.02407098664502627,-0.010822510822510845,-0.011514639011609762,0.1883116883116882,0.13086348231717104,0.23917748917748893,0.1896436527538179,
002756.SZ,20210518,实施完成,,20220801,20220822,11.0,11.0,80.0,用于1、年产2万吨电池级碳酸锂项目;2、180万吨/年锂矿石高效选矿与综合利用项目;3、年产2万吨汽车高压共轨、气阀等银,20210518,0,0.015268456375838735,0.054371178317633495,0.05979164963632244,-0.05139646339448012,-0.0652566195798997,-0.07179390643120254,-0.06897493549721445,0.3794335412388985,0.37802510302337433,
601669.SH,20220521,实施完成,,20221223,20230113,149.63,133.96,80.0,1、精品工程承包类项目;2、战略发展领域投资运营类项目;3、海上风电勘察和施工业务装备采购类项目;4、补充流动资金和偿还,20220520,1,0.015789473684210353,-0.024611398963730435,-0.024701286323509986,0.0181347150259068,0.02344549151586839,0.04792746113989632,-0.005446025678713218,-0.03950934785623339,-0.0774822286492236,
000913.SZ,20220521,实施完成,,,20230313,5.05,5.05,80.0,用于补充流动资金,20220520,1,0.046409807355516586,0.10041841004184127,0.10031700050575854,0.2175732217573223,0.22392430589725465,0.7497907949790796,0.6606697065503526,1.089539748953975,1.006930049815157,
603300.SH,20210407,实施完成,,,20221011,6.0,6.0,80.0,用于补充流动资金,20210407,0,0.003285870755750153,-0.007641921397379958,-0.008476600376112198,-0.09170305676855894,-0.0749806287765391,-0.03275109170305679,-0.018181739373317463,0.33842794759825345,0.31923133179222085,
603260.SH,20220520,实施完成,,,20230118,70.0,70.0,80.0,用于补充流动资金,20220520,0,0.029974489795918657,0.0031991744066044436,0.0031067241513680344,-0.04024767801857587,-0.035241434745910905,0.33004118030329455,0.2622989576422845,0.5609336473313715,0.49922232595246285,
300761.SZ,20211020,实施完成,,,20220831,12.7,12.7,80.0,用于屠宰类项目、养鸡类项目、总部基地项目及补充流动资金,20211020,0,-0.009539473684210487,0.015277316506144167,0.013079383859661453,0.007306542676851491,0.01428970071339064,-0.0009963467286615568,0.013021214311252027,0.19295914978412498,0.2036102421072592,
300015.SZ,20210327,实施完成,,20220916,20221014,35.36,35.36,80.0,用于1、长沙爱尔迁址扩建项目;2、湖北爱尔新建项目;3、安徽爱尔新建项目;4、沈阳爱尔眼视光迁址扩建项目;5、上海爱尔迁,20210326,1,0.02748799470110952,-0.03223207091055602,-0.03701248916901034,0.03964544721998409,0.019933286149261598,0.13505237711522988,0.12751900724790977,0.41460241378938,0.34039926937375986,
300640.SZ,20220319,实施完成,,20220517,20220720,1.34,1.34,80.0,1、数字化展示中心及智能零售终端建设项目;2、补充流动资金。,20220318,1,0.021505376344086002,0.003007518796992459,0.00220192176318168,0.024060150375939893,0.03643992804742502,-0.09756345553029033,-0.08144640576434214,-0.14321367169240262,-0.15984526392437137,
688033.SH,20220112,实施完成,,20220926,20221025,23.19,23.19,80.0,1、高性能碳陶制动盘产业化建设项目;2、碳碳材料制品预制体自动化智能编织产线建设项目;3、补充流动资金项目。,20220112,0,0.04974916387959838,-0.025886101154918184,-0.014330854208927324,0.015133412982875294,0.02633198325546915,-0.11947431302270006,-0.08603973240852647,-0.4014336917562724,-0.3294495482703529,
300490.SZ,20220517,实施完成,,20230209,20230309,9.1,9.1,80.0,1、储能电站建设项目;2、工业园区“光伏+储能”一体化项目;3、补充流动资金;,20220517,0,0.010810810810810922,0.01158645276292325,0.014116978572253469,0.02941176470588225,0.03704430815859494,0.11764705882352922,0.0460621680000417,0.2803170246598061,0.22628104410513128,
002128.SZ,20220513,实施完成,,20230302,20230331,40.0,40.0,80.0,用于通辽市100万千瓦外送风电基地项目、补充流动资金,20220513,0,0.012082444918265711,0.016853932584269593,0.020339340363047187,0.0463483146067416,0.025637013498073458,0.12570224719101142,0.06648179861971926,-0.056443565991642686,-0.1009403484886795,
603936.SH,20220512,实施完成,,20230321,20230406,15.0,15.0,80.0,1、博敏电子新一代电子信息产业投资扩建项目(一期)；2、补充流动资金及偿还银行贷款。,20220512,0,0.0032085561497325887,-0.0031982942430703876,-0.012664613048120055,-0.0031982942430703876,-0.01670718689563888,0.09275053304904057,0.01629069241628378,0.5874200426439231,0.5027947261040417,
000425.SZ,20210421,实施完成,,,20220829,386.86,386.86,90.0,发行股份吸收合并徐工有限100%股权,20210421,0,0.10026737967914423,-0.07168894289185912,-0.06959502054438615,-0.13122721749696242,-0.12724116969753885,-0.17375455650060756,-0.1795078747455756,-0.2322873283565502,-0.24614923751119777,
600115.SH,20220511,实施完成,,20221223,20230112,150.0,150.0,80.0,1、引进38架飞机项目;2、补充流动资金。,20220511,0,0.013043478260869712,-0.01931330472102999,-0.018122771205487664,-0.02145922746781126,-0.030107645979616016,0.006437768240343367,-0.04957167222189196,0.017167381974249052,-0.024404367573741315,
002775.SZ,20211223,实施完成,,,20230313,2.92,2.92,80.0,用于补充流动资金,20211223,0,0.09973753280839892,0.10023866348448696,0.10792793473196949,0.07398568019093088,0.08115228410028541,-0.08591885441527447,-0.054579592835776736,0.009546539379474916,0.1450329037351572,
300953.SZ,20220323,实施完成,,,20221110,8.0,8.0,80.0,用于补充流动资金及偿还银行贷款,20220323,0,0.04549348869088421,0.0,0.006389664791578209,-0.057608784725067586,-0.05632885509995278,-0.2875522412521512,-0.24505970291598722,0.26858964198947843,0.2498229215188308,
603566.SH,20211116,实施完成,,20220830,20220916,8.98,8.98,80.0,1、兽用灭活疫苗生产项目；2、生物制品车间及配套设施改扩建项目；3、产品质检车间项目；4、补充流动资金。,20211116,0,0.016042780748663166,0.000526315789473708,-0.003880267768892942,0.01684210526315799,-0.0022257449714710997,-0.027894736842105194,-0.06499420151774604,0.29368421052631577,0.3145708789369761,
300857.SZ,20220506,实施完成,,20230301,20230324,7.19,7.19,80.0,1、安徽协创物联网智能终端及存储设备生产线扩建项目;2、塘厦分公司物联网智能终端生产基地建设项目;3、协创数据智慧工厂建,20220506,0,0.02001081665765292,-0.0015906680805939377,-0.002448249507645106,0.007423117709437932,-0.019597110155208153,0.13838812301166503,0.05579362609746896,0.08224590056366576,-0.00353745410598727,
600732.SH,20220506,实施完成,,,20230106,16.5,16.5,80.0,1、珠海年产6.5GW新世代高效晶硅太阳能电池建设项目;2、补充流动资金。,20220506,0,0.09993060374739748,0.10031545741324943,0.09937034395125788,0.32365930599369097,0.2881572657542051,0.6996845425867511,0.5763658019305384,1.3917981072555206,1.2022141455828144,
600015.SH,20210513,实施完成,,20220801,20221018,200.0,80.0,80.0,用于补充公司的核心一级资本,20210513,0,0.0015748031496063408,0.004716981132075304,-0.012796054168753845,0.012578616352201255,-0.009771891773384112,-0.0062893081761006275,-0.056189485503023606,-0.092398921832884,-0.0999289428012371,
300603.SZ,20210602,实施完成,,20230214,20230315,18.77,9.47,80.0,1、立昂云数据(成都简阳)一号基地一期建设项目(Ⅰ期);2、立昂云数据(成都简阳)一号基地一期建设项目(Ⅱ期);3、补充,20210602,0,0.06703910614525155,-0.014659685863874228,-0.011106237720428513,-0.015706806282722474,-0.014133262135645142,0.10157068062827213,0.10413563333493281,-0.015706806282722474,0.011130150834979036,
600821.SH,20220217,实施完成,,20221020,20221109,32.61,26.96,80.0,用于1、贵港市港南桥圩镇200MWp农光储互补平价上网光伏发电复合项目;2、君能新能源公安县狮子口镇100MWp渔光互补,20220217,0,-0.031542056074766345,0.0193003618817853,0.012665572092004806,-0.0012062726176116367,0.009882225867382077,-0.0470446320868515,0.027943143724083352,-0.2484921592279855,-0.1584483636446531,
600319.SH,20210429,实施完成,,,20220822,3.0,3.0,88.7,用于补充流动资金,20210428,1,-0.017353579175705125,0.050772626931567366,0.053885720064476006,0.0596026490066226,0.0642891538582242,0.14569536423841067,0.09270616763330741,0.08388520971302427,0.11467066378501833,
000523.SZ,20220430,实施完成,,,20230315,6.0,6.0,80.0,用于补充流动资金,20220429,1,0.009615384615384581,0.0,-0.006746391103055083,-0.006349206349206549,-0.010130676621990298,0.34285714285714297,0.28049547469296376,0.16825396825396832,0.09421521618597128,
688516.SH,20210616,实施完成,,,20220901,5.3,5.3,80.0,1、高端智能装备研发及产业化;2、科技储备资金;3、补充流动资金。,20210616,0,-0.00115185256287198,0.007783970786084948,0.005704432649765279,0.19162021910436278,0.1756179735818526,0.32385162406304047,0.3200352482271913,1.0661157024793386,0.9779336930551878,
688022.SH,20220427,实施完成,,20230314,20230403,9.53,9.53,80.0,1、智能换电设备生产建设项目;2、智能电动化汽车部件智能装备生产建设项目;3、补充流动资金。,20220427,0,0.06058823529411783,0.052689961175818034,0.046603821914036114,0.12174154187465347,0.10461789990610426,0.33388796450360503,0.25307738761836296,0.9023849140321685,0.71713245814896,
300595.SZ,20210508,实施完成,,20220527,20220620,20.42,15.03,80.0,用于接触镜和配套产品产业化项目、社区化眼视光服务终端建设项目,20210507,1,-0.021716287215411523,0.01754385964912286,0.014837684478223645,0.13220551378446088,0.10901171826546552,0.2586157313619004,0.19800522717637503,0.1844466320264846,0.16892041084940024,
300858.SZ,20220426,实施完成,,20221222,20230118,7.0,7.0,80.0,用于食品板块研发生产基地项目以及补充公司流动资金,20220426,0,-0.09473684210526301,0.01610017889087656,-0.008580767443663984,-0.03175313059034002,-0.0688934479886093,-0.01744186046511642,-0.09397311090721239,0.25803243574051393,0.11716421361234963,
002514.SZ,20210128,实施完成,,,20220815,4.91,4.91,80.0,用于补充公司流动资金和偿还有息负债,20210128,0,0.032258064516129004,-0.014204545454545414,-0.007947797993139716,-0.06250000000000011,-0.06161206988276402,0.16477272727272707,0.1653326905689272,0.03693181818181812,0.05447631036619072,
300647.SZ,20220319,实施完成,,20220421,20220630,2.0,2.0,80.0,用于锂电池正极关键材料生产基地建设一期子项目,20220318,1,0.01452513966480451,-0.009911894273127775,-0.0107071146740092,-0.06497797356828194,-0.05367457034444134,-0.09911894273127764,-0.0830296731619341,0.13105726872246692,0.109101639106441,
603085.SH,20210415,实施完成,,,20220715,2.0,1.5,80.0,用于补充流动资金,20210415,0,-0.03899721448467963,0.04637681159420293,0.037939423211585055,0.0304347826086957,0.010770539672369184,0.0028985507246377384,-0.03405334994349718,-0.02753623188405796,-0.06323050543218312,
002539.SZ,20220115,实施完成,,20221208,20230106,19.96,19.96,80.0,用于磷矿资源综合利用生产新能源材料与缓控释复合肥联动生产项目,20220114,1,-0.017507002801120497,-0.022808267997148857,-0.028439680154407898,-0.03492516037063431,-0.035284607860516126,-0.01140413399857454,-0.0027668134152067925,0.12473271560940846,0.23996121599115616,
605123.SH,20220326,实施完成,,20220922,20221019,16.0,16.0,80.0,用于航空航天用特种合金结构件智能生产线建设项目、补充流动资金,20220325,1,-0.012544666615981193,-0.03926701570680624,-0.03994330899374565,-0.06313520172466891,-0.08324876843603568,-0.3398160826172444,-0.2652957875357085,0.08329161224064774,0.029772662408303896,
605368.SH,20220122,实施完成,,,20220620,4.0,4.0,90.0,用于购买长葛蓝天52%的股权,20220121,1,0.00805860805860803,0.0021802325581394832,0.0017431141307755471,-0.04505813953488369,0.0007163133227401364,0.01380813953488369,0.03471104402472425,-0.06904069767441856,0.13613433894331273,
600980.SH,20211117,实施完成,,20220823,20220908,0.68,0.68,80.0,募集配套资金用于1、支付本次交易中的现金对价;2、支付中介机构费用;3、补充上市公司流动资金等。,20211117,0,0.09993634627625725,0.02719907407407396,0.03205849560623508,0.08159722222222232,0.06493801140027,0.06365740740740722,0.03150414156352199,0.006944444444444198,0.02707464954237615,
002312.SZ,20210803,实施完成,,,20220720,9.56,9.56,90.0,天瑞矿业100%股权,20210803,0,-0.05373406193078323,0.1000962463907602,0.0908495648584251,0.13859480269489888,0.11216485506181106,0.6179018286814242,0.5740986801464154,0.5437921077959575,0.5092669706896791,
002436.SZ,20210309,实施完成,,20220715,20220906,20.0,20.0,80.0,1、宜兴硅谷印刷线路板二期工程项目——年产96万平方米印刷线路板项目;2、广州兴森快捷电路科技有限公司国产高端集成电路封,20210309,0,-0.04287245444801713,-0.012318029115341522,-0.011860683040630371,-0.034714445688689866,-0.059203116692010616,0.07166853303471443,0.03460772609422458,0.16917853216857348,0.09114247891207006,
600577.SH,20210518,实施完成,,,20221104,2.98,2.97,80.0,用于补充流动资金,20210518,0,0.09951456310679618,0.0,0.005140951716204878,0.0662251655629138,0.050646426128303945,0.18763796909492259,0.19124483715814233,0.9779249448123619,0.9759054310072892,
600803.SH,20211027,实施完成,,,20220816,42.75,42.75,90.0,购买新奥舟山90%股权,20211027,0,0.02483069977426644,-0.02808370044052877,-0.01596005206277673,0.06993392070484572,0.08943578051923295,0.10572687224669597,0.09637148825546782,0.01872246696035229,0.020797787124861022,
002353.SZ,20210526,实施完成,,20220617,20220715,25.0,25.0,80.0,用于1、数字化转型一期项目;2、新能源智能压裂设备及核心部件产业化项目;3、补充流动资金。,20210526,0,-0.03557814485387534,0.03320158102766779,0.028765787843990642,0.044795783926218524,0.043697614078616276,0.20685111989459792,0.21588666610771878,-0.05961589085991725,-0.024936493204498866,
300020.SZ,20220415,实施完成,,20230418,20230518,10.0,10.0,80.0,用于1、“城市大脑”整体解决方案研发及实施项目;2、基于新一代信息技术的智慧医院项目;3、补充流动资金。,20220415,0,-0.04409857328145261,0.008141112618724522,0.013100795225788886,-0.05427408412483037,-0.016185026417964377,-0.052917232021709615,-0.014472625380757331,-0.021647913450419276,-0.04266510413320146,
000100.SZ,20210410,实施完成,,20221130,20221222,103.8,95.97,80.0,用于第8.6代氧化物半导体新型显示器件生产线项目、补充流动资金,20210409,1,-0.03508771929824561,-0.04598930481283414,-0.03544289458683969,-0.036363636363636265,-0.029597631492222498,-0.08663101604278078,-0.08981579816940877,-0.12165775401069523,-0.14030003993696183,
600506.SH,20210421,实施完成,,,20221226,3.07,3.07,80.0,用于补充流动资金,20210421,0,0.06732117812061733,-0.005256241787122362,-0.0030124721267459353,-0.14848883048620243,-0.1489718899806044,-0.07490144546649158,-0.10290541439626177,0.1024967148488829,0.07472857729880289,
301018.SZ,20220413,实施完成,,20230322,20230418,8.0,8.0,80.0,1、新基建领域智能温控设备智能制造项目;2、专业特种环境系统研发制造基地项目(二期)。,20220413,0,-0.08131868131868136,0.028229665071770382,0.01585612976872497,0.044976076555024,0.05683993257796782,0.052631578947368585,0.0913552857670088,0.2897649468077528,0.2525663153201927,
688690.SH,20220311,实施完成,,20220510,20220712,1.97,1.97,80.0,1、收购赛谱仪器部分股权;2、常熟纳微淘汰1000吨/年光扩散粒子减量替换生产40吨/年琼脂糖微球及10吨/年葡聚糖微球,20220311,0,-0.05729676787463278,-0.02402597402597395,0.0020766073027851384,0.041818181818181754,0.06062057838906543,-0.1301298701298701,-0.10402907894561264,-0.0029000000000001247,0.013698858718574458,
688789.SH,20220412,实施完成,,20230110,20230206,10.0,10.0,80.0,"1、杭州宏华软件有限公司年产3,520套工业数码喷印设备智能化生产线;2、补充流动资金。",20220412,0,0.007910928801640793,-0.011627906976744207,-0.0034075289845365564,-0.005813953488372103,0.0001936901018408932,0.10656976744186064,0.15286812144893558,0.04590116279069756,0.014256786754055728,
605111.SH,20211112,实施完成,,20220720,20220810,14.18,14.18,80.0,1、第三代半导体SiC/GaN功率器件及封测的研发及产业化;2、功率驱动IC及智能功率模块(IPM)的研发及产业化;3、,20211112,0,0.049352112676056326,-0.024374530226564994,-0.022773680578544897,0.1449586599377215,0.13811754193459658,0.03215934714914637,-0.0036637407139096245,-0.2006335230323204,-0.17493866047199158,
300982.SZ,20220412,实施完成,,20221202,20221226,13.89,13.89,80.0,1、智能电气设备生产基地建设项目;2、电力电子设备及储能技术研发中心建设项目;3、补充流动资金。,20220412,0,-0.0330793905372897,-0.0901928260418825,-0.08262587942051325,-0.0978643997511921,-0.0924129963892617,-0.1316607920381504,-0.09532989160032224,-0.04468306640637387,-0.07358676147460275,
002567.SZ,20220412,实施完成,,20221129,20221222,11.4,11.4,80.0,1、东冲三期生猪养殖基地建设项目;2、云浮市云安温氏生态养殖有限公司猪苗养殖生产建设项目;3、融水县和睦镇芙蓉村唐人神集,20220412,0,0.031936127744510934,-0.027079303675048294,-0.018987436313871342,-0.07930367504835589,-0.07374011338448394,-0.27562862669245647,-0.24532127214443356,0.0019342359767891004,-0.028379893938352607,
600861.SH,20211020,实施完成,,,20230428,15.97,15.97,80.0,募集配套资金用于1、支付相关交易税费及中介机构费用;2、置入资产项目建设;3、补充上市公司及置入资产流动资金;4、偿还债,20211020,0,0.09986684420772307,0.10008071025020171,0.09769919017926654,-0.09281678773204194,-0.0865277352232322,-0.06174334140435844,-0.048578154330315315,0.08797417271993546,0.09768792809950777,
600742.SH,20211202,实施完成,,,20220818,6.35,6.35,80.0,用于1、长春汽车智能化产品及定制化项目;2、创新研发中心项目。,20211202,0,0.10007047216349552,0.09993593850096105,0.08969211804488886,-0.1409352978859706,-0.16413783027224038,-0.2242152466367714,-0.23393676564308452,-0.3068545803971813,-0.28148488573443076,
688668.SH,20220409,实施完成,,20221202,20221216,8.0,8.0,80.0,1、高速通讯连接器组件生产建设项目;2、新能源汽车连接器生产建设项目;3、补充流动资金。,20220408,1,0.037821171634121464,-0.10497128144186973,-0.0810282226390181,-0.061992473757179645,-0.050131599492439616,0.05668811429699838,0.12341466067111306,0.5324282211320213,0.4811645403943907,
688388.SH,20211106,实施完成,,20220929,20221020,47.22,34.07,80.0,1、高性能锂电铜箔募集资金投资项目;2、江西嘉元科技有限公司年产2万吨电解铜箔项目;3、补充流动资金。,20211105,1,-0.08226810881678148,0.014357142857142735,0.012309340060770557,0.041857142857142815,0.027864299522880387,0.13014285714285712,0.09384461789350151,-0.13814285714285723,-0.12256551171768959,
603656.SH,20220409,实施完成,,20230227,20230315,3.51,3.51,80.0,用于智能煤炭干选机产业化项目(一期)、补充流动资金,20220408,1,-0.005977796754910281,0.0017182130584192379,0.02851533987886712,0.020618556701030855,0.0335240271099726,-0.11597938144329911,-0.060156246876255204,0.128573246786305,0.090819557697007,
002840.SZ,20210914,实施完成,,,20220801,9.23,9.23,80.0,用于新建年产4万吨肉制品加工项目、补充流动资金,20210914,0,0.029900332225913928,0.007526881720429923,0.009284517498704625,0.11612903225806459,0.12237465578467899,0.15698924731182795,0.17881675606190872,0.3763440860215055,0.3716946848608267,
002617.SZ,20211124,实施完成,,20220624,20220722,25.67,25.67,80.0,1、第三代功率半导体(碳化硅)产业园项目;2、大尺寸碳化硅衬底片研发中心项目;3、补充流动资金。,20211124,0,0.05758880516684606,-0.03256997455470734,-0.030269284838031374,-0.08244274809160301,-0.07838525523185569,-0.2244274809160306,-0.23083209930557003,-0.2676844783715012,-0.23293724510798108,
600855.SH,20220402,实施完成,,20230407,20230428,3.25,3.25,80.0,用于1、储能电源验证能力建设项目;2、国产化高功率密度模块电源研制生产能力提升项目;3、基于人工智能的一体化边海防侦测装,20220401,1,-0.014610389610389518,0.014827018121911006,0.014607728956439026,-0.04859967051070846,-0.02805558693561694,-0.18780889621087327,-0.1117309750108687,-0.061518800271344154,-0.09533574364200115,
300553.SZ,20210318,实施完成,,,20220530,3.08,3.08,80.0,用于补充流动资金,20210318,0,0.038068382093760844,-0.0393887945670629,-0.022910158449921614,-0.06791171477079794,-0.04034565227051179,0.014940577249575648,0.02573690490622882,-0.0013157894736842701,-0.01903014767018718,
002254.SZ,20211023,实施完成,,20230106,20230203,29.87,29.87,80.0,用于1、对位芳纶产业化项目;2、间位芳纶产业化项目;3、补充流动资金。,20211022,1,-0.005859375000000111,-0.022593320235756442,-0.029973969206632423,-0.11640471512770145,-0.10762003957659327,0.003929273084479323,0.010197589920719619,-0.01080550098231825,0.000628453750563418,
300569.SZ,20220318,实施完成,,20230608,20230710,15.0,15.0,80.0,1、天能重工武川150MW风电项目;2、江苏天能海洋重工有限公司海上风电装备制造生产线技改项目;3、海上风电装备制造生产,20220318,0,-0.008352315869400107,-0.03369065849923447,-0.03446678023777361,-0.04594180704441042,-0.03440827719256223,-0.22894333843797854,-0.21517266540515778,-0.13365310746788095,-0.15047028553430608,
002722.SZ,20220518,实施完成,,,20230210,3.18,3.18,80.0,用于补充流动资金,20220518,0,0.015408320493066174,-0.0007587253414264028,-0.004304023346088592,-0.007587253414263917,-0.014449527514135752,0.04021244309559946,-0.02292365887026626,0.1522429817905917,0.0835337172914059,
002714.SZ,20211019,实施完成,,,20221223,60.0,60.0,80.0,用于补充流动资金,20211019,0,0.06409569719692909,-0.03355704697986572,-0.03189941047797329,-0.08288590604026846,-0.08402907463752696,-0.014429530201342189,0.005542381638160343,-0.038590604026845665,-0.03973410817345335,
600361.SH,20210807,实施完成,,20230808,20230824,15.0,15.0,80.0,募集配套资金用于1、年产80万吨高强高韧铝合金材料项目(二期);2、年产120万吨轻质高强铝合金材料项目(二期)。,20210723,15,-0.005813953488372214,0.09941520467836251,0.11695785344875564,0.6111111111111112,0.6267340324478359,0.801169590643275,0.7854104509841258,0.4678362573099415,0.48599882775728553,True
688166.SH,20220416,实施完成,,20220923,20221128,2.27,2.27,80.0,1、博瑞生物医药(苏州)股份有限公司吸入剂及其他化学药品制剂生产基地和生物医药研发中心新建项目(二期)；2、补充流动资金,20220415,1,-0.011855905152758694,0.023073373327180402,0.028106517151918364,-0.045223811721273655,-0.006770254805857467,-0.007844946931241603,0.03242926355142228,0.06168312444729618,0.03887579671940666,
300672.SZ,20220428,实施完成,,20221118,20221219,22.95,22.95,80.0,1、全系列AI视觉处理芯片研发及产业化项目;2、4K/8K智能终端解码显示芯片研发及产业化项目;3、补充流动资金及偿还银,20220428,0,-0.10831525668835884,0.018812844631852288,-0.005119772654856525,0.008757703535517525,-0.011298664881142728,0.15731430424910808,0.0806997973108492,0.11730803074741591,0.01489053910921534,
600372.SH,20220611,实施完成,,20230616,20230717,50.0,50.0,80.0,募集配套资金用于1、航空引气子系统等机载产品产能提升项目;2、液压作动系统产能提升建设项目;3、航空电力系统生产能力提升,20220526,16,0.09283819628647216,0.06359223300970873,0.02032288950748229,-0.07669902912621362,-0.13061354665946845,-0.06601685072414465,-0.13085145047283975,-0.10656109831300253,-0.1243291168309032,True
600039.SH,20211021,实施完成,,,20221129,18.0,18.0,80.0,募集配套资金用于1、支付现金对价;2、补充上市公司流动资金、偿还债务;3、支付中介机构费用和相关税费等。,20211021,0,0.0995260663507107,0.10021551724137945,0.10395583472786929,0.2004310344827589,0.22648614023539415,0.15086206896551735,0.17507514419057224,0.14008620689655182,0.16389230021448542,
002859.SZ,20220419,实施完成,,,20230119,4.85,4.85,80.0,用于补充流动资金,20220419,0,-0.005797101449275144,0.031236984589754435,0.04530259257760183,-0.08496459808413159,0.012549651021787511,0.010412328196584664,0.025652931400421686,0.0015275792092044327,-0.024158930002077028,
002156.SZ,20210928,实施完成,,20220927,20221114,55.0,26.93,80.0,用于1、存储器芯片封装测试生产线建设项目;2、高性能计算产品封装测试产业化项目;3、5G等新一代通信用产品封装测试项目;,20210928,0,0.0005277044854883339,-0.008438818565400852,0.010045977079694346,0.02689873417721511,0.04290387720813049,0.09229957805907163,0.12239555984775241,0.024261603375527407,0.0163913681694976,
605319.SH,20220719,实施完成,,20230526,20230614,2.35,2.35,80.0,募集配套资金用于1、支付本次交易的现金对价及相关税费。,20220719,0,0.10029325513196485,-0.09168443496801715,-0.09863630855891059,-0.18550106609808115,-0.18500510043444207,-0.20522388059701502,-0.2048488824324155,-0.2798507462686568,-0.22424868525406394,
300664.SZ,20220427,实施完成,,20220920,20221202,3.0,3.0,80.0,"1.长春市有机固体废弃物综合处置中心(1200t/d污泥喷雾干化焚烧项目),2.补充流动资金和偿还银行贷款",20220427,0,0.01740812379110257,-0.041825095057034245,-0.04736479442123631,0.009505703422053147,-0.0059046327251832675,0.041825095057034245,-0.021291515322167887,0.09581799277717207,-0.010891733979810803,
600703.SH,20210930,实施完成,,20221124,20221212,79.0,79.0,80.0,用于补充流动资金、湖北三安光电有限公司Mini/Micro显示产业化项目,20210930,0,-0.015226848974518203,0.07573366992742181,0.0685465330803936,0.03976017671189647,0.04264933165186213,0.11707163142947286,0.1301530161719744,0.15935626380561696,0.14301214639194115,
300111.SZ,20220517,实施完成,,,20230314,3.75,3.75,80.0,用于补充流动资金,20220517,0,0.0,0.0033783783783785104,0.0058883713464292775,-0.016891891891891886,-0.009602665548152478,-0.04054054054054057,-0.10199357270551168,0.023648648648648685,-0.019554602895940465,
603330.SH,20220125,实施完成,,20221230,20230131,11.61,9.86,80.0,1、昆山天洋光伏材料有限公司新建年产1.5亿平方米光伏膜项目;2、南通天洋光伏材料科技有限公司太阳能封装胶膜项目;3、海,20220125,0,-0.02636103151862479,-0.01236021188934655,-0.01882127152933144,0.007062978222483807,0.001355499465234944,0.09181871689228971,0.07436459354084746,-0.32489699823425533,-0.22107821845854847,
603318.SH,20220603,实施完成,,20221202,20221220,1.1,1.1,80.0,募集配套资金用于1、偿还有息负债。,20220519,15,0.010479041916167775,0.1007407407407408,0.05332620395078824,0.2607407407407407,0.18863527871925112,0.1511111111111112,0.05234128576869801,0.31012003083360873,0.25374429412445254,True
603078.SH,20211119,实施完成,,,20221129,6.46,6.46,80.0,1、补充流动资金和偿还有息负债。,20211119,0,-0.04929577464788715,0.10017636684303355,0.09350963682259206,0.061728395061728225,0.06062141308870328,-0.013756613756613745,-0.0333031294093179,-0.14356261022927697,-0.12644641133444856,
600961.SH,20220422,实施完成,,20230428,20230522,13.37,11.71,80.0,募集配套资金用于1、支付本次交易中的现金对价;2、补充上市公司流动资金等。,20220422,0,-0.10009910802775013,-0.10022026431718067,-0.05154985824943803,-0.16850220264317184,-0.1576258502063227,-0.05726872246696035,-0.06350152996766845,-0.01982378854625555,-0.07526780108227205,
002096.SZ,20211103,实施完成,,20230414,20230515,13.39,13.39,80.0,募集配套资金用于补充上市公司流动资金或偿还债务等用途。,20211103,0,0.10028382213812681,0.09974204643164208,0.09090857073134595,0.6104901117798796,0.6132915884022954,0.25365434221840055,0.22619415577314372,-0.013757523645743786,0.01654511019099414,
300099.SZ,20210918,实施完成,,20221019,20221115,6.0,3.94,80.0,用于矿用智能单轨运输系统数字化工厂建设项目、补充流动资金,20210917,1,-0.043285238623751554,0.006960556844547661,0.002930094541932826,-0.07636055043492807,-0.07334828891032275,-0.028242103888336034,-0.023831585846886605,0.08325185762206044,0.0799174097077433,
920077.BJ,20220909,实施完成,,20230711,20230803,17.0,8.04,80.0,1、年产15万吨碳纤维原丝项目；2、碳纤维原丝及相关制品研发检测中心建设项目；3、偿还银行贷款。,20220909,0,-0.00039447731755426485,0.022099447513812098,0.02155360497892178,-0.03117600631412787,0.014364632934577681,-0.07853196527229667,-0.025628883610156805,-0.017955801104972302,0.007687758103695375,
601018.SH,20210714,实施完成,,,20220928,144.42,141.14,100.0,用于补充流动资金及偿还债务,20210714,0,0.005037783375314797,-0.010025062656641603,-0.020047899085715026,-0.03759398496240596,-0.04682185945029482,-0.06516290726817042,-0.06625323523213134,-0.05513784461152882,-0.06673981109870775,
002060.SZ,20220319,实施完成,,20230602,20230704,20.0,19.08,80.0,募集配套资金用于建工集团募投项目建设或补充流动资金。,20220307,12,0.04981549815498165,0.10017574692442888,0.14047078638478938,0.6115992970123021,0.6921809200004916,0.2583479789103691,0.3288000587087174,0.7428315216980541,0.7730182830219725,True
688596.SH,20220528,实施完成,,20220729,20221028,1.83,1.83,80.0,1.合肥高纯氢气项目;2.潍坊高纯大宗项目;3.补充流动资金,20220527,1,0.024627720504009076,0.008943543879261995,0.0029132920259349326,0.16266070430408042,0.12453279718699273,0.11403018446059243,0.031959176486631824,0.9446979746321493,0.8571544350094678,
002799.SZ,20210609,实施完成,,20221129,20221221,9.0,7.5,80.0,环球印务扩产暨绿色包装智能制造工业园(一期)项目;2、医药包装折叠纸盒扩产暨智能制造项目;3、补充流动资金。,20210609,0,0.04042553191489362,0.029311520109066125,0.023763539570329284,-0.04294478527607348,-0.025084906449153288,-0.10156782549420573,-0.08477589061594892,-0.014314928425357643,-0.015862109568727467,
600207.SH,20210714,实施完成,,20221223,20230119,12.0,11.68,80.0,"用于年产4,800万平方米光伏轻质基板项目、补充流动资金",20210714,0,-0.061668681983071294,0.012886597938144506,0.0026317962160140596,0.11211340206185594,0.1014500824959188,0.08376288659793829,0.08249886210559865,-0.10051546391752575,-0.11156023842124574,
002675.SZ,20211104,实施完成,,,20221020,3.5,2.5,80.0,用于补充流动资金和偿还有息负债,20211104,0,0.0997210599721059,0.003170577045022327,0.013312128941190604,0.004438807863031302,0.0027556098082752722,-0.016487000634115345,-0.0294130852436868,-0.13126188966391872,-0.08850881851989179,
688567.SH,20210917,实施完成,,20221028,20221116,45.2,33.18,80.0,1、高性能动力锂电池项目;2、科技储备资金。,20210917,0,0.0612307692307692,-0.03566251087271688,-0.03952237000076997,-0.08379240359524498,-0.08080437954267683,-0.014207016526529448,-0.009732797427161932,0.005508843142939979,0.0024137024872799007,
600529.SH,20210908,实施完成,,20221108,20221124,18.66,18.66,80.0,1、山东省药用玻璃股份有限公司一级耐水药用玻璃瓶项目;2、年产5.6亿只预灌封注射器扩产改造项目。,20210908,0,-0.03956107421311017,-0.003307276007215698,-0.008149715659448775,-0.050811785929043785,-0.04588874379641594,-0.10463018641010202,-0.07885953813662516,0.2504509921828024,0.2534655004730566,
300745.SZ,20220830,实施完成,,20230621,20230713,13.92,13.59,80.0,1、新能源车载电源自动化产线升级改造项目;2、新能源车载电源智能化生产建设项目(二期);3、总部基地及研发中心建设项目;,20220830,0,-0.14269384644694227,-0.08000000000000007,-0.07279359557855392,-0.08444444444444432,-0.08902478164226069,-0.21644444444444444,-0.16957276764284235,-0.16599999999999993,-0.1459170561126898,
300909.SZ,20211223,实施完成,,,20230928,1.5,1.5,80.0,募集配套资金用于1、支付本次交易的现金对价、本次交易相关中介机构费用及补充上市公司流动资金。,20211223,0,0.0323959505061866,-0.03421224667683587,-0.027462616574509213,-0.06537371976465456,-0.059137047826412936,-0.023316626716060163,0.01016895152121089,-0.13466986271518844,-0.01853808503588983,
688093.SH,20220827,实施完成,,20230601,20230615,3.9,3.9,80.0,1、新建高效密封胶项目;2、创新中心项目;3、补充流动资金。,20220826,1,-0.023575638506876273,0.04124748490945662,0.03980005812187004,-0.016599597585512993,-0.0012476134253496252,0.23641851106639833,0.3113828764475095,-0.04678068410462766,0.002040374825065694,
688168.SH,20220429,实施完成,,20220804,20221017,1.35,1.35,80.0,数据安全防护与溯源分析平台研发及产业化项目,20220429,0,0.10562310030395139,-0.10698739977090499,-0.11301201203200673,-0.10790378006872858,-0.11129877090221696,-0.021764032073310347,-0.0632937309882794,0.16952355029317356,0.08561430204074427,
300665.SZ,20220419,实施完成,,20220804,20221101,1.09,1.09,80.0,1、高端特种密封胶黏剂建设项目;2、补充公司流动资金,20220419,0,-0.007272727272727431,-0.009768009768009622,0.003738308565957027,-0.1868131868131867,-0.10015282230191469,-0.057387057387057294,-0.04316910949364039,0.0,-0.02564733088185478,
600366.SH,20220224,实施完成,,20221108,20221123,10.45,10.45,80.0,"用于包头韵升科技发展有限公司年产15,000吨高性能稀土永磁材料智能制造项目",20220224,0,0.00667655786350152,-0.01179071481208549,-0.017932209637772645,-0.05526897568165079,-0.06915211067172422,-0.1606484893146648,-0.11424464855079675,-0.3109801031687547,-0.2432832036114828,
300443.SZ,20220826,实施完成,,20230607,20230703,21.52,21.52,80.0,1、海上风电核心部件数字化制造项目;2、补充流动资金。,20220826,0,0.006703652334720145,0.03053960964408753,0.029107067757278005,-0.062227324913891935,-0.04758764079498301,-0.08220436280137777,-0.026558182421235976,-0.08656716417910448,-0.039783850452357106,
300094.SZ,20210909,实施完成,,20221118,20221212,10.0,10.0,80.0,1、广东国美水产食品有限公司中央厨房项目；2、国联(益阳)食品有限公司水产品深加工扩建项目；3、补充流动资金。,20210909,0,-0.0071258907363420665,-0.004784688995215225,-0.007467014027376706,0.031100478468899517,0.05569458346744094,-0.014354066985645786,0.020173062911870376,0.0023923444976079455,0.005673016324415858,
600576.SH,20210520,实施完成,,20221215,20221229,3.0,3.0,80.0,募集配套资金用于补充上市公司的流动资金,20210520,0,-0.09433962264150941,-0.10069444444444431,-0.0954357916991273,-0.17361111111111105,-0.19694658299078116,-0.10069444444444431,-0.10532539647012118,-0.203125,-0.2052449469668236,
688518.SH,20220521,实施完成,,20230111,20230209,9.9,9.9,80.0,1、联赢激光华东基地扩产及技术中心建设项目;2、联赢激光深圳基地建设项目;3、补充流动资金。,20220520,1,0.02758106597092813,-0.011244105912223357,-0.011335225140694627,-0.06855277475516874,-0.06369417603295113,0.2876314834965541,0.22204928953737202,0.42862195704986616,0.37214156220976835,
002906.SZ,20220820,实施完成,,20230731,20230818,20.0,14.0,80.0,1、智能汽车电子产品产能扩建项目;2、汽车轻量化零部件产品产能扩建项目;3、智能驾驶平台研发项目。,20220819,1,-0.06953966699314396,0.09999999999999987,0.0933835109787089,0.03221052631578947,0.03918155075058949,-0.07073684210526321,-0.02824163040450356,-0.2421052631578947,-0.19959645586334285,
603679.SH,20210820,实施完成,,20221027,20221121,2.9,2.1,80.0,用于智慧路灯智能制造项目和补充流动资金,20210820,0,-0.045991298943443226,0.0605863192182412,0.04539696368575363,0.024104234527687396,-0.0034665244394520567,0.0,-0.05164201448142991,-0.0820846905537459,-0.12345394193786141,
300375.SZ,20220423,实施完成,,,20230317,2.79,2.79,80.0,用于补充公司流动资金,20220422,1,-0.026666666666666616,-0.021917808219178103,0.03098809258495061,-0.00273972602739736,0.010304871619732703,0.11780821917808226,0.11041790168370791,0.24011708943174126,0.16996942960371397,
002885.SZ,20220817,实施完成,,20230303,20230407,4.36,4.35,80.0,1、河源新能源磁集成器件智能制造项目;2、补充流动资金。,20220817,0,-0.025164361822715864,0.020000000000000018,0.024662590321447464,-0.1125581395348838,-0.09121597409726256,-0.3353488372093024,-0.3161134892525225,-0.24651162790697678,-0.20368093229045903,
000868.SZ,20220816,实施完成,,,20230609,10.0,10.0,,1、偿还银行贷款和补充流动资金。,20220816,0,0.09999999999999987,0.007974481658692412,0.00349219153302327,-0.03349282296650713,-0.03300272867891796,0.43540669856459346,0.4532932084994461,0.04306220095693791,0.09585227832363064,
300731.SZ,20220506,实施完成,,20220811,20220926,0.44,0.44,80.0,用于新建新能源汽车钎焊式水冷板项目,20220506,0,0.006000000000000005,0.013253810470510219,0.012383478412337334,0.10337972166997988,0.07378582911712761,0.17693836978131228,0.09154690215607819,0.6494367130550034,0.5186954328270537,
300765.SZ,20210727,实施完成,,20230216,20230310,5.0,5.0,80.0,募集配套资金用于1、石药集团圣雪葡萄糖有限责任公司阿卡波糖绿色工厂升级技术改造项目;2、补充流动资金。,20210727,0,0.01573676680972791,-0.11760563380281686,-0.11246239464991181,-0.08802816901408439,-0.10569848724100617,-0.12957746478873233,-0.16258858303283752,-0.16267605633802806,-0.19533527240634307,
300118.SZ,20220129,实施完成,,20230104,20230213,50.0,50.0,80.0,1、5GWN型超低碳高效异质结电池片与10GW高效太阳能组件项目；2、全球高效光伏研发中心项目；3、补充流动资金。,20220128,1,-0.035523978685612856,0.04143646408839796,0.0207445100403858,-0.005985267034990693,-0.03512247880671826,0.28913443830570906,0.25689931879898764,0.008287292817679592,0.1291782841234994,
603218.SH,20220524,实施完成,,,20221208,10.0,8.01,80.0,用于补充流动资金,20220524,0,0.0344827586206895,0.01617647058823546,0.004228484418987266,0.050490196078431415,0.012412591039848042,0.25490196078431393,0.17951477640861935,0.40891089108910905,0.3140861386734024,
603222.SH,20220408,实施完成,,20221223,20230111,4.9,4.9,80.0,"1、年产8.5亿支安全注射器和安全注射针技术改造项目；2、新增年产25,000万只预充式导管冲洗器技改项目；3、济民健康",20220408,0,-0.06463675213675213,-0.05197030268418035,-0.026609406079377118,0.09537407195888048,0.109224807456068,-0.05996573386636195,-0.0006055128098836349,-0.10800274579198932,-0.13784235708861736,
601500.SH,20220524,实施完成,,20230306,20230322,10.18,10.18,80.0,用于柬埔寨高性能子午胎项目、补充流动资金,20220524,0,-0.04460093896713602,0.03439803439803435,0.02223580296855543,0.06633906633906617,0.027686979954207436,0.09336609336609336,0.027683040947236393,0.2610455319768583,0.17617264816927913,
300945.SZ,20220812,实施完成,,20230621,20230724,7.16,6.91,80.0,1、“曼卡龙@Z概念店”终端建设项目;2、全渠道珠宝一体化综合平台建设项目;3、“慕璨”品牌及创意推广项目。,20220812,0,0.014714537963507857,0.011600928074246175,0.011848170855988327,-0.037122969837586894,-0.03156415856913053,-0.13921113689095121,-0.13529688200183,-0.21635730858468671,-0.16718297527677117,
600221.SH,20220812,实施完成,,,20221223,108.7,108.7,80.0,1、补充流动资金。,20220812,0,0.050724637681159424,0.048275862068965614,0.048532068477024515,0.0620689655172415,0.06820042441433372,0.08965517241379328,0.09461014833050263,0.10344827586206917,0.15372888406236163,
002782.SZ,20220223,实施完成,,20230109,20230214,2.25,2.25,80.0,用于安徽光伏储能磁性元件智能制造项目、惠州充电桩磁性元件智能制造项目,20220223,0,0.05461538461538473,-0.04084609773887671,-0.024294162737537928,-0.06637490882567465,-0.06504719224307931,-0.17213712618526622,-0.11693483673714034,-0.043763676148796504,0.07368854962420746,
002881.SZ,20210814,实施完成,,20230220,20230320,6.04,6.04,80.0,1、5G+AIoT模组及解决方案产业化项目;2、研发中心建设项目;3、补充流动资金。,20210813,1,0.002693804250224474,-0.06477611940298511,-0.06505418630223692,-0.043582089552238745,-0.01875584851181955,-0.1483582089552239,-0.19132111915630068,0.516716417910448,0.5143530049421925,
002765.SZ,20220226,实施完成,,20230111,20230221,5.86,5.86,80.0,1、新能源汽车高精密传动齿轮及电机轴制造项目；2、车载、工控触控屏盖板玻璃扩产项目；3、补充流动资金。,20220225,1,0.014981273408239959,-0.008610086100861003,-0.011731256277618063,-0.027060270602705994,-0.026000002617966644,-0.07872078720787201,-0.010127265141701036,-0.13058309329420414,-0.04137976946826649,
300217.SZ,20220426,实施完成,,20220804,20220928,2.98,2.98,80.0,1、年产50台高温高效电加热装备项目;2、年产2万吨锂电池预镀镍钢基带项目。,20220426,0,0.005494505494505475,0.030054644808743092,0.005034746241341148,0.013661202185792254,-0.025221132446950012,0.12841530054644812,0.04052326597463818,1.0115040045146841,0.786265779434363,
300752.SZ,20210826,实施完成,,20230526,20230616,10.02,3.0,80.0,1、中大尺寸Mini-LED显示模组智能制造基地项目,20210826,0,0.023724792408066575,0.08729239088451135,0.08096637177498067,-0.12089609887987629,-0.1442062024666967,-0.22054847431440705,-0.23820637657431776,0.0007724990343762617,-0.016371718106783728,
603456.SH,20220805,实施完成,,20230110,20230119,25.0,25.0,80.0,1、瑞博(台州)制药有限公司创新药CDMO生产基地建设项目(一期工程)；2、瑞博(苏州)制药有限公司原料药CDMO建设项,20220805,0,-0.04672498399829306,0.0006714413607880054,-0.002391226240207822,-0.03782452999104735,-0.05246495575544474,-0.09982094897045657,-0.08836598235117354,-0.09668755595344669,-0.05289581044601299,
300767.SZ,20220407,实施完成,,20220728,20220928,2.5,2.5,80.0,1、年产10万套智能阻尼器、1.5万套核电站用液压阻尼器及2.5万套配件项目(一期);2、震安科技股份有限公司研发中心建,20220407,0,-0.061392949269131636,0.012275558812752108,0.007557894597665316,-0.06742396482227919,-0.06422813441335118,-0.010626603151337455,0.05483016080022196,0.17422820619404833,0.13270419511565823,
601111.SH,20220803,实施完成,,20221227,20230116,150.0,150.0,80.0,1、引进22架飞机项目;2、补充流动资金。,20220803,0,-0.004136504653567741,-0.0031152647975078995,-0.01104429310839039,-0.03219106957424722,-0.052070251287404945,0.07061266874351002,0.05775259616738637,0.06542056074766345,0.12437021306779816,
603517.SH,20210803,实施完成,,20221215,20230106,11.8,11.8,80.0,"1、广东阿华食品有限责任公司年产65,700吨卤制肉制品及副产品加工建设项目;2、广西阿秀食品有限责任公司年产25,00",20210803,0,0.030633655056651277,-0.037187839305103276,-0.045280601601687676,0.029723127035830466,0.005820393368224597,-0.14522258414766565,-0.16836486722516586,-0.02008686210640609,-0.04200149378976192,
605090.SH,20220118,实施完成,,,20221229,1.2,1.2,90.0,购买森泰能源100%股份,20220118,0,-0.0514643161785614,0.010791366906474975,0.014124935153669194,-0.06654676258992798,-0.02933622215740428,-0.0002997601918464099,0.03230939097584562,-0.13189448441246987,0.00625191008365511,
300092.SZ,20220730,实施完成,,20230208,20230306,5.81,5.81,80.0,1、高端过程装备智能制造项目;2、数字化升级及洁净化改造项目;3、氢能及特材研发中心建设项目;4、补充流动资金。,20220729,1,0.0053238686779060185,-0.0026478375992938785,-0.004703847127323746,-0.06354810238305386,-0.055941778916815954,-0.053839364518976085,-0.04886458592707987,-0.10414827890556033,0.007235619260157478,
002738.SZ,20220524,实施完成,,20230310,20230412,30.0,30.0,80.0,1、春鹏锂业年产3.5万吨高纯锂盐项目;2、津巴布韦Bikita锂矿200万t/a建设工程;3、津巴布韦Bikita锂矿,20220524,0,0.06906906906906896,-0.018913857677902657,-0.030449259252906646,-0.058520599250936445,-0.09264683946480368,0.06336222998014884,-0.0005183654725515741,0.21274080539012896,0.13111900280284927,
600995.SH,20211016,实施完成,,20221021,20221206,93.0,80.02,80.0,募集配套资金用于1、建设抽水蓄能电站和电化学储能电站;2、补充流动资金;3、偿还债务。,20210924,22,-0.020910209102091182,0.10050251256281406,0.11435985747875455,0.6118090452261307,0.6255146271696803,1.537688442211055,1.5907260631221187,1.1319095477386933,1.1435070515961034,True
300188.SZ,20220303,实施完成,,,20221228,6.78,6.78,80.0,用于补充流动资金,20220303,0,0.01941747572815533,-0.025396825396825418,-0.01593715205614199,-0.09079365079365065,-0.039756962107556415,0.03682539682539665,0.10980340408845612,-0.166984126984127,-0.0925175770565696,
688239.SH,20220728,实施完成,,,20230510,1.5,1.5,80.0,1、补充流动资金。,20220728,0,0.176798467165999,-0.022202486678507993,-0.013384739386956834,0.03463587921847244,0.0649824578614544,0.09843102427471861,0.11072320635425381,0.3522794552989934,0.5223158171697098,
002939.SZ,20210727,实施完成,,20220714,20220822,84.64,76.16,80.0,1、资本中介业务投入;2、证券投资业务投入;3、偿还债务。,20210727,0,-0.04200000000000004,-0.020773567197413967,-0.015065920002821254,0.004523994037529233,-0.014939610032381756,0.3080947288568454,0.25848471989918087,0.2669861918500631,0.21756830990793685,
603995.SH,20220728,实施完成,,20230324,20230406,12.0,12.0,80.0,1、年加工22万吨精密不锈钢板带项目;2、年加工35万吨宽幅精密不锈钢板带技术改造项目;3、补充流动资金。,20220728,0,-0.021496815286624282,-0.009221589368049732,-0.0002867807518973642,-0.056414429075128836,-0.028738418306891944,0.11445619745050206,0.12692771199805697,-0.3433685923515052,-0.2608033982941046,
300597.SZ,20211108,实施完成,,20221103,20221128,2.32,2.13,80.0,1、政企数智化业务中心项目;2、“智慧食堂”产业化项目;3、智慧中台建设项目。,20211108,0,0.0035087719298245723,0.015151515151515138,0.012728410226580777,0.06759906759906764,0.05712286854609627,0.05128205128205132,0.024723905298175586,0.07226107226107215,0.08654762222154111,
603229.SH,20220309,实施完成,,20221227,20230203,4.85,4.85,80.0,1、高端制剂国际化项目(一期);2、特色原料药及关键医药中间体产业化项目(二期);3、补充流动资金。,20220309,0,-0.01371308016877637,0.018395721925133612,0.006128413363749585,0.17005347593582898,0.2016703533013131,0.3736898395721924,0.37560692641399895,-0.08382596872019721,-0.07889454079645797,
300121.SZ,20220319,实施完成,,20220721,20220905,2.85,2.85,80.0,1、3.6万吨绿色橡胶助剂建设项目;2、智能工厂建设及改造项目;3、补充流动资金。,20220318,1,0.013756613756613856,0.02192066805845516,0.02109988033398702,-0.0020876826722338038,0.009975996028298573,-0.029227557411273364,-0.011890063861732414,0.13940606184991222,0.11728836881347782,
600986.SH,20211229,实施完成,,,20230824,8.0,8.0,80.0,1、AI智能营销系统项目;2、直播及短视频智慧营销生态平台项目;3、偿还银行借款及补充流动资金。,20211229,0,0.09952606635071093,0.10057471264367823,0.09382734613339938,0.15229885057471249,0.15580804684319594,-0.13074712643678155,-0.07882296380120335,-0.07471264367816088,0.023385965785568397,
601021.SH,20210605,实施完成,,20221114,20221202,35.0,30.0,80.0,1、购置9架空客A320系列飞机;2、购置1台A320飞行模拟机;3、补充流动资金。,20210604,1,-0.010843941537010737,0.004925325707022532,0.0027766609788699714,-0.02986971719097553,-0.029303110539400823,-0.1353670162059104,-0.12129477038454883,-0.18938671750873848,-0.17475276499889214,
002240.SZ,20220323,实施完成,,,20221213,23.03,20.0,80.0,用于补充流动资金及偿还债务,20220323,0,0.0003663674665688177,0.054019410364402276,0.06075424108044758,-0.00512726606848557,-0.003776057499540575,-0.2876762497711042,-0.24519110767793617,0.08257609447867642,0.0665611419039216,
002552.SZ,20211012,实施完成,,,20221019,3.0,3.0,80.0,"募集配套资金用于1、7,000吨/年高速高频板5G用(HVLP)铜箔项目;2、补充上市公司流动资金及支付中介机构费用。",20211012,0,0.10034129692832772,0.09987593052109167,0.09529761530519476,-0.11290322580645162,-0.12431354896816604,-0.14764267990074442,-0.13793684565686926,-0.08312655086848642,-0.09542911471195403,
688221.SH,20220430,实施完成,,20220718,20220920,2.7,2.0,80.0,用于FB2001研发项目中期分析阶段,20220429,1,-0.02328675981370587,-0.01975476839237056,-0.02636788610170049,0.07629427792915533,0.07219829688353796,-0.033378746594005415,-0.07441535834714164,0.022479564032697574,-0.05087978948348282,
002333.SZ,20220427,实施完成,,,20230220,1.0,1.0,80.0,用于补充流动资金,20220427,0,0.018181818181818077,-0.024553571428571286,-0.03019312630763793,0.0401785714285714,0.024300006914741212,0.07366071428571419,0.008615415123173431,0.3861607142857144,0.25117768604776614,
300382.SZ,20210824,实施完成,,20220804,20220825,8.37,8.37,80.0,1、苏州铝瓶高速自动化生产线制造项目；2、常州电池壳生产项目；3、泰安设备产线基地建设项目；4、海南高端装备制造及研发中,20210824,0,-0.06213235294117636,0.01999215993727943,0.012526655324656133,0.007448059584476585,-0.0009292511719258822,0.1552332418659348,0.11471390549946214,0.05997647981183829,0.039361261491974275,
601778.SH,20220721,实施完成,,20230112,20230223,29.97,29.97,80.0,1、金昌市金川区西坡300MW光伏发电项目；2、金塔县晶亮200MW光伏发电项目；3、广东农垦红十月农场300MW农光互,20220721,0,-0.038016528925619686,0.010309278350515427,0.010935644206218509,-0.024054982817869552,-0.027198924894909937,-0.01890034364261184,-0.020559465011280142,-0.19415807560137466,-0.13235364930277194,
002960.SZ,20220419,实施完成,,20221028,20221122,17.87,17.87,80.0,1、青鸟消防安全产业园项目;2、绵阳产业基地升级改扩建项目;3、智慧消防平台建设项目;4、补充流动资金。,20220419,0,-0.018013510132599553,-0.05095541401273884,-0.038010873321351446,-0.19796178343949045,-0.1124895117892406,-0.048442717444039496,-0.03408985716665047,0.11117930092091854,0.08268051772113161,
002386.SZ,20220623,实施完成,,20230306,20230407,20.0,20.0,80.0,1、年产10万吨磷酸铁锂正极材料生产项目;2、研发检测中心建设项目;3、偿还银行贷款。,20220623,0,-0.006876227897838927,0.017804154302670572,0.008810856390829347,0.09000989119683478,0.06484369424493486,0.11037148414421227,0.12671060132816492,0.09061398442634361,0.15820217069470877,
002993.SZ,20210724,实施完成,,20220812,20220920,19.96,16.77,80.0,1、快充及大功率电源智能化生产基地建设项目;2、品牌建设及推广项目;3、研发中心升级项目;4、补充流动资金。,20210723,1,-0.0406400812801625,-0.060100608948901346,-0.037614335589681414,0.006089489012443661,0.051410281375642075,-0.04553878739740547,-0.011267693516200161,-0.008207572147206799,-0.021230996829998627,
600328.SH,20210729,实施完成,,20221027,20221124,28.0,20.22,80.0,用于收购发投碱业100%股权,20210729,0,0.053505535055350384,-0.09982486865148854,-0.09601824646860257,-0.1056625802685347,-0.11980694605020492,0.16053706946876822,0.1307286574547606,0.07355516637478132,0.033346060104123776,
600733.SH,20220716,实施完成,,20230505,20230525,80.0,60.45,80.0,1、面向场景化产品的滑板平台开发项目;2、整车产品升级开发项目;3、研发与核心能力建设项目;4、补充流动资金。,20220715,1,-0.032558139534883734,0.04326923076923084,0.0273430407209041,0.009615384615384581,-0.003325394396761272,-0.055288461538461564,-0.06936500170984261,-0.203125,-0.16615586953198447,
300554.SZ,20220715,实施完成,,,20230517,1.2,1.2,80.0,1、年产4100万公里超细金刚石线锯生产项目(一期)。,20220715,0,-0.010591900311526459,0.011335012594458238,-0.004103680638380847,0.3274559193954656,0.3104412086818349,1.0730478589420653,1.042158703601468,0.30100755667506296,0.3613647244900835,
600728.SH,20220226,实施完成,,20221228,20230130,33.14,18.27,80.0,用于1、数字孪生核心技术及开放平台研发项目;2、新一代轨道交通数字化系统研发及产业化项目;3、面向车路协同的新一代交通数,20220225,1,0.01459034792368108,-0.07300884955752196,-0.07592727458113291,-0.09070796460176966,-0.08971705714390643,-0.18252212389380518,-0.12165709410185543,-0.3263274336283185,-0.25720773785612805,
300873.SZ,20220524,实施完成,,,20221123,3.8,3.3,80.0,用于补充公司流动资金,20220524,0,-0.0679650238473768,0.033262260127931764,0.02111338289003606,0.08400852878464815,0.04471596920474319,0.1189765458422174,0.05175496693834658,0.28486140724946685,0.19838562968148632,
002053.SZ,20220302,实施完成,,20220824,20220921,18.66,18.66,80.0,1、曲靖市通泉风电场项目;2、会泽县金钟风电场一期工程项目;3、红河州永宁风电场项目。,20220302,0,0.015432098765431945,0.005065856129685908,0.005954853045932795,0.29179331306990886,0.3821617256511376,0.3799392097264438,0.47186023316796377,0.5205294461937882,0.6648507882927726,
002943.SZ,20211116,实施完成,,,20230106,3.42,3.42,80.0,用于增强公司资金实力、优化资本结构、提高公司的抗风险能力,20211116,0,0.10003938558487602,0.09989258861439287,0.09504836960638685,0.4708199069101324,0.4432390528503811,0.7257429287504475,0.6905148245985429,0.1059792337987826,0.19611743982036756,
688133.SH,20210706,实施完成,,20220810,20220830,10.23,10.04,80.0,1、泰坦科技生命科学总部园项目;2、补充流动资金项目。,20210706,0,-0.15081349757648743,0.10950338108049174,0.10218001008789179,0.05616956300443543,0.04543066802621287,0.0606049589180544,0.08591050882684792,-0.14600450810732202,-0.1550772834347306,
002264.SZ,20210330,实施完成,,20220726,20220816,1.7,1.7,80.0,用于1、品牌营销服务一体化建设项目;2、仓储物流建设项目;3、研发中心建设项目。,20210330,0,-0.026004728132387855,0.004854368932038833,0.009164989714333105,0.024271844660194164,0.017516515994056236,0.00728155339805836,0.007167424271808276,0.012135922330096971,-0.020864156039400283,
300473.SZ,20220428,实施完成,,20220705,20220818,2.5,2.5,80.0,1、汽车电子(智能电控系统)产业化项目；2、归还银行贷款。,20220428,0,-0.04424778761061954,0.06481481481481466,0.03980157948071428,0.08119658119658113,0.0596999652229826,0.16025641025641013,0.08344713513782032,0.5285507892142964,0.3884369321893928,
300775.SZ,20220223,实施完成,,20221222,20230117,20.46,16.83,80.0,1、航空精密模锻产业深化提升项目;2、航空精密模锻产业深化提升项目;3、航空数字化集成中心项目;4、补充流动资金。,20220223,0,0.056093714800630856,-0.004906143344709957,0.012266000559163492,0.029650170648464202,0.031114445354408993,-0.05076791808873726,0.01252732777445531,-0.1774744027303754,-0.07644554642683721,
002140.SZ,20210609,实施完成,,,20221205,9.06,9.06,80.0,用于1、东至经济开发区污水处理厂二期工程项目;2、芜湖“JADE玉”EPC项目;3、偿还银行借款及补充流动资金。,20210609,0,0.01115760111576014,-0.016551724137931045,-0.02185250217134793,-0.06206896551724139,-0.04456596844230032,-0.009655172413793212,0.00885463425134958,0.5351724137931035,0.5327627295248334,
002011.SZ,20211117,实施完成,,,20230106,8.1,8.1,80.0,用于补充流动资金及偿还银行借款,20211117,0,0.10023310023310006,0.026483050847457612,0.03133908505307925,0.17902542372881358,0.16086558317561317,0.4131355932203389,0.3704179624438846,0.1758474576271185,0.1993542663855452,
002472.SZ,20211028,实施完成,,20220926,20221102,19.89,19.88,80.0,用于补充流动资金或偿还银行贷款,20211028,0,-0.021804511278195604,0.010376633358954557,0.0021395827314640847,0.05956956187548035,0.05703121481416695,0.16141429669484997,0.1401047684809935,0.0034588777863182596,0.0022763146796271894,
300903.SZ,20220427,实施完成,,20220630,20220825,1.5,1.5,80.0,用于江西科翔Mini LED用PCB产线建设项目,20220427,0,0.03629417382999023,0.01520737327188959,0.009337940028297798,0.08617511520737331,0.0695944029009754,0.14055299539170507,0.07145517909939425,0.1692968900907863,0.05543185733734979,
688071.SH,20220702,实施完成,,20230412,20230426,6.95,5.66,80.0,1、新能源汽车动力总成高性能测试中心建设项目;2、智能驾驶测试中心建设项目;3、德国新能源汽车测试中心建设项目;4、组合,20220701,1,0.013192041522491316,0.19999999999999996,0.19373139348440516,0.2717182497331909,0.28367708814344916,0.24461045891141953,0.2960283125221026,0.3991462113127,0.553408332780523,
300264.SZ,20210812,实施完成,,20230110,20230213,0.94,0.94,80.0,1、面向5G应用的超高清视频云平台建设项目(一期);2、补充流动资金。,20210812,0,-0.018115942028985366,0.02029520295202958,0.022743732304898456,-0.09594095940959413,-0.08050194558264301,0.23431734317343178,0.1780373217750142,0.9870848708487081,0.9822679102702983,
300636.SZ,20220702,实施完成,,20230705,20230727,11.0,8.0,80.0,1、江西同和药业股份有限公司二厂区部分车间、装置新、改、扩项目二期工程;2、补充流动资金。,20220701,1,-0.016249999999999987,0.02287166454891998,0.017528347898079444,-0.0006127739344596872,0.008785149189079133,-0.106347815060578,-0.06942889244098871,-0.26877212522419347,-0.1881509847548981,
600900.SH,20211211,实施完成,,20230329,20230424,160.97,160.97,80.0,募集配套资金用于支付本次交易现金对价,20211126,15,-0.013137948458817661,0.06810035842293916,0.03415386171549506,0.12186379928315416,0.10077709596952178,0.1469534050179211,0.13756037310123892,0.15207373271889413,0.27378687718078853,True
600587.SH,20211231,实施完成,,20230208,20230227,12.84,12.84,80.0,1、基于柔性加工生产线的智能制造及配套项目;2、高端精密微创手术器械生产扩建项目;3、制药小容量制剂智能化生产装备产业化,20211231,0,0.05886221637619227,-0.01490683229813694,-0.012887330079245918,-0.07732919254658399,-0.06545233582141086,-0.2723602484472051,-0.22776416565535018,-0.24223602484472073,-0.15999611631996324,
002785.SZ,20210930,实施完成,,,20231016,4.04,4.04,80.0,用于补充公司运营资金和偿还银行贷款,20210930,0,0.0998439937597504,0.051063829787234116,0.044041515816014565,0.3167848699763596,0.3204437863276235,0.4075650118203309,0.42404819781453895,0.233096926713948,0.21571324442244943,
688630.SH,20220902,实施完成,,20230719,20230804,7.98,7.98,80.0,1、直写光刻设备产业应用深化拓展项目;2、IC载板、类载板直写光刻设备产业化项目;3、关键子系统、核心零部件自主研发项目,20220902,0,0.01848275862068971,0.04645178764897051,0.0420586292563736,0.022481040086673953,-0.001208060276433165,-0.14558504875406286,-0.0845859350192677,0.15994041170097506,0.1507902571176405,
688256.SH,20220701,实施完成,,20230330,20230413,16.72,16.72,80.0,1、先进工艺平台芯片项目；2、稳定工艺平台芯片项目；3、面向新兴应用场景的通用智能处理器技术研发项目；4、补充流动资金。,20220701,0,-0.031221020092735752,0.006700701978302526,0.0014418598285732553,0.015634971282705745,0.025185683091650368,-0.02680280791320999,0.013402310402132356,0.010051052967453789,0.12141369467119834,
300055.SZ,20210911,实施完成,,,20230216,3.49,3.49,80.0,用于吉林化工园区绿色循环经济资源综合利用项目(一期),20210910,1,0.019346230820546984,0.20026178010471218,0.19630050549768452,0.17801047120418856,0.20706789917329438,-0.20615183246073288,-0.18185864047303923,-0.13089005235602091,-0.12101931974828095,
300128.SZ,20211214,实施完成,,20231017,20231110,7.38,7.38,80.0,1、高性能石墨烯散热膜生产基地建设项目;2、补充流动资金。,20211214,0,0.010101010101010166,-0.022499999999999964,-0.01877638730273723,0.030000000000000027,0.04034232060019094,0.04499999999999993,0.06361811206943968,-0.1499999999999999,-0.018422936652396138,
300756.SZ,20211204,实施完成,,20230704,20230807,2.75,2.75,80.0,1、华中区域总部及大型游乐设施研发生产运营基地项目(一期);2、补充流动资金。,20211203,1,-0.02998500749625188,-0.034389489953632224,-0.029513128846912484,0.08964451313755784,0.07213467201128121,0.09853168469860885,0.08877008512723306,-0.07573415765069558,-0.011452860161027756,
600212.SH,20211122,实施完成,,,20230828,4.53,4.53,80.0,用于补充流动资金,20211122,0,0.09927360774818417,0.09911894273127753,0.09697229961537635,0.028634361233480066,0.03423066035170752,-0.048458149779735615,-0.051509087477260795,0.026431718061673992,0.06352471683430361,
300395.SZ,20220427,实施完成,,20221124,20230217,3.0,3.0,80.0,1、半导体用石英玻璃材料扩产项目;2、新材料研发项目;3、补充流动资金;,20220427,0,0.09227518196759799,-0.009028374892519397,-0.014757688876042008,0.15262252794496978,0.13502748063983994,0.1627257093723129,0.09228460949429929,0.5396771528626427,0.3897448380449655,
000983.SZ,20210820,实施完成,,20230417,20230515,44.0,44.0,80.0,募集配套资金用于1、沙曲一二号煤矿智能化项目;2、沙曲一二号煤矿瓦斯综合开发利用项目;3、支付本次交易的现金对价;4、偿,20210820,0,0.010332950631458004,0.09999999999999987,0.08424617517407507,0.20340909090909065,0.17101111727936447,0.4420454545454542,0.3675753222989375,-0.05227272727272747,-0.09498556514084067,
603683.SH,20210526,实施完成,,20230711,20230727,4.36,4.36,80.0,"1、年产OCA光学膜胶带2,600万m2、硅胶保护膜2,100万m2、离型膜4,000万m2项目;2、年产6,800万平",20210526,0,0.0028348688873141015,0.021908127208480677,0.01752081965083363,-0.023005448310675636,-0.024032353256544625,-0.03293425473028255,-0.02569395218718684,0.5230789047677069,0.5792468668649378,
002281.SZ,20211113,实施完成,,20230220,20230403,15.73,15.73,80.0,1、高端光通信器件生产建设项目;2、高端光电子器件研发中心建设项目。,20211112,1,0.019806338028169224,0.006905481225722765,0.008557656507272249,0.0030211480362536403,-0.0029718945716944445,-0.02028485110056122,-0.05428776155884352,-0.11868795856711278,-0.0903590350634863,
000552.SZ,20220425,实施完成,,20231116,20231213,30.0,20.0,80.0,募集配套资金用于1、红沙梁矿井及选煤厂项目;2、红沙梁露天矿项目;3、补充上市公司流动资金。,20220425,0,-0.10002037997327973,-0.09971509971509962,-0.08658831791646171,0.1282051282051282,0.07699540735365895,0.24501424501424518,0.1674393022707632,0.09116809116809121,-0.022775493477415476,
688266.SH,20211126,实施完成,,20230410,20230421,14.55,12.0,80.0,1、新药研发项目;2、新药研发生产中心三期工程建设项目;3、补充流动资金。,20211126,0,-0.008160123171670586,-0.022042843837317583,-0.021660576355091332,-0.022042843837317583,-0.03379286409497573,-0.10384973610679915,-0.11721602338136794,-0.33467867122011796,-0.31511991674154183,
600420.SH,20220627,实施完成,,,20230111,12.0,12.0,80.0,1.补充流动资金；2.偿还债务。,20220627,0,0.0010881392818280489,0.009782608695652284,0.0008893984984557068,0.07717391304347831,0.06887343802837065,0.01739130434782621,0.05770561491762516,-0.046415231034125926,0.03200536529713749,
301012.SZ,20221126,实施完成,,20230706,20230801,5.1,5.1,80.0,1、新型高效节能输配电设备数字化建设项目；2、储能及新能源箱式输变电系列产品智能制造项目；3、补充流动资金。,20221125,1,-0.028344370860927115,0.017720828789530962,0.025372110965558248,0.0929661941112323,0.07410992568232122,-0.11123227917121048,-0.09494231392612784,0.22137404580152653,0.1627647554976961,
603612.SH,20220517,实施完成,,20230406,20230505,6.84,6.84,80.0,募集配套资金用于1、补充流动资金；2、补充流动资金；,20220517,0,0.10017271157167529,0.09994767137624283,0.10269923646860613,0.21664050235478816,0.22566124781246844,0.47154216978198304,0.3772904248018767,0.763285824357496,0.6888660699668734,
688556.SH,20220824,实施完成,,,20230626,9.2,9.16,80.0,1、补充流动资金或偿还贷款。,20220824,0,-0.01863600317208569,0.000606060606060721,-0.00896302163084628,-0.09747474747474749,-0.09379222522761976,-0.13717171717171717,-0.10767159576372742,-0.18373737373737364,-0.15047352663317948,
605050.SH,20211116,实施完成,,20221214,20230109,6.5,6.5,80.0,用于新能源汽车板生产基地项目、新能源汽车铝压铸建设项目、补充流动资金,20211116,0,0.10009354536950421,-0.0323129251700679,-0.036574875991645994,-0.024659863945578175,-0.042949468148479886,0.32057823129251695,0.2701796301326964,0.10289115646258495,0.12069745083539174,
300806.SZ,20210210,实施完成,,20221202,20221228,5.0,5.0,80.0,用于精密离型膜建设项目、偿还银行贷款项目,20210210,0,0.016949152542372836,-0.008801498127340768,-0.01426782452983022,-0.028089887640449396,-0.003272348421805904,0.008239700374531811,0.06955460445020467,0.07172284644194749,0.11001001167799296,
300530.SZ,20210810,实施完成,,,20230323,3.1,3.1,80.0,用于锂离子动力电池(2.4GWh)建设项目、补充流动资金及偿还借款,20210810,0,0.03246753246753231,0.003281378178835004,0.002517291685937506,-0.03800929723817337,-0.01485803579958589,0.21082854799015593,0.16252969701640763,-0.00656275635767023,-0.007365568684099655,
000701.SZ,20220630,实施完成,,20230607,20230630,7.09,7.09,80.0,1、RFID电子标签新建项目;2、信息科技研发中心建设项目;3、新能源车经营网点建设项目;4、4S店升级改造项目;5、集,20220630,0,-0.017295597484276892,0.0,0.003240842813957867,-0.03200000000000003,-0.02215481497730054,-0.008000000000000007,0.027067576383156267,-0.13280000000000003,-0.04568417674115732,
300638.SZ,20210713,实施完成,,20230616,20230725,1.7,1.7,80.0,募集配套资金用于标的公司项目建设投资及补充流动资金,20210713,0,0.09126984126984117,0.0826262626262626,0.09429211308662344,0.07090909090909103,0.079911679298454,0.14545454545454573,0.1573284363982621,-0.014949494949494935,-0.012667557481364278,
688698.SH,20221118,实施完成,,20230911,20230926,10.0,7.89,80.0,1、数字化生产基地建设项目;2、苏州技术研发中心(二期)建设项目;3、信息化建设及智能化仓储项目;4、补充流动资金。,20221118,0,0.05170004657661864,0.008414526129318034,0.012401971859870908,-0.014614703277236352,-0.016028435805784502,-0.06465899025686439,-0.08550858406386042,0.01860053144375562,-0.04117653509046226,
603708.SH,20220317,实施完成,,,20230411,4.08,4.08,80.0,1、家家悦商河智慧产业园项目(一期)；2、羊亭购物广场项目；3、偿还银行贷款。,20220317,0,0.03582554517133962,-0.011278195488721776,-0.022235063228963958,-0.049624060150375904,-0.059922344057343535,0.05488721804511276,0.06133120843287054,0.02556390977443601,-0.005894891696259785,
601100.SH,20210901,实施完成,,20221215,20230106,50.0,20.0,80.0,1、恒立墨西哥项目;2、线性驱动器项目;3、恒立国际研发中心项目;4、通用液压泵技改项目;5、超大重型油缸项目;6、补充,20210901,0,0.044430406401347655,-0.036995967741935476,-0.04501201796415555,-0.03629032258064524,-0.06463262169407646,-0.15756048387096788,-0.16343894742090104,-0.20030241935483872,-0.20924310658495004,
002043.SZ,20211123,实施完成,,,20230410,5.0,4.66,80.0,用于公司偿还银行贷款和补充流动资金,20211123,0,0.06002265005662499,-0.002136752136752018,-0.0031402807341949224,-0.002136752136752018,0.0049196858855564685,0.11538461538461542,0.10429709032662071,0.3995726495726497,0.43966192337040355,
601611.SH,20210512,实施完成,,20221220,20230111,25.09,25.09,80.0,1、宜昌市港窑路夷陵区段道路工程PPP项目；2、德州市东部医疗中心EPC项目；3、砀山县人民医院新院区三期项目；4、补充,20210512,0,-0.07188703465982027,-0.011065006915629394,-0.001487130309432927,0.03319502074688785,0.019006941666150245,0.004149377593360981,-0.03181963822273537,0.00595590933468837,0.004853827915310305,
300683.SZ,20220901,实施完成,,20221024,20230215,2.95,2.95,80.0,1、高端原料药研发中试项目。,20220901,0,-0.036945812807881784,0.02608695652173898,0.025604452438107606,-0.010230179028132946,-0.025710769977931425,-0.08081841432225068,-0.03201167607243771,0.026598465473145927,0.03597778345587632,
000751.SZ,20221105,实施完成,,,20230802,5.0,5.0,80.0,1、偿还银行贷款。,20221104,1,0.019933554817275878,0.0228013029315961,0.020468260119966386,0.039087947882736174,0.03353583318979658,0.02931596091205213,0.001481411157091772,0.09771986970684043,0.04081159535917034,
300729.SZ,20220413,实施完成,,20220929,20221212,2.99,2.99,80.0,1、越南福来思博智能家居产品工厂项目;2、线性驱动核心技术智能家居产品智能工厂项目;3、补充流动资金,20220413,0,-0.0011890606420926764,-0.008928571428571619,-0.020854951036003322,-0.036904761904761885,-0.025970518052201297,-0.02678571428571408,0.00901642715333728,-0.013508305647840557,-0.04196011083495621,
688017.SH,20221029,实施完成,,20241216,20250106,20.27,14.13,80.0,1、新一代精密传动装置智能制造项目。,20221028,1,-0.024620467238260058,-0.0675,-0.060267224924674734,0.06806451612903208,0.014198392260297288,-0.1687903225806452,-0.2185733713199597,0.0034677419354838257,-0.1050006827629969,
600908.SH,20211030,实施完成,,20221223,20230202,20.0,20.0,80.0,补充公司核心一级资本,20211029,1,-0.018151815181517983,-0.01848739495798335,-0.017696365158667793,-0.05378151260504216,-0.038668218054735526,-0.055462184873949716,-0.05990206378892626,0.018487394957983128,0.025201321620499817,
600305.SH,20211111,实施完成,,20230424,20230517,17.9,11.43,80.0,1、恒顺香醋扩产续建工程项目(二期);2、年产3万吨酿造食醋扩产项目;3、10万吨黄酒、料酒建设项目(扩建);4、徐州恒,20211111,0,-0.02042042042042047,-0.025751072961373245,-0.027489310670747003,-0.002452483139178341,0.0009688675891654785,-0.008583690987124193,-0.04644100960013742,-0.20600858369098707,-0.1899960144192845,
300505.SZ,20220330,实施完成,,20230706,20230728,15.0,7.11,80.0,1、5万吨/年电池级磷酸铁锂正极材料前驱体材料磷酸铁及配套60万吨/年硫磺制酸项目；2、广西川金诺新能源有限公司10万吨,20220330,0,0.028226911482597927,-0.014658848614072628,-0.01029810740942727,0.2409381663113006,0.24656527112657667,-0.09035181236673773,-0.024813853446110867,0.24486935292412038,0.1965120521548709,
601658.SH,20221027,实施完成,,20230223,20230328,450.0,450.0,80.0,1、补充本行核心一级资本。,20221027,0,0.0025316455696202667,0.0,0.022969446718069664,-0.005050505050505194,-0.009996633925146048,0.09595959595959602,0.058210888630491064,0.23737373737373746,0.1305287026157389,
000411.SZ,20220526,实施完成,,,20230412,13.56,13.56,90.0,用于购买英特药业50%股权,20220526,0,-0.05774853801169577,-0.048099301784329085,-0.05026797930762816,-0.05973622963537639,-0.0810252523082633,0.0048099001902153216,-0.06317410321368344,-0.02452406449505995,-0.06493453305624297,
300160.SZ,20211112,实施完成,,20221213,20230105,9.24,9.24,80.0,用于智能玻璃生产线建设项目、BIPV组件生产线项目、补充流动资金,20211112,0,0.03680203045685282,-0.017135862913096767,-0.015523135737910865,0.01835985312117505,0.012275161884177876,-0.044063647490820146,-0.07724126879707494,-0.14810281517747848,-0.12071940380078305,
300848.SZ,20220315,实施完成,,,20231027,2.35,2.35,80.0,用于补充流动资金,20220315,0,-0.10098039215686272,0.015267175572518887,-0.018912798606517955,0.03635041802980732,-0.025927565873639424,0.03562340966921096,-0.01628423907413956,-0.013495704577161316,-0.0855543064426334,
600726.SH,20220507,实施完成,,20221223,20230106,26.8,26.8,80.0,募集配套资金用于1、支付本次交易相关交易税费;2、中介机构费用;3、补充上市公司和标的公司流动资金;4、偿还债务等。,20220422,15,0.05747126436781613,-0.050724637681159424,-0.024567577054550926,-0.22463768115942018,-0.22397531533756387,-0.07971014492753603,-0.12220826190667644,-0.13405797101449257,-0.1800223340399818,True
300733.SZ,20211123,实施完成,,20221222,20230120,3.36,3.36,80.0,1、涡轮增压器扩产项目;2、研发中心项目;3、补充流动资金。,20211123,0,-0.017402376910017003,-0.013390928725701912,-0.01438313925118273,0.02807775377969768,0.03534785513596561,0.08207343412527024,0.07131704018727669,0.04406047516198708,0.07396647987204075,
688131.SH,20220305,实施完成,,,20230111,0.5,0.5,80.0,募集配套资金用于1、药源生物科技(启东)有限公司创新药物制剂开发及GMP制剂平台项目(二期)；2、补充上市公司流动资金；,20220218,15,-0.026901565995525734,-0.10213230645439397,-0.0707462906565075,0.0006322202425426138,0.055356963548559124,-0.05143973791597223,0.00867484551049369,-0.034427265934823925,0.041468710724800184,True
300065.SZ,20220412,实施完成,,20220928,20221226,3.0,3.0,80.0,1、海洋基础工程技术服务能力建设项目;2、补充流动资金,20220412,0,0.07375099127676443,0.024372230428360453,0.03289202474295361,-0.052437223042835934,-0.04671131342734158,-0.18611521418020682,-0.1520626609264084,-0.0827178729689807,-0.11047080182318547,
600975.SH,20220429,实施完成,,20230613,20230706,17.7,15.51,80.0,募集配套资金用于1、本次重组中相关中介机构费用及相关税费;2、现金对价;3、补充流动资金;4、偿还债务;5、标的公司项目,20220429,0,-0.10019083969465647,-0.09968186638388121,-0.10575576463042813,-0.10180275715800635,-0.10522096624575261,-0.17497348886532338,-0.2099988853214657,-0.09225874867444328,-0.15738602720368144,
688683.SH,20220428,实施完成,,,20221201,1.21,1.21,80.0,1.新材料与电子领域高新技术产业化基地项目;2.佛山市大为科技有限公司新建项目(12000吨新能源涂碳箔项目),20220428,0,0.025789473684210362,0.048229861467419255,0.02360621814059738,0.03437660338635218,0.013810873710752292,0.03437660338635218,-0.03409939588709887,0.3027086857294239,0.183296534150728,
300738.SZ,20220729,实施完成,,20230329,20230420,12.57,12.26,80.0,1、新一代云计算和人工智能产业园(廊坊固安B栋和C栋)项目；2、数字智慧产业园(广州南沙A栋)项目；3、补充流动资金及偿,20220729,0,-0.046617915904935914,0.022051773729625967,0.019944846744206934,0.020134228187919545,0.02842026075224502,-0.09108341323106417,-0.08630445857144797,-0.10834132310642364,0.0025212414532118643,
000920.SZ,20210916,实施完成,,,20221220,4.08,4.07,80.0,用于沙文工业园三期项目、偿还公司债务及补充流动资金,20210916,0,0.014479638009049944,0.09991079393398739,0.09781866131266725,-0.052631578947368585,-0.0462163779870306,-0.23550401427297063,-0.2360907290357036,-0.057983942908117814,-0.054447636002506794,
603818.SH,20230224,实施完成,,20240105,20240125,8.0,5.45,80.0,1、河南曲美家居产业二期项目;2、Ekornes挪威工厂产能升级建设项目;3、偿还借款及补充流动资金 。,20230224,0,-0.009198423127463773,-0.022546419098143256,-0.019808707930390135,-0.04641909814323608,-0.06396228629029432,-0.08222811671087527,-0.08180487389849933,-0.2427055702917772,-0.22711636813774183,
002893.SZ,20220212,实施完成,,,20231120,4.26,4.26,80.0,用于补充流动资金,20220128,15,0.04230769230769238,0.09963099630996286,0.07800244468798234,0.16113161131611298,0.11811666058907933,0.11439114391143912,0.13179616810927697,0.05535055350553497,0.15018483151294215,True
002866.SZ,20230330,实施完成,,,,30.0,,80.0,1、钠离子电池制造二期5.5GWh项目；2、补充流动资金。,20230330,0,-0.015551048005408963,0.09993131868131866,0.09602889947834381,0.08310439560439553,0.06149299052727919,-0.050480769230769273,-0.06820273983157832,-0.025124939054119944,-0.007105567497184606,
688005.SH,20220330,实施完成,,20230908,20230920,54.28,13.34,80.0,1、锂电正极材料扩产项目;2、2025动力型锂电材料综合基地(一期)项目;3、工程装备一期项目;4、补充流动资金。,20220330,0,0.09444444444444455,-0.07471223278758865,-0.07061726477883135,-0.19367984557088724,-0.19002354089204154,-0.3328090369628942,-0.2847395365536126,-0.07180125456190212,-0.10785739635811353,
002101.SZ,20221115,实施完成,,20230809,20230828,22.0,22.0,80.0,1、大型一体化轻量化汽车零部件智能制造项目;2、广东鸿图科技园二期(汽车轻量化零部件智能制造)项目;3、广东鸿图汽车轻量,20221115,0,0.02639296187683282,-0.051836734693877506,-0.047552529313508285,-0.061224489795918435,-0.04750723250270639,-0.06938775510204087,-0.08176565117685286,0.011428571428571344,-0.033713257453859446,
002708.SZ,20221231,实施完成,,20231013,20231114,5.7,5.7,80.0,"1、年产6,500万套高端新能源汽车关键零部件及精密轴承项目；2、补充流动资金。",20221230,1,-0.0017921146953403522,0.037701974865349985,0.028627236654666266,0.11310592459605018,0.08267625470769202,0.3303411131059246,0.26895655203065605,0.14362657091561926,0.07176365304744547,
000702.SZ,20220618,实施完成,,,20230803,3.38,3.38,80.0,1.补充流动资金。,20220610,8,0.0017889087656528524,-0.017857142857142905,-0.026920745243170674,0.03392857142857153,0.013892639770364035,0.016071428571428736,0.03394148375798722,0.2232142857142856,0.2317563568751948,
600028.SH,20230327,实施完成,,,20240318,120.0,120.0,100.0,1、天津LNG项目三期工程一阶段；2、燕山分公司氢气提纯设施完善项目；3、茂名分公司炼油转型升级及乙烯提质改造项目；4、,20230327,0,-0.030797101449275277,0.03925233644859816,0.04118044654831854,0.03925233644859816,0.02506556642381441,0.2205607476635516,0.21552331607000164,0.1987542115602119,0.22203981500581893,
002846.SZ,20220917,实施完成,,,20230817,5.0,5.0,80.0,1、补充流动资金。,20220916,1,-0.0024539877300613355,-0.0036900369003690647,-0.00023774631740625107,-0.1168511685116852,-0.10597664057919398,-0.12915129151291516,-0.10408590997993583,0.3382533825338254,0.32073875327318135,
000619.SZ,20230211,实施完成,,,20240205,5.0,5.0,,1、补充流动资金;2、偿还银行贷款。,20230210,1,0.0014285714285713347,0.024251069900142586,0.01692619124450534,-0.022824536376604865,-0.011716493151285423,0.024251069900142586,0.033953256261766596,-0.08273894436519258,-0.0962857063627428,
600663.SH,20221216,实施完成,,20240618,20240705,66.0,18.0,80.0,"募集配套资金用于1、支付本次交易中的现金对价,及补充上市公司和标的资产流动资金、偿还债务。",20221216,0,0.09990009990009985,0.09900090826521346,0.12048584608386204,-0.060853769300635685,-0.023239652129083965,-0.10081743869209803,-0.11745887843223335,-0.0681198910081744,-0.08743575190984954,
688315.SH,20220324,实施完成,,20230928,20231024,21.83,3.32,80.0,1、实验室新建及扩建项目;2、补充流动资金。,20220324,0,-0.013737231419513884,-0.03857142857142848,-0.02719063452977366,-0.03678571428571431,-0.03735984540553394,-0.2578571428571428,-0.17631866523955464,-0.04999999999999993,-0.07821361434162044,
000504.SZ,20220323,实施完成,,,20240110,2.76,2.76,80.0,用于补充流动资金,20220323,0,-0.10018050541516255,-0.03660982948846536,-0.030454089235395387,-0.11083249749247737,-0.10962485483866002,-0.3425275827482448,-0.3033139399905751,-0.2587763289869609,-0.2697415276451447,
300602.SZ,20220125,实施完成,,20230420,20230516,10.0,10.0,80.0,1、南海生产基地建设项目;2、补充流动资金项目。,20220125,0,-0.04005461993627668,-0.009957325746799528,-0.016434104873647937,-0.038406827880512084,-0.04385660879955122,-0.10099573257467986,-0.11536746950714216,-0.5376955903271693,-0.46660143199632553,
600773.SH,20230321,实施完成,,20240315,20240402,10.0,10.0,80.0,1、世贸铭城DK3项目;2、世贸馨城DK1项目;3、补充流动资金项目。,20230321,0,0.008322663252240847,0.0025396825396823974,-0.0005599579483231976,-0.050793650793650946,-0.04778856890639949,-0.050793650793650946,-0.08303665311589914,-0.1859983505910382,-0.18603715298516998,
688508.SH,20220318,实施完成,,20230818,20230915,9.69,9.69,80.0,1、新能源汽车高压电源及电驱功率芯片研发及产业化项目;2、工业级数字电源管理芯片及配套功率芯片研发及产业化项目;3、苏州,20220318,0,-0.01740384615384616,0.05117917604462274,0.05033488842927092,-0.006654271455132532,0.005354202134812747,-0.22027595655152166,-0.20635048856268923,-0.24887981102305712,-0.263460254580017,
002865.SZ,20220616,实施完成,,20230525,20230620,27.76,27.76,80.0,1、收购捷泰科技49%股权;2、高效N型太阳能电池研发中试项目;3、补充流动资金及偿还银行借款。,20220616,0,0.0789421157684631,0.04393673110720564,0.03405340759889364,0.017482194061603895,0.006828468073127425,0.0006474886689484816,0.0017575256439530396,0.9702155212283785,1.0005387385763775,
000541.SZ,20230316,实施完成,,20231103,20231204,10.95,10.95,80.0,1、佛山照明自动化改造与数字化转型建设项目；2、佛山照明海南产业园一期；3、智慧路灯建设项目；4、车灯模组生产建设项目；,20230316,0,-0.025134649910233398,0.0036832412523022384,-0.0036207397820147147,0.03130755064456725,0.012556302304528977,-0.02209944751381221,-0.05469307130431644,0.018416206261510304,0.017754659197987355,
600032.SH,20220319,实施完成,,20230411,20230426,30.0,30.0,80.0,1、浙能台州1号海上风电场工程项目;2、补充流动资金。,20220318,1,0.043824701195219085,0.021374045801526798,0.02055369711391597,0.037404580152671674,0.04994567752176238,-0.04885496183206095,-0.03186800357030817,0.04274809160305337,0.02250668427987379,
000962.SZ,20221104,实施完成,,20230920,20231030,6.75,6.75,80.0,1、钽铌火法冶金产品生产线技术改造项目;2、钽铌板带制品生产线技术改造项目;3、年产100只铌超导腔生产线技术改造项目;,20221104,0,0.021645021645021467,0.004237288135593431,0.0019465904413884516,0.011652542372881491,0.0062470221220662925,-0.012711864406779516,-0.03940990638438713,0.3442796610169494,0.2745891708834547,
600470.SH,20221230,实施完成,,,,8.0,,80.0,1、投资建设28万吨/年电池级精制磷酸项目。,20221230,0,0.025000000000000133,0.006504065040650486,-0.002297846413182869,0.01300813008130075,-0.014685104058822618,0.06178861788617884,0.0127955982601895,0.008130081300812941,-0.05521854234558632,
002549.SZ,20220318,实施完成,,20230711,20230728,10.0,7.0,80.0,用于1、宜章凯美特特种气体项目;2、福建凯美特气体有限公司30万吨/年(27.5%计)高洁净食品级、电子级、工业级过氧化,20220318,0,-0.05906921241050145,0.024096385542168752,0.0232738503217762,0.09194673430564371,0.10514718722322436,-0.06467977171845274,-0.04797543637355617,0.042155719652804846,0.021925811216104485,
603527.SH,20220307,实施完成,,20230817,20230907,7.3,7.26,80.0,1、年产10万吨高精度铜合金板带及5万吨铜带坯生产线项目(一期年产5万吨高精度铜合金板带);2、年产5万吨电池箔项目(一,20220307,0,-0.006140350877193113,-0.0379523389232127,-0.014781296120330079,-0.09090909090909083,-0.0487976421397045,0.009708737864077666,0.03720968989991613,-0.06622271157097803,-0.028462260458011035,
300207.SZ,20230309,实施完成,,,,48.0,,80.0,1、欣旺达SiP系统封测项目;2、高性能消费类圆柱锂离子电池项目;3、补充流动资金。,20230309,0,-0.03191489361702127,-0.01815575728619201,-0.004167969906355373,-0.08600095556617304,-0.07206462019057835,-0.05160057333970369,-0.06629320941066275,-0.2522694696607739,-0.23395243057520332,
002182.SZ,20221019,实施完成,,,20230908,11.04,11.04,80.0,1、补充流动资金和偿还有息负债。,20221019,0,0.10017809439002656,-0.06515580736543902,-0.06228284939480355,-0.09227033589639821,-0.07869023826959376,-0.10319708619991896,-0.1249282232452521,-0.14811817078106027,-0.18018324738046387,
000750.SZ,20210130,实施完成,,20231019,20231117,85.0,31.92,80.0,1、投资与交易业务;2、资本中介业务;3、增加对子公司的投入;4、资产管理业务;5、其他营运资金安排。,20210129,1,-0.009578544061302652,-0.0812379110251451,-0.08706047800640826,-0.13733075435203101,-0.1406033792423843,-0.08704061895551263,-0.09197236501009043,-0.18375241779497098,-0.1738409355997661,
603687.SH,20220721,实施完成,,20230727,20230817,6.47,6.47,80.0,1、纸浆模塑环保餐具智能研发生产基地项目;2、贵州仁怀佰胜智能化纸质酒盒生产基地建设项目;3、补充流动资金。,20220721,0,-0.010000000000000009,-0.002020202020201922,-0.0014014801262918208,0.08080808080808088,0.07732632933373162,0.09393939393939399,0.0920894511606436,0.15252525252525273,0.24091872011523097,
300598.SZ,20220415,实施完成,,20230203,20230414,2.0,2.0,80.0,1、基于开源鸿蒙的HongZOS操作系统行业发行版项目。,20220415,0,-0.06698153714040345,0.01702715140358957,0.022030550045498032,-0.09295904279797518,-0.0564280196110003,-0.008973768982972974,0.03125461961250875,-0.05704330512692879,-0.07730012364269223,
002702.SZ,20221021,实施完成,,20230801,20230825,5.2,3.76,80.0,1、水产品精深加工及速冻菜肴制品项目;2、补充流动资金项目。,20221021,0,-0.0071428571428572285,-0.03237410071942437,-0.012429289061284932,-0.01978417266187038,0.02156457620933816,0.09352517985611541,0.07293656844495877,0.12589928057553967,0.06008705915893198,
603396.SH,20230112,实施完成,,20240103,20240119,10.0,10.0,80.0,1、金辰智能制造华东基地项目；2、高效电池片PVD设备产业化项目；3、补充流动资金。,20230112,0,-0.015849143914854147,0.005642412131186214,-0.004383150378631462,0.017162336899024355,-0.006955045262664106,-0.03890913365463733,-0.0642240194735022,-0.2051251910191606,-0.2467248186361275,
600626.SH,20220723,实施完成,,,20230727,6.0,6.0,80.0,1、补充流动资金。,20220722,1,-0.002624671916010568,0.0052631578947368585,0.011320583557214992,0.0052631578947368585,0.010434553777023847,0.047368421052631504,0.05119244537710199,-0.1289473684210527,-0.04340340039030899,
002864.SZ,20221028,实施完成,,20230921,20231026,3.02,3.02,80.0,1、中药配方颗粒研发及产业化项目；2、高壁垒透皮给药系统研发平台建设项目；3、补充流动资金。,20221028,0,0.03965107057890571,0.03279938977879482,0.040810119735045,-0.01067887109077037,-0.06057369829551862,0.009153318077803174,-0.05128718229664353,-0.07780320366132698,-0.17748676057159263,
000949.SZ,20220520,实施完成,,20240426,20240529,13.8,8.69,80.0,1、年产10万吨高品质超细旦氨纶纤维项目三期工程;2、年产一万吨生物质纤维素纤维项目;3、补充流动资金。,20220520,0,0.04999999999999982,0.013227513227513255,0.013134138806361273,-0.042328042328042215,-0.03733265061529578,-0.021164021164021052,-0.07101851124213576,-0.06349206349206349,-0.10051679054727503,
002317.SZ,20220706,实施完成,,20230609,20230705,5.99,5.99,80.0,1、中药提取车间建设项目；2、抗肿瘤药研发项目；3、数字化平台升级建设项目；4、补充流动资金项目。,20220706,0,-0.008130081300812941,-0.015710382513661303,-0.01835755676174422,0.07240437158469937,0.09560657383592108,0.004098360655737654,0.06493305780033443,-0.13319672131147553,-0.04365917337276248,
002116.SZ,20221019,实施完成,,20230803,20230825,4.13,4.13,80.0,1、数字化转型升级建设项目;2、“双碳”科创中心项目。,20221019,0,-0.03431952662721893,-0.017156862745097978,-0.014136394684957199,-0.009803921568627305,0.005009915575337809,0.13235294117647056,0.10491400607742873,0.2598039215686274,0.21238454031199883,
000422.SZ,20220629,实施完成,,20230629,20230718,25.0,15.84,80.0,1、洁净煤加压气化多联产技改搬迁升级项目。,20220629,0,-0.04517931998136937,-0.009268292682926949,-0.020082859579944934,0.05804878048780493,0.059993747618369175,-0.022926829268292592,0.00265387881987289,-0.1478048780487805,-0.0785615039135642,
601677.SH,20220823,实施完成,,20230727,20230816,20.0,12.8,80.0,1、年产25万吨新能源电池材料项目。,20220823,0,-0.07522935779816531,-0.046428571428571375,-0.028331108064879484,-0.07063492063492038,-0.05652315704672195,-0.20912698412698405,-0.16877471233053776,-0.40793650793650793,-0.37365504386129766,
000831.SZ,20221231,实施完成,,20231110,20231205,20.97,20.97,80.0,1、收购中稀发展持有的中稀湖南94.67%股权；2、补充流动资金。,20221230,1,-0.015568862275448958,0.06660583941605824,0.05727833595058285,0.05474452554744502,0.02591031757158757,0.33576642335766405,0.2741315277740357,0.07055961070559613,0.003288056044597587,
300583.SZ,20220426,实施完成,,20230217,20230420,2.62,2.62,80.0,用于高端制剂产业化项目,20220426,0,-0.03157894736842126,0.027717391304348027,0.0027542643324152127,0.10380434782608705,0.061464274112401185,0.14347826086956528,0.05441297543095813,0.32771739130434807,0.1790461940537027,
600929.SH,20220625,实施完成,,20230626,20230712,11.06,11.06,80.0,1、湘渝盐化煤气化节能升级改造项目;2、九二盐业热电联产(一期)项目;3、重庆索特热电系统优化节能改造(二期)项目;4、,20220624,1,0.006605019815059343,0.007874015748031482,-0.0009062064340478182,0.2026729849040687,0.18922123781180744,0.23549702925188698,0.26563776770371783,0.11207862250408973,0.19565404986343315,
002151.SZ,20220809,实施完成,,20230626,20230720,9.45,9.45,80.0,1、面向综合PNT应用的北斗/GNSSSoC芯片研制及产业化项目;2、车载功能安全高精度北斗/GNSSSoC芯片研制及产,20220809,0,-0.009647271630991883,0.0036529680365295913,0.009063276563677558,-0.028919330289193468,-0.0379410699881636,-0.028006088280060903,-0.026811806204633526,-0.10167427701674281,-0.04294910831877485,
002121.SZ,20220524,实施完成,,,20230602,8.28,8.28,80.0,用于偿还有息负债,20220524,0,0.09927360774818395,0.09911894273127753,0.08619573666795466,0.49118942731277526,0.4371375929759149,0.43171806167400884,0.34570879811211896,1.0044052863436121,0.8695016269139217,
688019.SH,20220415,实施完成,,20230106,20230407,2.07,2.07,80.0,1.宁波安集化学机械抛光液建设项目;2.安集科技上海金桥生产线自动化项目;3.安集科技上海金桥生产基地分析检测能力提升项,20220415,0,-0.023196721311475432,0.051481077452379065,0.056653976708467724,0.053117395317613614,0.0955316387776095,0.20416212133926326,0.25304226218022063,0.11909729253417312,0.09505658008194495,
300902.SZ,20220425,实施完成,,20230119,20230419,0.92,0.92,80.0,1、锂电池储能柜火灾防控和惰化抑爆系统扩产项目；2、智慧消防云平台建设项目；3、小型储能预制式火灾抑制系统建设项目；,20220425,0,-0.16163959783449333,-0.11469864698647003,-0.10179033575813556,0.02859778597785989,-0.018090714341373215,0.22078720787207873,0.1447218149403151,0.1433771790827485,0.023981739057471474,
300402.SZ,20220623,实施完成,,20230720,20230814,7.2,7.2,80.0,1、高端特材装备智能制造项目;2、工程技术研发中心;3、舰船及海洋工程装备制造提质扩能项目;4、补充流动资金与偿还债务。,20220623,0,0.028098344204716463,0.006344558321132343,-0.0025474828212451728,-0.0165934602244997,-0.039298394247256785,0.10485219908206611,0.12111009998237865,0.20293051236054516,0.27747924609981567,
002886.SZ,20220831,实施完成,,20230807,20230901,11.96,6.0,80.0,1、年产4.5万吨特种高分子材料建设项目;2、总部基地及合成生物材料创新中心建设项目;3、补充流动资金。,20220831,0,-0.05736301369863006,-0.019073569482288777,-0.013789129588538174,-0.05495004541326076,-0.06780473277777643,-0.24250681198910085,-0.20242210255363713,-0.19800181653042692,-0.1887120059888543,
600237.SH,20220831,实施完成,,20230807,20230823,4.0,4.0,80.0,1、铜峰电子新能源用超薄型薄膜材料项目;2、补充流动资金。,20220831,0,-0.07854137447405318,-0.015220700152207112,-0.009915504108188866,0.03044140030441378,0.016425207843815848,-0.09132420091324212,-0.04323927295095087,0.07610350076103489,0.08856836396302525,
600325.SH,20221206,实施完成,,20231016,20231031,60.0,51.24,80.0,1、郑州华发峰景花园项目;2、南京燕子矶G82项目;3、湛江华发新城市南(北)花园项目;4、绍兴金融活力城项目;5、补充,20221206,0,-0.026692087702573808,-0.032321253672869754,-0.02841560060361148,-0.03036238981390793,-0.019309195918679967,0.003917727717923425,0.032528348865379586,0.06464250734573929,0.04171226726679156,
000629.SZ,20220907,实施完成,,20230612,20230720,22.8,22.8,80.0,1、攀钢6万吨/年熔盐氯化法钛白项目;2、攀枝花钒厂五氧化二钒提质升级改造项目;3、攀钢集团钒钛资源股份有限公司数字化转,20220907,0,-0.015789473684210575,0.0017825311942960553,0.005097908025326392,-0.09982174688057044,-0.08677569461825352,-0.13012477718360071,-0.06381379256245401,-0.06238859180035661,-0.0480358217743152,
002515.SZ,20221014,实施完成,,20230804,20230825,10.5,10.5,80.0,1、年产5万吨肉制品数字智能产业基地建设项目;2、金字冷冻食品城有限公司数字智能化立体冷库项目。,20221014,0,0.004987531172069959,0.002481389578163684,-0.0017286235694663477,-0.02977667493796532,-0.019222512416403603,0.0,-0.004957677157001572,0.11166253101736978,0.0752272558680196,
603286.SH,20221121,实施完成,,20230922,20231019,3.98,3.98,80.0,1、汽车智能座舱电子产品产能建设项目;2、补充流动资金项目。,20221121,0,0.10022271714922049,-0.05870445344129549,-0.059892354537157466,-0.14777327935222684,-0.1459750359415234,-0.2009109311740892,-0.20658705684128487,-0.1022267206477735,-0.16236181470616984,
601949.SH,20220831,实施完成,,,20230807,3.28,3.28,80.0,"1、补充公司因偿还出版集团委托贷款327,501,581.02元所形成的资金缺口。",20220831,0,-0.008456659619450302,0.002132196162046851,0.0075308756057392845,0.004264392324093924,-0.009395737208727106,-0.0895522388059703,-0.04137354288995376,0.11513859275053306,0.12805561234954488,
688529.SH,20221126,实施完成,,20230919,20231024,9.93,8.33,80.0,1、新能源汽车用动力锂电池、驱动电机智能装备项目;2、补充流动资金。,20221125,1,-0.04059747223286103,-0.012774451097804396,-0.005352434143490736,0.017964071856287456,0.00040176856334950273,-0.13493013972055878,-0.11907452567397792,0.02914171656686637,-0.020243044667736854,
001979.SZ,20221217,实施完成,,20230914,20231019,85.0,85.0,80.0,募集配套资金用于1、长春公园1872项目;2、长春公园1872项目;3、重庆招商渝天府项目;4、上海虹桥公馆三期项目;5,20221202,15,-0.024683122081387676,-0.04582763337893281,-0.030771123466188044,-0.10670314637482892,-0.07436068652015304,-0.017099863201094245,-0.03885777682124569,-0.06839945280437754,-0.09108278404248482,True
300996.SZ,20220331,实施完成,,20230209,20230407,0.86,0.86,80.0,1、国产ERP集团财务核心产品研发项目；2、技术平台优化提升建设项目；,20220331,0,-0.04754829123328386,-0.018720748829953116,-0.027841993315824154,-0.14446177847113872,-0.12147986124675203,-0.33073322932917326,-0.2904946101369388,-0.01763025744910407,-0.056904431417059476,
688202.SH,20220211,实施完成,,20230731,20230816,21.6,10.0,80.0,1、美迪西北上海生物医药研发创新产业基地项目;2、药物发现和药学研究及申报平台的实验室扩建项目;3、补充流动资金。,20220211,0,-0.04808014372278557,0.040752351097178785,0.051092182099827355,0.11707504318341755,0.10817577461899885,0.2996929179195189,0.35985296420244794,0.271511739492035,0.4276176235036975,
002759.SZ,20211224,实施完成,,20231123,20231218,11.0,8.95,80.0,"1、江苏泰瑞联腾材料科技有限公司3万吨六氟磷酸锂、6,000吨高纯氟化锂等新型电解质锂盐及一体化配套项目；2、补充流动资",20211224,0,-0.06411149825783968,0.004839910647803425,0.0054177533127166555,0.09084139985107975,0.08433134216910698,-0.03611317944899484,-0.010417088963457055,0.03946388682055102,0.16995887228052364,
300265.SZ,20220520,实施完成,,20230616,20230719,7.8,7.8,80.0,1、高端海洋装备能源系统项目(一期);2、补充流动资金。,20220520,0,0.007444168734491052,0.034482758620689946,0.0343874254131753,0.019704433497536922,0.025023397925530766,0.08748882591247154,0.03210038284973571,0.29609905471974485,0.24485793666104105,
002815.SZ,20220127,实施完成,,20230306,20230403,20.0,20.0,80.0,用于珠海崇达电路技术有限公司新建电路板项目(二期),20220127,0,-0.09987593052109178,-0.07925568573397657,-0.07026920793425706,0.0289455547898001,0.0018900888342197053,-0.033080634045486,-0.057208422910561496,-0.26119917298414885,-0.18257169763175873,
600816.SH,20210724,实施完成,,,20230424,90.13,90.13,80.0,用于充实公司资本金,20210716,8,0.03265306122448952,0.05138339920948631,0.07317337696485371,0.2766798418972334,0.3300213324068517,1.0118577075098814,1.0775845146011203,0.9011857707509883,0.8703589922145027,
301063.SZ,20220820,实施完成,,20230530,20230620,5.0,5.0,80.0,1、年产10万吨风电齿轮箱锻件自动化专用线项目;2、补充流动资金。,20220819,1,-0.03094411114619522,-0.0029325513196480912,-0.008929902072084661,-0.08765070055392643,-0.08148915782851773,-0.23101987618116648,-0.19585440892064332,0.1485826001955035,0.21300431213009619,
688365.SH,20220408,实施完成,,20221219,20230303,1.77,1.77,80.0,"1.数字化商品全生命周期治理平台项目,2.补充流动资金",20220408,0,-0.03930968360498566,-0.03393213572854292,-0.008088697186079519,-0.08383233532934142,-0.07224762073797242,-0.18762475049900185,-0.13632579669646516,-0.12375249500997998,-0.1530652365292996,
603912.SH,20210130,实施完成,,20230303,20230328,9.11,9.11,80.0,用于南京楷德悠云数据中心项目(二、三期),20210129,1,-0.023556231003039607,0.0,-0.0063374044827643194,-0.07159533073929947,-0.07511732974908292,-0.012451361867704125,-0.017786034144405716,-0.031906614785992105,-0.020151308479389063,
300988.SZ,20220328,实施完成,,20221209,20230301,1.44,1.44,80.0,1、精密部品智能制造基地二期项目。,20220328,0,0.20012890750886236,0.20005370569280334,0.2040102873030465,0.5512889366272826,0.5187253568059682,-0.03598281417830307,0.04751198387112732,0.1604441651842765,0.09416861206365068,
300164.SZ,20220427,实施完成,,20230110,20230306,1.6,1.6,80.0,1、非常规井口天然气模块化撬装柔性配置回收项目;2、二氧化碳高效驱油与封存技术研究项目;3、补充流动资金。,20220427,0,0.024875621890547484,-0.0461165048543688,-0.05163139338288403,0.11650485436893199,0.09946115163647384,0.17233009708737868,0.1013071371637404,0.11650485436893199,0.007780660462781697,
300905.SZ,20220528,实施完成,,20230602,20230630,2.32,2.32,80.0,募集配套资金用于1、支付本次交易的现金对价、补充上市公司流动资金等用途。,20220513,15,0.00522648083623678,0.030741648240004915,0.009539285530793196,0.08396410856220826,0.0330251905211314,0.08219002655146834,-0.01225244329689823,0.14605697893811231,0.0783976823242527,True
300802.SZ,20220705,实施完成,,,20230829,4.85,4.3,80.0,1、补充流动资金。,20220705,0,-0.022066738428417443,0.19977985690698952,0.21718486373083135,0.1931755641166757,0.2377391901692063,0.27462850853054466,0.361740362851138,0.007705008255365797,0.1264952355946587,
300469.SZ,20211207,实施完成,,20230418,20230518,7.0,7.0,80.0,1、北斗自由流建设项目；2、补充流动资金。,20211207,0,0.03417266187050361,-0.03768115942028971,-0.04891906242130273,-0.09855072463768111,-0.11490720745432947,-0.12347826086956526,-0.12349969132491057,-0.15768115942028982,-0.07007084154771048,
300464.SZ,20220618,实施完成,,,20230920,5.0,5.0,80.0,1、偿还借款。,20220617,1,-0.009615384615384692,0.014563106796116498,0.01497790674915489,0.03398058252427183,0.02380627856198525,0.02912621359223322,0.0574122404995101,-0.03721682847896424,-0.021063029700236546,
000630.SZ,20221224,实施完成,,,20230914,56.72,56.72,90.0,1、购买中铁建铜冠70%的股权。,20221209,15,0.06514657980456029,-0.05504587155963303,-0.01146339951020392,-0.04587155963302736,-0.009521868452436077,0.04892966360856277,0.028919546674692764,-0.003058103975535076,-0.016686392183828724,True
601865.SH,20220602,实施完成,,20230713,20230801,60.0,60.0,80.0,1、年产195万吨新能源装备用高透面板制造项目；2、年产150万吨新能源装备用超薄超高透面板制造项目；3、补充流动资金项,20220602,0,-0.004168596572487138,0.04186046511627883,0.02868936605818817,0.03023255813953485,0.00220125873858934,-0.1448837209302325,-0.19339412313008797,-0.026046511627906943,-0.03831477289401808,
603659.SH,20220728,实施完成,,20231024,20231120,85.0,28.21,80.0,1、年产10万吨高性能锂离子电池负极材料一体化建设项目;2、年产9.6亿平方米基膜涂覆一体化建设项目;3、补充流动资金。,20220728,0,-0.041818181818181754,-0.03984819734345346,-0.031189578516951033,-0.018839793982109,0.009938306556775522,-0.10531309297912717,-0.09530094463095184,-0.31485497424776376,-0.2287044621799974,
002465.SZ,20230316,实施完成,,20231009,20231120,18.55,18.55,80.0,1、“北斗+5G”通导融合研发产业化项目;2、无人信息产业基地项目;3、天枢研发中心建设暨卫星互联网研发项目。,20230316,0,-0.036619718309859106,0.02534113060428833,0.017879541266306864,0.031189083820662766,0.01243998944607716,0.0,-0.033330202859216285,-0.022922226177522376,-0.023556920449011365,
603027.SH,20220224,实施完成,,,20230711,8.0,8.0,80.0,用于年产60万吨调味品智能制造项目,20220224,0,0.0696846388606307,-0.009985734664764712,-0.016138447029490854,-0.04660009510223495,-0.060610622160737315,-0.16357584403233483,-0.11733384309415218,-0.2016167379933429,-0.12317477754367367,
300708.SZ,20220622,实施完成,,20230809,20230906,12.0,10.86,80.0,1、用于Mini/MicroLED芯片研发及制造扩建项目。,20220622,0,-0.030645161290322465,0.0391014975041597,0.022530730388065523,0.08319467554076532,0.05280283874104508,-0.0024958402662230705,-0.013821762169736296,-0.10732113144758737,-0.08855127237431626,
002324.SZ,20220426,实施完成,,20230710,20230809,10.79,10.79,80.0,用于1、收购海四达电源79.7883%股权;2、年产12GWh方型锂离子电池一期项目(年产6GWh);3、年产2GWh高,20220426,0,-0.04104104104104089,0.0427974947807932,0.01746807398040362,0.017745302713987332,-0.021293691129020353,0.22101521730972196,0.12591059435705332,0.6206774147281102,0.4392020095080267,
002694.SZ,20211230,实施完成,,,20231025,4.68,4.68,80.0,用于补充运营资金和偿还银行贷款,20211230,0,0.09999999999999987,0.10073710073710074,0.09451126203687354,0.6117936117936116,0.6296453358012084,0.10073710073710074,0.18513955986917363,0.2334152334152333,0.3598378708179535,
603667.SH,20220507,实施完成,,20230714,20230808,5.4,5.4,80.0,1、年产2200万件4兆瓦(MW)以上风电机组精密轴承滚子技改项目；2、年产1020万件新能源汽车轴承及零部件技改项目；,20220506,1,0.04852521408182686,-0.00907441016333932,-0.009925563447133245,0.06896551724137923,0.040294652589212276,0.3439201451905627,0.2464134986953317,0.7856905224840844,0.6441491931607686,
002124.SZ,20220607,实施完成,,20231221,20240112,27.2,11.98,80.0,1、天邦股份数智化猪场升级项目;2、补充流动资金。,20220607,0,-0.009771986970684043,-0.00328947368421062,-0.010017054303646966,0.05592105263157898,0.040785508260597014,0.2532894736842106,0.1935481766479532,0.256578947368421,0.26224161593411144,
000862.SZ,20230321,实施完成,,20230811,20230908,13.95,13.68,80.0,1、宁东250兆瓦光伏复合发电项目;2、宁夏银星能源贺兰山风电场61.2MW老旧风机“以大代小”等容更新改造项目;3、宁,20230321,0,-0.054331864904551996,0.007763975155279601,0.0046481822603474665,0.060559006211180266,0.06391661824421324,0.09161490683229823,0.054534516456250515,0.1304347826086958,0.1303808962609141,
300850.SZ,20230110,实施完成,,20230926,20231031,3.5,3.5,80.0,募集配套资金用于1、支付本次交易的现金对价，补充上市公司流动资金和支付中介机构费用等。,20230110,0,0.11336336336336328,0.011294672960215912,0.01374774823003233,-0.0005057316250842714,-0.017474020591417894,0.0005057316250842714,-0.037097449117416414,-0.24325691166554286,-0.2791187992184442,
002695.SZ,20221220,实施完成,,,20231009,4.5,4.5,80.0,1、丰城煌大食品有限公司肉鸭屠宰及副产物高值化利用加工建设项目(一期)；2、浙江煌上煌食品有限公司年产8000吨酱卤食品,20221220,0,0.006225680933852118,0.09976798143851506,0.10168744346870828,0.06728538283062657,0.059768555323913564,-0.052590873936581684,-0.09685260942867102,-0.052590873936581684,-0.10828566352954838,
002407.SZ,20211125,实施完成,,20230807,20230831,20.0,20.0,80.0,1、年产10万吨锂离子电池电解液关键材料项目；2、补充流动资金。,20211125,0,-0.048187972919155775,0.003765690376569042,0.009423531187254364,0.054184100418410264,0.05723500335878273,-0.06882845188284525,-0.08394875406335733,-0.05439330543933052,-0.018016608424483382,
688290.SH,20230321,实施完成,,20230531,20230801,2.11,2.11,80.0,1、高端核技术装备制造基地项目;2、补充流动资金。,20230321,0,-0.03217708808763131,-0.037255364300872396,-0.04023196692757691,-0.05387880216929963,-0.050883487528681215,-0.03973119547276571,-0.07234997148521238,-0.04401957085593,-0.044065141192821566,
600879.SH,20211211,实施完成,,20230712,20230731,41.36,41.36,80.0,用于1、智能无人系统装备产业化;2、智能电子及卫星通信产品产业化;3、惯性导航系统装备产业化;4、补充流动资金。,20211210,1,-0.0186263096623982,-0.03202846975088969,-0.03590292550162899,-0.048635824436536135,-0.03973493866106215,-0.08303677342823235,-0.06445284391629169,-0.2040332147093712,-0.09469165267372248,
002922.SZ,20220608,实施完成,,20230728,20230818,12.24,11.83,80.0,1、中压直流供电系统智能制造建设项目；2、智能箱变及储能系列产品数字化工厂建设项目；3、研发中心建设项目；4、补充流动资,20220608,0,-0.042424242424242364,-0.017721518987341867,-0.01018855891509829,0.06772151898734191,0.05427950882316912,0.22784810126582244,0.194344222634655,0.08670886075949369,0.10763290932337588,
300779.SZ,20220418,实施完成,,,20230724,3.16,3.16,80.0,用于补充流动资金及偿还银行借款,20220418,0,0.007158196134574135,-0.00284292821606269,-0.0023761043051070407,-0.11513859275053318,-0.03445980189000941,-0.08173418621179818,-0.05251088215799882,-0.07027371919724323,-0.0796447973655181,
001207.SZ,20230228,实施完成,,20230522,20230710,2.69,2.69,80.0,1、年产10万吨高压电缆屏蔽料用纳米碳材料项目。,20230228,0,-0.01813633520950597,0.008280254777070173,-0.0016865778852602764,-0.010191082802547657,-0.011846288815415162,0.043312101910828016,0.05431601730612767,0.00553873960867346,0.023691759202452367,
002224.SZ,20220416,实施完成,,20240201,20240304,7.25,7.25,80.0,1、年产5亿A米橡胶V带智能制造产业园项目;2、数字化智慧管理平台建设项目。,20220415,1,-0.021653543307086687,-0.014084507042253391,-0.0092341662900981,-0.046277665995975825,-0.007866553001795062,-0.11066398390342047,-0.07456347139652586,-0.06212561409647832,-0.08227325325013857,
002843.SZ,20221029,实施完成,,20230915,20231017,6.08,6.08,80.0,1、高速钢双金属带锯条产线建设项目;2、硬质合金带锯条产线建设项目;3、新能源电源及储能电源生产基地项目;4、研发中心建,20221028,1,0.0035922766052987054,0.01655480984340052,0.02443954152311889,0.09619686800894844,0.040911934013860396,0.02684563758389258,-0.03465449627198525,-0.012975391498881605,-0.11966641897152586,
600699.SH,20220514,实施完成,,,20230713,3.69,3.65,80.0,用于1、收购均联智行8.0392%的股份;2、补充流动资金。,20220513,1,0.0265486725663715,-0.02155172413793105,-0.018197957070173132,0.06810344827586223,0.04696152849290525,0.18103448275862077,0.11890314028181947,0.7336206896551725,0.6518655979832886,
002045.SZ,20230304,实施完成,,20231208,20240122,13.84,13.84,80.0,1、新型音响智能制造升级项目；2、汽车音响项目；3、VR整机及声学模组项目。,20230303,1,-0.010678391959799027,0.025396825396825307,0.02736204081189353,-0.02984126984126989,-0.00031187021955236816,0.12761904761904774,0.1467520080681084,0.1873015873015873,0.23315340200981294,
300520.SZ,20230516,实施完成,,20231121,20231212,8.12,8.12,80.0,1、数据智能平台升级及产业化项目;2、智慧储能BMS及系统产业化项目;3、数字营销网络建设项目;4、补充流动资金。,20230516,0,-0.04908256880733952,0.012542209358417766,0.014624926913419989,-0.0009647853352627855,0.012806917920973548,0.22775237176394914,0.24951319629102686,0.028918261242429244,0.04043475785026862,
000697.SZ,20230511,实施完成,,,20231228,10.9,10.9,80.0,1、偿还有息负债;2、补充流动资金。,20230511,0,0.049848942598187396,0.050359712230215736,0.06229669953166406,-0.012949640287769681,-0.009288209358745081,-0.08489208633093515,-0.0575646754029262,-0.12086330935251788,-0.10991183071636734,
300162.SZ,20220413,实施完成,,20231212,20240103,6.89,4.61,80.0,1、雷曼光电COB超高清显示改扩建项目;2、补充流动资金。,20220413,0,-0.03419972640218871,0.021246458923512845,0.008956958297484663,-0.021246458923512845,-0.010134442721612458,-0.09915014164305935,-0.0660101081297072,-0.025495750708215192,-0.053601821153212215,
300820.SZ,20221107,实施完成,,20230804,20230829,2.5,2.5,80.0,1、新能源汽车充电桩扩产项目；2、电化学储能生产项目；3、补充流动资金。,20221107,0,-0.04589186888037455,0.012671782973406875,0.017074808939300468,-0.1477779760842406,-0.1493214220989233,-0.2767267535248975,-0.306901826691399,-0.15563091201142254,-0.19989583636257469,
000819.SZ,20221019,实施完成,,20231221,20240116,10.0,9.74,80.0,1、惠州立拓30万吨/年聚烯烃新材料项目;2、岳阳兴长研发中心项目;3、补充流动资金。,20221019,0,-0.03977000479156689,-0.017964071856287456,-0.014946084506695212,0.08932135728542923,0.10561815903587957,0.1087824351297404,0.08191465550895072,0.13023952095808378,0.087696980934167,
002812.SZ,20211123,实施完成,,20230526,20230620,75.0,75.0,80.0,1、重庆恩捷高性能锂离子电池微孔隔膜项目(一期)；2、重庆恩捷高性能锂离子电池微孔隔膜项目(二期)；3、江苏恩捷动力汽车,20211123,0,-0.015148148148148133,-0.04159302019480282,-0.042556868511977486,-0.044037456282200904,-0.03727732110752857,-0.11567823699748048,-0.12446887259651962,-0.04486480388101244,-0.017505969451962144,
002895.SZ,20220416,实施完成,,20231214,20240111,25.1,6.6,80.0,1、中低品位磷矿综合利用生产12万吨/年食品级净化磷酸项目;2、10万吨/年食品级净化磷酸项目;3、鸡公岭磷矿新建250,20220415,1,-0.050509005481597424,0.007010309278350668,0.011964428749868583,0.08453608247422673,0.12821571178026314,0.14639175257731973,0.1929268406122835,0.33584862722787356,0.30715161139097,
603087.SH,20221025,实施完成,,,20231127,7.73,7.73,80.0,1、补充流动资金。,20221025,0,0.055898793762871435,0.058790749512399154,0.05059414108754923,0.01058790749512406,0.012998826479429848,0.0030649205906938537,-0.033518761063921265,0.014210086375034736,-0.06383493936354545,
300197.SZ,20220425,实施完成,,20230427,20230703,3.0,3.0,80.0,1、合肥园博园景观绿化工程-2标段项目;2、井冈山茨坪景区雨污水管网改造提升及挹翠湖水系治理工程EPC项目;3、上饶市广,20220425,0,-0.07438016528925606,-0.044642857142857095,-0.030713083634396288,-0.0044642857142858094,-0.049652084237543526,0.06696428571428559,0.00048336494965717236,0.12053571428571397,0.0035254598231326817,
688625.SH,20220427,实施完成,,20230227,20230630,1.2,0.98,80.0,1.收购科澳化学100%股权并增资;2.收购科澳化学100%股权并增资;3.补充流动资金。,20220427,0,0.1271028037383175,0.011608623548922115,0.005759996518736044,0.05666113875069101,0.040530964065524255,0.18214483139856275,0.11052726805786972,0.12608488788781358,0.016427799316800273,
300548.SZ,20221104,实施完成,,,20230718,3.82,3.82,80.0,1、补充流动资金。,20221104,0,-0.007296137339055875,-0.017293558149589217,-0.019535143287904844,-0.0579334198011241,-0.06296712432277418,-0.14396887159533067,-0.16711748867716614,-0.16385646346735838,-0.20720403062375736,
688156.SH,20220516,实施完成,,,20230525,1.13,1.13,80.0,用于研发储备资金、补充营运资金,20220516,0,-0.010404624277456587,0.07301401869158886,0.06609538212182375,0.1653037383177569,0.1382311385043482,0.1384345794392523,0.0639590441485649,0.3478488957911572,0.2757616421750242,
300353.SZ,20220914,实施完成,,20230720,20230815,8.75,8.75,80.0,1、数字工厂智能控制解决方案项目;2、数字建造及智能工程装备控制解决方案项目;3、研发和实训展示中心项目;4、偿还银行借,20220914,0,0.0126050420168069,-0.03319502074688796,-0.021827764105200265,-0.032157676348547715,0.0052139077535138245,-0.09336099585062241,-0.035835217125692376,0.043568464730290524,0.06361395266802639,
688707.SH,20220614,实施完成,,20231225,20240112,14.0,10.93,80.0,1、正极材料生产线建设项目(义龙三期)；2、补充流动资金。,20220614,0,-0.03060925600468667,-0.09805106511557615,-0.10255343327373034,0.09276325728962087,0.08687696894962027,0.08430276476809184,0.08676121467155751,-0.1705695724429671,-0.15894431330142855,
003037.SZ,20220517,实施完成,,20230731,20230825,10.0,10.0,80.0,1、浙江湖州年产600万米PHC预应力高强度混凝土管桩智能化生产线建设项目;2、江苏泰兴PHC预应力高强度混凝土管桩生产,20220517,0,-0.10000000000000009,0.0007936507936507908,0.0032971779575723392,-0.04047619047619033,-0.03336182922523312,0.031746031746031855,-0.03433692928985255,-0.1433537639478233,-0.17950865251212278,
600933.SH,20230428,实施完成,,20240315,20240409,12.0,12.0,80.0,1、新能源汽车结构件及三电系统零部件生产基地。,20230428,0,-0.0907794676806084,-0.002613695765812829,-0.01070603519173463,0.021955044432828252,0.023224809837037785,0.1175778867107562,0.15897755227747457,0.2323020540517977,0.25011324761064224,
002723.SZ,20230428,实施完成,,,,3.0,,80.0,1、合理合法使用。,20230428,0,0.01532567049808442,-0.0018867924528301883,-0.009985029642049503,-0.04622641509433967,-0.045041364237005554,-0.016037735849056545,0.02041225940452973,0.06320754716981147,0.07857471738071986,
603600.SH,20220611,实施完成,,,20230704,2.0,2.0,80.0,1、补充流动资金。,20220610,1,-0.0011970724396414,0.06265060240963849,0.07220892191823447,0.13975903614457819,0.12877939256396442,0.10730234420006401,0.08379623953840021,0.248275547977439,0.28680566993147627,
300940.SZ,20220512,实施完成,,20230928,20231030,7.4,5.2,80.0,1、Mini/Micro-LED显示模组生产项目;2、中尺寸液晶显示模组生产项目;3、新型显示技术研发中心项目;4、补充,20220512,0,-0.15474504249291776,0.11897779639715123,0.10835120888702665,0.18139924591537482,0.16538864370560313,-0.06702974444909926,-0.13230974651460536,0.059488898198575724,0.0030075756929002218,
300444.SZ,20220517,实施完成,,,20230707,2.7,2.7,80.0,用于补充流动资金。,20220517,0,0.00421940928270037,0.008403361344537785,0.010925924517589447,-0.004201680672268782,0.003181636871784077,0.11764705882352944,0.046062168000041925,0.23529411764705888,0.18315833593454367,
603725.SH,20220426,实施完成,,,20230621,0.8,0.8,80.0,用于补充流动资金,20220426,0,-0.08923076923076934,0.011824324324324564,-0.012752762037268606,0.03209459459459474,-0.007494813891334551,0.12162162162162171,0.0342587452973484,0.21959459459459452,0.08303045095506101,
002850.SZ,20221104,实施完成,,20230718,20230815,35.09,35.09,80.0,1、江西科达利新能源汽车动力电池精密结构件项目;2、新能源汽车动力电池精密结构件;3、新能源汽车锂电池精密结构件项目(三,20221104,0,0.0455241009946441,0.016831320892791934,0.014511895803041686,-0.04866447127698481,-0.05374770217933622,-0.02286864251738019,-0.0492920269977708,0.26728869374313935,0.20158958903394297,
301160.SZ,20230206,实施完成,,,20240109,1.07,1.07,80.0,1、补充流动资金。,20230206,0,-0.003582395087001089,0.014894709809964324,0.011958786874139093,0.016949152542373058,0.0028716881449188936,-0.04982023626091414,-0.07365408848067778,-0.12146892655367214,-0.14671037169251722,
300612.SZ,20211022,实施完成,,20240226,20240325,2.95,2.95,80.0,1、全链路沉浸式内容营销平台项目;2、巨浪技术平台升级项目;3、补充流动资金。,20211022,0,0.012857142857143122,-0.026798307475317418,-0.03414720350713052,-0.07193229901269393,-0.06270548014865407,-0.03737658674189004,-0.031366174743696185,0.8709449929478137,0.8925709728519886,
002878.SZ,20220507,实施完成,,20231221,20240116,8.96,6.0,80.0,1、创意设计能力提升建设项目;2、数字营销业务系统建设项目;3、一体化信息系统平台研发升级建设项目;4、智能仓储中心建设,20220506,1,-0.011750881316098583,0.02556480380499404,0.024683897247069764,0.035077288941735896,0.0073153449153606775,0.11268155354364806,0.031952168474596254,0.14106993474494867,0.05062394011089877,
301057.SZ,20220429,实施完成,,20230417,20230608,1.2,1.2,80.0,1、年产3万吨智能环保原液着色纤维项目。,20220429,0,0.1868656716417909,0.01358148893360167,0.006743471794438571,0.07947686116700203,0.07536876837751882,0.13182595573440636,0.08377579942557634,0.09680533199195174,0.018113363058422927,
002716.SZ,20221021,实施完成,,,20240416,3.02,3.02,80.0,募集配套资金用于支付交易税费、中介费用、上市公司或标的公司补充流动资金等。,20221021,0,0.10104529616724744,0.009493670886075778,0.030301465665934613,-0.03164556962025322,0.009202826256833774,0.056962025316455556,0.03706181559430455,-0.022151898734177222,-0.07931008052057908,
600509.SH,20220301,实施完成,,20230626,20230707,15.0,15.0,80.0,用于兵团北疆石河子100万千瓦光伏基地项目天富40万千瓦光伏发电项目,20220301,0,-0.0068846815834768815,0.0,0.0013326190212958888,-0.06239168110918536,-0.006792001702082606,-0.09878682842287678,-0.01865063888840801,-0.1767764298093587,-0.09864846506640768,
300212.SZ,20220526,实施完成,,20231017,20231130,29.06,15.81,80.0,用于超级存储研发项目、政企数字化转型平台关键技术研发及产业化项目、人工智能训练资源库及全域视频感知服务平台、补充流动资金,20220526,0,0.05339485827290713,-0.011264080100125029,-0.013516677844810698,0.033166458072590776,0.009773975192766349,0.09637046307884867,0.02219160269961007,0.05319148936170204,0.009561544202956407,
300243.SZ,20221214,实施完成,,,20240108,1.05,1.05,80.0,1、补充公司流动资金。,20221214,0,0.03846153846153855,-0.027233115468409674,-0.024814742832328984,-0.05882352941176472,-0.025661373995351955,-0.13180827886710234,-0.12822008161113096,-0.10893246187363836,-0.12284040476260805,
300700.SZ,20220112,实施完成,,,20230731,3.42,3.42,80.0,1、补充流动资金及偿还有息负债,20220112,0,0.02981029810298108,0.02236842105263137,0.034496078392345364,0.3118421052631579,0.3263138543105759,0.43552631578947376,0.49003491336803395,0.11776315789473668,0.2521863996192051,
688378.SH,20221102,实施完成,,,20230825,0.95,0.91,80.0,1、补充流动资金。,20221102,0,0.1325966850828728,0.02731707317073173,0.029223867082871058,0.09170731707317059,0.07566293129922275,0.3234146341463413,0.26127603032740887,0.45634146341463433,0.33121447063589127,
603031.SH,20220210,实施完成,,20231120,20231205,13.5,12.44,80.0,用于收购亚锦科技15%股权,20220210,0,-0.02020820575627691,-0.04583333333333339,-0.03950724816949558,-0.06874999999999987,-0.063951023431018,-0.1645833333333332,-0.11647347431856825,-0.17229166666666662,-0.05554172744829178,
688201.SH,20221117,实施完成,,,20230620,2.39,2.39,80.0,1、购买普世科技80.00%股权。,20221117,0,0.19992941591671065,-0.05882352941176472,-0.053295577404410044,-0.09529411764705875,-0.08764336886906032,-0.19367647058823523,-0.20721756991866302,-0.12911764705882345,-0.1584501698791202,
300323.SZ,20221107,实施完成,,,20230814,20.84,20.84,80.0,1、Micro LED晶圆制造和封装测试基地项目；2、补充流动资金。,20221107,0,0.13495276653171384,-0.027348394768133222,-0.02311937373129791,-0.0784780023781213,-0.08014695649425263,-0.1367419738406659,-0.1727572339486233,-0.13912009512485135,-0.18425057705130599,
000837.SZ,20220707,实施完成,,20230613,20230707,12.3,12.3,80.0,1、秦创原·秦川集团高档工业母机创新基地项目(一期);2、新能源汽车领域滚动功能部件研发与产业化建设项目;3、新能源乘用,20220707,0,-0.007177033492822726,-0.012048192771084598,-0.009598918017529656,-0.03734939759036149,-0.01310408080405323,0.40602409638554193,0.48333855732007946,0.049397590361445864,0.1673727827861078,
002984.SZ,20221231,实施完成,,20230811,20230830,28.0,28.0,80.0,1、西班牙年产1200万条高性能轿车、轻卡子午线轮胎项目；2、补充流动资金。,20221230,1,0.013162224415926183,-0.05813575836310492,-0.06637239241592918,-0.05488795063332241,-0.08072506733016738,-0.0493666774926923,-0.09323077270162472,0.016888600194868486,-0.04701038905157662,
002996.SZ,20230401,实施完成,,20240321,20240415,15.0,6.0,80.0,1、年产63万吨低碳环保型铝合金扁锭项目；2、年产50万吨绿色循环高性能铝板带项目；3、补充公司的流动资金。,20230331,1,-0.011406844106463976,-0.011538461538461608,-0.018595936755918308,-0.0476923076923077,-0.059899373664075606,-0.08307692307692305,-0.10431337508411109,-0.05937732553724662,-0.051001775763776847,
002439.SZ,20220618,实施完成,,,20240105,40.63,40.63,80.0,1.补充流动资金。,20220610,8,0.04982206405693934,0.021791767554479424,0.012362269355641331,0.017917675544794287,-0.0018079897907883336,-0.11293960153508431,-0.09733851500845514,-0.08434038650260878,-0.07794606159240058,
603917.SH,20220929,实施完成,,20240321,20240411,7.9,5.97,80.0,1、大型一体化模具及精密铝合金部品智能制造项目；2、补充流动资金。,20220929,0,0.02848000000000006,-0.03546981953951467,-0.030107513677463893,0.12881144990665838,0.1381105082350187,-0.02706907280647186,-0.012984059886462007,-0.2591785936527693,-0.267010997826963,
000503.SZ,20220927,实施完成,,20231110,20231213,7.94,7.94,80.0,1、三医数字化服务体系建设项目;2、健康服务一体化建设项目;3、商保数据服务平台建设项目;4、研发中心升级建设项目;5、,20220927,0,-0.024120603015075237,-0.06282183316168921,-0.04780422873643475,-0.09062821833161705,-0.05581663055953956,0.07003089598352208,0.11495630856168204,0.06179196704428436,0.06120680231431885,
603768.SH,20221108,实施完成,,20240521,20240605,4.0,4.0,80.0,1、新能源汽车一体化大型压铸项目;2、补充流动资金。,20221108,0,0.005673027333677139,-0.04000000000000015,-0.03485848744012654,-0.0543589743589743,-0.07535476162667731,-0.12717948717948724,-0.16740097480985905,-0.028205128205128216,-0.07860134807685393,
000537.SZ,20220930,实施完成,,20240422,20240521,50.0,18.0,80.0,1、青海乌图美仁70万千瓦光伏发电项目；2、青海茫崖50万千瓦风力发电项目；3、补充流动资金。,20220930,0,-0.02435192458758839,-0.02657004830917864,-0.010124959489479224,0.07085346215781008,0.05426202932974533,0.09903381642512077,0.08242520851427293,0.0652173913043479,0.0428502452629973,
002965.SZ,20220924,实施完成,,20240329,20240424,17.68,8.76,80.0,1、东莞储能、光伏逆变器及动力电池箱体生产基地建设项目;2、广州新能源车身结构件及动力电池箱体产线建设项目;3、常熟动力,20220923,1,-0.03701626472237807,0.01921956901572508,0.031626838114027,-0.10386332750922156,-0.08490614318752521,0.03086779266161921,0.09183188357250271,-0.0021355076684138607,0.011789047362633642,
003031.SZ,20220129,实施完成,,20231025,20231123,25.0,25.0,80.0,募集配套资金用于1、标的公司符合相关行业政策的项目建设、上市公司或标的公司补充流动资金和偿还债务等。,20220114,15,0.02402285417478245,0.10005072279989857,0.1294558171694995,0.3086482373827035,0.33068283438755897,0.31841237636317543,0.34656032528307046,-0.08318539183362927,0.07555348233427939,True
002902.SZ,20220930,实施完成,,20240227,20240322,4.17,4.17,80.0,1、光伏储能和片式通信磁性元器件智能制造项目;2、车载BMS变压器产业化建设项目;3、安全智能光储系统智能制造项目;4、,20220930,0,-0.03765060240963858,-0.015649452269170472,0.0009801286873591941,0.1416275430359939,0.12393956109980708,0.2198748043818468,0.2014400464849495,-0.016431924882629012,-0.03708462071481211,
600720.SH,20220512,实施完成,,20240924,20241021,22.56,16.33,80.0,募集配套资金用于1、提升科创能力项目;2、提升管理能力项目;3、提升生产能力项目等。,20220512,0,0.10000000000000009,0.1002548853016143,0.08980610351189067,0.27867459643160575,0.2613456956472273,0.06705730239603924,-0.007604780869729377,-0.03952981573243475,-0.09073245346364611,
688299.SH,20220426,实施完成,,,20231103,3.0,0.5,80.0,用于补充流动资金,20220426,0,-0.05719794344473017,0.05998636673483304,0.034239430383258496,0.05589638718473067,0.015393982066047585,0.10020449897750505,0.014509797910119637,0.20684737822601718,0.07171060454604072,
003029.SZ,20220818,实施完成,,,20240104,1.8,1.8,80.0,1、补充流动资金。,20220818,0,0.10014873574615746,0.05813429472735465,0.06445612151353197,0.1365479945921586,0.1475049713784855,0.06579540333483536,0.11732141955855102,0.7620549797205949,0.8646299309148089,
688559.SH,20220921,实施完成,,20240813,20240829,19.64,10.2,80.0,1、西部总部及激光智能装备制造基地项目(一期)；2、海目星激光智造中心项目；3、补充流动资金。,20220921,0,-0.03511727355189853,0.032500671501477285,0.035246492432339904,0.013967230727907731,0.03797911295923617,0.1031426269137794,0.14642011617931217,-0.24442653773838297,-0.23241804817130385,
688016.SH,20220726,实施完成,,20231208,20231222,18.09,18.09,80.0,1、全球总部及创新与产业化基地项目;2、外周血管介入及肿瘤介入医疗器械研究开发项目;3、补充流动资金。,20220726,0,-0.1111484593837535,-0.03390898777259532,-0.033413430998911475,-0.08842808521366441,-0.06234511794716768,-0.11099205848985239,-0.11066312627274577,0.5110929030631541,0.6511097620974784,
300619.SZ,20220908,实施完成,,20231201,20231229,17.0,6.43,80.0,1、新能源先进制造装备数字化工厂建设项目;2、多系列有机硅高端制造装备数字化工厂建设项目;3、面向新能源产业的高性能有机,20220908,0,-0.014133367596042445,-0.02124332073504509,-0.029184860083712127,-0.08536426430340172,-0.053420886137818924,-0.10699856640166827,-0.059441559081250483,-0.1642121725531085,-0.15674912550399334,
688536.SH,20220909,实施完成,,20231016,20231026,37.6,18.01,80.0,1、临港综合性研发中心建设项目;2、高集成度模拟前端及数模混合产品研发及产业化项目;3、测试中心建设项目;4、补充流动资,20220909,0,-0.1296020429878697,0.042420537897310595,0.04186384307645752,0.021711491442542696,0.06973816579339309,-0.054875603316594024,-0.0006143687927094854,0.2258966175229007,0.25790775564736124,
000779.SZ,20220826,实施完成,,20231031,20231130,7.6,7.6,80.0,1、工程检测中心建设项目;2、全过程工程咨询服务能力提升项目;3、综合管理、研发及信息化能力提升项目。,20220826,0,-0.029835390946502227,0.01166489925768821,0.010258594900204754,0.036055143160127257,0.05222912692889348,-0.07104984093319189,-0.014727359085954572,0.11134676564156964,0.1682666423498449,
600345.SH,20220813,实施完成,,,20231227,6.5,6.5,80.0,募集配套资金用于1、投入智慧应急指挥产品升级及产业化项目；2、营销网络建设项目；3、下一代智慧应急数字化转型关键技术研究,20220729,15,-0.008264462809917328,0.10034142185099837,0.09266718088011161,0.04063760080645151,0.039091629992666466,-0.0029461885560677636,-0.0056408177261441095,0.013173843125960039,0.06898049556448616,True
002863.SZ,20230429,实施完成,,20231220,20240116,5.94,5.19,80.0,1、低碳化高性能铝合金挤压型材建设项目;2、偿还银行贷款。,20230428,1,0.018587360594795488,0.021897810218977964,0.013606595567451585,0.029197080291970767,0.03047584382837809,0.018248175182481674,0.05596826110915165,0.17722272911597736,0.19423782847511117,
688155.SH,20220831,实施完成,,20240408,20240425,7.0,6.32,80.0,1、基于工业互联网的汽车动力总成装配线系统集成解决方案建设项目;2、武汉高端智能制造装备制造项目二期;3、新能源汽车电池,20220831,0,-0.07058823529411762,-0.01607594936708856,-0.0107753607155614,-0.005822784810126658,-0.019345707301328896,-0.1349367088607596,-0.08915964945292842,-0.2240506329113925,-0.21506255443605038,
300537.SZ,20210902,实施完成,,20231027,20231117,5.7,1.0,80.0,1、年产5万吨电子感光材料及配套材料项目；2、偿还银行借款。,20210902,0,-0.014005602240896309,0.03295454545454546,0.03736935487557003,0.02954545454545454,0.0027589767324611714,-0.12215909090909105,-0.12085544520280089,-0.0017045454545455696,0.00044721106020007007,
000733.SZ,20220427,实施完成,,20230920,20231101,25.18,25.18,80.0,1、半导体功率器件产能提升项目;2、混合集成电路柔性智能制造能力提升项目;3、新型阻容元件生产线建设项目;4、继电器及控,20220427,0,0.0780790960451978,0.007231946336861972,0.0014086231169134766,0.20270411906508756,0.1843445647825992,0.24620060790273568,0.17070237062998528,0.27066384188773074,0.14692779058948413,
002272.SZ,20230429,实施完成,,20230824,20240304,2.9,2.56,80.0,1、川润液压液冷产品产业化及智能制造升级技术改造项目;2、补充流动资金。,20230428,1,0.020725388601036343,0.0016920473773263112,-0.006435226892644641,-0.011844331641286177,-0.010616561507472033,0.10152284263959377,0.14232776356872678,0.08460236886632821,0.10027877114346628,
002783.SZ,20230330,实施完成,,20240402,20240426,8.5,8.5,80.0,1、葫芦岛凌河化工集团有限责任公司电子雷管生产线技术改造项目;2、年产500万吨精细化工用灰岩生产线建设项目;3、工业炸,20230330,0,-0.03036876355748397,0.0011185682326622093,-0.0024332756495627494,-0.020134228187919434,-0.039685691741915274,-0.08053691275167774,-0.09769791094182823,-0.05573476787150844,-0.03828118151192905,
300565.SZ,20220823,实施完成,,20231229,20240126,6.0,5.24,80.0,1、储能锂电池系统研发及产业化项目;2、补充流动资金和偿还银行借款。,20220823,0,0.15859449192782527,0.05245901639344286,0.07243322904314664,0.023155737704918078,0.03869164733288111,-0.17848360655737694,-0.1365678348366287,-0.44549180327868854,-0.41338485346650056,
603668.SH,20230428,实施完成,,20230817,20240112,3.0,3.0,80.0,1、陈策楼镇天马科技鳗鲡现代智慧农业产业园项目;2、武宁县上坪生态养殖有限公司鳗鲡现代智慧农业产业园项目;3、补充流动资,20230428,0,0.004953560371517174,-0.01601971657424528,-0.0240032856367961,0.058533579790511325,0.059848793533164635,0.0,0.03704409872368308,-0.02635992013956101,-0.012287321735603207,
301126.SZ,20230422,实施完成,,,,3.0,,80.0,1、连锁药店建设项目;2、补充流动资金。,20230421,1,-0.016794961511546358,0.00142348754448407,0.00932517485043416,0.019217081850533724,0.01246464423589555,0.004982206405693912,0.03524632729889743,-0.06860726944687146,-0.029351465141831734,
688551.SH,20230415,实施完成,,20230712,20231204,1.88,1.88,80.0,1、小功率测试电源系列产品扩产项目;2、补充流动资金。,20230414,1,0.0578274184831562,-0.03950953678474112,-0.05297299023759994,-0.0713555858310626,-0.06097701473784645,0.1188692098092643,0.1372387973498279,0.15633178757891297,0.1922075599613755,
688286.SH,20230422,实施完成,,20230630,20231201,1.41,1.26,80.0,1、年产车用及工业级传感器600万只生产研发项目;2、微差压传感器研发生产项目。,20230421,1,-0.06618531889290014,-0.054123711340206104,-0.04666031672637627,-0.09186303387334316,-0.09787955215832245,-0.06829896907216482,-0.04024164382143336,0.022827687776141525,0.06593723998970824,
300684.SZ,20230427,实施完成,,20230811,20230927,3.0,3.0,80.0,1、中石(泰国)精密制造项目。,20230427,0,-0.20000000000000007,0.026438569206842955,0.014890097289909532,-0.1559097978227061,-0.1739562704802422,0.017901711521398633,0.03737161391321853,-0.23357988779565297,-0.2170887327831662,
300482.SZ,20220820,实施完成,,20240305,20240408,10.0,7.0,80.0,1、知识城生产基地建设项目;2、生物原料研发项目;3、补充流动资金。,20220819,1,-0.007739082365948002,-0.0055710306406683285,-0.011552510966322704,-0.04317548746518096,-0.03671358179124551,-0.15571030640668526,-0.1171009319133498,0.22534818941504198,0.29407553045663026,
002009.SZ,20230418,实施完成,,20230810,20231031,3.0,3.0,80.0,1、年处理15万吨磷酸铁锂电池环保项目(二期);2、补充流动资金。,20230418,0,-0.01992882562277587,-0.013071895424836444,-0.006277022328269988,-0.1568627450980392,-0.12368870331376991,-0.08641975308641958,-0.055873005798721564,-0.035048122441729945,0.02394794273044254,
002003.SZ,20221123,实施完成,,20230919,20231023,11.95,11.95,80.0,1、年产9.7亿米高档拉链配套织带搬迁及服饰辅料技改项目(一期);2、年产2.2亿米高档拉链扩建项目;3、越南服装辅料生,20221123,0,0.0010030090270811698,0.024048096192384794,0.02656659101091674,-0.008016032064128265,-0.025148992624311806,-0.002004008016031955,0.007264534176862014,0.06412825651302612,0.002442470542444397,
300151.SZ,20220818,实施完成,,20230822,20230914,7.98,4.14,80.0,1、高端医疗器械及耗材华南基地建设项目;2、总部基地改造升级项目;3、补充流动资金。,20220818,0,-0.06210621062106203,-0.04510556621881001,-0.039400546317716056,-0.10652591170825332,-0.09791230727519962,-0.2797504798464492,-0.24492992390819457,0.09213051823416518,0.1557069876944681,
600367.SH,20221102,实施完成,,20231017,20231031,5.8,5.8,80.0,1、收购青岛红蝶新材料有限公司75%股权;2、5万吨/年动力电池专用高纯硫酸锰项目;3、补充流动资金。,20221102,0,0.025817555938037806,0.002796420581655523,0.00465770193267856,0.059284116331096426,0.043716241369704756,-0.043624161073825274,-0.0885291045614468,0.009507829977628779,-0.07722778946667719,
002567.SZ,20230428,实施完成,,20230804,20230919,3.0,3.0,80.0,1、唐人神集团生猪全产业链数字智能化升级项目。,20230428,0,-0.06658130601792567,-0.02880658436214001,-0.03668640658768818,-0.030178326474622708,-0.028973336082918633,-0.11248285322359408,-0.07960558041944743,-0.029998114667238784,-0.015978101249830456,
300541.SZ,20230412,实施完成,,20230804,20230922,2.5,2.5,80.0,1、基于云原生的金融开发效能平台及应用解决方案;2、数据治理智能洞察平台;3、数据资产运营管理和应用工作平台;4、补充流,20230412,0,0.039555863983345096,-0.015353805073431426,-0.012737330888887954,0.0033377837116155273,-0.009448093548822145,-0.1722296395193591,-0.16811798642382048,-0.15912784238566335,-0.12465039533023259,
300279.SZ,20220401,实施完成,,20231009,20231106,0.47,0.47,80.0,募集配套资金用于补充上市公司流动资金,20220401,0,0.05625879043600546,0.062583222370173,0.06235361379263504,0.07723035952063917,0.10049155656846609,-0.32356857523302274,-0.2602072599089016,-0.22370173102529956,-0.2516746244708441,
688360.SH,20230218,实施完成,,,20231018,5.51,2.76,80.0,1、购买莫安迪100%股权。,20230203,15,0.00036049026676288065,0.048648648648648596,0.04006514680482165,-0.015135135135135092,-0.016266694675897586,-0.021621621621621623,-0.0177509340177211,0.0284684684684684,0.01789033813915486,True
301380.SZ,20230320,实施完成,,20230712,20231110,0.78,0.78,80.0,1、收购控股子公司久佳信通49%股权。,20230320,0,-0.05501407840589123,0.012835205134081873,0.0063829140415576635,0.09786843914737564,0.09230149766780826,0.15746046298418515,0.10342331852260966,0.26352326380930546,0.24869148565871724,
603920.SH,20220805,实施完成,,20240319,20240412,17.93,17.93,80.0,1、鹤山世茂电子科技有限公司年产300万平方米线路板新建项目(二期);2、广东世运电路科技股份有限公司多层板技术升级项目,20220805,0,0.00959909655561808,0.002796420581655523,-0.0002727507574740162,-0.004474272930648726,-0.01962215495217956,-0.05760626398210267,-0.0456141066707767,-0.04082774049216997,0.005672036814110992,
002728.SZ,20230426,实施完成,,20230727,20231011,2.75,2.75,80.0,1、现代中药饮片建设项目;2、补充流动资金。,20230426,0,0.07706766917293217,0.06457242582897016,0.05751483341647612,-0.027050610820244403,-0.06456514950638814,0.10234632538297461,0.11694146710230169,-0.012272639131278074,0.00031447796279149287,
920047.BJ,20230605,实施完成,,20240105,20240125,2.31,2.31,80.0,1、药物研发项目;2、生物工程新药产业化项目;3、补充流动资金;4、偿还银行贷款。,20230605,0,0.017591339648173276,-0.029255319148936088,-0.017984153764996735,-0.0146276595744681,-0.01352675670327319,-0.07978723404255317,-0.07707648754490637,-0.39095744680851063,-0.3724552654511155,
000782.SZ,20230302,实施完成,,,20240129,5.94,5.94,80.0,1、补充流动资金;2、偿还银行贷款。,20230302,0,0.10099009900990086,-0.03237410071942426,-0.037531188280014116,-0.0683453237410071,-0.05851718834730846,-0.11151079136690634,-0.09805094670881331,0.028776978417266452,0.06283531302858059,
300423.SZ,20230322,实施完成,,,,2.46,,80.0,1、氢能设备组件生产线建设项目;2、研发中心建设项目;3、补充流动资金。,20230322,0,-0.07741477272727282,-0.03772132409545792,-0.04384098073062681,-0.06004618937644324,-0.05259321158834196,-0.18013856812933016,-0.2048007810210063,-0.2095985558176392,-0.20340711628056984,
300958.SZ,20230422,实施完成,,20230718,20230918,2.25,2.25,80.0,1、昆明市西山区海口工业园区云龙磷矿矿区修复治理EPC项目;2、天津市西青区王稳庄镇水环境修复提升工程-人工湿地修复EP,20230421,1,-0.05202913631633721,0.016465422612513825,0.024485797635361184,0.0038419319429199295,-0.0028086434262597493,-0.019758507135016257,0.009760569775510097,0.025945366655000024,0.06918632100210242,
300604.SZ,20220122,实施完成,,20230822,20231013,2.77,2.77,80.0,募集配套资金用于1、转塔式分选机开发及产业化项目;2、支付本次交易相关费用;3、补充流动资金。,20220107,15,0.023662551440329027,-0.09547738693467334,-0.08124834061898989,-0.1336683417085427,-0.07745744681480371,-0.13206030150753767,-0.09983724842495523,-0.434572864321608,-0.2987969252423516,True
688205.SH,20230321,实施完成,,20230621,20230904,2.2,2.2,80.0,1、德科立海外研发生产基地建设项目。,20230321,0,-0.014621616281367378,0.09304190896330455,0.08966245474805912,0.1810707840385002,0.18480992297667043,0.4377381191096854,0.3889004838030965,0.9245538399839581,0.9244620990192058,
301045.SZ,20230317,实施完成,,,20240115,1.17,1.17,80.0,1、补充流动资金。,20230317,0,0.05323741007194238,-0.030510018214936374,-0.025824059995879556,-0.03825136612021862,-0.042700646776053564,-0.08378870673952643,-0.12033949737479799,0.20355191256830585,0.20265318206439886,
002877.SZ,20230428,实施完成,,20230717,20230911,1.8,1.8,80.0,1、开关控制阀制造基地项目;2、补充流动资金及偿还有息负债。,20230428,0,0.03176470588235292,0.003420752565564511,-0.004720547633067285,-0.010262257696693311,-0.009032521857271325,0.04218928164196112,0.0807962442798702,0.21942419168951854,0.23704925385435582,
000531.SZ,20220706,实施完成,,20231207,20231229,13.51,13.51,80.0,1、潮南陇田400MWp渔光互补光伏发电项目；2、潮阳和平150MW“渔光互补”光伏发电项目。,20220706,0,0.03425559947299073,-0.030573248407643194,-0.03318045007535109,-0.04968152866242037,-0.029120738386581024,0.016560509554140346,0.07815024334027698,-0.15031847133757958,-0.06254953636036398,
603398.SH,20220216,实施完成,,20240129,20240227,17.06,14.18,80.0,"1、收购豪安能源100%股权项目;2、10,000吨/年智能化硅提纯循环利用项目;3、补充流动资金。",20220216,0,0.0013495276653172628,-0.017520215633423097,-0.018144854492804563,-0.018418688230008917,-0.02497804303647211,-0.08131176999101519,0.00419697364220073,0.19631626235399824,0.34357114729847904,
688233.SH,20230318,实施完成,,20230710,20231011,3.0,3.0,80.0,1、集成电路刻蚀设备用硅材料扩产项目;2、补充流动资金。,20230317,1,0.0008572653236178507,0.06638115631691632,0.07153543087155367,0.05289079229122051,0.04801986607430453,0.1511777301927193,0.10525332769979023,-0.2566917016684598,-0.2572467536230466,
300438.SZ,20220721,实施完成,,20230822,20230921,34.0,15.21,80.0,1.鹏辉智慧储能制造基地项目(年产10GWh储能电池项目);2.补充流动资金。,20220721,0,-0.06811857229280105,-0.030901064658530264,-0.030300248159163656,-0.03427681121786541,-0.03738782435337196,0.138405608932745,0.13648047007477748,-0.0729680602440923,-0.0018689085837316766,
002536.SZ,20220726,实施完成,,20230829,20231016,7.8,7.8,80.0,1、河南飞龙(芜湖)汽车零部件有限公司年产600万只新能源电子水泵项目；2、郑州飞龙汽车部件有限公司年产560万只新能源,20220726,0,0.021671826625386803,0.10000000000000009,0.10056424544287546,0.1469696969696972,0.17978814231280138,0.36969696969696986,0.37020375646452264,0.23181818181818215,0.3459576317288575,
002290.SZ,20230330,实施完成,,,,1.22,,80.0,1、合肥和荣年产1万吨高端个性化定制家电复合材料建设项目;2、苏州兴禾源智能制造及节能减排技术改造项目;3、补充流动资金,20230330,0,-0.02929292929292937,0.003121748178980255,-0.00043720273598091275,-0.01144640998959412,-0.031171223369407697,-0.0457856399583767,-0.06359524116237525,0.38917793964620184,0.4148551925127335,
300404.SZ,20230216,实施完成,,,20231208,0.83,0.83,80.0,1、补充公司流动资金。,20230216,0,0.0821643286573146,-0.005555555555555536,0.0021572530055407046,0.02777777777777768,0.015757773953838816,0.05370370370370381,0.06093270749029078,-0.10370370370370374,-0.11331078090481816,
300358.SZ,20220711,实施完成,,,20230801,0.47,0.47,80.0,1.购买叶大进、叶田田合计持有的楚天飞云49.00%的股权。,20220711,0,0.0016366612111293755,-0.034313725490195957,-0.02486202792705816,-0.06427015250544665,-0.05414223798853701,-0.13180827886710234,-0.11124957669709723,-0.19063180827886705,-0.09996773258780556,
688337.SH,20230329,实施完成,,20230629,20231011,2.9,2.9,80.0,1、马来西亚生产基地项目;2、西安研发中心建设项目。,20230329,0,-0.00010702054794509142,-0.00770630418495144,-0.014154261252192435,-0.042170609012094795,-0.06315419917050125,-0.01947982446751584,-0.03315495144283864,-0.06963587712726116,-0.05277450646394821,
688333.SH,20220830,实施完成,,20231129,20231226,31.09,30.29,80.0,1、金属增材制造大规模智能生产基地项目;2、补充流动资金。,20220830,0,-0.05094509450945095,-0.05443854324734443,-0.0470319147009407,0.001090667678300461,-0.003917584192085988,-0.04718966846277095,0.009806695861869441,-0.04792004572039543,-0.024993704835467256,
300471.SZ,20230418,实施完成,,20230704,20230908,2.2,2.2,80.0,1、氢能核心零部件和集成车间建设项目;2、碱性电解水制氢技术开发项目;3、补充流动资金。,20230418,0,-0.015686274509803977,-0.025232403718459695,-0.01852125415784467,-0.12151394422310768,-0.0869490700560549,-0.08499335989375845,-0.05439891928898577,-0.02722443559096943,0.03224996093644328,
600729.SH,20221222,实施完成,,,20240307,47.17,47.17,90.0,1、吸收合并重庆商社。,20221222,0,0.020078568310781364,-0.05434317501069752,-0.05168401171307191,-0.010269576379974388,-0.016474603628645612,0.023962344886606646,-0.04202112958385362,0.11039794608472397,0.038577434581288816,
600152.SH,20230418,实施完成,,,,3.0,,80.0,1、年产2GWh钠离子电池项目。,20230418,0,-0.006647673314339797,0.003824091778202643,0.01073529157410369,-0.12810707456978976,-0.09380161342278603,-0.053537284894837445,-0.02189106938917229,-0.21032504780114714,-0.16204521537816452,
002986.SZ,20220223,实施完成,,20231208,20240110,30.0,9.55,80.0,1、轻烃综合利用项目一期;2、补充流动资金。,20220223,0,0.10005652911249285,0.018756423432682245,0.036336907714821454,-0.02389516957862281,-0.022507042179356285,-0.19912641315519009,-0.14572378217519555,-0.25648116737394655,-0.16515652343617426,
002379.SZ,20220709,实施完成,,20230706,20230804,8.0,8.0,80.0,1、利用回收铝年产10万吨高精铝深加工项目；2、补充流动资金及偿还银行借款。,20220708,1,-0.01058201058201047,0.00802139037433136,0.02094837799809124,-0.008021390374331583,0.03131802434073405,0.06417112299465222,0.10672808541789314,0.19251336898395732,0.34565298786342713,
300620.SZ,20230415,实施完成,,20231214,20240326,1.8,1.8,80.0,1、泰国光库生产基地项目;2、补充流动资金。,20230414,1,0.1368591037545417,-0.019886363636363646,-0.03362488039114864,0.1958451704545452,0.20920998903168453,0.0017755681818183433,0.018222713062005846,0.5557636577210865,0.6040320037657552,
601111.SH,20231223,实施完成,,,20241210,60.0,60.0,80.0,1、引进17架飞机项目;2、补充流动资金。,20231222,1,-0.006925207756232621,0.02789400278940035,0.026472185147917493,0.023709902370990132,0.003008279517717094,-0.026499302649930168,0.029457829137360614,0.00557880055788007,-0.03313388861798383,
300655.SZ,20220428,实施完成,,20240320,20240422,8.15,4.5,80.0,1、年产2万吨γ-丁内酯、10万吨电子级N-甲基吡咯烷酮、2万吨N-甲基吡咯烷酮回收再生及1万吨导电浆项目；2、补充流动,20220428,0,-0.010109890109890163,0.05506216696269983,0.030278028061576867,0.10923623445825936,0.08718212721186003,0.1705150976909413,0.09302669480494652,0.2889932595527622,0.17083832577534097,
002897.SZ,20220107,实施完成,,20240321,20240417,5.33,5.33,80.0,1、乐清光伏支架核心部件生产基地建设项目;2、光伏支架全场景应用研发及实验基地建设项目;3、补充流动资金。,20220107,0,-0.09997807498355626,-0.0021924482338611107,-0.006073145541345193,-0.0012180267965895553,0.01531465551022948,-0.19439707673568818,-0.16727304413981292,-0.22923264311814862,-0.1413906772633413,
300140.SZ,20220606,实施完成,,20231225,20240122,30.0,30.0,80.0,募集配套资金用于1、支付现金对价;2、补充流动资金。,20220606,0,0.20031298904538342,0.036505867014341664,0.034781982766587394,-0.05606258148631027,-0.06162353383540953,-0.11212516297262065,-0.15620172553633582,-0.016949152542372947,-0.018270391761402105,
601689.SH,20221213,实施完成,,20240109,20240126,40.0,35.15,80.0,1、重庆年产120万套轻量化底盘系统和60万套汽车内饰功能件项目;2、宁波前湾年产220万套轻量化底盘系统项目;3、宁波,20221213,0,-0.03670017552257854,0.02037435812489652,0.0203101776832193,0.015405002484677688,0.04928511381417988,0.10684114626470098,0.11191281846031553,-0.08646678813980457,-0.1108185958864768,
000875.SZ,20221231,实施完成,,20241106,20241206,55.38,42.52,80.0,1、大安风光制绿氢合成氨一体化示范项目;2、扶余市三井子风电场五期10万千瓦风电项目;3、吉林长岭10万千瓦风电项目;4,20221230,1,0.018394648829431093,0.006568144499178974,-0.002234327331645969,0.003284072249589709,-0.024143329265573388,-0.009852216748768239,-0.05553958705984996,-0.09031198686371089,-0.1474747326727175,
002458.SZ,20220930,实施完成,,20231120,20231214,11.6,11.6,80.0,1、种猪养殖项目;2、种鸡孵化场项目;3、补充流动资金及偿还银行贷款。,20220930,0,-0.02598752598752585,0.10032017075773747,0.11890893814340053,0.2486659551760939,0.22931955713742136,0.209178228388474,0.19090511723438608,0.48345784418356463,0.452308598482261,
001215.SZ,20230324,实施完成,,20231226,20240117,5.9,5.9,80.0,1、食品加工建设项目;2、收购味宝食品80%股权;3、补充流动资金。,20230324,0,0.0009823182711199419,-0.019066311509883693,-0.014765151487526551,0.06547034908173277,0.0631242934602132,-0.022991728585447957,-0.025902786465237804,-0.04436207709410667,-0.009470006417486632,
003038.SZ,20230105,实施完成,,20231221,20240118,8.8,8.8,80.0,1、年产60万吨再生铝项目；2、数字化建设项目；3、补充流动资金。,20230105,0,0.010281627179258068,0.09999999999999987,0.09915685988555012,0.12986725663716814,0.12692612741078113,0.12345132743362819,0.08388903128034242,-0.1223451327433629,-0.1678228078256676,
002188.SZ,20211221,实施完成,,,20241210,1.67,1.67,80.0,1、物业管理市场拓展项目;2、信息化与智能化升级项目;3、人力资源建设项目;4、补充流动资金。,20211221,0,0.048913043478260754,0.005181347150259086,0.005877057084580528,-0.025906735751295318,-0.027244771415723124,0.2823834196891193,0.3065108693610803,0.8678756476683938,1.0700750891473723,
000926.SZ,20221206,实施完成,,20231218,20240123,13.41,8.14,80.0,1、红桥城K6住宅项目;2、红桥城K15项目;3、补充流动资金项目。,20221206,0,-0.027196652719665315,0.0021505376344086446,0.00619532247444643,0.0,0.011399304007098765,-0.04946236559139794,-0.0223730221187175,-0.04516129032258065,-0.06572657932664405,
300067.SZ,20230427,实施完成,,20230810,20240205,2.54,2.54,80.0,1、高档差别化分散染料及配套建设项目(一期);2、补充流动资金。,20230427,0,-0.016778523489932806,0.027303754266211566,0.015745548142418686,0.0034129692832762792,-0.01803979094030983,-0.0034129692832765013,0.015649236815195477,0.05119453924914663,0.07381322033409088,
603722.SH,20210601,实施完成,,20240924,20241017,2.71,2.15,80.0,1、年产2万吨聚醚胺项目。,20210601,0,0.06047619047619057,-0.022451728783116298,-0.014957778280899059,-0.02334979793444103,-0.011180906779270638,0.1674898967220475,0.1783861314233055,0.1288729232150876,0.15576208963567106,
605008.SH,20220831,实施完成,,,20240227,0.5,0.5,80.0,1、补充流动资金;2、偿还银行贷款。,20220831,0,-0.023493975903614572,0.016656384947563163,0.022133308997838608,0.021591610117211557,0.007695793606631973,-0.07464528069093157,-0.02567774456609806,0.13201727328809376,0.14512980423316302,
002741.SZ,20211201,实施完成,,20241017,20241113,12.5,7.0,80.0,1、高性能锂电池材料项目;2、补充流动资金。,20211201,0,-0.04959000390472457,-0.029580936729663,-0.028752892829760568,-0.07313064913722267,-0.08859275982600734,-0.17666392769104367,-0.18126813170551315,-0.18077239112571897,-0.15823369927384856,
688079.SH,20230428,实施完成,,,,3.0,,80.0,1、半导体晶圆制造及封测项目;2、补充流动资金。,20230428,0,0.0010020040080160886,-0.0470470470470471,-0.0547788744438058,-0.002002002002001957,-0.0007620029059248745,0.14114114114114118,0.1834136862312299,0.017017017017016967,0.03171656805904366,
300629.SZ,20230420,实施完成,,20231114,20240112,2.46,2.46,80.0,1、射频微波产业化基地建设项目;2、补充流动资金。,20230420,0,-0.06633048875096981,0.0004154549231407678,0.020347503824017732,0.013710012463647558,0.038744100971868534,0.03240548400498544,0.07082144599834961,0.0778058842146292,0.1449694383358333,
603185.SH,20220421,实施完成,,20240115,20240130,27.0,27.0,80.0,1、年产5万吨高纯晶硅项目。,20220421,0,-0.09997784833493328,-0.10000820411846745,-0.10208159219038482,0.0009844942160965875,0.03607981894827339,0.10591516941504642,0.10911325228135138,0.9185961439222574,0.7880181948134302,
002735.SZ,20230204,实施完成,,20231211,20231228,10.0,9.29,80.0,1、宁波新容薄膜电容器扩建升级项目;2、中电华瑞研发中心建设项目;3、补充流动资金。,20230203,1,-0.018283582089552275,-0.02888635499809955,-0.021477706666640062,-0.004180919802356575,-0.0033464064050195974,-0.07373622196883312,-0.091821503459252,-0.24781451919422282,-0.26735806773087223,
300305.SZ,20221227,实施完成,,20231228,20240129,7.0,6.94,80.0,1、高性能聚酯薄膜生产及配套项目;2、补充流动资金。,20221227,0,0.058421851289832905,0.0007168458781363629,0.003364366789930573,0.04086021505376358,0.03154680603614102,0.032974910394265367,-0.026569108117027618,-0.13835125448028673,-0.17677612579470248,
600038.SH,20230110,实施完成,,20240711,20240725,30.0,30.0,80.0,募集配套资金用于1、新型直升机与无人机研发能力建设项目;2、航空综合维修能力提升与产业化项目;3、直升机生产能力提升项目,20230110,0,-0.01098901098901095,-0.04379084967320257,-0.04147139414539602,-0.015904139433551068,-0.032611011559805836,0.0030501089324617148,-0.034648700127540955,-0.08257080610021794,-0.12604757264960964,
688121.SH,20221108,实施完成,,,20231227,4.13,4.13,80.0,1、补充流动资金。,20221108,0,0.05856353591160213,0.029227557411273475,0.03473983492522992,0.010960334029227692,-0.011485718472539763,-0.040187891440501056,-0.08441814300408423,0.44467640918580376,0.3697570696482815,
601279.SH,20221115,实施完成,,20231207,20231222,10.51,4.88,80.0,1、高端汽车模具智造中心建设项目;2、新能源汽车零部件智造中心建设项目;3、高性能挤出型材和零部件生产基地建设项目;4、,20221115,0,0.09925093632958815,-0.03236797274275982,-0.027995799205690064,-0.0681431005110733,-0.054526936996149855,-0.09880749574105618,-0.11079408545365965,-0.054514480408858645,-0.09671315537402758,
000088.SZ,20221010,实施完成,,20241023,20241118,40.02,40.02,80.0,募集配套资金用于1、支付现金对价;2、偿还银行借款及支付中介机构费用。,20221010,0,-0.09215686274509793,-0.010799136069114534,-0.012673835374962583,0.03239740820734327,-0.004681545391694297,0.03239740820734327,-0.002377333482857402,0.08855291576673863,0.03882633885794973,
600405.SH,20220810,实施完成,,20241023,20241108,1.87,1.87,80.0,1、车载电源研发及产业化项目;2、偿还银行贷款。,20220810,0,0.09970238095238093,-0.014884979702300183,-0.03038828460025922,-0.052774018944519496,-0.07075635444372397,-0.06359945872801076,-0.06829381540689317,-0.1434370771312583,-0.08873673661845216,
002909.SZ,20220628,实施完成,,20231226,20240116,2.51,1.7,80.0,1、用于年产2万吨乙烯基硅油、2万吨新能源密封胶、0.2万吨核心助剂建设项目。,20220628,0,0.09982486865148865,0.05467091295116777,0.06963439149629491,-0.2914012738853503,-0.29032191781748773,-0.3832271762208068,-0.3584288083072904,-0.41348195329087045,-0.3585339846308889,
300449.SZ,20210617,实施完成,,,20240111,5.17,5.17,80.0,用于补充流动资金和偿还银行贷款,20210617,0,0.07235142118863047,-0.0337349397590363,-0.03359585623328276,-0.08313253012048194,-0.09368503553131335,-0.05783132530120494,-0.0681358444439123,-0.09277108433734949,-0.13392422637383572,
001201.SZ,20220622,实施完成,,20231206,20231228,10.33,9.25,80.0,1、东源东瑞农牧发展有限公司东源县船塘现代农业综合体项目(黄沙基地);2、补充公司流动资金项目。,20220622,0,0.06844783715012737,-0.009049773755656187,-0.02485266256120333,-0.06692069540366752,-0.09310065602093232,0.03596413397918208,0.02420152751604676,-0.17056171199919234,-0.15312157722710296,
601968.SH,20221109,实施完成,,20241205,20241225,6.98,6.98,80.0,1、安徽宝钢制罐有限公司新建智能化铝制两片罐生产基地项目;2、贵州新建智能化铝制两片罐生产基地项目;3、柬埔寨新建智能化,20221109,0,-0.046511627906976716,-0.00430416068866557,-0.0003570342882953659,-0.01147776183644178,-0.03423064508685958,-0.01147776183644178,-0.05826878714085748,-0.01865136298421799,-0.08533175303230045,
603313.SH,20211028,实施完成,,20231026,20231109,8.0,8.0,80.0,1、家居产品配套生产基地项目；2、美国亚利桑那州生产基地扩建项目；3、智能化、信息化升级改造项目；4、补充流动资金。,20211028,0,-0.08763505402160876,0.009210526315789558,0.0009829823241758184,0.05789473684210522,0.05536040205837578,0.2092105263157895,0.18702403704977288,0.14605263157894743,0.14470202360643025,
605117.SH,20221029,实施完成,,20240607,20240625,35.5,20.0,80.0,1、年产25.5GW组串式、储能式逆变器生产线建设项目;2、年产3GW微型逆变器生产线建设项目;3、逆变器研发中心建设项,20221028,1,-0.030303030303030276,-0.07053977272727263,-0.06333057512370766,0.09943181818181812,0.0439837346540104,0.03531250000000008,-0.02669473361154806,-0.04681818181818187,-0.14985102079115886,
300581.SZ,20230427,实施完成,,,,1.91,,80.0,1、全部用于直升机研发中心项目。,20230427,0,0.04443091905051744,0.0005827505827507018,-0.010674817227276034,0.005827505827505908,-0.015676876684330487,0.022727272727272707,0.04228947598134747,0.028802100426649213,0.05093896067488912,
300616.SZ,20211202,实施完成,,20240118,20240208,8.0,4.0,80.0,1、成都维尚生产基地建设项目。,20211202,0,-0.07449605609114807,0.005918560606060552,-0.003449666003865981,0.10700757575757569,0.07710833875580714,0.02272727272727293,0.00991126599732639,-0.12713068181818188,-0.09518294407586947,
002437.SZ,20230812,实施完成,,,,3.0,,80.0,1、药物研发项目;2、营销信息服务平台系统建设项目;3、偿还银行借款。,20230811,1,-0.017777777777777892,0.02714932126696845,0.030646200910952714,-0.02262443438914008,-0.004744621687073902,-0.03619909502262442,-0.01377056771099927,0.18552036199095023,0.24105616697555243,
300340.SZ,20221029,实施完成,,,20231208,5.84,5.84,80.0,1、补充流动资金和偿还债务。,20221021,8,0.00502092050209213,-0.02248126561198982,0.026655498025198066,0.044962531223980085,0.0341183950020949,-0.03663613655287257,-0.056130219933453795,0.02164862614487917,-0.05034697145805522,
002899.SZ,20221025,实施完成,,20240403,20240425,3.86,3.86,80.0,1、青岛英派斯体育产业园建设项目。,20221025,0,0.0039432176656151174,-0.002356637863315081,-0.0100798749532226,-0.003142183817753441,-0.0007640201608732911,0.05891594658287502,0.02029527199486303,-0.01885310290651998,-0.09435386538727619,
300446.SZ,20220221,实施完成,,20231110,20231215,21.0,21.0,80.0,募集配套资金用于1、汽车内外饰件扩产项目;2、成都航天模塑股份有限公司研发中心及模具中心建设项目;3、页岩气开发智能装备,20220221,0,0.1997840172786176,0.15751575157515774,0.16872088129688168,0.153915391539154,0.1633491648416463,0.1692169216921693,0.2543568569720249,0.1737173717371736,0.3341222463721869,
300707.SZ,20221102,实施完成,,20231129,20231227,6.92,3.56,80.0,1、新能源汽车核心冲焊零部件产能项目;2、补充流动资金项目。,20221102,0,0.03176341730558585,0.01751592356687892,0.01940452565403583,-0.02070063694267521,-0.0350930079777958,-0.16242038216560506,-0.20174745827353724,-0.05307855626326974,-0.1344368335828442,
603507.SH,20230422,实施完成,,,,3.0,,80.0,1、新建风力发电机部件项目;2、补充流动资金。,20230421,1,-0.03634802518603297,0.006831006831006681,0.014775361926392838,0.040689040689040556,0.0337943487253507,0.12771012771012757,0.161670087816856,-0.11216826668721724,-0.07474844620178911,
002572.SZ,20221025,实施完成,,,20231229,6.14,6.14,80.0,1、补充流动资金及偿还银行贷款。,20221025,0,0.009475218658892004,-0.002888086642599319,-0.010607209531902306,0.04115523465703963,0.04363907688612967,0.17906137184115511,0.13605876553598284,0.5263537906137183,0.40889851928980714,
600460.SH,20221015,实施完成,,20231108,20231201,65.0,49.6,80.0,1、年产36万片12英寸芯片生产线项目；2、SiC功率器件生产线建设项目；3、汽车半导体封装项目(一期)；4、补充流动资,20221014,1,0.029440000000000133,0.005595275101025754,0.0013721849036592015,-0.005284426484302163,0.005536164563580526,0.04382965495803548,0.03865468452184917,0.03201740752253657,-0.0018074603243543041,
300846.SZ,20221122,实施完成,,20240223,20240322,3.53,3.53,80.0,1、京北云计算软件研发中心项目-算力中心(一期);2、补充流动资金。,20221122,0,-0.013452914798206206,-0.042727272727272725,-0.045189209541109276,-0.028181818181818197,-0.04694255798107805,-0.09454545454545438,-0.09007477836286026,0.16454545454545455,0.09299684854065293,
600875.SH,20230405,实施完成,,20250331,20250414,50.0,41.23,80.0,1、收购子公司股权类项目;2、建设类项目;3、补充流动资金。,20230404,1,-0.017148981779206984,-0.02562704471101407,-0.02564769326601679,-0.0070883315158123406,-0.011452428040504281,-0.008724100327153761,-0.03279669175805755,0.040348964013086075,0.06927485384989351,
300115.SZ,20230315,实施完成,,20240524,20240625,22.0,13.6,80.0,1、常州长盈新能源动力及储能电池零组件项目;2、宜宾长盈新能源动力及储能电池零组件项目;3、智能可穿戴设备AR/VR零组,20230315,0,0.0,-0.03145695364238399,-0.02052450432295505,0.042218543046357526,0.041442180192319045,0.1225165562913908,0.10389490488979214,-0.04966887417218535,-0.040957683662620425,
003005.SZ,20230427,实施完成,,20241101,20241129,4.68,3.6,80.0,1、基于产教融合的实验实践教学产品研发及产业化项目;2、多模态教育大数据产品研发及产业化项目;3、面向行业应用的新一代人,20230427,0,-0.020625000000000004,0.04211869814932978,0.030393808924845223,0.12188895979578795,0.09790320757935134,0.004148053605615765,0.02335488307583633,-0.027164031739533523,-0.006231401581690665,
603368.SH,20230420,实施完成,,20240411,20240424,7.0,7.0,80.0,1、医院器械耗材SPD项目;2、健康产业园项目之中药配方颗粒生产及配套增值服务项目(一期);3、柳州物流运营中心项目;4,20230420,0,-0.08139534883720934,0.0037974683544304,0.023796899718027342,0.005485232067510504,0.03031620540683111,-0.018565400843881696,0.01795392692440423,-0.007851379321848428,0.05397443602870644,
603520.SH,20220826,实施完成,,20240523,20240612,14.8,9.35,80.0,"1、年产1,550吨非离子型CT造影剂系列原料药项目;2、年产7,710吨碘相关化合物及CMO/CDMO产品项目;3、补",20220826,0,-0.02848865282472235,-0.03379721669980118,-0.035140324665061895,-0.036779324055666085,-0.02174236807768115,-0.19284294234592458,-0.14390480687775276,-0.102882703777336,-0.05693502347399104,
603619.SH,20220518,实施完成,,20240718,20240814,16.9,11.84,80.0,1、温宿区块温北油田温7区块油田建设项目;2、补充流动资金。,20220518,0,0.012106537530266248,-0.023923444976076236,-0.027386554788174644,0.043062200956938135,0.03584969915180958,0.32655502392344515,0.24603924677650246,0.19247133209338463,0.12136321561158558,
300240.SZ,20230425,实施完成,,,,2.6,,80.0,1、东莞飞力达电子元器件集散中心项目。,20230425,0,-0.06998444790046654,0.02341137123745818,0.023653138451483757,0.0618729096989965,0.03969887560835428,0.06856187290969884,0.08598079123264313,0.09266225205026402,0.10393889849253779,
605589.SH,20221110,实施完成,,,20240403,8.75,8.75,80.0,1、补充流动资金。,20221110,0,-0.0082484230955846,-0.02837573385518599,-0.0444769206216693,-0.03913894324853229,-0.06359751023356841,0.1095890410958904,0.053640883221051094,0.19863013698630128,0.11608819066100429,
300084.SZ,20230104,实施完成,,,20241118,4.43,4.43,80.0,1、补充流动资金。,20230104,0,0.09070294784580502,-0.03950103950103934,-0.04915097250658895,-0.03950103950103934,-0.051142204361964594,0.24324324324324342,0.20147368279918898,0.2640332640332641,0.19187202135387094,
603997.SH,20230404,实施完成,,20240402,20240419,18.1,11.83,80.0,"1、合肥汽车内饰件生产基地项目;2、长春汽车座椅头枕、扶手及内饰件项目;3、宁波北仑年产1,000万套汽车出风口研发制造",20230404,0,-0.040446304044630454,-0.0174418604651162,-0.017462682477547342,-0.06249999999999989,-0.06662054830430642,-0.09883720930232553,-0.12072145331588191,0.03197674418604657,0.06066985260355762,
300659.SZ,20230225,实施完成,,20240307,20240402,5.05,5.05,80.0,1、城市级数据安全监测预警整体解决方案；2、基于零信任的数据安全解决方案；3、电磁空间安全监管项目。,20230224,1,-0.006092916984006269,0.003831417624521105,0.006643009434371017,0.053256704980843006,0.033879764328349715,0.11302681992337171,0.11354010716837415,-0.14636015325670493,-0.12878764299441725,
002319.SZ,20230308,实施完成,,,20241118,1.27,1.27,80.0,1、偿还债务及补充流动资金。,20230308,0,0.009416195856873921,0.019900497512437942,0.022127714682478983,0.011194029850746468,0.017370642574844553,-0.10074626865671632,-0.1087218592006105,-0.01990049751243783,0.0070631702754839765,
002521.SZ,20230307,实施完成,,,20241211,2.75,2.75,80.0,1、年产20万吨特种纸项目(一期)。,20230307,0,-0.014035087719298178,0.014234875444839812,0.014806640778478375,-0.04270462633451966,-0.030968488526043836,0.03380782918149472,0.025238218960204506,0.05693950177935947,0.07415748314291659,
000919.SZ,20230228,实施完成,,20240319,20240422,7.5,7.5,80.0,1、合肥金陵天颐智慧养老项目;2、核心原料药及高端医药中间体共性生产平台建设项目;3、补充流动资金。,20230228,0,0.10036719706242359,0.013348164627363435,0.0033312357649077917,-0.04004449388209119,-0.04164977758706179,-0.13570634037819818,-0.12659055010819786,-0.08342602892102335,-0.06687909283517979,
600217.SH,20210918,实施完成,,20240723,20240808,9.48,8.82,80.0,1、山东中绿资源再生有限公司废弃电器电子产品资源化综合利用项目(一期);2、唐山中再生资源开发有限公司废弃电器电子产品拆,20210917,1,-0.0068728522336770626,-0.01903114186851218,-0.022957569746807405,-0.04671280276816614,-0.04360385116646426,-0.12975778546712802,-0.12580801669963337,0.04325259515570945,0.040041272308168674,
002703.SZ,20221019,实施完成,,20240314,20240410,11.8,3.5,80.0,1、新增年产60万台套汽车智能转向系统技术改造项目;2、汽车智能转向系统及关键部件建设项目3、智能网联汽车转向线控技术研,20221019,0,-0.014590347923681413,-0.041002277904327866,-0.03805509144136077,0.056947608200455635,0.07276008219286823,0.11389521640091105,0.08690354495419528,0.07972665148063807,0.03908543036445633,
300972.SZ,20230220,实施完成,,,20240321,2.0,2.0,80.0,1、品牌营销网络建设项目;2、运营服务支持建设项目。,20230220,0,-0.026422764227642337,0.06263048016701456,0.057428946716399754,0.36534446764091877,0.37888206293095794,1.164231036882394,1.201313671882294,1.9227557411273488,1.9288055505968447,
600792.SH,20220409,实施完成,,20240411,20240424,11.0,4.38,80.0,用于200万吨/年焦化环保搬迁转型升级项目,20220408,1,0.0,-0.04398148148148151,-0.0184068746215148,0.0625,0.07593505094971276,-0.08796296296296313,-0.030370679276447543,-0.07638888888888895,-0.10728606532613316,
601608.SH,20210529,实施完成,,20240625,20240718,8.28,8.28,80.0,1、面板盒体关键装备生产线建设项目;2、高端耐磨件制造产线智能化改造项目;3、重型装备智能制造提升工程建设项目;4、补充,20210528,1,0.008645533141210304,-0.02571428571428558,-0.029673675134716526,-0.039999999999999925,-0.03761066729861673,-0.034285714285714364,-0.035782015273647216,0.23454217085064122,0.27844443699482224,
688305.SH,20230204,实施完成,,20240328,20240415,6.0,6.0,80.0,1、五轴联动数控机床智能制造项目；2、系列化五轴卧式加工中心智能制造产业基地建设项目；3、高端机床核心功能部件及创新设备,20230203,1,-0.0005757052389177009,-0.00969662058371723,-0.0021415733270835347,-0.05328341013824878,-0.05249004546646119,-0.16129032258064513,-0.17766611203136584,-0.08554147465437789,-0.10930125868490703,
000582.SZ,20221231,实施完成,,20240416,20240513,36.0,36.0,80.0,1、北海港铁山港西港区北暮作业区南4号南5号泊位工程；2、北海港铁山港西港区北暮作业区南7号至南10号泊位工程；3、防城,20221230,1,0.017906336088154395,-0.004059539918809141,-0.012769072296674566,-0.012178619756427533,-0.0391833080302616,0.02435723951285529,-0.02290862253734194,0.03382949932341006,-0.031134017867425756,
688519.SH,20221018,实施完成,,,20240207,1.0,1.0,80.0,1、补充流动资金。,20221018,0,0.02556818181818188,-0.012003693444136765,-0.00013243039588839434,-0.03785780240073888,-0.0040197375230427435,0.13711911357340711,0.11784574959990746,-0.03508771929824572,-0.05977029573595216,
300189.SZ,20230426,实施完成,,,,1.6,,80.0,1、油菜籽购销基地项目;2、小榨菜籽油产业示范基地项目;3、补充流动资金。,20230426,0,0.015151515151515138,-0.011940298507462699,-0.018490649130075143,0.01492537313432818,-0.02420765639159117,-0.0417910447761195,-0.029104291823627726,0.09253731343283578,0.10646007758682674,
300034.SZ,20240629,实施完成,,,20250320,2.8,2.8,80.0,1、补充流动资金。,20240628,1,0.05441274054412748,0.0018879798615480947,-0.007254444005357907,-0.03272498426683468,-0.026996783264001678,-0.0057132265858337306,0.02059985162121203,-0.14014485666478982,-0.10882825083032377,
002978.SZ,20220929,实施完成,,20241220,20250113,17.04,17.04,80.0,1、年产6万吨能源级钛(合金)材料全产业链项目。,20220929,0,0.013674197384066611,-0.027565982404692102,-0.022159735157437077,-0.011730205278592254,-0.0035889178509788122,0.03841642228738995,0.05344946144306584,-0.022580645161290214,-0.03291450345586033,
302132.SZ,20230202,实施完成,,,20250122,174.39,174.39,80.0,1、航空工业集团持有的航空工业成飞100%股权。,20230202,0,0.2003780718336483,0.19999999999999996,0.20818700487119912,1.4889763779527558,1.500611475928297,3.277165354330708,3.244888691570285,3.0456692913385828,2.999891024144405,
000966.SZ,20230530,实施完成,,20241029,20241203,30.0,30.0,80.0,1、汉川市新能源百万千瓦基地二期项目;2、汉川市新能源百万千瓦基地三期项目;3、国能长源随州市随县百万千瓦新能源多能互补,20230530,0,-0.06587837837837829,0.009041591320072317,0.015228565538374372,-0.0433996383363473,-0.0347558561019794,0.020148260089718928,0.033558012520037206,-0.11393872258637205,-0.07312638196736843,
605007.SH,20230622,实施完成,,,20241226,8.34,8.34,80.0,1、补充流动资金。,20230621,1,-0.0091036414565826,0.10035335689045932,0.11686666082930319,0.07137809187279154,0.06998579587783182,0.09823321554770303,0.10868803717437148,0.05088339222614824,0.07790177856578295,
002331.SZ,20230606,实施完成,,,,2.08,,80.0,1、智慧交通解决方案升级、SaaS产品研发及产业化项目;2、交通行业数字孪生与模拟仿真平台研发项目。,20230606,0,-0.025174825174825388,0.01865136298421821,0.017881009489095323,0.045911047345767786,0.03351248285935249,0.038737446197991465,0.03542108168222091,-0.028694404591104727,-0.005200331091290145,
688609.SH,20230428,实施完成,,,,2.5,,80.0,1、九联科技面向鸿蒙生态研究院;2、九联科技特种机器人研究院；3、偿还银行贷款。,20230428,0,0.09113300492610854,-0.04176072234762973,-0.04953544058177184,-0.06884875846501126,-0.0676918155651951,0.1038374717832955,0.14472813606293666,0.017692545415457284,0.032401860270681926,
603112.SH,20230517,实施完成,,,20241015,2.1,2.1,80.0,1、用于补充流动资金及偿还银行贷款。,20230517,0,0.023963133640553025,0.015301530153015275,0.011271540555557902,-0.027002700270027047,-0.0028709053859973244,-0.01980198019801982,-0.0030322178054396076,0.0475109586613367,0.0787085265198062,
000737.SZ,20230531,实施完成,,20241213,20250120,10.0,9.65,80.0,1、年产5万吨高性能压延铜带箔和200万平方米覆铜板项目;2、补充流动资金。,20230531,0,-0.021543985637342833,0.0018348623853210455,0.0018129476790251786,0.011009174311926495,0.013160876733255167,-0.011009174311926606,-0.01023637424961854,-0.00550458715596347,0.04009363608638594,
603823.SH,20221024,实施完成,,,20240723,0.49,0.49,80.0,1、补充流动资金。,20221024,0,-0.038461538461538436,-0.05292307692307685,-0.0525181891227825,-0.13230769230769235,-0.10709618629241169,0.028307692307692367,-0.00752056531429246,0.04123076923076918,-0.038434581775791066,
600283.SH,20231223,实施完成,,20241126,20241212,5.81,5.81,80.0,1、胡村水厂工程(一期)项目;2、岱山县岱北水厂工程项目;3、兰溪市登胜水厂工程项目;4、福州江阴港城经济区污水处理厂中,20231222,1,-0.011583011583011338,-0.050000000000000155,-0.05131407203052385,-0.016406250000000067,-0.036296637702782575,-0.12343750000000009,-0.07305240683487546,-0.06015625000000002,-0.09633827665712835,
000922.SZ,20240608,实施完成,,,20250310,11.12,11.12,80.0,1、用于补充偿还哈电集团委托贷款的流动资金。,20240607,1,0.041729893778452265,0.0050983248361251565,0.012810248426666337,-0.03350327749453752,-0.022162552840284233,-0.18426802621995642,-0.1483085196180255,-0.3197378004369993,-0.2615995318657599,
600428.SH,20230330,实施完成,,20250226,20250317,35.0,35.0,80.0,"1、租赁29艘多用途纸浆船项目;2、建造1艘65,000吨半潜船项目;3、补充流动资金。",20230330,0,-0.055059523809523725,0.0,-0.0035478753415744135,0.020472440944881765,0.00011074415850043096,0.08818897637795264,0.06787885266211036,0.015799608018430167,0.03457541970707223,
000800.SZ,20230620,实施完成,,20240927,20241021,37.13,20.0,80.0,1、新能源智能网联及整车综合研发能力提升项目;2、整车产线升级建设项目;3、动力总成产线升级建设项目;4、补充流动资金。,20230620,0,-0.004784688995215114,-0.0024038461538461453,0.010842849873769156,0.004807692307692069,0.02311548249564699,0.08533653846153832,0.10959517409395336,0.05649038461538436,0.09494908106448441,
000791.SZ,20240319,实施完成,,20241213,20241231,19.0,19.0,80.0,"募集配套资金用于1、支付本次交易现金对价;2、常乐公司2×1,000兆瓦燃煤机组扩建项目。",20240319,0,0.10038610038610041,0.09999999999999987,0.09395291902982694,0.010526315789473717,0.02095161963146208,0.05438596491228065,0.05045243912031805,0.15904994358815294,0.17621908046966106,
605128.SH,20230525,实施完成,,20241128,20241218,3.81,3.81,80.0,1、惠州沿浦高级新能源汽车座椅骨架生产项目;2、郑州沿浦年产30万套汽车座椅骨架总成制造项目;3、天津沿浦年产750万件,20230525,0,0.005214050493962841,0.03958503958503945,0.03594664187308472,-0.016507309762441635,-0.017542780215269116,0.14722560470361046,0.16566558174531432,0.13709497287209893,0.1769038041897366,
605020.SH,20230321,实施完成,,20250303,20250314,17.36,17.36,80.0,1、包头永和新材料有限公司新能源材料产业园项目；2、补充流动资金。,20230321,0,-0.025651808242220353,0.0071212775140268025,0.004007471704159826,-0.030858869227449404,-0.027790676035621242,0.027190332326283873,-0.007701659597578958,-0.23746108302842228,-0.2374974322613982,
603348.SH,20221026,实施完成,,20240701,20240712,13.0,10.47,80.0,1、安徽新能源汽车零部件智能制造项目;2、重庆新能源汽车零部件智能制造项目;3、佛山新能源汽车零部件智能制造项目;4、补,20221026,0,-0.009408235614943972,-0.02739160357880277,-0.021978762213276215,0.007432897453544252,0.0061360083119752495,-0.09387474191328304,-0.12237412670310255,-0.17563661390227125,-0.23689267527104996,
605300.SH,20230520,实施完成,,20250228,20250318,7.25,7.25,80.0,1、咖啡扩产建设项目；2、补充流动资金项目。,20230519,1,0.02144522144522143,-0.008671839342765941,-0.012559571639208178,-0.05613874942948427,-0.03526720333764666,-0.056517282099208144,-0.053575115520109406,-0.026274514065477206,0.00664082807342381,
300729.SZ,20230628,实施完成,,20241011,20241101,5.0,4.0,80.0,1、美国佐治亚州Ellabell海外仓项目;2、补充流动资金。,20230628,0,-0.05013927576601673,-0.0017595307917889214,0.00043451585036824447,0.08035190615835797,0.06909866401625742,-0.01935483870967758,-0.02959389653237232,-0.1730205278592375,-0.1515230162601493,
000159.SZ,20230428,实施完成,,,,3.0,,80.0,1、桥梁钢结构生产项目;2、补充流动资金。,20230428,0,0.01749663526244949,0.005291005291005346,-0.0028654692887085664,-0.023809523809523836,-0.02259662026612641,-0.0357142857142857,6.80948355147315e-06,-0.09523809523809534,-0.08216103401159036,
688768.SH,20230217,实施完成,,20241030,20241119,1.6,1.6,80.0,1、设备智能监测系统产业化项目;2、数据中心建设项目;3、研发中心建设项目;4、补充流动资金。,20230217,0,-0.007921858175665153,-0.02535080238778209,-0.044994036911860325,0.06829986820683787,0.05419540244256882,0.026901310179083593,0.018522665951874906,-0.04008062640514787,-0.061418521596711906,
000736.SZ,20230224,实施完成,,20240612,20240710,24.8,4.44,80.0,1、长沙凤鸣东方;2、武汉中交澄园;3、天津春映海河;4、补充流动资金。,20230224,0,-0.03379152348224512,-0.004149377593360981,-0.001360138877941841,0.0219324244220509,0.0031317618245649825,-0.11855364552460002,-0.11814715471700454,-0.22169531713100177,-0.20567361069463985,
600057.SH,20220517,实施完成,,,20250227,32.2,32.2,80.0,1、补充流动资金及偿还债务。,20220517,0,0.006507592190889255,-0.04094827586206895,-0.0385491678730433,-0.039870689655172376,-0.03275183893606892,0.0046225941781670166,-0.05972312046877504,-0.061532988351712725,-0.10114113556517734,
300497.SZ,20230426,实施完成,,,,3.0,,80.0,"1、年产5,000吨羧酸系列产品新建项目;2、补充流动资金。",20230426,0,0.03967611336032406,0.0007788161993766973,-0.005855855907871965,-0.052959501557632516,-0.08947505705442227,-0.010903426791277426,0.0021922803632474785,0.05841121495327095,0.07189909270586847,
002613.SZ,20230408,实施完成,,20241025,20241126,11.81,5.0,80.0,1、智能钢化装备及节能风机生产基地建设项目;2、高端幕墙玻璃生产基地建设项目;3、研发中心建设项目;4、补充流动资金。,20230407,1,0.028455284552845406,-0.023715415019762598,-0.0200969556933579,-0.05731225296442677,-0.06027935276605467,-0.08102766798418959,-0.07867563193686244,-0.0889328063241106,-0.05158602764246545,
000155.SZ,20220530,实施完成,,20240530,20240628,22.65,22.65,80.0,募集配套资金用于1、凉山州会东县小街一期风电项目;2、凉山州会东县淌塘二期风电项目;3、补充流动资金,20220530,0,0.10005558643690948,0.02071753410813537,0.008747845654726749,0.08287013643254171,0.0519039374227499,0.16169782718544723,0.07305113235903438,0.13946437594744832,0.09523742652779266,
688566.SH,20230428,实施完成,,20240111,20240621,1.98,1.98,80.0,1、高端制剂研发中心建设项目。,20230428,0,-0.07145085803432127,0.073252688172043,0.06454480336793011,-0.03629032258064524,-0.03509292626193716,0.25604838709677447,0.3025775675501101,0.13077319981654179,0.1471169365382854,
688408.SH,20221111,实施完成,,20241104,20241119,11.01,11.01,80.0,1、光伏跟踪系统平行驱动器产能扩建项目;2、宿松中信博新能源科技有限公司光伏配套产业园项目;3、西部跟踪支架生产及实证基,20221111,0,-0.004261240107835351,-0.049257641921397366,-0.04805779040093794,-0.0854148471615721,-0.08835316050481667,-0.23179039301310056,-0.26045379971925875,-0.10043668122270755,-0.15436054825084,
002006.SZ,20230513,实施完成,,20241203,20241226,9.43,9.43,80.0,1、碳纤维及复材装备智能制造建设项目;2、高性能碳纤维装备研发中心建设项目;3、补充流动资金。,20230512,1,-0.030222693531283262,0.058501913613996814,0.0462328016563609,0.16457080371787858,0.1606056740314168,0.15144887916894478,0.1660429005242945,0.02707524652216886,0.030773999258377982,
300474.SZ,20230601,实施完成,,20241014,20241107,39.74,38.33,80.0,1、高性能通用GPU芯片研发及产业化项目;2、通用GPU先进架构研发中心建设项目。,20230601,0,0.1070023130804838,-0.05183727034120722,-0.05930326214163362,-0.0943007124109485,-0.09682341309005271,-0.13076490438695165,-0.14130633682060634,-0.3567679040119984,-0.33476421020741887,
300143.SZ,20220813,实施完成,,,20241112,9.7,9.7,80.0,1、补充流动资金。,20220812,1,-0.01591511936339507,0.16621743036837366,0.16650246257188228,0.14645103324348585,0.15306964052426442,-0.03054806828391754,-0.026139691124178466,0.0206648697214733,0.08471257290200862,
002666.SZ,20230321,实施完成,,20240821,20240913,4.88,1.0,80.0,1、德联汽车新材料胶黏剂研发和制造项目；2、补充流动资金。,20230321,0,0.028000000000000025,0.0,-0.003091788327174605,-0.0058365758754862496,-0.002689164881762518,-0.08365758754863806,-0.1147842551666407,-0.035019455252918275,-0.03506545461355093,
002590.SZ,20211208,实施完成,,20240807,20240912,7.24,4.11,80.0,1、新增年产50万套铝合金固定卡钳项目;2、新能源汽车底盘铝合金轻量化建设项目;3、补充流动资金。,20211208,0,0.06608478802992535,-0.01169590643274876,-0.021240804247664946,0.21988304093567246,0.21651772206979758,0.13918128654970752,0.1555374528709248,-0.08070175438596494,0.014537585159975608,
300348.SZ,20230425,实施完成,,20240705,20240802,5.73,4.17,80.0,1、基于企业级建模和实施工艺的金融业务系统建设项目;2、“星云”数智一体化平台建设项目;3、云原生数字生产力平台建设项目,20230425,0,-0.029742765273311877,-0.047224523612261704,-0.046999443181271805,-0.046396023198011616,-0.06630918502504535,-0.11019055509527753,-0.09568552881956505,-0.15247582713611696,-0.1437290891292594,
600373.SH,20231221,实施完成,,,20241024,4.54,4.54,80.0,1、购买控股股东出版集团持有的江教传媒100%股权、高校出版社51%股权。,20231221,0,-0.10027285129604369,-0.1000758150113723,-0.09885944974533067,-0.05155420773313113,-0.06310637743123293,0.03563305534495842,0.06723854161129328,0.200909780136467,0.15821527893995846,
300648.SZ,20230415,实施完成,,20250327,20250418,6.37,6.37,80.0,1、星云储能系统及电池关键部件制造和检测中心项目;2、补充流动资金。,20230414,1,0.015647226173542084,-0.01932773109243724,-0.03307407835001264,-0.10868347338935591,-0.09872208042037378,-0.04481792717086841,-0.02913575399979418,-0.14102965900432785,-0.11437967431319607,
000925.SZ,20221115,实施完成,,20240626,20240801,10.29,6.84,80.0,1、基于自研芯片的数字孪生工业控制平台研发及产业化项目;2、大交通领域数字化关键技术研发及产业化项目;3、无人感知技术研,20221115,0,0.01591511936339529,-0.011749347258485643,-0.007284009991636697,-0.023498694516971286,-0.00923019314590734,-0.09268929503916445,-0.10475726177304412,0.16971279373368153,0.11750646274014898,
002791.SZ,20230415,实施完成,,20240813,20240905,12.0,6.02,80.0,1、坚朗五金中山数字化智能化产业园项目；2、坚朗五金装配式金属复合装饰材料建设项目；3、坚朗五金信息化系统升级建设项目；,20230414,1,-0.0012155099064057318,-0.008762322015334001,-0.022656767456876614,-0.09516855299987836,-0.08505611668218138,-0.20372398685651694,-0.19065073235844765,-0.36488627200862855,-0.3451815507624,
002661.SZ,20220609,实施完成,,,20240516,1.0,0.97,80.0,1、补充流动资金;2、偿还有息负债。,20220609,0,-0.019674935842600383,-0.005235602094240899,-0.019129634557870312,-0.006980802792321161,-0.02101449654420684,0.03378485269925369,-0.004760467125139667,0.12784596376030155,0.14695912632004315,
688337.SH,20240109,实施完成,,20240923,20241014,0.5,0.5,80.0,募集配套资金1、北京实验中心建设项目;2、支付中介机构费用及相关发行费用。,20240109,0,-0.06587645315705482,-0.009760858955588092,-0.004410330374469917,0.022449975597852667,0.02218948653890873,-0.2486578818936066,-0.22070891914995228,-0.274524158125915,-0.30485102034484135,
002947.SZ,20230302,实施完成,,20240724,20240821,11.6,7.56,80.0,1、惠州恒铭达智能制造基地建设项目。,20230302,0,-0.006865912762520243,-0.03334688897925986,-0.03849879193881989,-0.050427002846685665,-0.04040984496615285,-0.12647417649450987,-0.11324101420624177,-0.10078866887509763,-0.07101968974333928,
300576.SZ,20240409,实施完成,,20240923,20250115,2.44,2.44,80.0,1、高端感光线路干膜光刻胶建设项目;2、IC载板阻焊干膜光刻胶及半导体光刻胶研发能力提升项目;3、补充流动资金。,20240409,0,0.012251565477811255,-0.04518558364712222,-0.038498521949549835,-0.1527703066164604,-0.14108663416854228,0.01452393760086057,-0.019569699350346914,0.16426028057649034,0.2144914949580261,
605133.SH,20230811,实施完成,,20250321,20250407,8.78,8.78,80.0,1、新能源汽车零部件智能制造项目;2、补充流动资金。,20230811,0,-0.035070785070785204,0.03501167055685239,0.03853531718458125,-0.004668222740913497,0.013540075460898304,-0.009003001000333466,0.014058404257762058,-0.0030010003334445257,0.04370350495429176,
600331.SH,20240919,实施完成,,,20250708,28.53,28.53,80.0,1、偿还债务和补充流动资金。,20240919,0,0.019933554817275878,-0.009771986970684043,-0.010058438131252623,0.009771986970684043,-0.07937280539189384,0.1140065146579805,-0.07082236404895648,0.2980456026058633,0.054456208885612645,
600886.SH,20240918,实施完成,,,20250304,70.0,70.0,80.0,1、孟底沟水电站项目;2、卡拉水电站项目。,20240918,0,0.0019467878001298011,-0.004533678756476811,-0.011352313042336304,0.03367875647668406,-0.030214263922020423,0.025259067357513043,-0.15649905244539253,0.07512953367875652,-0.1362360651483847,
601127.SH,20240430,实施完成,,,20250327,81.64,81.64,80.0,1、购买龙盛新能源100%股权。,20240430,0,-0.04454926624737954,0.003291278113000562,-0.008175531664150082,-0.07164015359297848,-0.08627317545264268,-0.02435545803620398,-0.018662716320827055,-0.14470652770159087,-0.08171570329776212,
600378.SH,20230215,实施完成,,20241219,20250108,45.0,45.0,80.0,募集配套资金用于1、新建2万吨/年PVDF项目;2、20万吨/年锂离子电池电解液项目(一期);3、年产1.9万吨VDF、,20230215,0,0.09993352537114997,0.04008863819500408,0.050160471882678026,-0.05439161966156325,-0.05745323059419016,-0.0672844480257857,-0.06237491606527246,-0.258460918614021,-0.2608258086858234,
688639.SH,20221028,实施完成,,20241014,20241028,7.0,7.0,80.0,1、年产5万吨生物基丁二酸及生物基产品原料生产基地建设项目；2、年产5万吨生物基苹果酸生产建设项目。,20221028,0,-0.024659312134977296,-0.04836992681304053,-0.040988772631510684,0.05016633399866932,-0.002797123709828764,0.04251497005988014,-0.019923635957181496,0.13732534930139728,0.014387776071162373,
600548.SH,20230715,实施完成,,20250306,20250327,47.03,47.03,80.0,1、深圳外环高速公路深圳段;2、偿还有息负债。,20230714,1,0.012276785714285587,0.0011025358324145973,0.009858171676886629,0.014332965821389099,0.0367333397394054,0.034178610804851184,0.049890547620379255,0.10363836824696793,0.1624816699126621,
301109.SZ,20230306,实施完成,,20241230,20250124,7.68,7.68,80.0,募集配套资金用于:1、支付现金对价;2、补充流动资金。,20230306,0,0.061843640606767725,-0.038461538461538325,-0.027653088218557276,-0.02802197802197781,-0.012163671029693846,-0.058791208791208804,-0.051473190204302965,-0.036500555948650426,-0.009070547983351163,
603358.SH,20231226,实施完成,,20250422,20250526,2.97,2.97,80.0,募集配套资金1、支付本次交易现金对价及中介机构费用。,20231226,0,-0.10017271157167529,0.08205374280230315,0.07621206873613051,0.11756238003838759,0.09181256600885401,0.03550863723608422,0.06418173413798955,0.025431861804222633,-0.012642069181822535,
300013.SZ,20220801,实施完成,,,20241225,4.19,4.19,80.0,1、偿还有息负债和补充流动资金。,20220801,0,0.02127659574468077,0.08333333333333326,0.10838871110505166,0.024621212121212155,0.03190949809532673,-0.10606060606060608,-0.10075582542574901,-0.1155303030303031,-0.02891856656018299,
300286.SZ,20230720,实施完成,,20250321,20250417,8.0,8.0,80.0,1、研发总部及企业微电网系统升级项目;2、企业微电网产品技术改造项目;3、补充流动资金。,20230720,0,-0.021615472127417545,-0.043604651162790775,-0.04306820547397272,-0.08343023255813942,-0.09686500958433109,-0.16279069767441856,-0.16126044193161515,-0.28052325581395343,-0.2355505702667089,
688085.SH,20240507,实施完成,,20250227,20250313,2.14,2.14,80.0,募集配套资金1、支付本次交易的现金对价;2、支付本次交易的中介机构费用、税费等费用。,20240507,0,-0.007978723404255428,-0.008042895442359144,-0.001936636322197427,-0.03806970509383378,-0.037469235276241686,-0.012332439678284013,0.005732244946219378,-0.09768442269811117,-0.03351639057299205,
003043.SZ,20230731,实施完成,,20241018,20241121,2.84,2.84,80.0,募集配套资金用于1、支付本次交易的现金对价;2、支付中介机构费用及相关税费;3、补充上市公司流动资金。,20230731,0,0.050382277984708956,-0.02015677491601342,-0.020129829556548295,-0.04460619634191865,-0.03811517440832857,-0.15826801045166095,-0.10600237964785741,0.03434117207913401,0.1276305540046927,
600765.SH,20230603,实施完成,,20241224,20250120,19.5,18.89,80.0,1、收购宏山锻造80%股权项目;2、技术研究院建设项目;3、补充流动资金。,20230602,1,-0.011467889908256979,-0.039056457849961146,-0.03976172747727891,-0.054524361948955824,-0.05491552498327956,0.04601701469450892,0.04109188442047218,0.04098994586233573,0.07225459932772149,
601456.SH,20240515,实施完成,,20250220,20250310,20.0,20.0,80.0,募集配套资金1、拟用于发展民生证券业务。,20240515,0,0.10038240917782026,0.09991311902693312,0.09903284359365716,0.012163336229365607,-0.00021825963160904127,-0.10165073848827111,-0.07466590386731353,-0.13387931225772765,-0.0584304559938682,
001309.SZ,20230701,实施完成,,20241213,20250123,9.9,9.9,80.0,1、PCIeSSD存储控制芯片及存储模组的研发和产业化项目;2、嵌入式存储控制芯片及存储模组的研发和产业化项目;3、信息,20230630,1,0.0379464285714286,-0.029354838709677478,-0.04189573666715651,0.15053763440860224,0.15250033813046904,0.1128563440860213,0.08776439731636065,0.14572043010752678,0.17118860491226573,
000998.SZ,20240807,实施完成,,,20250514,12.0,12.0,80.0,1、偿还银行贷款及补充流动资金。,20240807,0,-0.013861386138613763,0.026104417670682833,0.02608024796971864,-0.011044176706827447,-0.00439023888744472,-0.03514056224899609,-0.00549229338646684,0.16465863453815244,-0.03183978144307531,
688065.SH,20230626,实施完成,,,20250331,66.0,59.26,80.0,1、补充流动资金及偿还贷款。,20230626,0,0.15072933549432754,0.015649452269170805,0.003286360997768467,0.010798122065727833,-0.018290933973045598,-0.039391086001255515,-0.043502277143146695,-0.12319522912743253,-0.11627067668323787,
688027.SH,20240312,实施完成,,,20250102,17.75,17.75,80.0,1、用于补充流动资金。,20240312,0,0.08223333606624572,0.005984848484848371,0.009984020798812443,0.18106060606060614,0.17843036757348352,0.312121212121212,0.32150017096951533,0.2643939393939394,0.27208132866666657,
688577.SH,20230426,实施完成,,20240229,20240925,1.71,1.38,80.0,1、柔性自动化加工单元扩产项目;2、海德曼(上海)高端智能机床研发中心项目;3、补充流动资金。,20230426,0,-0.019744222571236425,-0.022888532845044662,-0.029366302050257587,-0.024719615472648115,-0.0623240316139988,0.023804074158846333,0.037359311030508824,-0.01959285392124621,-0.007099022084187334,
301029.SZ,20230111,实施完成,,20240925,20241104,15.0,8.7,80.0,1、怡合达智能制造供应链华南中心二期项目;2、怡合达智能制造暨华东运营总部项目。,20230111,0,-0.06766467065868265,-0.011400128452151548,-0.011904295649046603,0.0316313423249841,0.011612919558395163,0.01188182402055249,-0.024717604715083663,-0.1120745022479126,-0.15395767492664147,
300229.SZ,20230808,实施完成,,20241011,20241029,18.45,9.0,80.0,1、拓天行业大模型研发及AIGC应用产业化项目。,20230808,0,-0.08251389482684901,-0.03821062441752099,-0.033428218677551524,-0.027027027027027195,-0.001158957905936675,-0.06710158434296376,-0.03567827048650285,-0.1705498602050326,-0.1139609289382919,
600935.SH,20240722,实施完成,,,20250606,2.0,2.0,100.0,1、偿还国拨资金专项应付款;2、补充流动资金。,20240722,0,0.0,-0.008888888888888835,0.007717178043797013,0.004444444444444251,0.029581281927878456,-0.03111111111111098,-0.007491631495498141,0.06222222222222218,-0.04667164035480542,
002840.SZ,20230719,实施完成,,20250411,20250516,16.0,16.0,80.0,1、生猪养殖建设项目;2、饲料加工建设项目;3、偿还银行贷款项目。,20230719,0,-0.027552674230145957,-0.007777777777777772,0.0013989383888168838,-0.022222222222222143,-0.029561438174332877,-0.14,-0.12670245463382324,-0.21666666666666667,-0.16624735051324735,
000510.SZ,20230424,实施完成,,20240308,20240905,1.51,1.32,80.0,1、电石渣资源化综合利用项目(一期);2、补充流动资金。,20230424,0,-0.009771986970684043,-0.041118421052631526,-0.03802247753112731,0.009868421052631637,-0.012751252655266776,-0.018092105263157854,0.004652349667790157,-0.05921052631578949,-0.02613227735821111,
601985.SH,20240712,实施完成,,,20250110,140.0,140.0,80.0,1、辽宁徐大堡核电站1、2号机组项目;2、辽宁徐大堡核电站3、4号机组项目;3、福建漳州核电站3、4号机组项目;4、江苏,20240712,0,-0.020942408376963484,0.014260249554367332,0.013334083902134086,0.060498325204207504,0.05658192823761965,-0.021984877867230912,0.015295029193682641,-0.053709186740861004,-0.12169547488536947,
300623.SZ,20231201,实施完成,,20241114,20241217,6.6,4.79,80.0,募集配套资金拟用于1、支付交易对价;2、补充上市公司流动资金;3、支付交易中介费用及其他相关费用。,20231201,0,0.005269320843091618,-0.004076878276062845,-0.0012033456375614149,-0.03028538147932458,-0.010014228612290954,-0.07571345369831106,-0.058096942754322534,-0.1543389633080956,-0.158822075717577,
002385.SZ,20220607,实施完成,,20240722,20240815,10.0,7.0,80.0,1、年产24万吨猪配合饲料生产线项目;2、年产12万吨猪饲料加工厂建设项目;3、辽宁盛得大北农生产反刍饲料基地项目;4、,20220607,0,-0.019607843137255054,-0.011999999999999789,-0.01866878644953429,0.06800000000000006,0.05269131631770896,0.06400000000000028,0.01328167723317697,0.17999999999999994,0.18531757190545672,
688172.SH,20241231,实施完成,,,20250728,40.2,40.2,80.0,1、北电集成12英寸集成电路生产线项目;2、补充流动资金。,20241231,0,-0.0314009661835748,-0.03541147132169575,-0.009038470717685376,0.0,0.03764358502850573,0.030423940149626016,0.05597569618766518,-0.022942643391521078,-0.020090618953958472,
688536.SH,20230610,实施完成,,20250723,20250805,3.83,3.83,80.0,募集配套资金用于1、支付本次交易的现金对价及中介机构费用。,20230526,15,0.007501775568181879,0.08824954839846666,0.08274573504759064,0.020002643521169983,0.0010473322359010329,0.033176190685993756,0.030333659835015236,-0.17936291139798233,-0.16423870675037366,True
002753.SZ,20241225,实施完成,,20251127,20251225,3.65,3.65,80.0,1、2×10万吨年蒽油深加工项目;2、补充流动资金。,20241225,0,-0.029457364341085257,0.004792332268370725,0.003394762060862533,-0.025559105431310014,0.013504241324538091,-0.004792332268370503,0.045485106162852285,0.051118210862619806,0.06430485145152698,
600789.SH,20241221,实施完成,,20251209,20251229,12.0,12.0,80.0,1、高端制剂智能制造车间建设项目;2、生物农药基地建设项目;3、新药研发项目;4、补充流动资金。,20241220,1,0.10058479532163722,0.022316684378320684,0.02744532478048667,-0.013815090329436841,-0.023117529095932676,-0.008501594048884176,0.02929922277939867,0.04994686503719459,0.049352721787099485,
600469.SH,20240425,实施完成,,,,3.0,,80.0,1、高性能巨型工程子午胎扩能增效项目。,20240425,0,-0.039808917197452276,-0.0066334991708125735,-0.018126809069316074,0.026533996683250294,-0.004394381465581021,-0.06799336650082921,-0.08497923189829915,-0.08818000063315345,-0.04075068508476054,
002046.SZ,20221227,实施完成,,20250225,20250319,1.15,1.15,80.0,1、新型高功率MPCVD法大单晶金刚石项目(二期)；2、补充上市公司流动资金。,20221227,0,0.01989150090415892,-0.01241134751773032,-0.009798558874801966,0.010638297872340496,0.001595308524849015,0.12145390070921991,0.05680966670947596,0.04521276595744683,-0.0013980673280762357,
688521.SH,20231223,实施完成,,20250612,20250630,18.07,18.07,80.0,1、AIGC及智慧出行领域Chiplet解决方案平台研发项目;2、面向AIGC、图形处理等场景的新一代IP研发及产业化项,20231222,1,-0.0205190102595052,0.011295953994660213,0.009897095333895711,0.026083384678578847,0.005333764892320403,-0.1846375025672622,-0.1377702051452333,-0.25816389402341344,-0.2867230388404802,
688160.SH,20231230,实施完成,,20250703,20250721,4.65,4.65,80.0,1、智能制造生产基地建设项目。,20231229,1,0.03339253996447611,-0.0536266758336198,-0.049582569020996226,-0.11533172911653489,-0.08855553878373434,-0.29236851151598486,-0.26989329771734893,-0.08765898934341698,-0.11733607663223822,
688116.SH,20220420,实施完成,,20250417,20250514,8.0,8.0,80.0,1、锂电池用高效单壁纳米导电材料生产项目(一期);2、补充流动资金。,20220420,0,-0.031726411207251726,-0.012595744680851118,0.010244886796845432,-0.020000000000000018,0.04385883563500692,0.12119148936170232,0.12268523212504556,0.2810212765957447,0.2308725105516818,
603982.SH,20241213,实施完成,,,20251024,2.0,2.0,80.0,1、补充流动资金及偿还银行贷款。,20241213,0,-0.026112185686653633,0.0009930486593843213,0.0026327312872718167,-0.03773584905660399,-0.030933598597150502,-0.2571996027805362,-0.20288397098793176,-0.12115193644488587,-0.13085866174783567,
002922.SZ,20241210,实施完成,,,20250829,5.0,4.0,80.0,1、补充流动资金。,20241210,0,-0.014334862385321112,0.002908667830133549,3.667397842899156e-05,-0.040139616055846594,-0.022671107081374875,0.062245491564863364,0.12554703355551244,0.14717859220476992,0.1690147278711549,
300682.SZ,20230710,实施完成,,,20250303,2.12,2.12,80.0,1、购买无锡朴元持有邦道科技10%股权。,20230710,0,0.002230151650312262,0.01157098353360042,0.006022012939621568,-0.024032042723631575,-0.025836423359204663,-0.02759234534935462,-0.04696871028542171,-0.15086782376502006,-0.11539761560133055,
002736.SZ,20240905,实施完成,,,20250910,51.92,51.92,80.0,1、购买万和证券96.08%股份。,20240905,0,-0.0497787610619469,-0.011641443538998764,-0.003598408205455872,-0.005820721769499437,0.02022764423810175,0.36786961583236333,0.16128977491916885,0.3364377182770666,0.0951860598859422,
300772.SZ,20240112,实施完成,,,20250307,7.0,7.0,80.0,1、补充流动资金。,20240112,0,0.017924528301886955,-0.0129749768303985,-0.014450201449986766,-0.06302131603336414,-0.046580285007822186,-0.16404077849860987,-0.1722457500353921,-0.17330861909175166,-0.22428843133062937,
600458.SH,20231227,实施完成,,20250619,20250711,13.0,13.0,80.0,1、创新中心及智能制造基地项目;2、清洁能源装备提质扩能项目;3、新能源汽车减振制品能力提升项目;4、补充流动资金。,20231227,0,-0.02924634420697425,0.05098493626882972,0.03672507202203246,0.05793742757821563,0.043708594834058534,-0.006952491309385911,-0.004046210355007185,0.3615295480880649,0.30487176154825235,
001208.SZ,20231202,实施完成,,20250917,20251021,12.15,12.15,80.0,1、新能源及电力用电缆生产建设项目;2、高端装备用高柔性特种电缆生产建设项目;3、高端装备器件用综合线束及组件生产建设项,20231201,1,0.0,0.005464480874316946,0.008365543154751798,-0.02841530054644792,-0.008105055047685217,0.015300546448087315,0.03465174576988539,-0.18797814207650276,-0.1922829227274685,
603268.SH,20241017,实施完成,,20250804,20250818,40.0,40.0,80.0,募集配套资金1、恒力造船(大连)有限公司绿色高端装备制造项目;2、恒力重工集团有限公司国际化船舶研发设计中心项目(一期),20241017,0,0.10034843205574928,0.10006333122229272,0.06897310592795636,0.61051298290057,0.5560750284317904,1.854971500949968,1.6771991564622395,1.6206459784673846,1.6213576871389344,
605218.SH,20241130,实施完成,,20260202,20260302,4.8,4.8,80.0,1、轻量化车载新型显示组件项目;2、补充流动资金。,20241129,1,-0.025099601593625565,0.018798528810788806,0.007433414056388532,0.044135676338373786,0.02032700327440895,0.0727421332243563,0.04949416338915236,-0.05680425010216594,-0.05616703732714812,
300811.SZ,20240420,实施完成,,20241121,20250225,3.0,3.0,80.0,1、新型高端一体成型电感建设项目。,20240419,1,-0.02889423967401361,0.02841884417318341,0.03539944315393262,0.07476635514018692,0.06663255641426558,0.13274842647339313,0.09929577729262173,0.10123594873085207,0.13383417936283282,
688226.SH,20221202,实施完成,,20241213,20250103,10.02,5.78,80.0,1、年产5GWh储能系统建设项目；2、年产2.5万吨光伏焊带智能化生产项目；3、补充流动资金。,20221202,0,0.04752851711026618,-0.052631578947368474,-0.06905226299240053,-0.10127041742286758,-0.1155085104161464,-0.046823956442831216,-0.0261865021201676,-0.13248638838475502,-0.1758047239425471,
600416.SH,20241126,实施完成,,20250829,20250922,20.0,20.0,80.0,1、航空电气系统系列化研制及产业化项目;2、磁悬浮轴承高速电机系统研发及产业化项目;3、补充流动资金。,20241126,0,-0.08582375478927207,0.005029337803855949,-0.010159977720157642,-0.010058675607711565,-0.04493833820385096,-0.07627829002514674,-0.11269086149991225,-0.10058675607711642,-0.13464729258719732,
301297.SZ,20241017,实施完成,,20250812,20250904,7.83,7.83,80.0,募集配套资金用于:1、支付本次交易的中介机构费用、相关税费等;2、半导体功率模块(高性能氮化硅)陶瓷基板智能化生产线建设,20241017,0,0.19980787704130654,0.20016012810248185,0.16624094571274917,1.4891913530824654,1.4050526426331196,1.1577261809447554,1.0233696587092558,0.5644515612489991,0.5648764312053034,
603088.SH,20240430,实施完成,,,20250609,1.8,1.8,80.0,募集配套资金1、支付本次交易现金对价、中介机构费用及相关税费。,20240430,0,0.09972677595628432,0.02857142857142847,0.016815687072485375,0.032298136645962705,0.016026815500726377,0.002631571236150876,0.008481778279016305,-0.047628880278257846,0.022511538084177163,
603416.SH,20240524,实施完成,,,20250513,3.86,3.86,80.0,1、企业技术中心二期建设项目;2、营销网点及产品展示中心建设项目。,20240524,0,0.04635761589403975,0.019653564290472936,0.008173740697172693,0.036309127248500994,0.036999739614529625,-0.033977348434377164,0.007026417765816584,0.013297590257999259,0.08165095674191791,
603856.SH,20221020,实施完成,,20250110,20250122,3.08,2.51,80.0,1、年产7.4万吨高性能复合管道扩能项目;2、补充流动资金。,20221020,0,-0.09985632183908055,-0.08858739026336782,-0.08975066060402348,-0.11252992817238616,-0.09701505989738113,-0.07023144453312025,-0.09422128919050177,-0.029529130087789235,-0.0782015575049001,
601211.SH,20241010,实施完成,,,20250317,100.0,100.0,80.0,募集配套资金1、拟用于国际化业务、交易投资业务、数字化转型建设、补充营运资金等用途。,20241010,0,0.10000000000000009,0.1001855287569573,0.12897054729097146,0.18614718614718595,0.23575109372237213,0.33951942850916783,0.27439528723408846,0.09466773762353875,0.1255147604976734,
000713.SZ,20241114,实施完成,,,20260121,10.89,10.89,80.0,1、补充流动资金及偿还银行借款。,20241114,0,-0.007751937984496138,-0.05208333333333337,-0.03810600590077495,-0.0390625,-0.03637248254764047,-0.0013020833333333703,-0.024862555791868468,-0.00390625,0.003220307818035506,
688525.SH,20230720,实施完成,,20250328,20250411,19.0,19.0,80.0,1、惠州佰维先进封测及存储器制造基地扩产建设项目;2、晶圆级先进封测制造项目。,20230720,0,-0.1108024005334518,-0.03737032870891155,-0.03683038616556866,0.006124234470691103,-0.008623202364900329,-0.21822272215973015,-0.21679378537452576,-0.27446569178852653,-0.229114363117235,
601619.SH,20241113,实施完成,,,20250926,12.0,12.0,80.0,1、补充流动资金及偿还银行贷款。,20241113,0,-0.014792899408283988,-0.02402402402402415,-0.006860206411759329,-0.009009009009009139,0.011966788408536377,0.03603603603603611,0.038084752212472095,-0.009009009009009139,0.018396829746327725,
002953.SZ,20241112,实施完成,,,20251112,2.3,2.3,80.0,1、用于补充流动资金及偿还银行贷款。,20241112,0,0.0,0.013667425968109326,0.008566281853368718,-0.019362186788155045,0.002900014142313223,0.12072892938496582,0.1205027967161234,0.33712984054669715,0.37303592647972583,
000657.SZ,20240110,实施完成,,20250318,20250416,18.0,18.0,80.0,募集配套资金用于1、标的公司1万t/d采选技改项目建设;2、支付本次交易的现金对价;3、上市公司补充流动资金。,20240110,0,0.10023584905660377,-0.011789924973204746,-0.014853131221863491,-0.12218649517684899,-0.10852894147354852,-0.15434083601286186,-0.13999395510179102,0.2411575562700965,0.16821747969267387,
002062.SZ,20230117,实施完成,,20241115,20241210,5.0,5.0,80.0,1、建设施工工程总承包及地铁盾构施工设备升级改造项目;2、研发中心建设项目;3、偿还银行贷款项目。,20230117,0,-0.00917431192660556,-0.0037037037037037646,-0.0037535122461027637,0.04259259259259274,0.03252927084397461,0.06666666666666665,0.040123969879825694,-0.0092592592592593,-0.052145676032131716,
688138.SH,20231206,实施完成,,20250417,20250429,12.0,12.0,80.0,1、高精度掩膜版生产基地建设项目一期;2、高端半导体掩膜版生产基地建设项目一期。,20231206,0,-0.0670812972012439,-0.004761904761904856,-0.003846825780325358,0.06761904761904769,0.0676811895685967,0.017619047619047645,0.022642750741189266,-0.1452380952380954,-0.16686960866982148,
000635.SZ,20230725,实施完成,,20250731,20250826,7.0,6.84,80.0,1、宁夏英力特化工股份有限公司年产30万吨电石技改工程项目;2、宁夏英力特化工股份有限公司热电分公司储灰场自发自用分布式,20230725,0,0.01414581066376508,-0.005364806866952954,-0.0027437204812731375,-0.0021459227467811592,-0.020165183056566227,-0.07510729613733924,-0.042150403028425765,-0.09120171673819732,-0.0125457519479506,
688102.SH,20241030,实施完成,,20250918,20251009,6.0,6.0,80.0,1、液体火箭发动机推力室材料、零件、组件产业化项目;2、斯瑞新材科技产业园建设项目(一);3、补充流动资金。,20241030,0,-0.017429193899782258,-0.005543237250554056,-0.00966275238458747,0.06762749445676297,0.03053339127813226,0.03215077605321515,0.018572533665117685,0.03991130820399125,0.05152491915605584,
600644.SH,20240330,实施完成,,20241024,20250220,2.0,2.0,80.0,1、龙泉驿区100MW/200MWh电化学储能电站新型储能示范项目。,20240329,1,0.015254237288135464,0.0016694490818029983,-0.010117255871989639,0.04507512520868118,0.042548600542770876,-0.02003338898163609,-0.04012544975272403,0.14023372287145253,0.15791430575916454,
600549.SH,20230519,实施完成,,20241108,20241213,35.27,35.27,80.0,"1、硬质合金切削工具扩产项目;2、1,000亿米光伏用钨丝产线建设项目;3、博白县油麻坡钨钼矿建设项目;4、补充流动资金",20230519,0,-0.045848191543555794,0.02242391884676964,0.01841423704037326,0.005872931126534864,0.028115737716856604,0.03256807261078487,0.035788043910989886,-0.013361956753673132,0.019989875184401873,
000883.SZ,20241026,实施完成,,,20251119,29.0,29.0,80.0,1、罗田平坦原抽水蓄能电站项目。,20241025,1,0.0,0.030120481927710774,0.023144729731754854,0.004016064257028162,0.012511531408920806,-0.016064257028112428,-0.006274053145502667,-0.048192771084337394,-0.03196267943805908,
002170.SZ,20220525,实施完成,,20241108,20241231,5.0,5.0,80.0,1、硝酸法生产高纯磷酸项目;2、补充流动资金及偿还银行贷款。,20220525,0,0.023550724637681375,-0.008849557522124019,-0.013814278495112187,0.005309734513274211,-0.01828718631241122,0.06371681415929209,-0.004423563147526566,0.22142764989252384,0.15804480562193768,
601939.SH,20250331,实施完成,,,20250624,1050.0,1050.0,80.0,1、补充本行的核心一级资本。,20250331,0,0.03638497652582173,-0.01812004530011324,-0.021840880909915428,0.015855039637599155,0.0772791905305088,0.060022650056625215,0.0758557688627104,0.09377311417962075,0.05926210433659418,
601658.SH,20250331,实施完成,,,20250619,1300.0,1300.0,80.0,1、全部用于补充本行的核心一级资本。,20250331,0,0.0019230769230769162,-0.009596928982725572,-0.013350062955019393,-0.017274472168905985,0.04214648727167103,0.026871401151631336,0.042209353498344315,0.0719598234276908,0.03813707212941142,
601988.SH,20250331,实施完成,,,20250617,1650.0,1650.0,80.0,1、用于增加本行的核心一级资本。,20250331,0,0.018181818181818077,-0.014285714285714346,-0.018021080098837072,-0.023214285714285743,0.03584752011750725,0.039260680907877266,0.054783686789334984,0.024674566088117578,-0.0076562286422771075,
601328.SH,20250331,实施完成,,,20250617,1200.0,1200.0,80.0,1、全部用于补充本行的核心一级资本。,20250331,0,0.012228260869565188,-0.005369127516778427,-0.009138282749278637,-0.014765100671141007,0.044807589092671796,0.04318529235913937,0.058766918534580714,0.10244152428971143,0.06765700654751061,
002851.SZ,20250329,实施完成,,20260114,20260206,26.63,26.63,80.0,1、麦格米特全球研发中心扩展项目智能电源及电控研发测试中心建设;2、长沙智能产业中心二期项目;3、泰国生产基地(二期)建,20250328,1,0.007520143240823618,0.08121556779811634,0.08625922578512957,-0.09223387240092418,-0.017559200954767262,-0.1542562644393105,-0.13808111487826014,-0.10129731650968554,-0.1204354506203289,
600756.SH,20240115,实施完成,,,20251023,2.79,2.79,80.0,1、补充流动资金。,20240115,0,-0.011700468018720711,-0.012628255722178405,-0.015254593024648044,-0.1176006314127861,-0.0759988710103987,-0.14759273875295975,-0.15822020247009838,-0.04025256511444353,-0.09892393950858991,
301066.SZ,20230405,实施完成,,20250709,20250801,6.0,6.0,80.0,1、万事利人工智能工厂项目。,20230404,1,0.009509875640087762,-0.02753623188405785,-0.027556839980264813,-0.022463768115941973,-0.026760285729475863,0.06884057971014479,0.04288437257485134,0.2079710144927538,0.24155747221025714,
300757.SZ,20230826,实施完成,,20250521,20250612,3.84,3.84,80.0,募集配套资金1、拟用于支付本次交易的现金对价。,20230811,15,-0.03391279566828176,-0.08097345132743361,-0.05409886849228318,-0.01327433628318575,0.004361657688021214,-0.03539823008849541,-0.017902173670216404,0.0927728613569323,0.14956078524415894,True
688018.SH,20250315,实施完成,,20250922,20251017,17.78,17.78,80.0,1、Wi-Fi7路由器芯片研发及产业化项目;2、Wi-Fi7智能终端芯片研发及产业化项目;3、基于RISC-V自研IP的,20250314,1,0.007447798909429482,-0.04290429042904287,-0.04473876681111133,-0.053905390539053744,-0.03851661943061546,-0.15053905390539046,-0.10972865179303504,-0.14854509952737427,-0.13781287221305183,
688361.SH,20241207,实施完成,,20250929,20251020,25.0,25.0,80.0,1、上海高端半导体质量控制设备研发测试及产业化项目;2、总部基地及研发中心升级建设项目;3、补充流动资金。,20241206,1,0.027465667915106184,-0.04951397326852969,-0.04908319304044417,-0.007999189955447572,-0.004431660826280992,-0.18995544754961524,-0.14015593267635973,0.004353989469420894,0.011559555153363377,
688192.SH,20230325,实施完成,,20250403,20250418,18.48,17.96,80.0,1、新药研发项目;2、国际标准创新药产业化项目;3、补充流动资金。,20230324,1,-0.01801229073956334,-0.0785498489425982,-0.07450951002996131,-0.08567112645662511,-0.0876843841653383,0.12214069917997405,0.11879721006104238,-0.2475183426845059,-0.22004387506388812,
000061.SZ,20231121,实施完成,,20250903,20250930,19.64,19.64,80.0,1、光明海吉星二期项目;2、长沙海吉星二期继续建设项目;3、补充流动资金和偿还银行贷款。,20231121,0,0.0,0.02735562310030404,0.03556532466660833,0.028875379939209633,0.038823073677948905,0.013677811550151908,0.06053238425346641,-0.05775075987841949,-0.03266022912514943,
603578.SH,20230323,实施完成,,,20260312,5.76,5.76,80.0,1、补充流动资金。,20230323,0,-0.02791014295439087,0.10014005602240905,0.10721302904836505,0.09243697478991608,0.10094554278829104,0.0007002801120448154,-0.0037279203455047316,0.0002717832046745805,0.02803127839852171,
000100.SZ,20250304,实施完成,,20250805,20250822,43.59,43.59,80.0,募集配套资金用于1、支付本次交易的现金对价。,20250304,0,0.036402569593147804,-0.010330578512396604,-0.015588437617533368,-0.02685950413223137,-0.04287351675767159,-0.07644628099173556,-0.08312799136853799,-0.11776859504132231,-0.12767883928525192,
600025.SH,20240227,实施完成,,20250915,20251014,58.25,58.25,80.0,1、RM水电站项目;2、TB水电站项目。,20240227,0,-0.0032085561497324777,0.0021459227467810482,0.021670888184484483,0.04399141630901293,0.03292312291326249,-0.0010729613733905241,-0.006345312719372331,0.062231759656652175,0.030090079008514792,
300129.SZ,20240202,实施完成,,,20260115,11.76,11.76,80.0,1、补充流动资金。,20240202,0,0.013681592039801238,-0.08343558282208596,-0.07394934962368738,0.05644171779141094,-0.0090352632663665,0.053987730061349604,-0.06221654412755884,-0.05276073619631916,-0.17849740614725085,
002384.SZ,20240313,实施完成,,,20250627,14.04,14.04,80.0,1、补充流动资金。,20240313,0,0.04425363276089844,-0.03921568627450989,-0.03744457026336856,0.037318153067678494,0.025242504605906824,-0.1302972802024036,-0.12328052217248175,0.04532531308277865,0.05047301408822702,
688050.SH,20240418,实施完成,,20241128,20250512,2.85,2.85,80.0,1、隐形眼镜及注塑模具加工产线建设项目;2、补充流动资金。,20240418,0,0.10455271565495194,-0.02668305734326415,-0.023836831933030544,-0.0031817195748065075,0.0037810866431353674,0.08359245064719079,0.05485837548960082,-0.10240697589498438,-0.0686676706672229,
601868.SH,20230216,实施完成,,20260306,20260401,90.0,65.0,80.0,1、中能建哈密“光(热)储”多能互补一体化绿电示范项目;2、中国能源建设集团浙江火电建设有限公司光热+光伏一体化项目;3,20230216,0,0.008547008547008517,-0.012711864406779627,-0.005054559439154005,0.008474576271186418,-0.003319673930772815,0.04237288135593231,0.049524149288152186,0.06355932203389836,0.05215941269926594,
300073.SZ,20240208,实施完成,,,20250710,10.0,10.0,80.0,1、补充流动资金。,20240208,0,0.00765381218722383,-0.009348524685948045,-0.02454275448601262,-0.02132632193981876,-0.06659064844549811,0.035641250365176846,-0.028346529459186365,0.24452234881682755,0.130834128410934,
603099.SH,20220416,实施完成,,20251023,20251106,2.36,2.36,80.0,1、长白山火山温泉部落二期;2、长白山旅游交通设备提升项目。,20220415,1,-0.007306889352818535,-0.04311251314405884,-0.03840497948029509,-0.11777076761303873,-0.08223903523794063,-0.18401682439537326,-0.15089389863597014,-0.1430073606729757,-0.1614174790363958,
600648.SH,20221230,实施完成,,20250403,20250421,24.75,24.75,80.0,1、新发展H2地块新建项目;2、D1C-108#~116#通用厂房项目;3、F9C-95#厂房项目;4、补充流动资金。,20221230,0,0.005046257359125006,0.004184100418410219,-0.004597522867803905,0.0033472803347283087,-0.0240818491392234,0.016736401673640433,-0.03017781989790247,0.040167364016736595,-0.025194410316333626,
605333.SH,20240201,实施完成,,20250919,20251015,8.85,8.85,80.0,1、昆山泽轩汽车电器有限公司汽车整车线束生产项目;2、补充流动资金。,20240201,0,-0.026978417266186994,-0.04497843499691945,-0.03078043364504801,0.11521873074553302,0.07818766544225819,0.43130006161429435,0.3019487080407135,0.8089956869993835,0.588899114426114,
301278.SZ,20240424,实施完成,,20250212,20250509,1.86,1.86,80.0,1、光伏接线盒旁路保护模块建设项目;2、光储连接器及线束生产项目。,20240424,0,-0.020491803278688492,0.009205020920502127,0.0065347548136889255,0.07168758716875856,0.038964902461431805,0.07894002789400267,0.05157994712885361,-0.10548235966565722,-0.06576226674830776,
300476.SZ,20241108,实施完成,,20250910,20251020,19.0,19.0,80.0,1、越南胜宏人工智能HDI项目;2、泰国高多层印制线路板项目;3、补充流动资金和偿还银行贷款。,20241108,0,0.0,-0.03264604810996574,-0.037599419865882,-0.11662371134020622,-0.08438066509728859,-0.06357388316151213,-0.05030886864766826,0.1662371134020617,0.21342012082743622,
600521.SH,20220831,实施完成,,20250310,20250325,6.0,6.0,80.0,1、制剂数字化智能制造建设项目;2、补充流动资金。,20220831,0,0.0035282258064515126,0.03566047212456058,0.04123977485818875,0.04871923656454036,0.03445442669521892,-0.050728277247614195,-0.0004951110831101779,0.020090406830738372,0.03190645181694607,
000561.SZ,20230714,实施完成,,20250604,20250702,8.9,8.9,80.0,募集配套资金用于1、支付本次交易的现金对价;2、航空智能无线电高度表及无人机精密引导装备研发产业化项目;3、雷达导航系统,20230714,0,-0.06914433880726023,0.03064066852367686,0.039654644672077355,-0.10306406685236769,-0.08325627102987676,-0.15413184772516242,-0.14128085001165658,-0.18105849582172695,-0.13739453544903357,
600479.SH,20240907,实施完成,,,20251023,6.2,6.2,80.0,1、购买千金湘江药业28.92%的股权和千金协力药业67.06%的股权。,20240826,12,-0.00499001996007975,-0.04312938816449352,-0.0015070937760838232,-0.06118355065195591,-0.008609245386224651,0.09528585757271824,-0.0230159890755961,0.148445336008024,-0.041853909033041536,True
000707.SZ,20230117,实施完成,,20250724,20250827,7.09,7.09,80.0,1、收购宏宜公司68.59%股权。,20230117,0,-0.04678362573099426,0.011247443762781195,0.011196887757137342,0.08895705521472408,0.07844621397634244,0.10429447852760765,0.0768154596148507,-0.07770961145194266,-0.11763300246876263,
600026.SH,20250125,实施完成,,20250924,20251022,80.0,80.0,80.0,1、投资建造6艘VLCC;2、投资建造2艘LNG运输船;3、投资建造3艘阿芙拉型原油轮。,20250124,1,-0.011673151750972832,-0.03543307086614167,-0.034831974820002665,-0.0023622047244094,-0.023245882690529185,-0.11811023622047245,-0.13520574986748857,-0.17795275590551185,-0.18646382693157282,
002112.SZ,20240301,实施完成,,,20250715,1.98,1.98,80.0,1、用于补充流动资金。,20240301,0,0.06403940886699533,0.0532407407407407,0.04898346294353528,0.0254629629629628,0.019066888459971842,0.03356481481481488,0.028757014015464488,0.1469907407407407,0.12477300080184084,
002957.SZ,20240427,实施完成,,20241028,20250310,1.12,1.12,80.0,1、新能源电池智能制造装备产业园项目。,20240426,1,0.004791238877481119,0.042234332425068244,0.034062799672594624,0.019073569482289,0.006094719751563726,-0.03133514986376018,-0.038304110698075156,-0.1585846904505417,-0.09973744667655471,
300848.SZ,20240423,实施完成,,20250103,20250327,1.97,1.97,80.0,1、年产1万吨膨胀型热塑性聚氨酯弹性体项目;2、年产3万吨水性聚氨酯项目。,20240423,0,-0.02237613212573253,0.031062670299727424,0.023326776979955444,0.06594005449591256,0.03749724373645624,0.19945504087193466,0.1734794792389538,0.07775089206399555,0.09875241743467145,
300539.SZ,20240109,实施完成,,20250722,20250815,5.88,5.88,80.0,1、谢岗镇横河集团华南总部项目;2、慈溪横河集团产业园产能扩建项目;3、补充流动资金。,20240109,0,0.0034188034188036287,-0.01959114139693363,-0.014293728477460022,-0.034923339011925125,-0.03516921110076021,-0.42844974446337314,-0.4071888083156977,-0.2546848381601362,-0.2858410378819698,
688093.SH,20250107,实施完成,,20250905,20250919,6.0,6.0,80.0,1、光学显示薄膜材料扩产项目。,20250107,0,-0.0766023970818136,0.03498871331828446,0.03482081675607196,0.04288939051918739,0.039254462737666085,0.20316027088036104,0.1611870018232524,0.15011286681715563,0.15225565645184247,
300779.SZ,20240628,实施完成,,20260316,20260410,8.5,8.5,80.0,1、揭阳大南海石化工业区一般工业固废处理一期项目;2、揭阳大南海石化工业区环保资源综合利用一期项目;3、补充流动资金。,20240628,0,0.0056098067733221235,0.002272727272727204,-0.006873207489593636,-0.09297520661157033,-0.08760380732328843,-0.19173553719008274,-0.17034540449339242,0.09834710743801645,0.1383497796318991,
603031.SH,20240326,实施完成,,20250911,20250925,2.04,2.04,80.0,"募集配套资金用于1、支付本次交易现金对价,对应股权比例4.9852%;2、支付本次交易中介机构费用。",20240326,0,0.10010582010582025,0.0983070411696807,0.11237635142125724,-0.09407464409388222,-0.10688377617340994,-0.15751774911254424,-0.16342859178016633,-0.37922261495620857,-0.3669103800293564,
600918.SH,20230701,实施完成,,20251112,20251128,60.0,60.0,80.0,1、信息技术及合规风控投入;2、另类投资业务;3、做市业务;4、购买国债、地方政府债、企业债等证券;5、财富管理业务;6,20230630,1,0.02522255192878342,0.005788712011577379,-0.007206246503801972,-0.0028943560057888007,-0.001193392125917292,0.09551374819102754,0.07081283077152278,0.051865724582162764,0.07524760679426379,
603321.SH,20240420,实施完成,,20250214,20250729,2.38,2.38,80.0,1、梅轮电梯南宁智能制造基地项目。,20240419,1,-0.013595166163141936,-0.007656967840734996,-0.0009212406629490744,0.08422664624808562,0.07602125232996992,0.1791730474732005,0.14434937316155172,-0.05270629762326007,-0.02466498765522973,
600732.SH,20230628,实施完成,,20250904,20250922,35.0,35.0,80.0,1、义乌六期15GW高效晶硅太阳能电池项目;2、补充流动资金。,20230628,0,-0.02229402261712421,-0.0033046926635824647,-0.0011140421542420453,-0.044282881692002674,-0.054237893656496894,-0.11136814276272311,-0.12064647638277493,-0.33840052875082627,-0.3212021063156091,
300537.SZ,20240124,实施完成,,20250324,20250710,1.43,1.43,80.0,1、年产5万吨电子感光材料及配套材料项目。,20240124,0,0.010611735330836591,0.019765287214329685,-0.010179740775143609,-0.1260037059913527,-0.11590404395960208,-0.044471896232242125,-0.10607834647386671,-0.06361951822112422,-0.15153257407082732,
603667.SH,20250617,实施完成,,20260414,20260424,10.0,10.0,80.0,1、具身智能机器人和汽车智驾核心零部件研发与产业化项目;2、补充流动资金。,20250617,0,-0.059159759931408984,0.016707168894289248,0.01628603214051183,0.007290400972053357,-0.002474900359853094,0.05042527339003633,0.015183148754643883,0.2463547995139732,0.10890050522576122,
600184.SH,20231216,实施完成,,20250702,20250718,10.2,10.2,80.0,1、高性能光学材料及先进元件项目;2、精确制导产品数字化研发制造能力建设项目;3、补充流动资金。,20231215,1,-0.0016380016380016515,-0.0894175553732568,-0.0857659092553843,-0.08449548810500407,-0.07576953896571481,-0.12141099261689903,-0.10428358151562778,-0.17637407711238728,-0.2086975853415345,
688520.SH,20250606,实施完成,,,20260408,9.0,9.0,80.0,1、全部用于补充流动资金。,20250606,0,0.06881472957422319,0.02067183462532296,0.016344585811685297,0.05383290267011187,0.05644233583166636,0.8391472868217054,0.7930873972373929,0.36735572782084414,0.1998640812392023,
002858.SZ,20230425,实施完成,,20260416,20260520,3.3,3.3,80.0,1、海南新能源汽车体验中心国际赛车场项目。,20230425,0,-0.028274428274428387,-0.09114249037227218,-0.09092778497205456,0.05391527599486512,0.031907413241135885,0.0355156183140779,0.052395840634222646,-0.10868635002139504,-0.09948768970241573,
688506.SH,20250310,实施完成,,20250909,20250925,37.64,37.64,80.0,1、用于创新药研发项目。,20250310,0,0.009715639810426557,0.005397793945083107,0.001332746437530119,0.03027458343111933,0.012242296979301015,0.05956348275052803,0.13387624176203938,0.5558789016662755,0.5404981885458584,
600684.SH,20231107,实施完成,,,20251225,7.38,7.38,80.0,1、补充流动资金及偿还债务。,20231107,0,0.016172506738544312,-0.0026525198938992522,-0.0010524169625509838,0.12466843501326275,0.12510982777865642,-0.010610079575596787,0.017675200237950328,-0.13793103448275856,-0.054856814888045724,
300249.SZ,20250530,实施完成,,20260521,20260612,3.11,3.11,80.0,1、算力基础设施温控产品建设项目;2、算力基础设施温控产品研发测试平台项目;3、补充流动资金项目。,20250530,0,-0.030803906836964545,-0.011627906976744207,-0.01588722789033792,0.05736434108527133,0.041103379784634075,0.05736434108527133,0.02760637455946613,0.3635658914728681,0.1753436296425015,
000065.SZ,20241101,实施完成,,20251215,20260202,9.6,9.6,80.0,1、波黑科曼耶山125MWp光伏项目;2、补充流动资金。,20241101,0,-0.01943634596695809,0.015857284440039754,0.004136375469562692,0.14866204162537167,0.08867759706984879,0.06342913776015857,0.04602482439342115,-0.04063429137760166,-0.03431442022222231,
001207.SZ,20250228,实施完成,,20250526,20250916,3.0,3.0,80.0,1、年产10万吨高压电缆屏蔽料用纳米碳材料项目(二期)。,20250228,0,-0.10004312203536014,0.003833253473885856,0.005035338333257977,0.03977000479156678,0.023846555777923495,0.07379012937230489,0.06404664037298491,0.1957286781482208,0.18060249193721023,
301162.SZ,20240124,实施完成,,,20250730,3.78,3.78,80.0,1、微电网及虚拟电厂综合能源管理平台项目;2、新能源数智一体化研发平台建设项目;3、补充流动资金。,20240124,0,0.014899853444064526,0.035619735258724416,0.005209147305208939,-0.11311672683513829,-0.10286814639837827,-0.05511432009626949,-0.1160346136946262,0.01925391095066198,-0.07643980302787656,
688082.SH,20240126,实施完成,,20250910,20250926,44.82,44.82,80.0,1、研发和工艺测试平台建设项目;2、高端半导体设备迭代研发项目;3、补充流动资金。,20240126,0,-0.11682743837084664,-0.01929611650485441,-0.010158057580913482,-0.10145631067961158,-0.042191701560227446,0.1724514563106796,0.12265609455956228,0.003762135922329879,-0.06990404069026657,
688126.SH,20250308,实施完成,,20251211,20251225,21.05,21.05,80.0,募集配套资金将用于1、补充流动资金;2、支付本次交易的现金对价及中介机构费用。,20250221,15,0.014306857424765562,-0.07636186770428,-0.07280858490555542,-0.06468871595330727,-0.0757521865064179,-0.19747081712062242,-0.12424676187808792,-0.1220817120622566,-0.12370124171375962,True
000833.SZ,20250521,实施完成,,20260811,20260903,9.0,9.0,80.0,1、10万吨/年精制湿法磷酸项目;2、广东省英德市下太镇白面石矿区玻璃用石英砂岩矿投资项目;3、云硫矿业碎磨系统大型化、,20250521,0,-0.030595813204508993,-0.054817275747508165,-0.05275222258941448,-0.045681063122923526,-0.0320683973991055,-0.022612509645528633,-0.015209546410474895,0.00507314458768815,-0.07137254769125911,
300926.SZ,20240330,实施完成,,20250117,20250522,3.0,3.0,80.0,1、广东博俊汽车零部件生产项目;2、补充流动资金项目。,20240329,1,0.031384856806590866,0.11867630277672125,0.10551277110295842,0.04982883225561063,0.047290815250232265,0.2171928489920123,0.1922369857849311,0.13821165412802738,0.15586088260716013,
600150.SH,20240919,实施完成,,,20250916,,1147.7,100.0,1、吸收合并中国船舶重工股份有限公司。,20240919,0,0.03323782234957018,-0.0604547975596228,-0.06072658729906111,0.03410981697171378,-0.057183570152842256,0.059068219633943375,-0.11664564642831332,0.005268996117581803,-0.18385422079402802,
600272.SH,20240521,实施完成,,,20250715,1.59,1.59,80.0,1、补充流动资金。,20240521,0,-0.026213592233009786,0.0029910269192423566,0.002808690312490203,-0.05682951146560311,-0.04215115255122426,-0.11066799601196409,-0.06943861035710763,-0.015392457228779022,0.09075214217790495,
600536.SH,20240226,实施完成,,,20250703,20.0,20.0,80.0,1、移固融合终端操作系统产品研发;2、面向云化的服务器操作系统产品研发;3、嵌入式操作系统能力平台建设。,20240226,0,0.04791598293403365,0.04134043219542738,0.028059466694427382,0.08612590040714063,0.06386831099883072,0.0028186658315063617,-0.013512241089701726,-0.017538365173817794,-0.0637740005027222,
601162.SH,20230428,实施完成,,,20250619,40.0,40.0,80.0,1、财富管理业务;2、投资交易业务;3、偿还债务及补充营运资金。,20230428,0,0.06802721088435382,0.0414012738853502,0.03295181698876859,0.019108280254777066,0.02037450859276535,-0.04458598726114649,-0.009193536251258294,0.13912463797343522,0.15558908299150764,
603299.SH,20250429,实施完成,,20260203,20260225,18.0,18.0,80.0,1、储气库卤水制盐综合利用工程。,20250429,0,-0.0912476722532588,-0.01946721311475408,-0.017187578449608387,-0.006147540983606703,-0.022605915603972293,-0.006147540983606703,-0.02420841001606422,0.10699031748965648,0.011217022880780192,
600733.SH,20250429,实施完成,,20260114,20260130,60.0,60.0,80.0,1、新能源车型开发项目;2、AI智能化平台及智驾电动化系统开发项目。,20250429,0,-0.033557046979865834,0.026388888888888795,0.028775134124465307,0.03611111111111098,0.01895292564778095,0.004166666666666652,-0.01408163818873942,0.11666666666666647,0.02005620498791938,
600299.SH,20240426,实施完成,,20251205,20251226,30.0,30.0,80.0,1、功能性产品项目;2、特种产品项目;3、可持续发展项目;4、补充流动资金。,20240426,0,-0.025236593059936863,0.04746494066882434,0.03925239786203827,0.09492988133764824,0.08098493092275172,0.07443365695792892,0.06670375319053545,0.15749730312837107,0.2384508170374544,
688301.SH,20240430,实施完成,,20250919,20251016,11.74,11.74,80.0,1、X线真空器件及综合解决方案建设项目。,20240430,0,-0.03995555126099137,0.05414926274470333,0.0421011872393009,0.05676614161340643,0.040109150134692406,-0.14322379346786773,-0.13822463092261283,-0.2837622185568829,-0.23101259543508934,
300277.SZ,20241111,实施完成,,,20260211,,109.85,100.0,1、吸收合并杭州汽轮动力集团股份有限公司。,20241111,0,0.19966722129783698,0.1997226074895977,0.21658464221070073,-0.08113730929264906,-0.04071626305924769,-0.002773925104022079,0.01701840232504459,-0.1033287101248267,-0.07018830312533753,
002780.SZ,20230505,实施完成,,,20251212,0.73,0.73,80.0,1、补充流动资金和偿还银行贷款。,20230505,0,0.032786885245901676,-0.015873015873015817,-0.03341069089676829,0.06666666666666665,0.08692225840505818,0.059523809523809534,0.09378020935029352,0.08968253968253981,0.10410375501152203,
002976.SZ,20240521,实施完成,,20251117,20251209,6.32,6.32,80.0,1、汽车空气悬架系统及部件生产建设项目;2、座椅系统集成及部件生产建设项目;3、补充流动资金。,20240521,0,-0.008438818565400852,0.033102343559564096,0.032914532930459206,-0.02729045513110695,-0.01215238625321613,-0.01658251210084616,0.02900867171633914,-0.10610091583382653,-0.009735048138187041,
603683.SH,20240425,实施完成,,20241227,20250521,2.27,2.27,80.0,1、西南生产基地项目(一期);2、补充流动资金。,20240425,0,0.01525821596244148,0.028901734104046284,0.01699727942866258,0.16878612716763008,0.1335718435365516,-0.028901734104046284,-0.04660004636851567,-0.1566327481953066,-0.11276407725498794,
600027.SH,20240802,实施完成,,20250805,20250822,34.28,34.28,80.0,募集配套资金用于1、华电望亭2×66万千瓦机组扩建项目;2、支付本次重组现金对价、中介机构费用及相关税费。,20240802,0,-0.065788696765532,-0.03429602888086647,-0.019226721119813606,-0.0072202166064981865,0.007744490122112202,0.0018050541516245744,0.024054341687634206,0.05123326655339855,-0.0982582688568755,
688469.SH,20240622,实施完成,,,20250903,53.07,53.07,100.0,1、购买芯联越州集成电路制造(绍兴)有限公司72.33%股权。,20240621,1,-0.005025125628140725,0.03282828282828287,0.04504153147697432,0.0,0.010357508593036524,0.02020202020202011,0.02561691247640785,-0.14646464646464652,-0.05364950861200313,
603209.SH,20230401,实施完成,,20250521,20250610,11.24,6.43,80.0,1、不锈钢化学品船舶购建项目；2、LPG船舶购建项目；3、补充流动资金。,20230331,1,0.011754827875734675,-0.044813278008298596,-0.0516331757546411,-0.09211618257261389,-0.10375380531110134,-0.07800829875518667,-0.09936214294047563,-0.1455894492357095,-0.13798155471095608,
600418.SH,20241001,实施完成,,20260129,20260212,35.0,35.0,80.0,1、高端智能电动平台开发项目。,20240930,1,0.09999999999999987,0.10007974481658688,0.05176210592287345,0.16746411483253598,0.18601050406348874,0.5590111642743223,0.5713930826361111,0.5526315789473684,0.5203568365197442,
600498.SH,20241012,实施完成,,,20250820,11.0,11.0,80.0,1、补充流动资金。,20241011,1,-0.041715628672150507,0.02513795217657888,0.0043547904992200515,0.042305334150827933,0.028299885704569094,0.20232985898221956,0.12063996898840834,0.05518087063151467,0.058739320993273614,
600760.SH,20231227,实施完成,,20250612,20250707,40.0,40.0,80.0,1、沈飞公司局部搬迁建设项目;2、复合材料生产线能力建设项目;3、钛合金生产线能力建设项目;4、飞机维修服务保障能力提升,20231227,0,-0.021133302368787854,-0.0009489916963226763,-0.01450421143583025,-0.020640569395017794,-0.03381255969541852,-0.11198102016607359,-0.10938211867784453,-0.13665480427046262,-0.17258147797248136,
300918.SZ,20231129,实施完成,,20250509,20250609,10.0,10.0,80.0,1、年产8万吨高性能差别化锦纶长丝项目。,20231129,0,-0.01839926402943881,-0.0009372071227741197,-0.0035704341772883064,-0.013120899718838008,0.004414630063080516,-0.07685098406747892,-0.04293743830976926,-0.07966260543580128,-0.08128405447698084,
603256.SH,20250412,实施完成,,20260129,20260304,9.95,9.95,80.0,1、高性能玻纤纱产线建设项目;2、高性能特种玻璃纤维研发中心建设项目;3、补充流动资金及偿还借款。,20250411,1,0.015665796344647598,0.02185089974293053,0.01415267960235811,0.028277634961439535,0.01619473954059525,0.22236503856041123,0.1628541655054483,1.8316195372750643,1.6126090043284589,
688386.SH,20240417,实施完成,,,,1.1,,80.0,1、CMD产品智能制造技改扩产项目。,20240417,0,0.08278030038421247,-0.014193548387096855,-0.015105529101969495,-0.006451612903225823,0.002214559874421207,0.07000000000000006,0.036337707158212273,-0.1150824582978589,-0.08681428502332666,
603079.SH,20230325,实施完成,,20250603,20250625,2.68,2.68,80.0,1、年产20000吨D-异抗坏血酸及其钠盐项目。,20230324,1,0.002998500749625377,0.0,0.004384761246173152,-0.03288490284005985,-0.0350143903591672,-0.08744394618834084,-0.09016296461318196,-0.06346123528587466,-0.02926650945244036,
603236.SH,20250401,实施完成,,20251204,20251224,23.0,22.3,80.0,1、车载及5G模组扩产项目;2、AI算力模组及AI解决方案产业化项目;3、总部基地及研发中心升级项目;4、补充流动资金项,20250401,0,-0.037522603978300206,-0.019844997651479512,-0.02033988407949472,-0.2617426021606388,-0.2243004567796839,-0.11437294504462192,-0.09562783804930408,0.03919606408649812,0.006343198109000081,
688590.SH,20241009,实施完成,,,20260612,3.0,3.0,80.0,1、全部用于补充流动资金及偿还贷款。,20241009,0,-0.14021927293710323,-0.03288590604026853,-0.04550029163567737,-0.046979865771812235,-0.030344202282841626,0.012751677852348875,-0.02464458371398026,0.05549823157464906,0.054300275502384254,
002230.SZ,20250822,实施完成,,20260410,20260424,40.0,40.0,80.0,1、星火教育大模型及典型产品;2、算力平台;3、补充流动资金。,20250822,0,0.02432326402510787,-0.0003829950210646471,-0.015261183239445586,0.021639218690157058,0.013120578677732642,0.011106855610877098,0.012607546576366646,-0.03198008425890464,-0.03475698516635417,
000878.SZ,20250524,实施完成,,,20260316,15.0,15.0,80.0,募集配套资金1、标的公司的红泥坡铜矿采选工程项目建设;2、上市公司补充流动资金。,20250512,12,0.014249790444258226,-0.014049586776859635,-0.00744905699527787,-0.027486019517083182,-0.021165104968381865,-0.009773275726847719,-0.01338594209575339,0.17157148212556073,0.05882024321774493,True
000973.SZ,20241115,实施完成,,,20260212,10.0,10.0,80.0,募集配套资金1、支付本次交易现金对价;2、补充流动资金、偿还债务。,20241115,0,0.09999999999999987,0.10047846889952172,0.10275557645657174,0.6124401913875597,0.6437961436456858,0.10047846889952172,0.08063803085481336,-0.006379585326953596,-0.004515865567969679,
002379.SZ,20250107,实施完成,,,20260113,635.18,635.18,80.0,1、购买山东宏拓实业有限公司100%股权。,20250107,0,0.10033444816053483,0.10030395136778125,0.10012545932391048,-0.01722391084093222,-0.02064931735285469,-0.006079027355622935,-0.04075280558450356,-0.02634245187436668,-0.02452841834596009,
300984.SZ,20250419,实施完成,,20260428,20260526,7.21,7.21,80.0,1、轴承套圈智能智造生产基地改扩建项目;2、锻件产能提升项目;3、补充流动资金。,20250418,1,-0.004888268156424513,0.08877192982456128,0.08390809985313297,0.21859649122807,0.2118177417529119,0.5011598673717788,0.4520411224946006,0.4584449341055987,0.3588763082813784,
002239.SZ,20250401,实施完成,,,20260430,5.0,5.0,80.0,1、用于补充流动资金或偿还银行贷款。,20250401,0,0.0033783783783785104,0.0033670033670032407,0.0028603970536194012,-0.11447811447811451,-0.06956716705955279,-0.04040404040404044,-0.020093313858082218,-0.026936026936027035,-0.057698210704211106,
600575.SH,20241231,实施完成,,,20251225,99.4,99.4,80.0,1、购买淮南矿业持有的电力集团89.30%股权。,20241231,0,-0.08314087759815236,-0.10075566750629728,-0.07616925514609107,-0.17380352644836272,-0.14270252924597004,-0.17632241813602012,-0.1558974184773998,-0.11586901763224189,-0.11328824471173304,
300204.SZ,20250910,实施完成,,20260703,20260724,12.53,12.53,80.0,1、创新药物研发项目;2、补充流动资金。,20250910,0,-0.036188492580057185,0.07239330091842255,0.054935246331348386,-0.0008103727714747766,-0.01733826358236945,0.012155591572122981,-0.014725137583974202,-0.2636412749864937,-0.27525634812351585,
001255.SZ,20240425,实施完成,,20250902,20251127,1.43,1.43,80.0,1、年产7万吨电机绝缘材料项目。,20240425,0,0.0668580803937655,-0.059976931949250356,-0.0708530551362423,0.0,-0.03012893703351427,0.02268358323721653,0.004045126101079655,-0.22684385803594442,-0.18662729484271057,
002920.SZ,20240907,实施完成,,20250910,20251024,43.99,43.99,80.0,1、德赛西威汽车电子中西部基地建设项目(一期);2、智能汽车电子系统及部件生产项目;3、智算中心及舱驾融合平台研发项目。,20240906,1,-0.0012322858903264233,-0.08225375282747283,-0.0724209283626912,-0.076290355747481,-0.055207996599939135,0.16491877441908276,0.006449938149098555,0.27092329837548834,0.02701621774565477,
603009.SH,20250228,实施完成,,20250901,20260127,3.0,3.0,80.0,1、上海北特科技股份有限公司泰国丝杠生产基地建设项目(一期)。,20250228,0,-0.09996662216288388,-0.03782681253476727,-0.036674615377776054,-0.04023734470610063,-0.05493552953192171,-0.1921008715000928,-0.1994316860194073,-0.08777874604840075,-0.09931851155296545,
600292.SH,20241019,实施完成,,20260625,20260727,50.0,43.62,80.0,募集配套资金用于1、湖南省内风力发电项目和湖南桃源木旺溪抽水蓄能电站;2、支付本次重组现金对价、中介机构费用及相关税费。,20240927,22,0.020715630885122405,0.09963099630996308,0.038870218736060114,0.6107011070110702,0.5071325519921732,1.5922509225092254,1.4029740485201736,1.1734317343173433,1.1230790237941246,True
600819.SH,20250412,实施完成,,20251224,20260112,3.0,3.0,80.0,1、大连耀皮熔窑节能升级及浮法玻璃生产线自动化改造项目;2、天津耀皮产线节能升级及镀膜工艺改造项目;3、补充流动资金。,20250411,1,0.0020366598778003286,0.018292682926829285,0.010621268983095566,0.028455284552845406,0.01637030163990616,0.07317073170731714,0.020923387283796613,0.4191192028776425,0.3093579694754718,
002553.SZ,20250116,实施完成,,20250926,20251117,1.88,1.41,80.0,1、精密制动、传动零部件产线建设项目;2、精密工业轴承产线建设项目。,20250116,0,-0.02248005801305286,0.05489614243323415,0.053012323317061405,0.09495548961424327,0.09694471613539557,0.15875370919881293,0.10968893464759533,0.44732937685459917,0.4229676292293205,
600469.SH,20250717,实施完成,,20260202,20260212,11.0,11.0,80.0,1、高性能巨型工程子午胎扩能增效项目。,20250717,0,-0.005244755244755095,0.0017574692442881013,-0.0032470062298569635,0.057996485061511116,0.03191093523325117,0.07381370826010536,0.029994423329769093,0.1072056239015815,0.014087791448713416,
301607.SZ,20250724,实施完成,,20260410,20260511,5.28,5.28,80.0,1、新能源汽车核心零部件智能化生产制造项目(三期);2、新能源汽车车载电源生产项目第二基地购置项目;3、新一代车载电源产,20250724,0,0.0028153153153149812,-0.008702975856260342,-0.00537306796090542,-0.03930376193149909,-0.03056075256616786,0.0016844469399215356,-0.04224188985261079,0.25379000561482323,0.14442224371331713,
002079.SZ,20240827,实施完成,,20260415,20260428,8.87,8.87,80.0,1、苏州晶银新材料科技有限公司年产太阳能电子浆料500吨项目;2、小信号产品封装与测试;3、固锝(苏州)创新研究院项目;,20240827,0,-0.03070761014686263,0.011019283746556585,0.015046322884756602,0.053719008264462964,0.07091866765738675,0.22727272727272751,0.16502010364672515,0.48898071625344364,0.28704311999357834,
002562.SZ,20230216,实施完成,,20250923,20251024,4.37,4.37,80.0,"1、年产1,150吨碘造影剂原料药建设项目。",20230216,0,-0.05594405594405594,0.020370370370370372,0.028284257739390917,0.007407407407407529,-0.0043743621065073235,-0.050000000000000155,-0.0434824623154324,-0.1505365460261031,-0.1596416388570956,
002278.SZ,20250426,实施完成,,20250808,20251226,2.2,2.2,80.0,1、高端海洋工程装备制造基地项目;2、并购蓝海智信51%股权;3、补充流动资金。,20250425,1,0.01790281329923249,0.018844221105527525,0.020903123683268854,0.0942211055276383,0.07863758052815406,0.11934673366834181,0.10430833881409574,0.16107419357735964,0.06103685564456218,
688535.SH,20241126,实施完成,,20251204,20251223,8.0,8.0,80.0,募集配套资金用于:1、支付本次交易的现金对价;2、芯片级封装材料生产线集成化技术改造项目;3、车规级芯片封装材料智能化生,20241126,0,-0.03911216463743117,-0.0229872168647679,-0.03775310963608125,-0.07400762502803337,-0.10663410582016264,-0.17021753756447633,-0.2029270786477566,0.0860058309037901,0.0448790835453412,
000600.SZ,20250816,实施完成,,20260814,20260907,20.0,16.92,80.0,1、西柏坡电厂四期工程项目。,20250815,1,0.006765899864682234,-0.005376344086021501,-0.013715540713731933,0.01075268817204278,-0.023325691687519856,0.043010752688172005,-0.0038306785533652743,0.13844086021505375,0.0595462527260926,
300380.SZ,20250816,实施完成,,20260806,20260828,6.0,6.0,80.0,1、基于人工智能技术的智慧信贷系统;2、全面风险数智化管理平台;3、数字金融研发中心升级项目;4、补充流动资金。,20250815,1,0.044962531223980085,0.028884462151394397,0.020258013558441812,0.018127490039840488,-0.01619953748831693,0.019521912350597415,-0.02626463916244204,-0.13685258964143443,-0.19666920245388086,
600313.SH,20250816,实施完成,,,20260129,4.07,4.07,80.0,1、偿还国拨资金专项应付款;2、补充流动资金。,20250815,1,0.004746835443037778,0.0047244094488190225,-0.003699474657732571,0.020472440944881987,-0.013933648581951452,0.04251968503937009,-0.004299692439588942,0.053543307086614256,-0.01946785105955351,
688216.SH,20250815,实施完成,,,20260212,1.59,1.59,80.0,1、补充流动资金。,20250815,0,-0.0030326004548899554,0.014068441064638781,0.00556621404267732,-0.005323193916349833,-0.03885956184480743,0.06235741444866916,0.014647127997085452,-0.08973384030418252,-0.1528158095916513,
688059.SH,20240227,实施完成,,,20251120,2.0,2.0,80.0,1、补充流动资金和偿还贷款。,20240227,0,0.061783021960013285,-0.058496681586664656,-0.04015322547488609,-0.07408550702268879,-0.08390196059457988,-0.04352523537582975,-0.04857352300612272,-0.09013736687760476,-0.11766856609249754,
301011.SZ,20250329,实施完成,,20250807,20250929,1.49,1.49,80.0,1.动漫卡片设备投放及运营项目;2、补充流动资金。,20250328,1,-0.028445648493057862,-0.0613454165214361,-0.05696677748958279,-0.2471244336005577,-0.18519137193255497,-0.0937608922969676,-0.07642874724069781,-0.027714815861315634,-0.048419910649249776,
002307.SZ,20230802,实施完成,,20251127,20251226,16.5,15.49,80.0,1、宿州至固镇高速公路项目(G3京台高速公路复线);2、补充流动资金。,20230802,0,-0.005671077504725952,0.011406844106464087,0.005619113833416733,0.009505703422053147,0.01485851695628404,-0.03802281368821292,0.00017026904764261275,-0.13117870722433456,-0.058343682636669336,
300011.SZ,20240913,实施完成,,,20251201,2.24,2.24,80.0,1、全部用于补充流动资金。,20240913,0,0.044407894736842035,0.023622047244094446,0.018652626168466302,0.011023622047244164,-0.045134954184759546,0.3590551181102364,0.1184283851268173,0.2755905511811023,0.02612718584407947,
002824.SZ,20240802,实施完成,,20250815,20250918,6.8,5.0,80.0,1、智能移动终端金属结构件项目;2、安徽和胜新能源生产基地项目(一期);3、补充流动资金。,20240802,0,-0.05710102489019031,-0.028726708074534257,-0.013570493961472363,0.044254658385092904,0.05999527375026714,0.1288819875776397,0.15395355198206073,0.4681677018633541,0.2593856446602798,
603318.SH,20230809,实施完成,,,20260302,5.0,5.0,80.0,1、用于公司及子公司偿还有息负债。,20230809,0,-0.025893958076448675,0.09999999999999987,0.09659545344950948,0.0746835443037972,0.10687464073362185,0.11898734177215187,0.14960454188056693,0.008860759493670711,0.07203930656885649,
301489.SZ,20250801,实施完成,,20260630,20260723,4.66,4.66,80.0,1、越南思泉新材散热产品项目;2、液冷散热研发中心项目;3、信息化系统建设项目;4、补充流动资金。,20250801,0,0.05170750530580759,0.12016143826820769,0.11285991552095509,0.24472573839662415,0.2189841763516922,0.9079068060906255,0.7605453821071315,0.7180333883691068,0.5380571395956018,
001216.SZ,20250530,实施完成,,20260408,20260512,7.0,7.0,80.0,1、越南东盟陶瓷谷项目。,20250530,0,-0.06177325581395354,0.0023237800154918276,-0.001995664724548818,0.026336173508907823,0.010552387210853942,0.07778501513977898,0.04745233873268084,0.17757992394901745,0.015030568499607266,
603991.SH,20241024,实施完成,,20251212,20251226,10.0,10.0,80.0,募集配套资金1、支付本次交易的现金对价、中介机构费用、交易税费等并购整合费用;2、偿还借款。,20241024,0,0.09998485078018482,0.09998622779231514,0.09350645376599487,0.2930725795344995,0.29324530070124677,-0.0979203966395813,-0.12204650163202835,-0.21636138272965155,-0.20706904816842575,
603220.SH,20250314,实施完成,,20260114,20260204,19.2,19.2,80.0,1、智算中心建设项目;2、5G通信网络建设项目;3、偿还银行借款。,20250314,0,-0.041891463027610376,0.024180192116594945,0.022217134133331706,-0.10864524677045384,-0.0941468507995864,-0.2162967870155681,-0.17864556431288547,-0.30341172573699904,-0.294631526457234,
300471.SZ,20240716,实施完成,,,20251022,4.22,4.22,80.0,1、补充流动资金。,20240716,0,-0.03427172582619353,-0.03675538656527244,-0.032382893634913534,-0.03802281368821281,-0.0179159731877212,0.0937896070975921,0.13511576260497016,0.32446134347275035,0.24377469521816053,
003002.SZ,20250729,实施完成,,20260819,20260907,5.86,5.86,80.0,"1、民爆生产线及仓储系统自动化、信息化改造项目;2、矿山工程机械设备购置项目;3、新建年产2,000吨起爆具自动化、智能",20250729,0,0.01943844492440583,-0.04201977401129953,-0.04361089824101383,-0.0826271186440678,-0.08462697560832433,-0.07026836158192096,-0.13243759247011955,-0.05437853107344626,-0.15011474355405963,
002967.SZ,20250723,实施完成,,20260123,20260212,13.0,13.0,80.0,1、航空装备(含低空)测试平台项目;2、新一代人工智能芯片测试平台项目;3、卫星互联网质量保障平台项目;4、数据智能质量,20250723,0,-0.03297931805477916,0.008092485549132888,0.0015422118623811265,0.005780346820809301,-0.003515699984047105,0.26069364161849706,0.19913117731889285,0.17226624785453493,0.07061906534372953,
000410.SZ,20231020,实施完成,,20250919,20251023,17.0,17.0,80.0,募集配套资金1、高端数控加工中心产线建设项目;2、面向重点领域中大型数控机床产线提升改造项目;3、大型高端液压成形装备生,20231020,0,0.09957924263674611,-0.012755102040816202,0.0019453616042670596,-0.047193877551020336,-0.058157835665164526,-0.05102040816326514,-0.0731752183047174,-0.12117346938775508,-0.091709348147329,
300711.SZ,20250721,实施完成,,20260305,20260330,7.5,7.5,80.0,1、新一代智能调度系统建设项目;2、数智指挥系统升级建设项目;3、调度指挥系统智能化核心技术研究项目。,20250721,0,0.011379153390987717,-0.014401440144014455,-0.020474277992518886,-0.007650765076507637,-0.01817175453872444,0.07245724572457246,0.02406006139133443,-0.08280828082808289,-0.1663089738349922,
603089.SH,20250719,实施完成,,20260305,20260320,4.5,4.5,80.0,1、正裕智造园(二期);2、补充流动资金。,20250718,1,-0.012700534759358284,-0.028436018957345932,-0.03534339796716479,-0.04536222071767082,-0.0610811460854882,0.08395396073121209,0.0363685064574466,0.04807041299932302,-0.0412811310728558,
688256.SH,20250501,实施完成,,20250922,20251016,39.85,39.85,80.0,1、面向大模型的芯片平台项目;2、面向大模型的软件平台项目;3、补充流动资金。,20250430,1,-0.001985815602836838,0.005144968732234245,-0.006094962061758635,-0.04007959067652078,-0.0657819093649804,-0.15312677657760088,-0.17402018800515884,0.010204661739624754,-0.08233857752817841,
603329.SH,20240709,实施完成,,,20251021,3.0,3.0,80.0,1、补充流动资金或偿还银行贷款。,20240709,0,0.010466222645099998,0.0018832391713747842,0.008703246521241992,0.04143126177024481,0.03550666260168289,0.04048964218455753,0.07390710223995467,0.14030131826741998,0.022002416518256407,
688196.SH,20240420,实施完成,,20250703,20251024,3.0,3.0,80.0,1、年产10万吨烃基生物柴油项目。,20240419,1,0.046373365041617154,0.03143939393939399,0.03844049550694306,0.023106060606060685,0.015363225400585323,0.05643939393939412,0.025240324843153417,-0.13377774074382676,-0.10813626670882914,
603026.SH,20220715,实施完成,,20250728,20250821,10.0,10.0,80.0,1、22万吨/年锂电材料生产研发一体化项目;2、年产10万吨液态锂盐项目;3、年产1.1万吨添加剂项目;4、补充流动资金,20220715,0,-0.0767810747983042,0.0271791453751018,0.011498581048614787,0.07976005332148417,0.06592019266850957,0.029400873879878553,0.014062432288255211,-0.23735466192697918,-0.20197353564739295,
300827.SZ,20230520,实施完成,,20251224,20260120,16.49,16.49,80.0,1、年产25GW组串式光伏逆变器产业化建设项目;2、年产15GW储能变流器产业化建设项目;3、补充流动资金。,20230519,1,-0.0007701193685021313,-0.024084778420038533,-0.027912065161303512,-0.04354527938342967,-0.0223952546588867,-0.070776582694972,-0.06787888247106788,-0.07877761568245578,-0.04763706282250413,
603192.SH,20250705,实施完成,,20260209,20260303,5.8,5.8,80.0,1、江苏汇得新材料有限公司年产30.5万吨聚氨酯新材料项目。,20250704,1,-0.008212560386473333,0.020457866536775393,0.020220493159228914,0.006819288845591798,-0.004039469121703054,0.053093034583536314,0.027169851954365498,0.037993180711154206,-0.058478618185491604,
000722.SZ,20250402,实施完成,,20260722,20260824,8.0,8.0,80.0,募集配套资金拟用于1、支付本次交易的现金对价;2、补充流动资金、支付中介机构费用及相关税费。,20250402,0,0.09999999999999987,0.10016835016835013,0.10284104204101752,0.11026936026936007,0.15383397031141932,-0.04040404040404033,-0.03056154456264848,0.10014536276393482,0.06681554690872527,
688981.SH,20250909,实施完成,,,20260623,406.01,406.01,80.0,1、购买中芯北方49.00%股权。,20250909,0,-0.10256186824677593,0.00893290610738906,0.007628435789425181,0.06592873094475205,0.05086587557776845,0.25798621225361695,0.22424967768708748,0.12933294494611136,0.10234714390930111,
000599.SZ,20240409,实施完成,,20260528,20260618,8.0,8.0,80.0,募集配套资金用于1、支付本次重组现金对价;2、补充流动资金或偿还债务。,20240409,0,-0.10000000000000009,-0.09941520467836251,-0.09310794120698063,-0.216374269005848,-0.205567723349815,-0.11111111111111116,-0.1409827128984541,-0.3430799220272903,-0.314737554071696,
601003.SH,20250429,实施完成,,20251223,20260304,3.0,3.0,80.0,1、2800mm中厚板高品质技术升级改造工程。,20250429,0,0.10101010101010077,-0.015290519877675712,-0.013001174844028074,0.03669724770642202,0.01952935571615555,0.08562691131498457,0.065898263178644,1.051987767584098,0.8744562879553446,
688379.SH,20250403,实施完成,,20251216,20260320,1.99,1.99,80.0,1、泰国华光钎焊材料生产基地项目(二期)。,20250403,0,-0.08868846298384059,-0.19958762886597925,-0.13614775328146123,-0.1472164948453608,-0.11988590772585972,0.20247422680412375,0.2022377368977013,0.4595134100768439,0.4092727010289787,
300903.SZ,20250425,实施完成,,20251125,20260205,2.87,2.87,80.0,1、智恩电子高端服务器用PCB产线升级项目;2、补充流动资金项目。,20250425,0,-0.02465753424657524,0.011235955056179803,0.013279482684290356,0.09550561797752821,0.07990379938840841,0.101123595505618,0.08633002804839873,0.5168539325842698,0.3861628619464008,
300666.SZ,20250710,实施完成,,20260601,20260623,19.28,19.28,80.0,"1、年产5,100个集成电路设备用静电吸盘产业化项目;2、年产12,300个超大规模集成电路用超高纯金属溅射靶材产业化项",20250710,0,-0.0034139014065273088,-0.042614414908194065,-0.042749533106459014,-0.051795012332145896,-0.05372109367180944,-0.04124417648670875,-0.07548458849813044,0.3699643738010414,0.23379634583027809,
601005.SH,20251220,实施完成,,,20260622,10.0,10.0,90.0,1、补充流动资金及偿还银行贷款。,20251219,1,0.020689655172413834,0.006756756756756799,-0.00016069290464348907,0.0,-0.018475613652760736,-0.013513513513513487,-0.06703904851018283,-0.013513513513513487,-0.02389814300943638,
601088.SH,20250816,实施完成,,20260324,20260407,200.0,200.0,80.0,"募集配套资金用于1、支付本次交易中的现金对价,支付本次交易税费、人员安置费用等并购整合费用和投入标的资产在建项目建设,也",20250801,15,-0.015723270440251347,0.04446219382321592,-0.0026266527251810334,0.025026624068157588,-0.046190524641655184,0.005324813631522929,-0.07536057476998781,0.15475099639418732,0.03495011880693499,True
600889.SH,20241116,实施完成,,20260526,20260617,4.4,4.4,80.0,募集配套资金用于1、支付本次交易现金对价;2、南京工艺滚动功能部件国产化关键高端制造装备产业化应用项目;3、补充上市公司,20241101,15,0.05740181268882161,0.10000000000000009,0.08284583720209171,0.6114285714285714,0.6138071510712748,1.96,1.855397942060537,1.564285714285714,1.523808991970078,True
688322.SH,20250429,实施完成,,20260602,20260622,9.8,9.8,80.0,1、机器人AI视觉与空间感知技术研发平台项目;2、AI视觉传感器与智能硬件制造基地建设项目。,20250429,0,-0.005801425493121237,-0.01200400133377788,-0.009707015493315319,-0.03684561520506824,-0.05279562422138773,-0.13837945981993993,-0.15403733296870548,0.19673224408136059,0.09319476234415758,
003007.SZ,20240607,实施完成,,20260413,20260514,6.62,6.62,80.0,1、OSS产品研发平台及自智网络关键应用项目;2、算力网络智能调度管理及运营系统项目;3、新一代数字家庭软件定义终端和管,20240607,0,0.02580645161290329,0.00864779874213828,0.01638695675430113,0.03773584905660354,0.04991248272121718,-0.08058176100628944,-0.040051504380667735,-0.08490566037735847,-0.006697580435273021,
300604.SZ,20250625,实施完成,,20260703,20260807,31.27,31.27,80.0,1、半导体设备研发项目;2、补充流动资金。,20250625,0,0.024941724941724974,0.01864907891744383,0.020870493538640345,-0.0011371389583807456,-0.000795625873119099,0.026159913921034672,-0.010026086079559016,0.47587415429557933,0.31582392925448044,
301488.SZ,20250806,实施完成,,20260518,20260615,10.46,10.46,80.0,1、豪恩汽电深圳产线扩建项目;2、惠州豪恩汽电产线建设项目;3、豪恩汽电研发中心升级建设项目。,20250806,0,-0.02202339986235391,-0.01168191414496822,-0.013222012264819116,0.07698803659394793,0.06252380431147886,0.827586206896552,0.741534124646902,1.1774806474313864,0.9744080895700256,
600004.SH,20240713,实施完成,,,20251226,16.0,16.0,80.0,1、补充流动资金。,20240712,1,-0.003045685279187804,-0.020366598778004175,-0.021261145131754033,-0.01731160896130346,-0.020940655554115395,-0.03773101003243584,-0.0010513128562198437,-0.027472278796107807,-0.09734355827579533,
301358.SZ,20230811,实施完成,,20260310,20260409,47.88,47.88,80.0,1、年产32万吨磷酸锰铁锂项目;2、年产7.5万吨超长循环磷酸铁锂项目;3、年产10万吨磷酸铁项目;4、补充流动资金。,20230811,0,-0.04818181818181799,0.004059216809932931,0.0074774873222343,-0.018147086914995447,-0.0001853669737302832,-0.05921680993314238,-0.037323925869884866,-0.15114613180515768,-0.11138149815067988,
301308.SZ,20251203,实施完成,,20260701,20260817,37.0,37.0,80.0,1、面向AI领域的高端存储器研发及产业化项目;2、半导体存储主控芯片系列研发项目;3、半导体存储高端封测建设项目;4、补,20251203,0,-0.014384091927794218,-0.013022986604928066,-0.012461148752364037,0.07073755581279983,0.0645619975374967,0.012237473127170384,-0.010931048622448203,0.3648089961964611,0.29198012248498695,
600863.SH,20250221,实施完成,,20260123,20260209,26.5,26.5,80.0,募集配套资金用于1、支付本次交易的现金对价、中介机构费用和相关税费等。,20250221,0,-0.06537530266343838,-0.031088082901554293,-0.029340091631655518,-0.033678756476683835,-0.016739095514469948,0.031088082901554515,0.03546455958693673,0.051813471502590636,0.051478745864864894,
603215.SH,20241221,实施完成,,20260415,20260506,4.82,4.82,80.0,1、中意产业园智能厨房家电建设项目(二期)。,20241220,1,0.10000000000000009,-0.038068181818181945,-0.03324247324642349,-0.01363636363636389,-0.022940488287628402,-0.04204545454545483,-0.0055234953721452484,0.03863636363636358,0.038048620765455565,
603901.SH,20250426,实施完成,,20251113,20260203,3.0,3.0,80.0,"1、年产3,500台套数字智能固态食品包装装备项目;2、补充流动资金。",20250425,1,-0.02087682672233815,0.0010660980810235365,0.0030890742408060667,0.10021321961620466,0.08454435696491736,0.2142857142857144,0.19797181664520958,0.1269039689008329,0.02981071355303655,
600356.SH,20241129,实施完成,,,20260304,2.54,2.54,80.0,1、收购竹浆纸业、张华持有的锦丰纸业100%股权。,20241129,0,0.09973404255319163,0.10036275695284136,0.0880877598355656,0.01571946795646917,-0.007441250794264165,-0.058041112454655264,-0.07845480846362562,-0.055622732769044836,-0.054984721773786216,
688629.SH,20250722,实施完成,,20260525,20260612,9.72,9.72,80.0,1、高速线模组扩产项目;2、防务连接器基地建设及扩能项目;3、通讯连接器研发能力升级项目;4、补充流动资金。,20250722,0,-0.058154706430568526,-0.007718187215515537,-0.007839206718640468,0.09103502869582436,0.08261730737938988,0.2780526419948546,0.2281871336296819,0.707500494755591,0.5627001530181137,
688072.SH,20250913,实施完成,,20260611,20260701,46.0,46.0,80.0,1、高端半导体设备产业化基地建设项目;2、前沿技术研发中心建设项目;3、补充流动资金。,20250912,1,-0.002825337627846647,0.07548025160083882,0.07829251631258782,0.1909106363687878,0.20665678757989592,0.3941746472488241,0.39659424254231657,0.9363064543548478,0.937646828334971,
300735.SZ,20241126,实施完成,,20260407,20260515,7.72,7.72,80.0,1、收购AC公司100%股权和TIS工厂0.003%股权;2、补充流动资金。,20241126,0,0.038243202868240234,-0.04546762589928066,-0.05989376537873459,-0.07510791366906489,-0.1076956268134438,-0.14877697841726634,-0.18233169384686354,0.014964028776978333,-0.02347238473167268,
603196.SH,20241101,实施完成,,,20260127,11.61,11.61,80.0,1、购买四川茵地乐材料科技集团有限公司71%股权。,20241101,0,0.10017271157167529,0.09968602825745676,0.08699790756300696,0.4324960753532181,0.35768949317832477,0.4819466248037676,0.45769276290076544,0.02276295133437989,0.029500455100498923,
601121.SH,20250111,实施完成,,20260311,20260326,5.6,5.6,80.0,募集配套资金用于1、支付本次交易的现金对价;2、新疆阿克陶县孜洛依北铁矿选矿与尾矿库工程项目;3、补充上市公司及标的公司,20250106,5,0.056692913385826715,-0.0745156482861401,-0.06099749314502512,-0.0685543964232489,-0.07858146431084956,-0.07898658718330853,-0.11985432375122396,-0.13710879284649768,-0.15314826561481298,
688400.SH,20241207,实施完成,,20260206,20260306,6.95,6.95,80.0,1、收购JAI100%股权。,20241206,1,0.00319361277445096,-0.04257859132510955,-0.042144667836280236,-0.010744130521289419,-0.007186473012515959,-0.20095503382411462,-0.15183174602827054,0.5248706725029846,0.5358105959816002,
688321.SH,20241121,实施完成,,20260206,20260302,9.5,9.5,80.0,1、创新药研发项目;2、彭州微芯原创新药制造基地(一阶段)项目;3、补充流动资金。,20241121,0,0.008707009142359778,-0.0927924039706518,-0.06413323915042524,-0.08545533016832108,-0.06472478930340719,-0.13810962451445852,-0.13801479192921484,-0.20371169615882612,-0.20433108676884904,
601990.SH,20230429,实施完成,,20251205,20251226,50.0,50.0,80.0,"1、用于投资银行业务,提升赋能和服务实体经济能力;2、用于财富管理业务,完善财富管理服务和产品体系,增强财富管理综合服务",20230428,1,0.021428571428571574,-0.002331002331002363,-0.010425635403045308,0.0011655011655009595,0.0024094358416819617,-0.005827505827506019,0.031000718194990062,0.03288805211882129,0.04781699665836592,
301518.SZ,20250421,实施完成,,20251107,20260122,1.55,1.55,80.0,1、二氧化碳聚醚项目(一期)。,20250421,0,0.0108166576527855,-0.020866773675762396,-0.023336448138375543,0.12306046013911165,0.12409164661122674,0.3274478330658104,0.292592724850675,0.2458042607090991,0.16013656697859036,
688683.SH,20250421,实施完成,,20250923,20260107,2.0,1.6,80.0,1、高性能功能胶膜新材料建设项目;2、新型新能源电池集流体材料生产建设项目;3、补充流动资金。,20250421,0,0.0351867940920938,-0.003357112882920621,-0.005870952083228853,0.0499370541334454,0.05090109919176822,-0.011749895090222173,-0.037698609225899626,0.10403912868850917,0.028119910135547377,
688386.SH,20250827,实施完成,,20260130,20260227,6.71,6.71,80.0,1、露点控制器(CMD)产品智能制造技改扩产项目;2、低介电损耗FCCL挠性覆铜板项目;3、研发中心建设项目;4、补充流,20250827,0,-0.019970414201183284,-0.0018113207547170163,-0.01304276890421896,0.00905660377358486,0.005562147221122471,0.30354716981132057,0.2855203206041639,0.06460377358490565,0.04402478050450487,
000962.SZ,20250624,实施完成,,20260303,20260327,11.9,11.9,80.0,1、湿法冶金项目;2、火法冶金熔炼项目;3、高端制品项目;4、补充流动资金。,20250624,0,-0.006260767890144847,0.003150598613736788,-0.007127013210461053,0.055450535601764495,0.04410120206038903,0.11342155009451815,0.06328296703649539,0.5261499684940139,0.35175531976290286,
003013.SZ,20250121,实施完成,,20260309,20260330,1.28,1.28,80.0,募集配套资金拟用于1、补充流动资金、偿还债务。,20250121,0,-0.04194407456724347,-0.06810284920083398,-0.059693652975927436,-0.04933981931897158,-0.04547328597998446,0.08825573314801938,0.043958227882035406,0.09937456567060465,0.08114811456987536,
300473.SZ,20241119,实施完成,,20260129,20260226,0.83,0.83,80.0,募集配套资金用于1、爱卓智能科技(常州)有限公司汽车饰件等产品智能化改扩建项目(一期);2、爱卓智能科技(常州)有限公司,20241119,0,0.10023419203747053,0.20008514261387833,0.19225338632175393,0.004682843763303746,0.03126657443194936,0.004682843763303746,5.760582715175211e-05,-0.008088548318433197,-0.009501617708686516,
688293.SH,20250208,实施完成,,20260324,20260414,3.62,3.62,80.0,募集配套资金用于1、支付本次交易现金对价及税费;2、支付中介机构费用。,20250116,23,0.05495689655172398,0.07303370786516883,0.045211902091921496,0.08835546475995937,0.05235833635114018,0.017620020429009342,-0.023571169901108968,0.06767109295199192,0.03073453202644827,True
605488.SH,20250903,实施完成,,20260202,20260303,7.07,7.07,80.0,1、标签标识印刷材料扩产项目;2、电子级功能材料扩产升级项目;3、研发中心升级项目;4、补充流动资金。,20250903,0,-0.05299401197604792,-0.04394562124565293,-0.031840776787801284,-0.03066708820739794,-0.030327536250022602,0.12488144166930137,0.090449705772079,0.07809042048687953,0.06077866393043063,
601789.SH,20240805,实施完成,,,20260113,15.27,15.27,80.0,1、收购交投集团持有的宁波交工100%股权。,20240805,0,-0.008174386920980936,0.008241758241758212,0.0059259150639086045,-0.008241758241758435,-0.007376651647096999,-0.052197802197802234,-0.03545289827842335,0.1785714285714286,-0.0036259485377315714,
300319.SZ,20230628,实施完成,,20251119,20251216,1.01,1.01,80.0,募集配套资金用于1、支付本次交易的现金对价;2、支付交易中介机构费用;3、补充标的公司流动资金、偿还债务。,20230628,0,-0.08287863079973057,0.01856435643564347,0.020803073232840807,0.054455445544554504,0.04347194804792487,0.08787128712871262,0.07651266583300975,0.043316831683168244,0.07043808008921726,
301236.SZ,20250508,实施完成,,20260126,20260226,33.48,33.48,80.0,1、京津冀软通信创智造基地项目;2、AIPC智能制造基地项目;3、软通动力怀来智算中心(一期)建设项目;4、计算机生产车,20250508,0,-0.021417898057446316,0.012046148625721065,0.015073475817000581,-0.025788937902952114,-0.03409526795386342,-0.07702748557855454,-0.08612321555244573,-0.07495442778756589,-0.12899133272965213,
601111.SH,20251031,实施完成,,,20260604,200.0,200.0,80.0,1、用于偿还债务和补充流动资金。,20251031,0,-0.08070175438596494,0.03307888040712448,0.027433360385950456,0.05597964376590325,0.04468281339243285,0.021628498727735312,0.03901921482190951,0.0903307888040712,0.04157709842951496,
300913.SZ,20231124,实施完成,,20251203,20251231,11.95,11.95,80.0,1、泰国生产基地建设项目;2、高速电缆及连接产品智能制造项目;3、补充流动资金。,20231124,0,-0.06745524296675187,0.006856359273225809,0.009935512263023805,0.06410695920466236,0.06738386870693147,-0.02571134727459712,0.016470917060457335,0.018169352074048684,0.02677632307993827,
002761.SZ,20241120,实施完成,,,20260127,4.5,4.5,80.0,募集配套资金用于1、浙江省全民健身中心工程(施工总承包);2、补充流动资金。,20241120,0,0.10021097046413474,0.09971236816874418,0.09892452031342325,-0.025886864813039256,-0.008754749056156697,-0.06999041227229141,-0.07390017179477093,-0.10450623202301046,-0.10745405457811774,
601113.SH,20241112,实施完成,,,20260610,7.08,7.08,80.0,1、年产6.5万吨高品质差别化锦纶PA6长丝项目。,20241112,0,0.007832898172323688,-0.020725388601036232,-0.02565345553174747,-0.04922279792746109,-0.027638485322461936,0.0544041450777204,0.05419139494955538,0.03367875647668406,0.06143623905745055,
688636.SH,20250425,实施完成,,20250829,20251209,2.08,2.08,80.0,1、无人装备及商业航天嵌入式计算机研发及产业化建设项目;2、补充流动资金。,20250425,0,0.037592008412197675,0.03166962249809968,0.03375444292612739,0.12541170509247546,0.10938397417737478,0.0010134279199391916,-0.012435161985825283,0.3292419742308479,0.21471541830000973,
603685.SH,20230510,实施完成,,,20251211,4.3,4.3,80.0,1、补充流动资金；2、偿还银行贷款。,20230510,0,0.10036496350364943,0.004975124378109541,0.007890068920727522,-0.03565505804311775,-0.02540195311928306,0.20580658352075254,0.25158087918793126,0.2828787569004294,0.29499962187504636,
603859.SH,20251011,实施完成,,20260617,20260710,10.0,10.0,80.0,1、“灵擎”工业AI赋能平台建设项目;2、“灵助”工业软件AI工具集开发项目;3、“灵智”具身智能AI训推平台研发项目;,20251010,1,-0.07461820993620705,-0.003969082932943513,-0.002041836541681663,-0.1261750574472531,-0.1131413099139571,-0.12241487361604353,-0.14448374098694117,-0.06434092333402963,-0.10710409658570097,
603082.SH,20250415,实施完成,,20260706,20260724,0.32,0.32,80.0,募集配套资金拟用于1、支付本次交易现金对价;2、支付中介机构费用、发行费用及相关税费。,20250415,0,0.09988485895221655,0.0259094477885371,0.023297202348391943,-0.02224548547500671,-0.031755529590913434,0.031143679665009083,0.0005842465284096043,0.0272501412677022,-0.046295299239673016,
000032.SZ,20230824,实施完成,,20251224,20260130,25.0,12.0,80.0,1、运营型云项目;2、分布式存储研发项目;3、中国电子云研发基地一期项目;4、高科技产业工程服务项目;5、补充流动资金或,20230824,0,-0.09987071751777632,-0.09982046678635548,-0.09448262630392035,-0.014003590664272925,-0.02589685344683923,-0.22908438061041303,-0.22969844880321422,-0.28150807899461394,-0.2717566754343248,
688012.SH,20260101,实施完成,,20260611,20260702,15.0,15.0,80.0,募集配套资金1、高端半导体设备产业化项目;2、高端半导体设备研发中心项目;3、支付现金对价及中介机构费用;4、补充流动资,20251218,14,-0.023104201740874686,0.1415737753006745,0.09985200045254161,0.23452625403344074,0.1614044646380579,0.27585068935171586,0.20100362000906813,0.07656204165444414,0.07274469747720391,True
688183.SH,20251118,实施完成,,20260901,,25.3,25.29,80.0,1、人工智能计算HDI生产基地建设项目;2、智能制造高多层算力电路板项目;3、补充流动资金和偿还银行贷款。,20251118,0,-0.02109207708779448,-0.020234058842830693,-0.021954234990141486,-0.027562069342666695,-0.010025548650345661,0.023734004156184874,0.054514769860967816,-0.07809252980422177,-0.12140118795202404,
001285.SZ,20260303,实施完成,,,20260812,0.16,0.16,80.0,1、购买武汉瑞立科德斯汽车电子有限责任公司16.00%股权。,20260303,0,-0.0778382053025154,-0.02875046074456311,-0.01918611961779848,0.01548101732399565,0.015367232088089544,-0.07113896056026536,-0.016050777094079316,-0.10603125691116833,-0.09172507802804197,
688609.SH,20250425,实施完成,,20260209,20260416,1.82,1.82,80.0,1、鸿蒙生态智能终端与通信模块研发及产业化项目;2、补充流动资金及偿还银行贷款。,20250425,0,-0.018378378378378413,-0.00770925110132159,-0.005704008358167423,0.27753303964757703,0.25933884840008203,0.12224669603524219,0.1071693402604661,0.1387665198237884,0.04065119541099249,
002615.SZ,20231230,实施完成,,20260306,20260403,7.55,7.55,80.0,1、“哈尔斯未来智创”建设项目(一期)。,20231229,1,0.025174825174825166,-0.017735334242837686,-0.01353785410983932,-0.02046384720327432,0.00918370242451072,-0.038199181446111896,-0.007651248827946655,0.009549795361528002,-0.02328934817077255,
300650.SZ,20240322,实施完成,,,20260320,1.8,1.8,80.0,1、全部用于补充流动资金和偿还银行贷款。,20240322,0,0.07136237256719213,-0.11764705882352955,-0.11131199022547267,-0.07612456747404861,-0.07403853417132988,-0.24221453287197237,-0.23568075361318086,-0.07991500959363163,-0.053541558935380484,
300407.SZ,20250422,实施完成,,20260130,20260420,3.0,3.0,80.0,1、基于全栈自主可控的供电自动化产品技术升级和产业化项目;2、轨道交通供电大模型研发平台建设项目。,20250422,0,-0.025515210991167714,-0.00805639476334341,-0.0070326904760583675,-0.015105740181268978,-0.01117944403954374,-0.016112789526686933,-0.03039772783932293,0.11314483595216518,0.03183230964824335,
002559.SZ,20250121,实施完成,,,20260713,6.58,6.58,80.0,1、伺服压力机及自动化冲压线生产二期项目建设;2、补充流动资金、偿还银行借款。,20250121,0,0.01724137931034475,0.010593220338982912,0.019712549318691597,0.038135593220339103,0.042357907316528554,0.12711864406779672,0.08123922202555978,-0.06144067796610164,-0.07700098481907103,
688107.SH,20260127,实施完成,,20260820,20260908,12.62,12.62,80.0,1、先进工艺平台超大规模FPGA芯片研发项目;2、平面工艺平台FPGA&FPSoC芯片升级和产业化项目。,20260127,0,-0.016623207301173393,0.014584023864766316,0.011814008870376869,-0.02419622141199873,-0.006884375767681972,-0.019887305270135935,-0.0060995946638700005,0.11600928074245931,0.12353901196963779,
688368.SH,20241105,实施完成,,20260403,20260424,18.0,18.0,80.0,募集配套资金1、本次交易的现金对价;2、支付中介机构费用;3、补充流动资金。,20241105,0,0.19996183934363687,-0.11790427730958808,-0.11707512761857997,-0.17435204325011933,-0.18279273874321345,-0.242486881857211,-0.2406528282702154,-0.28653204006996347,-0.26115613449301434,
603906.SH,20250821,实施完成,,20260420,20260511,18.8,18.8,80.0,1、11万吨高性能磷酸盐型正极材料项目;2、8.5万吨高性能磷酸盐型正极材料项目;3、补充流动资金。,20250821,0,-0.03502974223397226,0.006164383561643838,-0.008211128377213828,-0.0273972602739726,-0.04574263633391784,0.1547945205479453,0.1365436038244725,0.1554794520547944,0.13625850587882127,
300995.SZ,20250415,实施完成,,20260520,20260616,2.75,2.75,80.0,1、泰国复合材料及制品生产线建设项目;2、年产碳纤维制品4.5万套扩建项目;3、补充流动资金项目。,20250415,0,0.026490066225165698,-0.06064516129032249,-0.06303701507370185,0.11516129032258071,0.10431477117102106,0.24677419354838714,0.2098242385076332,0.4752435889436575,0.369624290151789,
600459.SH,20250923,实施完成,,20260413,20260422,12.91,12.91,80.0,1、贵金属功能材料全国重点实验室平台建设项目;2、贵金属新材料AI实验室建设项目;3、贵金属二次资源富集再生现代产业基地,20250923,0,-0.04932182490752157,0.02269779507133607,0.014256039499860984,0.11997405966277563,0.10239476627502442,0.09273670557717262,0.03981889786103543,0.3281452658884567,0.28800235261288676,
688378.SH,20250417,实施完成,,20251226,20260309,2.76,2.76,80.0,1、OLED显示核心材料PSPI材料生产基地项目;2、补充流动资金。,20250417,0,0.015109121432568484,0.009922822491730932,0.01103570908363749,0.014332965821389099,0.00911965148028604,0.05622932745314224,0.02494161461569444,0.12756372912653746,0.05565903932965033,
603268.SH,20260115,实施完成,,20260710,20260729,70.0,70.0,80.0,1、恒力造船(大连)有限公司绿色智能装备制造项目;2、恒力造船(大连)有限公司绿色高端船舶建造项目配套设施;3、恒力造船,20260115,0,-0.00793650793650802,-0.04891428571428569,-0.046436007798438594,-0.007771428571428651,-0.010172180323315239,0.08948571428571417,0.08384154900210761,0.6171428571428572,0.6280389099330828,
300782.SZ,20250124,实施完成,,20260413,20260428,34.75,34.75,80.0,1、射频芯片制造扩产项目;2、补充流动资金。,20250124,0,0.00012380834468239676,-0.030081703391928727,-0.029477272495990303,0.05100272344639767,0.02900195069910394,0.01968308987373124,-8.355998946640852e-05,-0.07526615498885847,-0.0848403923476394,
603477.SH,20231223,实施完成,,20260415,20260429,2.27,2.27,80.0,1、崇州林秀公猪站建设项目;2、雅安巨星三江智慧化养猪园区;3、巨星农牧数字智能化建设项目;4、补充本次实体建设募投项目,20231222,1,0.01226468910439249,-0.012397858551704721,-0.013763943132086287,0.05579036348267108,0.03444000449296425,-0.10340941110171886,-0.05187309697395981,-0.013524936601859827,-0.05150217169063265,
301413.SZ,20260108,实施完成,,20260807,20260827,5.44,5.44,80.0,1、压力传感器扩产项目;2、陶瓷电容式压力传感器产线升级项目;3、力传感器产线建设项目;4、MEMS传感器芯片研发及产业,20260108,0,-0.009292456281554062,0.02954209748892178,0.020185426884210544,0.0003692762186113807,-0.006836221568983114,0.22104874446085687,0.22316438346257073,-0.12296898079763663,-0.10220709881976331,
002915.SZ,20250422,实施完成,,20251224,20260303,1.86,1.86,80.0,"1、年产2,000吨BPEF、500吨BPF及1,000吨9-芴酮产品建设项目;2、补充流动资金。",20250422,0,0.09991876523151899,0.09970457902511098,0.10083949464566833,0.4350073855243721,0.44072806457693203,0.44756277695716395,0.42654578969238033,0.4601181683899558,0.3534600829913146,
920476.BJ,20260316,实施完成,,20260625,20260817,0.89,0.89,80.0,1、海能基石科学仪器智能制造基地项目。,20260316,0,0.010313901345291532,-0.02308033732800696,-0.01466693674115771,-0.1566799822458943,-0.09663622560557505,-0.09675987572126055,-0.08371356064392221,-0.1470187749427725,-0.1357473776704604,
301125.SZ,20250423,实施完成,,20260618,20260818,1.2,1.2,80.0,1、腾亚精工越南动力工具智造项目;2、腾亚精工安徽园林工具智造项目;3、补充流动资金。,20250423,0,0.022301516503122176,-0.01221640488656206,-0.012495877983220383,0.04450261780104703,0.05002094081871067,0.13438045375218133,0.117269498460566,0.3574986730327865,0.24929406387219366,
002213.SZ,20250425,实施完成,,20260609,20260811,1.08,0.97,80.0,1、嵌入式存储器研发和产业化项目。,20250425,0,0.0,-0.018826937002172306,-0.016844161120669332,0.05358435916002913,0.03857956888766556,0.007906968725216235,-0.005634235725671233,0.26822250956863525,0.15895334790308913,
688401.SH,20260122,实施完成,,20260629,20260714,10.02,10.02,80.0,1、厦门路维光电高世代高精度掩膜版生产基地项目(一期);2、补充流动资金及偿还银行借款。,20260122,0,-0.0858513189448441,0.0038474991255683655,0.0005496415144952138,-0.07467646030080444,-0.08255631616737602,-0.023434767401188994,-0.032889984894771684,0.12277019937040934,0.1327253043049248,
603816.SH,20250508,实施完成,,,20260807,19.97,18.71,80.0,1、家居产品生产线智能化技改项目;2、功能铁架生产线扩建项目;3、智能家居产品研发项目;4、AI及零售数字化转型项目;5,20250508,0,-0.005173099880620757,-0.000400000000000178,0.0025900971062555733,0.02079999999999993,0.012096442787542738,0.0047999999999999154,-0.005102125290800119,0.07591759888320149,0.013067444509382575,
002331.SZ,20251119,实施完成,,,,5.4,4.15,80.0,1、用于补充流动资金。,20251119,0,-0.031712473572938715,0.10043668122270732,0.10482918876684777,0.033842794759825434,0.055930765885060074,-0.07205240174672489,-0.053718982423258566,0.007641921397379958,-0.02576375167935363,
600388.SH,20251025,实施完成,,,20260901,20.0,20.0,80.0,1、补充流动资金。,20251024,1,0.0076287349014620975,-0.003154574132492205,-0.014784931457814121,0.06309148264984232,0.06188761210171023,-0.03406940063091479,-0.004997285740290236,0.005678233438485725,-0.03425345943425551,
301160.SZ,20250812,实施完成,,,20260714,0.7,0.7,80.0,1、补充流动资金。,20250812,0,0.01113786875376288,0.009080083358142366,0.004273079601599283,0.05090800833581399,0.03360469386601683,-0.0628163143792797,-0.09761636602783719,-0.0958618636498958,-0.17140491864562413,
603191.SH,20260207,实施完成,,,20260831,3.0,2.28,80.0,1、补充流动资金。,20260206,1,0.04271744724652593,0.10019743336623899,0.08485256137318253,0.13178677196446187,0.12721501142294755,0.17670286278381053,0.17117123391545697,-0.0049358341559724295,-0.02173266812786112,
300083.SZ,20250225,实施完成,,,20260827,5.5,3.3,80.0,1、用于补充流动资金和偿还银行贷款。,20250225,0,0.07744565217391308,0.2005044136191676,0.18836708939095592,0.3114754098360657,0.32008779530822884,0.13871374527112224,0.13062561077484047,0.031525851197982124,0.03127959220423948,
000100.SZ,20260331,实施完成,,,20260831,46.62,46.62,80.0,1、购买广州华星光电半导体显示技术有限公司45.00%股权。,20260331,0,-0.02064220183486265,0.011709601873536535,-0.002816086179452282,0.009367681498828828,-0.016690696401719163,0.011709601873536535,-0.04140746603290235,0.38978129680124973,0.32103327265355697,
688206.SH,20250412,实施完成,,20260820,20260903,10.5,10.5,80.0,募集配套资金拟用于1、支付本次交易现金对价、中介机构费用、交易税费等。,20250327,16,0.005078290308929478,0.0492631578947369,0.08494001707360765,-0.08926315789473693,-0.06229776510081353,-0.003368421052631576,-0.012210352684593584,0.17221052631578937,0.12680983607297835,True
688627.SH,20260228,实施完成,,20260901,,28.57,28.57,80.0,1、半导体存储测试设备研发及产业化智造项目;2、高端芯片测试设备及前沿技术研发中心项目;3、补充流动资金。,20260227,1,-0.01363196906219788,-0.06367824353905982,-0.06809042260892562,-0.1576436762832032,-0.14974185103594428,-0.21135687914529355,-0.16114983435767194,0.2934622798706177,0.3137371697727369,
000958.SZ,20241019,实施完成,,20260514,20260610,50.0,50.0,80.0,募集配套资金用于1、山东海阳核电站3、4号机组项目。,20240927,22,0.03282828282828265,0.10024449877750641,0.03944982175269973,0.6136919315403424,0.5099310656243687,0.8092909535452326,0.6771830110424197,0.41075794621026906,0.3780743862151503,True
002456.SZ,20250416,实施完成,,,20260702,14.63,14.63,80.0,1、购买欧菲微电子(南昌)有限公司28.2461%股权。,20250416,0,0.0457890433360586,-0.03909304143862391,-0.04036356224644966,-0.06724003127443301,-0.07299877898206009,-0.050820953870211016,-0.07663319678946312,-0.13057075840500398,-0.1873738769213702,
300252.SZ,20250424,实施完成,,20260410,20260529,2.92,2.78,80.0,1、数据中心高速互连产品扩产建设项目;2、补充流动资金。,20250424,0,0.021406727828746197,-0.015968063872255467,-0.015302667321999475,-0.007984031936127733,-0.013615653834832098,-0.015968063872255467,-0.028751633117986675,0.11177644710578849,0.02332280812545351,
002653.SZ,20250228,实施完成,,20260710,20260814,12.45,12.45,80.0,1、新药研发项目;2、补充流动资金。,20250228,0,-0.03196745132228984,0.00510357250075022,0.006307178560245541,0.018613029120384095,0.003013586398353807,0.18252776943860693,0.1717976034613402,0.3689988171941334,0.35168073207167816,
688293.SH,20260423,实施完成,,,20260629,,0.91,100.0,1.业绩对赌。,20260423,0,-0.06150943396226405,-0.015882589465219143,-0.012662493162030941,0.010052271813429714,0.005407685107322591,-0.10233212706071582,-0.11361918199507914,0.025625051966426282,0.10341104732720852,
002281.SZ,20250910,实施完成,,20260519,20260616,35.0,35.0,80.0,1、算力中心光连接及高速光传输产品生产建设项目;2、高速光互联及新兴光电子技术研发项目;3、补充流动资金。,20250910,0,0.013299232736573074,0.07555106848393067,0.05804160693778204,0.13326602725895986,0.11452033910546522,0.0139660104324415,-0.012962799650588774,0.11643950866565689,0.09882916997377156,
300016.SZ,20250418,实施完成,,20260202,20260512,1.59,1.59,80.0,1、陆芝葆化药生产车间与智能综合仓库项目。,20250418,0,-0.0016638935108153063,0.025000000000000133,0.02042105597678545,0.04833333333333334,0.04250171549734039,0.14177128953771279,0.10441192902064933,0.522921411192214,0.41895095018630535,
688226.SH,20250426,实施完成,,20260306,20260601,2.96,2.96,80.0,1、高压母线智能制造项目;2、节能型变压器智能制造项目;3、补充流动资金。,20250425,1,0.020145310435931263,-0.07122045969569435,-0.06934356178522572,-0.04014244091939145,-0.05381240596787573,-0.1233408870184527,-0.13511877987063825,0.19052541589794036,0.08795058131237488,
300762.SZ,20251206,实施完成,,20260714,20260812,7.46,7.46,80.0,1、大规模无人协同异构神经网络研制及产业化项目;2、异构专用智能机器人研制及产业化项目;3、“AI+有无人协同认知决策系,20251205,1,0.08767389194435449,-0.014574657941700986,-0.019916089783508117,0.019333729922665244,0.022861873162502766,0.3176680547293278,0.25931047913866156,0.14515169541939343,0.08125779029439073,
300436.SZ,20250403,实施完成,,20260814,20260903,7.23,7.23,80.0,1、创新药研发项目;2;补充流动资金。,20250403,0,-0.04698186143324423,-0.19999999999999996,-0.13659280853479383,-0.09828393135725433,-0.06938512008554043,-0.043057722308892266,-0.043245923589766644,0.33478939157566323,0.288842047070758,
002156.SZ,20260110,实施完成,,20260820,20260916,42.2,42.2,80.0,1、存储芯片封测产能提升项目;2、汽车等新兴应用领域封测产能提升项目;3、晶圆级封测产能提升项目;4、高性能计算及通信领,20260109,1,0.04574999999999996,0.01027970356203678,-0.0006012171960037005,0.12024862538847714,0.1253046810369567,0.12120487688262016,0.13632934600085855,0.1176189337795841,0.14365391032076014,
300395.SZ,20250422,实施完成,,20260402,20260601,3.0,3.0,80.0,1、石英电子纱智能制造(一期)建设项目。,20250422,0,-0.0014382576535854064,-0.01337448559670773,-0.012356269678275078,0.010288065843621297,0.014315594784324981,-0.1152263374485597,-0.12807225825701518,0.44041181906229365,0.3351932346129509,
002128.SZ,20250519,实施完成,,20260618,20260717,45.0,45.0,80.0,募集配套资金1、国家电投内蒙古白音华自备电厂可再生能源替代工程300MW风电项目;2、白音华铝电公司500kA电解槽节能,20250519,0,0.04481792717086819,-0.027345844504021444,-0.03105611050798185,0.0171581769436997,0.023462642799162436,0.025201072386059176,0.019201926651565726,0.14884198203536547,0.05534846390697856,
601022.SH,20260403,实施完成,,,20260821,10.86,10.86,80.0,1、集装箱船舶购置项目;2、集装箱购置项目。,20260403,0,-0.025219298245613975,0.003374578177727683,0.0007778307707280163,-0.01462317210348707,-0.041418633456570486,-0.006749156355455477,-0.07803246045687384,-0.10387834285577113,-0.14012228262774162,
002842.SZ,20230823,实施完成,,20260820,,4.91,4.91,80.0,1、年产300亿米光伏用超细钨合金丝生产项目;2、补充流动资金。,20230823,0,-0.02857142857142858,0.025735294117646967,0.024456787295736637,0.05759803921568629,0.03779704424095254,0.060049019607843146,0.04976221624875099,0.08210784313725505,0.08795542283801439,
002676.SZ,20250415,实施完成,,20260805,20260917,2.42,2.42,80.0,1、风叶自动化智能制造技术改造项目;2、高性能改性复合材料生产建设项目;3、补充流动资金。,20250415,0,-0.008547008547008628,-0.039655172413792905,-0.042100472437334724,-0.03275862068965496,-0.04216640971166785,0.037931034482758585,0.007170448277175723,0.37826690951748865,0.2795906057380506,
000876.SZ,20231201,实施完成,,20260806,20260901,33.38,26.0,80.0,1、猪场生物安全防控及数智化升级项目;2、偿还银行债务。,20231201,0,-0.08800000000000008,0.01754385964912286,0.02047977450844174,0.03289473684210531,0.054486622440388155,0.021929824561403688,0.04140737512232895,-0.015350877192982226,-0.020570808713901156,
001376.SZ,20250611,实施完成,,,20260824,2.73,2.36,80.0,1、补充流动资金及偿还借款。,20250611,0,0.0024979184013320666,0.008305647840531671,0.008204273749416569,-0.009966777408637828,-0.006020648451248833,0.023255813953488635,-0.003323736013075007,0.0032776208526643646,-0.10491235359108297,
603161.SH,20250823,实施完成,,,20260807,3.26,3.26,80.0,1、补充流动资金。,20250815,8,0.06855123674911656,-0.06613756613756616,-0.11105439716308718,-0.10846560846560849,-0.14570760497986868,-0.12301587301587302,-0.15132639314588425,-0.11309523809523803,-0.14545641110486218,
002870.SZ,20250429,实施完成,,,20260812,6.45,6.45,80.0,1、补充流动资金。,20250429,0,0.04088639200998756,0.05847076461769096,0.06093159680947369,0.03174756191961592,0.014661637611969924,-0.05666216795632906,-0.07380505559859041,0.028740428250366046,-0.06026293388771753,
301368.SZ,20250805,实施完成,,20260806,20260831,7.3,7.3,80.0,1、新能源汽车精密动力齿轮智能制造项目;2、新一代精密传动制造项目;3、精密传动研发中心建设项目;4、补充流动资金。,20250805,0,-0.01925764870321478,0.03974663499604136,0.035055093602292864,0.033412509897070564,0.019791201426485605,0.1729216152019002,0.09979567325031269,-0.01187648456057,-0.09941807924758839,
002688.SZ,20250426,实施完成,,20260710,20260827,3.0,3.0,80.0,1、污水处理扩容及水资源再生利用提标扩建工程项目;2、新建产品库房建设项目(粮食储备库);3、补充流动资金。,20250425,1,-0.018320610687022842,-0.03576982892690517,-0.03382129161017555,-0.007776049766718418,-0.021906965954897273,-0.015552099533437058,-0.028778131999831147,0.07119016789961208,-0.0211028254415786,
603955.SH,20250716,实施完成,,,20260831,7.17,7.17,80.0,1、用于补充流动资金。,20250716,0,0.023557126030623987,-0.0362485615650171,-0.03982440205513049,-0.04257767548906777,-0.0635636052149463,0.1337744533947065,0.07846632323308733,0.008918296892980626,-0.09733942389437822,
600114.SH,20250311,实施完成,,,20260820,5.2,5.2,80.0,1、购买上海富驰34.75%股权。,20250311,0,-0.055016181229773475,-0.02825342465753422,-0.025975330417429165,0.008561643835616417,-0.006121133052601979,-0.2422945205479452,-0.19640186310213514,-0.19970284276882044,-0.20088216886416965,
603333.SH,20250717,实施完成,,,20260821,8.65,8.65,80.0,1、数智化升级及综合能力提升建设项目;2、营销中心及品牌推广建设项目;3、补充流动资金。,20250717,0,0.022556390977443552,-0.011029411764705843,-0.01597000787247238,-0.022058823529411797,-0.04617056080654225,-0.004901960784313819,-0.04550908302403933,-0.03312074504704354,-0.11443689673673763,
600960.SH,20250617,实施完成,,,20260821,23.04,23.04,90.0,1、购买北汽模塑51%股权、廊坊安道拓51%股权、廊坊莱尼线束50%股权。,20250617,0,0.10021786492374729,-0.047524752475247456,-0.047919283315658645,-0.17227722772277232,-0.18030168847685868,-0.0435643564356436,-0.07565309707251422,-0.08118811881188115,-0.18251932783966918,
002892.SZ,20250913,实施完成,,20260806,20260825,7.81,7.81,80.0,1、科力尔智能制造产业园项目;2、补充流动资金。,20250912,1,-0.007802340702210642,-0.010484927916120657,-0.007897452865023191,0.04259501965923973,0.056380150407218776,-0.11140235910878116,-0.10986019459305729,-0.17627785058977719,-0.17570764346505396,
