ts_code,t0,final_stage,terminate_date,apply_date,list_date,raise_plan_yi,raise_act_yi,price_ratio,purpose,days,ret,ex
002936.SZ,20190718,实施完成,,20201105,20201127,60.0,46.4,80.0,用于补充本行的核心一级资本,16,0.03287671232876721,
601375.SH,20190419,实施完成,,20200716,20200730,52.5,36.45,80.0,1、发展资本中介业务;2、发展投资与交易业务;3、对境内外全资子公司进行增资;4、用于信息系统建设及合规风控投入;5、补,10,-0.04584040747028839,
002797.SZ,20190425,实施完成,,20200701,20200722,60.0,42.0,80.0,1、扩大投资与交易业务规模；2、扩大信用业务规模；3、偿还债务；4、增加对子公司的投入；5、其他运营资金安排。,15,0.5310734463276834,
300680.SZ,20191126,实施完成,,20200923,20201023,2.3,2.3,80.0,1、新能源汽车驱动电机马达铁芯年产120万套;2、年产9万套天然气喷射气轨总成项目;3、补充流动资金。,16,0.005001923816852827,
603588.SH,20191105,实施完成,,20200806,20200826,1.7,1.7,80.0,募集配套资金用于1、支付交易对方现金对价；2、补充上市公司流动资金；3、支付中介机构费用和其他相关费用。,14,0.1022938623682581,
600150.SH,20190405,实施完成,,20200721,20200730,38.67,38.67,,募集配套资金用于1、广船国际中小型豪华客滚船能力建设项目;2、广船国际智能制造项目;3、广船国际绿色发展建设项目;4、数,7,0.01737451737451745,
601066.SH,20190122,实施完成,,20201208,20201228,38.84,38.84,80.0,1、发展资本中介业务;2、发展投资交易业务;3、信息系统建设;4、增资子公司;5、其他运营资金安排。,14,-0.08179481187193272,
603659.SH,20200327,实施完成,,20201118,20201204,45.91,45.91,80.0,1、年产5万吨高性能锂离子电池负极材料建设项目;2、收购山东兴丰49%股权;3、年产5万吨锂离子电池负极材料石墨化项目;,12,-0.045835294117647085,
603520.SH,20191130,实施完成,,20200716,20200804,6.72,6.72,80.0,1、年产1500吨碘化物及研发质检中心项目；2、年产300吨碘佛醇、5吨钆贝葡胺造影剂原料药项目；3、年产195吨定制医,13,-0.046122448979591835,
600745.SH,20200326,实施完成,,20200713,20200727,58.0,58.0,80.0,募集配套资金用于1、安世中国先进封测平台及工艺升级项目;2、云硅智谷4G/5G半导体通信模组封测和终端研发及产业化项目(,10,-0.1895757575757575,
603259.SH,20200325,实施完成,,20200902,20200923,65.28,65.28,80.0,1、无锡合全药业新药制剂开发服务及制剂生产一期项目;2、合全药业全球研发中心及配套项目;3、常州合全新药生产和研发中心项,15,-0.10819910819910816,
300721.SZ,20200325,实施完成,,20201228,20210121,1.74,1.62,80.0,用于年产15万吨环氧丙烷项目,17,0.22388748908318856,
002922.SZ,20200325,实施完成,,20200916,20201102,4.79,4.79,80.0,用于光伏发电并网设备智能制造项目、偿还银行贷款及补充流动资金,27,0.09283276450511946,
002812.SZ,20200324,实施完成,,20200811,20200904,50.0,50.0,80.0,1、江西省通瑞新能源科技发展有限公司锂离子电池隔膜一期扩建项目；2、无锡恩捷新材料产业基地二期扩建；3、补充流动资金。,18,0.047932674716428814,
600556.SH,20200324,实施完成,,20200827,20200916,21.2,21.2,80.0,1、新媒体商业大数据平台建设项目;2、WEIQ新媒体营销云平台升级项目;3、补充流动资金。,14,-0.08015451472718493,
002891.SZ,20200321,实施完成,,20200924,20201030,6.51,6.51,80.0,1、年产6万吨宠物干粮项目;2、年产2万吨宠物湿粮新西兰项目;3、营销中心建设及营销渠道智能化升级项目;4、补充流动资金,20,0.22794959908361978,
300620.SZ,20200320,实施完成,,20201125,20201218,7.1,7.1,80.0,用于铌酸锂高速调制器芯片研发及产业化项目、补充流动资金,17,-0.06492942453854489,
002254.SZ,20191209,实施完成,,20201016,20201105,5.0,5.0,80.0,"募集配套资金用于1、年产3,000吨高性能芳纶纸基材料产业化项目;2、偿还银行贷款;3、补充流动资金。",14,-0.04867529266789905,
600133.SH,20180605,实施完成,,20200428,20200522,2.2,2.2,80.0,募集配套资金用于支付本次交易现金对价及支付本次交易中介机构费用,15,0.03770491803278708,
300394.SZ,20200318,实施完成,,20210108,20210204,7.86,7.86,80.0,用于面向5G及数据中心的高速光引擎建设项目,19,-0.14418981950922727,-0.12751062549471204
300550.SZ,20200224,实施完成,,20200925,20201030,5.07,5.07,80.0,用于基于物联网及大数据技术的智慧医院一体化建设项目、补充流动资金,19,0.0013015184381777178,
603076.SH,20200316,实施完成,,20210209,20210309,4.18,4.18,80.0,1、当日鲜精酿(啤酒工坊)项目;2、鲜啤酒售卖机运营项目。,15,-0.06436827421283375,0.0036455991098927054
603881.SH,20200314,实施完成,,20200907,20200924,17.34,16.92,80.0,1、JN13-B云计算数据中心项目;2、ZH13-A云计算数据中心项目;3、云创互通云计算数据中心项目;4、偿还银行借款,13,-0.062151898734177036,
600566.SH,20200313,实施完成,,20200924,20201026,14.05,14.05,80.0,1、年产7.2亿袋小儿豉翘清热颗粒项目;2、中药提取车间五项目;3、原料六车间建设项目;4、产品研发项目;5、数字化经营,16,0.003167420814479849,
002243.SZ,20181207,实施完成,,20200519,20200612,5.0,5.0,80.0,募集配套资金用于补充上市公司流动资金、标的公司募投项目建设、支付中介机构费用及其他相关费用,18,0.027365129007036915,
603186.SH,20190427,实施完成,,20200513,20200527,6.5,6.5,80.0,1、年产650万平米高频高速覆铜板青山湖制造基地二期项目；2、补充流动资金。,10,-0.2453333333333333,
002863.SZ,20191126,实施完成,,20201111,20201215,6.0,6.0,80.0,1、年产300万件轻量化铝合金汽车轮毂智能制造项目;2、偿还银行贷款。,24,-0.17699115044247793,
603232.SH,20191224,实施完成,,20200817,20200831,6.45,6.45,80.0,1、下一代数字信任产品研发与产业化项目;2、智联网安全技术研发与产业化项目;3、补充流动资金。,10,0.06412930135557882,
300192.SZ,20190625,实施完成,,20200420,20200512,3.0,3.0,80.0,"募集配套资金用于支付本次交易的现金对价及重组相关费用,并用于上市公司偿还银行贷款。",13,0.0908543922984355,
600278.SH,20190520,实施完成,,20201130,20201214,13.5,12.58,80.0,募集配套资金用于1、支付本次交易现金对价;2、埃塞俄比亚服装加工基地项目;3、用于补充上市公司和标的资产流动资金、偿还债,10,-0.08617234468937884,
002410.SZ,20191029,实施完成,,20200527,20200622,27.0,27.0,80.0,1、造价大数据及AI应用项目;2、数字项目集成管理平台项目;3、BIMDeco装饰一体化平台项目;4、BIM三维图形平台,18,0.2470249520153549,
300738.SZ,20191120,实施完成,,20201020,20201119,4.8,4.8,80.0,用于廊坊讯云数据中心二期项目、补充流动资金及偿还银行贷款,22,-0.09748700173310243,
688001.SH,20191207,实施完成,,20201207,20201225,5.32,3.37,80.0,"募集配套资金用于支付本次交易中的现金对价和重组相关费用,并用于上市公司补充流动资金及标的公司项目建设。",14,-0.07590920185501593,
300014.SZ,20200309,实施完成,,20201015,20201105,25.0,25.0,80.0,用于“面向TWS应用的豆式锂离子电池项目”、“面向胎压测试和物联网应用的高温锂锰电池项目”、“三元方形动力电池量产研究及,15,0.13038674033149178,
300290.SZ,20190731,实施完成,,20200806,20200908,1.18,1.18,80.0,募集配套资金用于支付本次交易现金对价、上市公司归还银行借款、支付本次交易相关费用,23,0.06427688504326312,
601908.SH,20200307,实施完成,,20201225,20210120,25.0,25.0,80.0,用于乌海10GW高效单晶硅棒项目、补充流动资金,17,0.1661814955245018,
002579.SZ,20200307,实施完成,,20200914,20201030,12.0,12.0,80.0,用于珠海富山高密度印制电路板(PCB)建设项目(1-A期),28,-0.13072329130723304,
603005.SH,20200102,实施完成,,20201208,20210114,10.29,10.29,90.0,用于集成电路12英寸TSV及异质集成智能传感器模块项目,26,0.20366050893882393,
300015.SZ,20191030,实施完成,,20200618,20200709,7.1,7.1,80.0,募集配套资金用于支付本次交易的现金对价、本次交易相关中介机构费用及补充上市公司流动资金。,13,0.04816824966078692,
603960.SH,20200103,实施完成,,20200602,20200616,0.5,0.5,80.0,募集配套资金用于1、上海众源项目建设;2、支付中介机构费用。,10,0.09572649572649583,
300618.SZ,20191114,实施完成,,20200707,20200807,19.01,19.01,80.0,用于10000吨/年金属量钴新材料及26000吨/年三元前驱体项目,23,0.22422939068100356,
600131.SH,20190214,实施完成,,20200420,20200508,14.81,14.81,80.0,募集配套资金用于1、云网基础平台光纤骨干网建设项目;2、云网基础平台软硬件系统建设项目;3、互联网+电力营销平台建设项目,11,-0.01187530925284519,
002648.SZ,20190717,实施完成,,20201019,20201120,30.0,30.0,80.0,用于连云港石化有限公司年产135万吨PE、219万吨EOE和26万吨ACN联合装置项目,24,0.2454545454545458,
300408.SZ,20200305,实施完成,,20201015,20201113,21.75,21.75,80.0,用于5G通信用高品质多层片式陶瓷电容器扩产技术改造项目、半导体芯片封装用陶瓷劈刀产业化项目,21,0.13595166163142003,
002373.SZ,20200305,实施完成,,20200727,20200820,19.0,19.0,80.0,用于下一代智慧交通系统产品与解决方案研发升级及产业化项目、补充流动资金,18,0.07928942807625661,
603986.SH,20191001,实施完成,,20200519,20200603,43.24,43.24,80.0,用于DRAM芯片研发及产业化项目及补充流动资金,11,-0.06452775775054076,
300558.SZ,20200304,实施完成,,20201118,20201217,10.02,10.02,80.0,用于新药研发及研发设备升级项目、补充流动资金,21,0.03037689855615988,
002736.SZ,20181128,实施完成,,20200717,20200814,150.0,150.0,80.0,1、向全资子公司增资；2、投资与交易业务；3、资本中介业务；4、偿还债务；5、其他营运资金安排。,20,0.036009002250562805,
600328.SH,20171215,实施完成,,20200415,20200424,8.0,8.0,80.0,募集配套资金用于支付购买资产的现金对价,7,-0.0035885167464114742,
002659.SZ,20180612,实施完成,,20200617,20200715,10.0,4.72,80.0,用于青少年高品质素质教育平台项目,18,0.10526315789473695,
300302.SZ,20180730,实施完成,,20200410,20200512,3.48,2.3,80.0,募集配套资金用于1、支付本次交易的现金对价；2、补充流动资金；3、支付中介机构费用和其他发行费用。,19,0.1837488457987071,
002822.SZ,20191014,实施完成,,20200817,20200903,1.18,1.18,80.0,募集配套资金用于1、支付本次交易中介机构费用；2、支付本次交易的现金对价；3、偿还银行借款；4、补充流动资金。,13,-0.09566968781470298,
002724.SZ,20190910,实施完成,,20200605,20200708,1.36,1.36,80.0,募集配套资金将用于支付本次交易现金对价、中介机构费用及对标的公司补充流动资金,21,0.096518987341772,
002556.SZ,20190831,实施完成,,20200326,20200424,1.3,1.3,80.0,"募集配套资金用于1、支付本次交易现金对价;2、年产1,000吨百里香酚,3,000吨薄荷醇项目;3、支付本次交易的中介机",20,0.06862745098039214,
300667.SZ,20190308,实施完成,,20200408,20200428,1.25,1.25,80.0,募集配套资金用于支付本次交易现金对价、支付本次交易相关费用及用于补充流动资金,14,-0.11840649206934706,
300444.SZ,20200302,实施完成,,20210120,20210301,7.66,6.0,80.0,用于智能电网高端装备研发制造项目、补充流动资金,23,-0.02131782945736438,-0.012584205300131712
002645.SZ,20190705,实施完成,,20200331,20200428,3.18,3.18,80.0,募集配套资金用于支付本次交易的现金对价和相关中介机构费用,19,-0.0345149253731345,
300443.SZ,20191001,实施完成,,20200925,20201105,5.0,5.0,80.0,用于海上风电主轴与其他精密传动轴建设项目。,23,0.20765245117576736,
000301.SZ,20190603,实施完成,,20200618,20200715,36.1,36.1,80.0,"用于盛虹炼化(连云港)有限公司1,600万吨炼化一体化项目",17,-0.02447552447552448,
600821.SH,20190831,实施完成,,20200910,20201012,6.0,4.9,80.0,募集配套资金用于1、支付本次交易的交易税费;2、支付中介机构费用;3、补充标的公司流动资金等。,16,0.034858387799564294,
000657.SZ,20181101,实施完成,,20200605,20200716,15.29,8.88,80.0,"1、2,000吨/年高端硬质合金棒型材生产线技术改造项目;2、硬质合金产品提质扩能建设项目;3、精密工具产业园建设项目;",27,0.08852459016393444,
300688.SZ,20200228,实施完成,,20210129,20210312,5.0,2.18,80.0,用于产业加速服务云平台项目,25,0.010722347629796847,0.019500916177194183
300409.SZ,20200228,实施完成,,20210204,20210305,16.2,12.0,80.0,1、年产30000吨动力电池正极材料前驱体项目；2、年产100吨高导电性石墨烯、150吨碳纳米管生产项目；3、年产500,16,-0.059268600252206816,-0.0593028503118852
600517.SH,20190329,实施完成,,20200427,20200515,30.0,22.38,80.0,募集配套资金用于向英大证券增资,11,0.04641350210970452,
603799.SH,20190420,实施完成,,20200410,20200421,8.0,8.0,80.0,募集配套资金用于年产3万吨(金属量)高纯三元动力电池级硫酸镍项目、支付中介机构费用及本次交易相关税费,7,0.010467980295566504,
600075.SH,20190622,实施完成,,20201127,20201229,22.0,3.15,80.0,募集配套资金用于1、支付本次交易的现金对价。,22,-0.13239875389408096,
600158.SH,20180626,实施完成,,20201120,20201208,5.37,5.37,90.0,募集配套资金用于本次交易的现金对价及中介机构费用,12,-0.17470256731371325,
002493.SZ,20190327,实施完成,,20200907,20201012,80.0,80.0,80.0,"用于4,000万吨/年炼化一体化项目",19,0.040983606557376984,
300659.SZ,20191130,实施完成,,20200710,20200811,7.13,7.13,80.0,1、基于国产平台的安全防护整体解决方案;2、基于大数据的网络安全监管整体解决方案;3、运营服务平台建设;4、补充流动资金,22,-0.15685988930964156,
002765.SZ,20181031,实施完成,,20200528,20200622,4.0,3.12,80.0,募集配套资金用于1、支付本次交易现金对；2、支付交易费用及中介机构费用；3、以及补充标的公司流动资金。,17,0.0,
603300.SH,20191205,实施完成,,20200807,20200820,11.0,11.0,80.0,用于高空作业平台租赁服务能力升级扩建项目、偿还公司及子公司银行贷款,9,-0.06258692628650908,
600732.SH,20200226,实施完成,,20200730,20200814,25.0,25.0,80.0,1、用于义乌三期年产4.3GW高效晶硅电池项目;2、补充流动资金;3、光伏研发中心项目。,11,-0.15786350148367967,
600727.SH,20191116,实施完成,,20200902,20200923,5.49,5.49,80.0,募集配套资金用于支付本次交易的现金对价及相关税费,15,-0.08427672955974852,
002733.SZ,20190424,实施完成,,20200727,20200909,9.95,6.52,80.0,1、武汉雄韬氢燃料电池动力系统产业化基地建设项目；2、深圳雄韬氢燃料电池产业园项目；3、深圳雄韬氢燃料电池电堆研发项目；,32,-0.024545454545454426,
002587.SZ,20191015,实施完成,,20201223,20210122,2.9,2.05,80.0,1、智慧网点智能化集成能力提升项目;2、MiniLED智能制造基地建设项目;3、智慧灯杆系统研发项目;4、补充营运资金。,21,-0.05939073859761479,
603083.SH,20190606,实施完成,,20200410,20200421,7.5,7.5,80.0,用于高速光模块及5G无线通信网络光模块项目、补充流动资金项目,7,0.058006535947712434,
002602.SZ,20180911,实施完成,,20200311,20200414,31.0,31.0,80.0,募集配套资金扣除本次重组发行费用及中介机构费用后将用于支付本次交易中的现金对价。,23,0.0553914327917282,
300684.SZ,20191016,实施完成,,20200612,20200710,8.31,8.31,80.0,用于“5G高效散热模组建设项目”和补充流动资金,18,0.21898496240601495,
300451.SZ,20191111,实施完成,,20200723,20200817,13.18,13.18,80.0,1、数据融合驱动的智为健康云服务整体解决方案项目；2、总部研发中心扩建和区域研究院建设项目；3、营销服务体系扩建项目；4,17,-0.09409799554565712,
300496.SZ,20200224,实施完成,,20200713,20200812,17.01,17.01,80.0,1、智能网联汽车操作系统研发项目；2、智能驾驶辅助系统研发项目；3、5G智能终端认证平台研发项目；4、多模态融合技术研发,22,-0.19066506779817372,
300173.SZ,20190605,实施完成,,20200702,20200818,4.0,4.0,80.0,募集配套资金用于1、支付本次交易中的现金对价和中介机构费用;2、补充上市公司流动资金和偿还债务。,33,0.06557377049180313,
300602.SZ,20190723,实施完成,,20200413,20200512,7.0,7.0,80.0,用于5G通信器件产业化项目、补充流动资金,18,0.1359874748378438,
600984.SH,20180224,实施完成,,20200407,20200423,15.06,15.06,80.0,用于工程租赁设备扩容建设项目,12,0.08392156862745104,
601002.SH,20180816,实施完成,,20200414,20200430,10.93,7.93,80.0,用于1、晋亿中高端紧固件制造与研发技术改造项目;2、智能工厂系统建设项目;3、补充流动资金。,12,-0.06467661691542304,
002374.SZ,20190524,实施完成,,20200924,20201029,4.8,4.8,80.0,用于1、华阴市城乡环境综合治理PPP项目;2、瓶盖产品曲面印刷工艺升级改造项目;3、偿还银行贷款。,19,0.039682539682539764,
002124.SZ,20190604,实施完成,,20200804,20200821,26.66,26.66,80.0,用于1、生猪养殖;2、生猪屠宰及肉制品加工;3、饲料生产加工;4、补充流动资金。,13,0.08911973756150915,
002313.SZ,20190417,实施完成,,20200528,20200629,12.34,11.61,80.0,用于1、AIoT运营中心建设项目;2、研发中心及信息化系统升级项目;3、补充流动资金。,20,0.05218377765172999,
002151.SZ,20191109,实施完成,,20200918,20201028,10.0,7.57,80.0,用于1、5G通信用核心射频元器件扩能及测试验证环境建设项目;2、智能网联汽车电子产品产能扩建项目;3、智能网联汽车电子研,22,0.10238455715367145,
300322.SZ,20200121,实施完成,,20201211,20210113,6.8,6.8,80.0,1、5G基站及终端天线扩产建设项目;2、车载集成智能天线升级扩产项目;3、5G散热组件建设项目;4、补充流动资金。,22,-0.08201911898926839,
002156.SZ,20200222,实施完成,,20200925,20201124,40.0,32.72,80.0,用于1、集成电路封装测试二期工程;2、车载品智能封装测试中心建设;3、高性能中央处理器等集成电路封装测试项目;4、补充流,36,0.13035946297098322,
603085.SH,20191123,实施完成,,20200728,20200811,5.0,5.0,80.0,1、航空座椅核心零部件生产基地建设项目；2、座椅研发中心建设项目；3、补充流动资金。,10,0.1340341655716164,
300632.SZ,20191130,实施完成,,20200923,20201105,10.31,10.31,80.0,1、LED照明产品智能化生产建设项目;2、高光功率紫外固态光源产品建设项目;3、SMT智能化生产线建设项目;4、补充流动,25,0.14682327816337426,
002125.SZ,20180119,实施完成,,20200414,20200522,5.28,5.28,80.0,用于靖西湘潭电化科技有限公司年产2万吨高性能锰酸锂电池正极材料项目,25,-0.11448598130841126,
300563.SZ,20190518,实施完成,,20200512,20200603,3.5,3.5,80.0,用于年产40万千米5G通信、航空航天用高速高稳定性射频同轴电缆建设项目,16,0.08664383561643851,
002340.SZ,20190330,实施完成,,20200415,20200522,30.0,24.25,80.0,用于1、绿色拆解循环再造车用动力电池包项目;2、三元动力电池产业链项目;3、补充流动资金。,24,-0.08193277310924363,
300673.SZ,20190410,实施完成,,20200414,20200513,5.45,5.31,80.0,1、新西兰年产4万吨高品质宠物干粮新建项目;2、柬埔寨年产9200吨宠物休闲食品新建项目;3、城市宠物综合服务中心建设项,18,0.3042769857433809,
002876.SZ,20190419,实施完成,,20200519,20200619,11.0,8.74,80.0,用于超宽幅TFT-LCD用偏光片生产线项目,23,-0.03996865203761746,
300655.SZ,20190717,实施完成,,20200512,20200604,3.0,3.0,80.0,募集配套资金用于1、本次交易的现金对价;2、重组相关费用;3、上市公司补充流动资金及偿还银行贷款;4、载元派尔森NVP项,17,0.25136314067611765,
603959.SH,20181219,实施完成,,20200604,20200622,2.85,2.85,80.0,用于实施/扩大工程总承包项目、偿还银行贷款,12,0.22193211488250664,
300629.SZ,20190212,实施完成,,20200424,20200525,3.0,1.82,80.0,募集配套资金用于1、支付本次交易中的现金对价;2、支付本次交易相关中介机构费用;3、补充上市公司及其子公司流动资金。,18,0.04600694444444464,
002240.SZ,20190218,实施完成,,20200318,20200403,6.6,6.6,80.0,募集配套资金用于1、业隆沟锂辉石矿采选尾工程项目;2、补充上市公司流动资金;3、支付中介机构费用及本次交易相关税费。,12,-0.10099889012208663,
002142.SZ,20170428,实施完成,,20200407,20200515,80.0,80.0,80.0,用于补充公司核心一级资本,25,0.05458422174840094,
300692.SZ,20191018,实施完成,,20201019,20201116,5.5,5.5,80.0,1、惠民县生活垃圾焚烧发电项目;2、泰安市岱岳新兴产业园供排水一体化PPP项目;3、补充流动资金。,20,-0.1416666666666666,
300601.SZ,20190515,实施完成,,20200414,20200520,30.0,30.0,80.0,1、民海生物新型疫苗国际化产业基地建设项目(一期);2、补充流动资金。,23,0.12235929067077866,
002425.SZ,20190516,实施完成,,20210129,20210309,9.0,9.0,80.0,1、游戏研发及运营建设项目；2、代理游戏海外发行项目；3、补充流动资金。,22,-0.10167464114832536,-0.0685747505738663
002600.SZ,20190522,实施完成,,20200602,20200706,30.0,30.0,80.0,1精密金属加工项目;2电磁功能材料项目;3补充流动资金。,22,0.07887323943661961,
300663.SZ,20190425,实施完成,,20201016,20201117,5.07,3.16,80.0,1、智慧银行建设项目;2、非银行金融机构IT系统解决方案建设项目;3、数据库国产化建设项目;4、支付安全建设项目;5、补,22,-0.1771900826446281,
300075.SZ,20191123,实施完成,,20200723,20200904,6.0,6.0,80.0,1、智慧化城市综合管理服务平台建设项目;2、基于物联网的智慧排水综合监管运维一体化平台建设项目;3、基于多网合一的社会治,31,0.03684210526315801,
002612.SZ,20190429,实施完成,,20200323,20200416,0.5,0.5,80.0,募集配套资金用于1、支付本次交易的相关中介费用；2、医疗美容旗舰店建设项目。,17,0.019893899204244114,
300037.SZ,20181219,实施完成,,20200410,20200511,11.4,11.4,80.0,用于1、海德福高性能氟材料项目(一期);2、惠州宙邦三期项目;3、荆门锂电池材料及半导体化学品项目(一期);4、补充流动,18,0.10523573847356094,
300609.SZ,20190221,实施完成,,20200422,20200605,10.0,6.18,80.0,1、实体商业线下数据采集网络建设项目;2、大数据运营管理中心建设项目;3、补充流动资金。,29,0.07955742887249717,
603363.SH,20190506,实施完成,,20200427,20200518,13.9,13.9,80.0,"1、南溪猪场养殖基地建设项目(一期);2、梨园村傲新生猪养殖项目;3、年存栏10,000头父母代母猪场项目;4、上杭生态",12,-0.06800000000000017,
300174.SZ,20190717,实施完成,,20200615,20200715,8.83,8.83,80.0,用于南平工业园区活性炭建设项目、南平元力活性炭研发中心建设项目、偿还银行贷款及补充流动资金项目,20,0.29830917874396157,
300639.SZ,20200214,实施完成,,20200901,20200916,10.5,10.5,90.0,1、核酸分子诊断产品产业化项目;2、第三方医学实验室升级项目;3、核酸分子诊断产品研发项目;4、抗HPV药物研发项目;5,11,-0.12374975485389295,
002782.SZ,20200114,实施完成,,20200810,20200917,4.89,4.89,80.0,1、汽车电子磁性元件生产线建设项目；2、汽车电子研发中心建设项目；3、电源生产自动化改造项目；4、补充流动资金项目。,28,-0.07746478873239437,
002886.SZ,20200103,实施完成,,20200910,20201020,4.3,3.58,80.0,"用于特种工程塑料聚酰胺10,000吨/年、特种工程塑料聚砜10,000吨/年项目(一、二期)及补充流动资金",22,0.009560906515580836,
300708.SZ,20200523,实施完成,,20210428,20210608,10.0,7.02,80.0,用于高光效LED芯片扩产升级项目、补充流动资金,26,0.19951100244498776,0.1582872447261663
300180.SZ,20180807,实施完成,,20200916,20201030,13.8,4.0,90.0,"用于江苏超纤年产5,000万米产业用非织造布超纤材料项目",26,-0.05548037889039237,
300439.SZ,20200629,实施完成,,20210311,20210331,6.0,6.0,80.0,用于体外诊断产品研发及产业化项目、信息系统升级项目、偿还银行借款。,14,0.0790361445783132,0.07744350646960907
002432.SZ,20200629,实施完成,,20210226,20210319,3.16,3.16,80.0,1、糖尿病照护服务及相关产品研发项目;2、疫情相关智能化改造及新品研发项目。,15,0.057034220532319546,0.08945220998916947
002282.SZ,20190907,实施完成,,20210106,20210203,4.25,4.25,80.0,募集配套资金用于1、支付现金对价;2、投入标的公司建设项目;3、上市公司偿还债务;4、补充标的公司流动资金、偿还债务;5,20,0.053830227743271175,0.06388783736007064
300470.SZ,20200221,实施完成,,20201224,20210129,4.6,4.6,80.0,1、收购新地佩尔100%股权并增资项目；2、机械密封产品数字化转型及智能制造项目；3、补充流动资金。,25,-0.044740474874932934,
300702.SZ,20200623,实施完成,,20201224,20210120,9.0,9.0,80.0,"1、年产3,550吨原料药等项目;2、年产1,000吨沙坦主环等19个医药中间体产业化项目;3、年产670吨艾瑞昔布呋喃",18,0.0024716116178937764,
603218.SH,20200623,实施完成,,20201109,20201127,28.0,28.0,80.0,用于年产22万吨大型铸件精加工生产线建设项目、补充流动资金。,14,0.059678052610914856,
300373.SZ,20200620,实施完成,,20210107,20210128,14.9,14.9,80.0,用于智能终端用超薄微功率半导体芯片封测项目、补充流动资金,15,-0.04662872154115594,-0.027309656119569148
601360.SH,20180516,实施完成,,20201207,20210104,95.12,49.3,80.0,用于360网络空间安全研发中心项目等,19,-0.07416127133607986,
603613.SH,20200428,实施完成,,20201103,20201127,24.66,24.66,80.0,1、国联股份数字经济总部建设项目;2、基于AI的大数据生产分析系统研发项目;3、基于网络货运及智慧供应链的物联网支持系统,18,-0.11523178807947032,
300227.SZ,20200609,实施完成,,20210111,20210203,1.96,1.96,80.0,募集配套资金用于1、补充上市公司流动资金;2、本次交易的现金对价;3、3D打印(激光)生产线建设项目;4、本次交易的税费,17,-0.0055658627087197265,-0.0015540384609324942
300599.SZ,20200616,实施完成,,20210429,20210528,5.01,5.01,80.0,1、云南年产7万吨PVC/PPR/PE高性能高分子环保复合材料项目;2、新型管道材料及应用技术研发项目;3、补充流动资金,18,0.014311270125223707,-0.02114901733618446
603658.SH,20200616,实施完成,,20201027,20201112,30.8,30.8,80.0,1、安图生物体外诊断产业园(三期)项目；2、安图生物诊断仪器产业园之营销网络建设项目；3、补充流动资金。,12,-0.10286382232612501,
300502.SZ,20200307,实施完成,,20201116,20201228,16.5,16.5,80.0,用于高速率光模块生产线项目、补充流动资金,30,-0.14132231404958673,
601865.SH,20200615,实施完成,,20201231,20210118,25.0,25.0,80.0,"1、年产75万吨光伏组件盖板玻璃二期项目；2、年产4,200万平方光伏背板玻璃项目；3、补充流动资金。",11,-0.03470504538164765,
002683.SZ,20200219,实施完成,,20200925,20201030,17.68,17.68,80.0,用于矿山工程机械设备购置项目、补充流动资金,19,0.004214075010535057,
600487.SH,20190410,实施完成,,20201112,20201216,50.4,50.4,80.0,1、PEACE跨洋海缆通信系统运营项目;2、100G/400G硅光模块研发及量产项目;3、补充流动资金。,24,-0.08183632734530932,
300115.SZ,20200304,实施完成,,20201102,20201126,19.0,19.0,80.0,用于投资上海临港新能源汽车零组件(一期)项目、5G智能终端模组项目,18,0.03128760529482566,
300177.SZ,20200603,实施完成,,20210126,20210304,9.25,5.1,80.0,1、基于全要素网格的社会治理平台项目;2、基于时空智能技术的应急管理平台项目;3、高精度GNSS应用技术研发中心建设项目,22,0.006269592476489061,0.02520807105795897
002506.SZ,20200118,实施完成,,20201214,20210125,42.0,25.13,80.0,用于1、大尺寸再生晶圆半导体项目;2、阜宁协鑫集成2.5GW叠瓦组件项目;3、补充流动资金。,29,0.09266148948397745,
600810.SH,20191012,实施完成,,20210125,20210324,10.0,6.0,80.0,"募集配套资金用于3万吨/年1,6-己二醇项目、尼龙化工产业配套氢氨项目、上市公司偿还债务",37,0.22614107883817414,0.3197942484018299
603386.SH,20200530,实施完成,,20210825,20210915,5.0,1.9,80.0,用于年产80万平方米智能互联高精密线路板项目、补充流动资金及偿还银行贷款,15,-0.06966178697627445,-0.09913753490861121
600489.SH,20181123,实施完成,,20200724,20200806,20.0,20.0,80.0,募集配套资金用于支付现金收购标的资产的对价、补充上市公司和标的公司流动资金、偿还债务。,9,0.09057639524245187,
300750.SZ,20200227,实施完成,,20200706,20200804,197.0,197.0,80.0,1、宁德时代湖西锂离子电池扩建项目;2、江苏时代动力及储能锂离子电池研发与生;产项目(三期);3、四川时代动力电池项目一,21,0.18498312710911136,
300748.SZ,20200525,实施完成,,20201221,20210127,6.78,5.21,80.0,用于年产3000吨新能源汽车及3C领域高端磁材项目、补充流动资金,26,-0.05904251555249607,
603799.SH,20200523,实施完成,,20210126,20210209,60.18,60.18,80.0,1、年产4.5万吨镍金属量高冰镍项目；2、年产5万吨高镍型动力电池用三元前驱体材料项目；3、华友总部研究院建设项目；4、,10,0.024485196188915204,0.014801812728553854
002544.SZ,20191203,实施完成,,20201210,20210121,13.76,13.76,80.0,1、下一代移动通信产业化项目;2、5G高端通信振荡器的研发与产业化项目;3、泛在智能公共安全专网装备研发及产业化项目;4,29,-0.03238077905581793,
603078.SH,20200224,实施完成,,20201111,20201127,2.9,2.9,80.0,1、年产6万吨超高纯湿电子化学品项目;2、年产3万吨超高纯湿电子化学品、副产0.2万吨工业级化学品再生利用项目;3、补充,12,-0.028417818740399392,
603183.SH,20190417,实施完成,,20200619,20200713,1.99,1.99,80.0,募集配套资金用于1、支付本次重组现金对价;2、支付中介费用等交易税费;3、补充流动资金。,14,0.19001386962552003,
000909.SZ,20200210,实施完成,,20201201,20201225,1.68,5.0,90.0,募集配套资金用于1、支付现金交易对价;2、诚园置业自持部分升级改造项目;3、东部软件园园区提升改造工程和“智云社”众创空,18,-0.06976744186046513,
002307.SZ,20190318,实施完成,,20210323,20210527,9.5,6.0,80.0,募集配套资金用于支付本次交易的现金对价、支付本次交易相关费用及投入标的公司项目建设,43,-0.004158004158004047,-0.05861338840519714
601878.SH,20200520,实施完成,,20210413,20210520,28.05,28.05,80.0,1、投资与交易业务；2、资本中介业务；3、偿还债务；4、经纪业务、研究业务及信息系统建设。,24,0.08991596638655475,0.05558185705850982
601689.SH,20200519,实施完成,,20210126,20210223,20.0,20.0,80.0,用于杭州湾二期轻量化底盘系统模块项目、湖南工厂轻量化底盘系统模块项目,15,-0.1624794069192751,-0.17789423689483463
000895.SZ,20200518,实施完成,,20200914,20201019,70.0,70.0,80.0,1、肉鸡产业化产能建设项目;2、生猪养殖产能建设项目;3、生猪屠宰及调理制品技术改造项目;4、肉制品加工技术改造项目;5,19,-0.025228022511158743,
603179.SH,20200516,实施完成,,20201215,20210104,11.99,11.99,80.0,1、西安生产基地建设项目;2、上海智能制造基地建设项目;3、上海研发中心建设项目4、补充流动资金。,13,0.33971205380571634,
000785.SZ,20200516,实施完成,,20201103,20201202,35.95,35.95,80.0,1、门店改造升级项目;2、中商超市智慧零售建设项目;3、大数据平台建设项目;4、居然之家京津冀智慧物流园项目(二期);5,21,-0.09482758620689635,
002909.SZ,20200229,实施完成,,20201221,20210108,3.0,3.0,80.0,"1、年产中性硅酮密封胶80,000吨和改性硅酮密封胶30,000吨项目;2、年产双组份硅橡胶15,000吨和乙烯基硅油8",13,-0.048785621821452185,
002786.SZ,20200515,实施完成,,20210315,20210415,7.07,5.41,80.0,用于广东银宝山新科技有限公司产业建设项目一期工程、偿还借款及补充流动资金项目,22,-0.00981996726677592,-0.003714533768116035
603068.SH,20200514,实施完成,,20201222,20210107,7.61,7.61,80.0,用于智慧交通与智能驾驶研发及产业化项目、补充流动资金,11,0.0742043788337956,
601016.SH,20190514,实施完成,,20200819,20200902,28.0,20.69,80.0,1、阳江南鹏岛海上风电项目(300MW)；2、德令哈风电项目(50MW)；3、达茂旗百灵庙风电供热项目(50MW)；4、,10,-0.07920792079207906,
603317.SH,20200513,实施完成,,20201104,20201130,16.3,16.3,80.0,用于天味食品调味品产业化项目、食品、调味品产业化生产基地扩建项目,18,-0.1105732869459991,
002362.SZ,20200513,实施完成,,20201215,20210120,6.0,5.69,80.0,用于1、新一代自然语言认知技术与文本大数据开放平台及应用系统;2、新一代神经网络图像视频与人形行为分析平台及企业端应用项,25,-0.025855513307984745,
300275.SZ,20200512,实施完成,,20210205,20210312,1.54,1.54,80.0,1、基于5G+AI技术的智慧矿山大数据管控平台项目;2、基于5G+AI技术的智慧城市管理大数据管控平台项目;3、补充流动,20,-0.012154696132596676,0.0002196116299668649
300483.SZ,20200227,实施完成,,20200918,20201023,8.28,8.28,80.0,1、购买中海沃邦10%股权;2、偿还济川控股借款;3、偿还银行贷款。,19,-0.020386826973340266,
002568.SZ,20200509,实施完成,,20201030,20201123,10.06,10.06,80.0,用于烈酒(威士忌)陈酿熟成项目,16,0.23661718398560505,
600110.SH,20200509,实施完成,,20201120,20201203,14.2,14.2,80.0,用于年产15000吨高性能极薄锂离子电池用电解铜箔工程项目、补充流动资金及偿还银行贷款,9,-0.03485254691688999,
300019.SZ,20200507,实施完成,,20210201,20210315,8.4,8.4,80.0,用于1、10万吨/年高端密封胶智能制造项目;2、国家企业技术中心扩建项目;3、补充流动资金项目。,25,0.001145475372279492,0.026127086944498723
603990.SH,20200227,实施完成,,20201110,20201204,7.46,7.28,80.0,1、区域急危重症协同救治系统平台建设项目;2、互联网云医疗信息系统建设项目;3、补充流动资金。,18,-0.11883495145631062,
603918.SH,20200430,实施完成,,20210316,20210402,4.65,3.57,80.0,1、基于云架构的技术中心升级项目；2、智慧法治综合平台建设项目；3、智慧教育综合平台建设项目；4、补充流动资金。,13,0.04036326942482349,0.02911911668150169
002497.SZ,20200430,实施完成,,20201224,20210129,15.0,15.0,80.0,1、新增年产2万吨电池级氢氧化锂、1.1万吨氯化锂及其制品项目;2、补充流动资金。,25,0.13125748504674561,
300401.SZ,20191214,实施完成,,20200716,20200813,9.09,9.09,80.0,"1、年产1,200吨羊毛脂胆固醇及8,000吨精制羊毛脂项目;2、年产3,600吨饲料级VD3粉及540吨食品级VD3粉",20,0.05448504983388669,
300545.SZ,20200429,实施完成,,20210401,20210422,6.0,6.0,80.0,1、汽车电子显示智能装备建设项目；2、大尺寸TV模组智能装备建设项目；3、半导体封测智能装备建设项目；4、补充流动资金项,14,0.04904146232724038,0.049410113362215125
603936.SH,20200429,实施完成,,20201028,20201124,12.45,8.43,80.0,1、高精密多层刚挠结合印制电路板产业化项目；2、高端印制电路板生产技术改造项目；3、研发中心升级项目；4、补充流动资金及,19,-0.09643328929986805,
300166.SZ,20200429,实施完成,,20210422,20210609,18.0,8.0,80.0,1、工业互联网云化智能平台项目;2、5G+工业互联网融合接入与边缘计算平台项目;3、东方国信云项目;4、东方国信工业互联,31,0.10330138445154402,0.0645064817605494
300228.SZ,20200429,实施完成,,20210303,20210329,4.71,4.71,80.0,1、新型LNG智能罐箱及小型可移动液化装置产业化项目;2、常温及低温LNG船用装卸臂项目;3、LNG高压直喷供气系统项目,18,0.08703071672354934,0.13183996041525425
600141.SH,20200418,实施完成,,20201028,20201120,8.8,7.93,80.0,1、6万吨/年芯片用超高纯电子级化学品项目;2、3万吨/年电子级磷酸技术改造项目;3、归还银行贷款。,17,0.1237373737373737,
300648.SZ,20200428,实施完成,,20201229,20210125,4.0,4.0,80.0,1、新能源汽车电池智能制造装备及智能电站变流控制系统产业化项目;2、锂电池电芯化成分容设备及小动力电池包组装自动线设备生,18,0.05556408177042593,
002036.SZ,20200428,实施完成,,20201021,20201118,22.0,10.71,80.0,用于1、年产2.6亿颗高端手机镜头产业化项目;2、年产2400万颗智能汽车光学镜头及600万颗影像模组产业化项目;3、补,20,0.10818181818181816,
000498.SZ,20191224,实施完成,,20201026,20201124,10.0,10.0,80.0,募集配套资金用于1、兴山县古夫绕城、昭君绕城及S287百果园至水月寺公路改建工程PPP项目;2、高密市城建工程PPP项目,21,0.01949317738791434,
300133.SZ,20200427,实施完成,,20210412,20210507,22.0,7.27,80.0,1、影视剧制作项目；2、超高清制作及媒资管理平台建设项目；3、补充流动资金。,16,-0.05589123867069501,-0.05752779093892335
300232.SZ,20200425,实施完成,,20210323,20210426,8.84,8.83,80.0,1、洲明科技大亚湾LED显示屏智能化产线建设项目;2、信息化平台建设项目;3、补充流动资金。,23,-0.07093821510297493,-0.07894514849592305
002332.SZ,20200425,实施完成,,20201028,20201127,10.0,10.0,80.0,用于1、高端制剂国际化建设项目;2、偿还银行借款;3、补充流动资金。,22,-0.1188118811881188,
600800.SH,20181019,实施完成,,20201211,20201228,18.0,7.06,80.0,募集配套资金用于1、渤海石化丙烷脱氢装置技术改造项目;2、支付本次交易中介机构费用与税费。,11,-0.13117870722433445,
002079.SZ,20200424,实施完成,,20210518,20210615,3.01,3.01,80.0,募集配套资金用于1、支付本次交易的现金对价;2、标的公司一期项目年产太阳能电子浆料500吨;3、补充标的公司流动资金;4,19,0.13690476190476208,0.12809973803062902
300769.SZ,20200423,实施完成,,20201120,20201215,12.0,12.0,80.0,用于年产4万吨纳米磷酸铁锂项目、补充流动资金,17,0.1339674990091162,
603019.SH,20200423,实施完成,,20201014,20201104,47.8,47.8,80.0,1、基于国产芯片高端计算机研发及扩产项目；2、高端计算机IO模块研发及产业化项目；3、高端计算机内置主动管控固件研发项目,15,-0.12052445789208255,
002739.SZ,20200422,实施完成,,20200924,20201112,43.5,29.29,80.0,用于新建影院项目、补充公司流动资金及偿还借款,29,0.02224757558471202,
600699.SH,20200422,实施完成,,20201015,20201106,25.0,25.0,80.0,用于智能汽车电子产品产能扩建项目、补充流动资金,16,0.1212121212121211,
300258.SZ,20200421,实施完成,,20201102,20201126,10.08,10.08,80.0,1、新能源汽车轻量化关键零部件生产项目;2、年产2万套模具及150万套差速器总成项目;3、偿还银行贷款。,18,0.13247863247863267,
300036.SZ,20200421,实施完成,,20210713,20210802,7.23,7.23,80.0,用于1、SuperMapGIS11基础软件升级研发与产业化项目;2、自然资源信息化产品研发及产业化项目;3、智慧城市操作,14,-0.04054054054054057,-0.012225219665793263
002940.SZ,20200421,实施完成,,20201022,20201127,5.6,2.75,80.0,1、杭州药物研发平台项目;2、年产5吨多索茶碱、20吨氢氧化钾、3吨苯磺酸左旋氨氯地平、120吨哌拉西林钠、25吨他唑巴,26,-0.13646574316735305,
600438.SH,20200421,实施完成,,20201117,20201208,59.83,59.83,80.0,1、年产7.5GW高效晶硅太阳能电池智能工厂项目(眉山二期);2、年产7.5GW高效晶硅太阳能电池智能互联工厂项目(金堂,15,-0.009497964721845276,
002562.SZ,20200420,实施完成,,20201207,20210108,12.0,5.43,80.0,"1、年产30,000吨天然香料建设项目;2、兄弟科技研究院建设项目;3、偿还银行贷款。",23,-0.14853051830377106,
300046.SZ,20200420,实施完成,,20210316,20210414,5.0,3.5,80.0,用于新型高功率半导体器件产业升级项目、高功率半导体技术研发中心项目、补充流动资金,20,-0.05148205928237126,-0.04315035515023258
000723.SZ,20200420,实施完成,,20201208,20210129,10.98,10.98,80.0,1、用于“华盛化工新材料项目”。,37,0.047166395409791395,
000050.SZ,20190829,实施完成,,20200812,20200910,73.0,55.95,80.0,用于武汉天马第6代LTPSAMOLED生产线二期项目,21,-0.12170263788968816,
002149.SZ,20200418,实施完成,,20201228,20210203,7.85,7.85,80.0,用于1、高性能低成本钛合金材料生产线技术改造项目;2、西部材料联合技术中心建设项目;3、补充流动资金。,26,-0.107886850465861,
300454.SZ,20200415,实施完成,,20201118,20201215,8.88,8.88,80.0,用于云化环境下的安全产品和解决方案升级项目、网络信息安全服务与产品研发基地项目,19,0.16193021224112214,
002743.SZ,20200415,实施完成,,20201111,20201218,6.55,6.55,80.0,用于九里安置区装配式建筑深化设计施工总承包项目、补充流动资金,27,-0.08977556109725682,
300472.SZ,20200314,实施完成,,20210222,20210315,6.0,4.65,80.0,用于废旧轮胎循环利用智慧工厂项目、补充流动资金,15,-0.06236559139784936,-0.0013637440088463126
002459.SZ,20200411,实施完成,,20200917,20201030,52.0,52.0,80.0,用于年产5GW高效电池和10GW高效组件及配套项目、补充流动资金,25,0.3168384879725086,
603319.SH,20200411,实施完成,,20201215,20210114,3.67,3.67,80.0,用于节能与新能源汽车零部件智能制造技术改造项目、补充流动资金,21,-0.11903119109435567,
300433.SZ,20200411,实施完成,,20201215,20210127,150.0,150.0,80.0,1、长沙(二)园智能穿戴和触控功能面板建设项目；2、长沙(二)园车载玻璃及大尺寸功能面板建设项目；3、长沙(二)园3D触,30,0.130257079423598,
002239.SZ,20200411,实施完成,,20210118,20210305,4.42,4.42,80.0,"用于1、新能源汽车热泵空调系统项目;2、年产60万台第四代电动压缩机项目;3、年产1,500万支压缩机活塞项目;4、中央",29,-0.14012738853503193,-0.11698857556163478
002856.SZ,20190430,实施完成,,20200707,20200811,3.02,1.82,80.0,1、深圳建行大厦非公共区域精装修设计施工一体化和幕墙工程项目；2、恒明湾创汇中心一期6#地块幕墙工程项目。,25,-0.027380952380952395,
603838.SH,20190903,实施完成,,20200608,20200624,5.0,3.33,80.0,用于年产800万m2特种高性能陶瓷板材项目(第一期),12,0.11604938271604937,
002384.SZ,20191018,实施完成,,20200707,20200806,28.92,28.92,80.0,1、年产40万平方米精细线路柔性线路板及配套装配扩产项目；2、Multek印刷电路板生产线技术改造项目；3、盐城东山通信,22,-0.08761232349165604,
601615.SH,20200409,实施完成,,20201020,20201118,59.0,58.03,80.0,1、10MW级海上漂浮式风机设计研发项目;2、汕尾海洋工程基地(陆丰)项目明阳智能海上风电产业园工程;3、北京洁源山东菏,21,-0.177221926556679,
002850.SZ,20200409,实施完成,,20201028,20201201,13.86,13.86,80.0,用于惠州动力锂电池精密结构件新建项目、补充流动资金,24,-0.14358322744599739,
600562.SH,20181104,实施完成,,20200710,20200724,6.0,6.0,80.0,"募集配套资金用于补充上市公司流动资金、支付本次交易的现金对价,其余用于支付中介机构费用及相关交易税费。",10,-0.029875986471251337,
002560.SZ,20200408,实施完成,,20200922,20201102,6.0,6.0,80.0,1、航空零部件制造基地建设项目；2、新都区航飞航空结构件研发生产项目；3、偿还银行借款。,23,-0.17399438727782957,
600496.SH,20200408,实施完成,,20200813,20200828,10.0,10.0,80.0,1、绍兴国际会展中心一期B区工程EPC项目;2、绍兴南部综合交通枢纽建设工程施工总承包项目;3、补充流动资金。,11,0.18213660245183894,
600116.SH,20190324,实施完成,,20200611,20200623,5.0,5.0,90.0,募集配套资金用于1、支付本次交易现金对价;2、补充上市公司流动资金;3、支付本次交易的中介机构费用及交易税费。,8,-0.014634146341463317,
603313.SH,20181201,实施完成,,20201028,20201130,6.93,6.93,80.0,1、美国生产基地建设项目；2、塞尔维亚(三期)生产基地建设项目；3、补充流动资金。,23,0.09058089924515933,
603329.SH,20190829,实施完成,,20210305,20210401,3.5,2.59,80.0,用于投资“一带一路供应链基地(连云港)项目”及补充流动资金。,19,-0.02551834130781483,-0.015494678413195073
002910.SZ,20191206,实施完成,,20201123,20201225,3.78,3.78,80.0,用于金川区万头奶牛养殖循环产业园项目、偿还银行借款,24,-0.15638963360143,
603818.SH,20180524,实施完成,,20200630,20200722,25.0,6.59,80.0,用于要约收购挪威奥斯陆证券交易所上市公司Ekornes ASA至少55.57%已发行股份,16,0.1499436302142052,
002853.SZ,20191204,实施完成,,20201228,20210127,6.0,6.0,80.0,1、皮阿诺全屋定制智能制造项目;2、补充流动资金。,21,0.10411684408092392,
300323.SZ,20200403,实施完成,,20201127,20201218,15.0,15.0,80.0,用于mini/Micro LED的研发与制造项目、GaN基电力电子器件的研发与制造项目,15,-0.04455445544554437,
002555.SZ,20200402,实施完成,,20210204,20210310,42.96,29.33,80.0,1、网络游戏开发及运营建设项目;2、5G云游戏平台建设项目;3、广州总部大楼建设项目。,19,0.05481377371749829,0.10008886871174405
002673.SZ,20200402,实施完成,,20201216,20210119,75.0,75.0,80.0,1、交易与投资;2、发展资本中介业务;3、对子公司增资;4、增加营业网点及渠道建设投入;5、偿还债务;6、增加信息技术和,23,0.16318820262257816,
000859.SZ,20200402,实施完成,,20201208,20210118,7.07,7.07,80.0,1、高性能微电子级聚酰亚胺膜材料项目;2、补充流动资金。,28,-0.07932556157536153,
300223.SZ,20181109,实施完成,,20200825,20200911,15.0,15.0,80.0,募集配套资金用于1、支付本次交易的部分现金对价；2、投入标的资产的项目建设。,13,-0.08540218470705063,
600803.SH,20190911,实施完成,,20210115,20210201,35.0,30.73,80.0,募集配套资金用于支付标的资产的现金对价,11,0.14609929078014194,0.1660748554650593
300724.SZ,20200930,实施完成,,20210402,20210427,25.0,25.0,80.0,1、超高效太阳能电池装备产业化项目;2、先进半导体装备(半导体清洗设备及炉管类设备)研发项目;3、补充流动资金项目。,16,-0.005630221576462091,0.006437961792622904
002414.SZ,20200930,实施完成,,20210325,20210428,25.0,25.0,80.0,1、新一代自主红外芯片研发及产业化项目;2、晶圆级封装红外探测器芯片研发及产业化项目;3、面向新基建领域的红外温度传感器,23,-0.014125108100317085,-0.04078250161930774
300696.SZ,20200930,实施完成,,20210802,20210823,5.0,5.0,80.0,用于航空零部件智能制造中心、补充流动资金,15,0.09802323211738329,0.09396644777604579
002294.SZ,20200930,实施完成,,20210517,20210624,19.52,19.52,80.0,用于心脑血管及相关领域创新药研发项目、补充流动资金及偿还银行贷款,27,-0.10099573257467986,-0.11335618649100454
603530.SH,20200929,实施完成,,20210811,20210824,6.2,4.24,80.0,1、变电设备外绝缘部件数字化工厂建设项目;2、配网复合横担数字化工厂建设项目;3、运营管理中心建设项目;4、补充流动资金,9,-0.06755196304849886,-0.06273638437248175
300650.SZ,20200523,实施完成,,20210721,20210818,4.2,4.2,80.0,用于收购博思达资产组,20,-0.07721567135793084,-0.05672936864585032
601162.SH,20200929,实施完成,,20210419,20210429,81.79,81.79,80.0,1、发展投资与交易业务;2、扩大信用业务规模;3、增加子公司投入;4、偿还债务;5、补充营运资金。,8,-0.05138339920948609,-0.05066068293162351
601500.SH,20200929,实施完成,,20210610,20210618,8.85,8.85,80.0,用于泰国高性能子午胎项目、补充流动资金,5,-0.023255813953488524,0.0005074285857116223
000099.SZ,20200929,实施完成,,20210816,20210909,13.6,11.03,80.0,1、飞机购置项目;2、航材购置及飞机维修项目;3、偿还有息负债及补充流动资金项目。,18,0.07754010695187175,0.02625155213199104
600679.SH,20200118,实施完成,,20210625,20210715,5.0,5.0,80.0,募集配套资金用于1、支付本次交易的现金对价;2、相关交易税费以及中介机构费用;3、补充上市公司流动资金等。,14,-0.03303055326176707,-0.021373610402681487
300413.SZ,20200928,实施完成,,20210803,20210824,45.0,45.0,80.0,用于内容资源库扩建项目、芒果TV智慧视听媒体服务平台项目,15,-0.017776979709103746,-0.03635667306828383
600446.SH,20200619,实施完成,,20210302,20210325,10.01,10.01,80.0,1、券商资产负债管理整体解决方案项目;2、券商重资本业务一体化解决方案项目;3、大资管业务一体化解决方案项目;4、金融云,17,-0.01487710219922389,0.027590160738098612
002892.SZ,20200926,实施完成,,20210715,20210811,5.0,5.0,80.0,用于智能电机与驱控系统建设项目、补充流动资金,19,-0.007336757153338258,0.001646473498710721
000951.SZ,20200926,实施完成,,20210129,20210315,50.13,50.13,80.0,1、智能网联(新能源)重卡项目;2、高性能桥壳自动化智能生产线项目;3、偿还银行贷款及补充流动资金。,26,-0.05350414468726461,-0.03603421014432362
300222.SZ,20200926,实施完成,,20210819,20210916,6.26,6.26,80.0,1、高端智能装备产业化项目;2、智能换电站产业化项目;3、一二次融合智能成套设备产业化项目;4、5G通信控制模组及智能终,20,-0.12209302325581395,-0.15654094962476783
603197.SH,20200829,实施完成,,20210416,20210430,9.18,9.18,80.0,用于年产2680万支车用传感器项目、补充流动资金,10,0.06420664206642068,0.05795803462628313
002452.SZ,20180926,实施完成,,20210823,20210908,3.76,3.76,80.0,1、金洲生产基地二期项目;2、总部技术中心及区域运行中心建设项目;3、补充流动资金。,12,0.10552763819095468,0.0459511750467505
603663.SH,20200924,实施完成,,20210830,20210913,2.2,2.2,80.0,1、年产1500吨特种陶瓷项目；2、先进陶瓷材料研发实验室；3、偿还银行借款。,10,-0.06201550387596921,-0.10928142367283222
300124.SZ,20200924,实施完成,,20210617,20210715,21.3,21.3,80.0,1、收购汇川控制49.00%股权;2、产能扩建及智能化工厂建设项目;3、工业软件技术平台研发项目;4、数字化建设项目;5,20,0.2257751937984498,0.21236886403144717
603330.SH,20200616,实施完成,,20210204,20210317,3.87,3.87,80.0,1、高档新型环保墙布及产业用功能性面料生产项目;2、热熔粘接材料项目;3、补充流动资金。,24,0.1810276679841898,0.20032840164543209
603185.SH,20200714,实施完成,,20210125,20210209,30.0,30.0,80.0,用于包头年产8GW单晶硅拉晶生产项目以及补充流动资金,11,0.014344144247940838,0.020184797038448776
300497.SZ,20200330,实施完成,,20201222,20210121,10.04,10.04,80.0,用于富祥生物医药项目、年产616吨那韦中间体、900吨巴坦中间体项目,21,-0.06121896090508694,
000927.SZ,20191223,实施完成,,20201204,20210108,16.0,15.74,80.0,募集配套资金用于补充标的公司流动资金、支付本次交易相关税费及中介机构费用,23,0.27799996236612845,
002967.SZ,20200916,实施完成,,20210427,20210615,15.0,15.0,80.0,1、区域计量检测实验室建设项目;2、广电计量华东检测基地项目;3、补充流动资金。,31,0.11322291610100454,0.07755658425564915
002409.SZ,20200915,实施完成,,20210803,20210910,11.9,11.9,80.0,1、浙江华飞电子基材有限公司新一代大规模集成电路封装专用材料国产化项目;2、年产12000吨电子级六氟化硫和年产2000,28,-0.08880186282811164,-0.15157716456226233
300762.SZ,20200915,实施完成,,20210413,20210513,10.0,10.0,80.0,1、研发基地建设项目;2、5G小基站设备研发及产业化项目;3、补充流动资金项目。,19,0.0,-0.009641566391442868
300428.SZ,20200828,实施完成,,20210830,20210924,3.1,3.1,80.0,募集配套资金用于1、新型轻量化铝合金材料制造项目；2、偿还上市公司债务；3、支付本次交易相关税费及中介机构费用。,17,-0.14035916824196593,-0.160562873507475
300456.SZ,20200912,实施完成,,20210817,20210908,23.45,23.45,80.0,1、8英寸MEMS国际代工线建设项目；2、MEMS高频通信器件制造工艺开发项目；3、MEMS先进封装测试研发及产线建设项,16,-0.12082262210796912,-0.17541509217647555
002752.SZ,20191102,实施完成,,20210129,20210322,8.1,7.46,80.0,用于云南曲靖灌装及制罐生产线建设项目、昇兴股份泉州分公司两片罐制罐生产线技改增线项目,31,-0.04647435897435903,-0.03550038238901776
002789.SZ,20200911,实施完成,,20210726,20210818,5.4,1.99,80.0,1、建筑装饰工程项目；2、总部基地建设项目；3、补充流动资金。,17,0.22743682310469304,0.2211522281713756
603020.SH,20200909,实施完成,,20211021,20211109,7.5,7.5,80.0,用于食品配料研发制造基地项目,13,-0.0007698229407236967,0.024241206121620396
603456.SH,20200908,实施完成,,20210126,20210208,10.0,10.0,80.0,1、瑞博(苏州)制药有限公司研发中心项目;2、瑞博(杭州)医药科技有限公司研发中心项目;3、浙江四维医药科技有限公司CD,9,-0.010289073983341557,7.252223811771152e-05
300573.SZ,20200908,实施完成,,20211217,20220118,8.0,6.0,80.0,1、单剂量生产线建设项目；2、研发中心建设及新药研发项目；3、补充流动资金。,21,0.0975054846835135,0.11670442094237576
000589.SZ,20200905,实施完成,,20210302,20210329,10.0,10.0,80.0,用于越南年产120万条全钢子午线轮胎项目,19,-0.04400000000000004,-0.023602803810955697
300001.SZ,20200519,实施完成,,20210401,20210506,10.0,10.0,80.0,用于1、新型箱式电力设备生产线技术改造项目;2、补充流动资金。,21,-0.07275483137552119,-0.06600546661705664
300460.SZ,20200730,实施完成,,20210407,20210512,5.0,5.0,80.0,用于高基频、小型化压电石英晶体元器件产业化生产基地建设项目、补充流动资金,22,-0.08186469584991474,-0.07739053954454578
002165.SZ,20200903,实施完成,,20210723,20210823,5.09,5.09,80.0,用于年产12万吨聚醚多元醇系列产品项目,21,0.032786885245901676,0.05454803955945842
600754.SH,20200903,实施完成,,20210302,20210319,50.0,50.0,80.0,用于酒店装修升级项目、偿还金融机构贷款,13,0.023242072089816768,0.054476671498303375
300254.SZ,20200619,实施完成,,20200804,20201014,1.4,1.4,80.0,1、杭州仟源保灵药业有限公司年产3亿片药品固体制剂生产线技改项目;2、杭州仟源保灵药业有限公司药品研发项目;3、偿还银行,45,0.22709163346613548,
688012.SH,20200829,实施完成,,20210610,20210630,100.0,82.07,80.0,1、中微产业化基地建设项目;2、中微临港总部和研发中心项目;3、科技储备资金。,13,0.20581395348837206,0.21241585083721937
300604.SZ,20200828,实施完成,,20210727,20210930,3.72,3.72,80.0,用于探针台研发及产业化项目、补充流动资金,45,-0.11719038817005545,-0.16345247184103295
002405.SZ,20200828,实施完成,,20210128,20210225,40.0,40.0,80.0,1、智能网联汽车芯片研发项目;2、自动驾驶地图更新及应用开发项目;3、自动驾驶专属云平台项目;4、补充流动资金项目。,15,0.10097719869706823,0.07644893778552997
000650.SZ,20200425,实施完成,,20201026,20201120,8.34,8.34,80.0,1、仁和翔鹤工业大麻综合利用产业项目;2、中药经典名方产业升级技改项目;3、仁和智慧医药物流园项目;4、仁和研发中心建设,19,0.06874999999999987,
300007.SZ,20200827,实施完成,,20210809,20210906,10.09,6.0,80.0,用于1、MEMS传感器封测产线建设;2、新建年产150万只气体传感器生产线;3、新建年产19万台智能仪器仪表生产线;4、,20,-0.06245353159851297,-0.09538658360004848
300358.SZ,20191224,实施完成,,20210301,20210325,3.4,3.4,80.0,募集配套资金用于1、支付本次交易的相关中介费用；2、用于偿还标的公司子公司楚天欧洲的并购贷款；3、支付本次交易的相关中介,18,-0.011073253833049357,0.04414410862673401
002825.SZ,20200825,实施完成,,20210122,20210301,3.49,2.76,80.0,"1、年产18,000吨数码压延膜项目；2、年产600万平汽车保护膜及100万平多层光学电子功能膜项目；3、补充流动资金。",21,-0.0033090668431501324,0.01222470770176165
688186.SH,20200822,实施完成,,20210628,20210715,17.0,13.13,80.0,用于宏茂海上风电高端装备研发制造一期项目、补充流动资金,13,0.20227482324008617,0.21636717154554264
002623.SZ,20200822,实施完成,,20210528,20210630,10.0,10.0,80.0,1、大尺寸、高功率超薄光伏玻璃智能化深加工建设项目;2、大尺寸、高功率超薄光伏玻璃智能化深加工技改项目;3、BIPV防眩,22,0.31744548286604357,0.3209626602368283
000821.SZ,20200822,实施完成,,20210527,20210625,5.4,5.4,80.0,1、高端光伏组件设备扩产项目;2、用于制备异质结和钙钛矿叠层电池的核心设备研发项目;3、补充流动资金。,20,0.10206718346253218,0.10246092706874421
688066.SH,20200821,实施完成,,20210709,20210722,7.0,7.0,80.0,1、分布式干涉SAR高分辨率遥感卫星系统项目;2、北京创新研发中心项目;3、补充流动资金项目。,9,-0.02758007117437733,-0.04135717065379063
300763.SZ,20200501,实施完成,,20201104,20201207,7.24,7.24,80.0,1、年产40万台组串式并网及储能逆变器新建项目;2、综合实验检测中心项目;3、补充流动资金项目。,23,-0.08827586206896554,
603859.SH,20200821,实施完成,,20210603,20210618,8.0,8.0,80.0,1、基于云原生的生产力中台建设项目;2、服务中小企业的工业创新服务云建设项目;3、面向工业大数据应用的数据资产平台建设项,10,0.09935083262771682,0.11778676728801818
600584.SH,20200821,实施完成,,20210409,20210426,50.0,50.0,80.0,1、年产36亿颗高密度集成电路及系统级封装模块项目;2、年产100亿块通信用高密度混合集成电路及模块封装项目;3、偿还银,11,-0.026838432635534204,-0.024148609049634784
603533.SH,20200318,实施完成,,20210201,20210209,10.61,10.61,80.0,用于数字版权资源升级建设项目、技术中心建设项目,6,-0.13984575835475577,-0.1632874259614746
603713.SH,20200820,实施完成,,20210226,20210317,11.0,11.0,80.0,1、宁波慎则化工供应链管理有限公司项目;2、广西慎则物流有限公司仓储物流项目;3、密尔克卫(烟台)供应链管理服务有限公司,13,-0.1224439313984168,-0.10626344244954544
603666.SH,20200819,实施完成,,20210326,20210413,7.08,7.08,80.0,用于特种机器人研发及产业化项目、补充流动资金,11,-0.04269406392694053,-0.036533683104213344
300627.SZ,20200819,实施完成,,20210610,20210709,8.0,8.0,80.0,1、北斗高精度基础器件及终端装备产能建设项目;2、智能时空信息技术研发中心建设项目;3、补充流动资金。,20,0.03234237177393018,0.05776094082359684
601208.SH,20200819,实施完成,,20210413,20210426,7.67,7.67,80.0,1、年产1亿平方米功能膜材料产业化项目;2、年产5200吨高频高速印制电路板用特种树脂材料产业化项目;3、年产6万吨特种,9,0.016141429669485063,0.0029432123350510153
603690.SH,20200818,实施完成,,20201216,20201231,18.6,13.75,80.0,1、半导体湿法清洗设备扩产项目；2、半导体晶圆再生二期项目；3、光电子材料及器件制造基地建设项目；4、补充流动资金或偿还,11,0.022626788036410828,
300686.SZ,20191102,实施完成,,20201223,20210122,15.0,10.79,80.0,1、智动力精密技术(越南)工厂建设项目;2、智动力消费电子结构件生产基地改建项目;3、收购阿特斯49.00%股权项目;4,21,-0.09547488811536542,
300236.SZ,20200815,实施完成,,20210323,20210422,14.5,7.92,80.0,1、集成电路制造用高端光刻胶研发、产业化项目;2、集成电路关键工艺材料项目;3、补充流动资金。,21,-0.08397123637207127,-0.09814211926609784
603123.SH,20191122,实施完成,,20201225,20210121,12.98,3.39,80.0,募集配套资金用于支付本次交易的现金对价、支付系统智能化升级项目,18,-0.05096418732782371,
600746.SH,20200813,实施完成,,20210308,20210413,9.93,9.93,80.0,用于醋酸造气工艺技术提升建设项目、补充流动资金及偿还银行贷款项目,25,0.05821025195482199,0.06598188024707441
603030.SH,20200611,实施完成,,20210823,20210906,4.66,1.4,80.0,用于收购国盛海通所持全筑装饰18.50%股权、补充流动资金,10,-0.10638297872340441,-0.1420913480026037
000875.SZ,20200601,实施完成,,20210310,20210413,30.0,22.41,80.0,1、安徽宿松九成风电项目(100MW);2、延安宝塔蟠龙风电项目(100MW);3、青海乌兰风电项目(50MW);4、江,23,0.09192825112107639,0.0794760761968103
300785.SZ,20200501,实施完成,,20201127,20201222,7.29,7.28,80.0,用于内容平台升级项目、多元化消费类MCN项目、消费互联网研究院项目、补充流动资金项目,17,-0.15036005760921756,
002054.SZ,20200811,实施完成,,20201231,20210129,6.83,4.62,80.0,用于乙烯裂解副产品综合利用项目,20,0.14233128834355835,
002627.SZ,20200808,实施完成,,20210625,20210720,10.0,8.16,80.0,1、两坝一峡新型游轮旅游运力补充项目;2、长江三峡省际度假型游轮旅游项目;3、补充流动资金。,17,0.03752039151712894,0.058281210368055
002532.SZ,20200808,实施完成,,20201119,20201224,50.0,50.0,80.0,1、广西靖西天桂氧化铝项目;2、新疆天展新材超高纯铝一期及研发中心项目;3、补充流动资金及偿还银行借款。,25,-0.12240184757505768,
300640.SZ,20200501,实施完成,,20210308,20210331,3.42,3.42,80.0,用于IP产品及运营中心项目、大数据营销管理平台建设项目、补充流动资金,17,-0.005797101449275366,-0.011717815707254942
002866.SZ,20190808,实施完成,,20200806,20200914,6.0,6.0,80.0,用于年产18万平方米中高端印制电路板建设项目、补充流动资金,27,-0.17886550777676125,
603717.SH,20200804,实施完成,,20210610,20210701,4.8,4.02,80.0,用于天长市龙岗红色古镇文化旅游景区工程总承包项目、补充流动资金及偿还银行贷款,14,0.0037453183520601563,0.00992014016105136
002567.SZ,20200804,实施完成,,20210127,20210308,15.5,15.5,80.0,1、生猪养殖项目；2、饲料生产项目；3、补充流动资金。,23,-0.03365384615384637,0.00925653080110922
600733.SH,20200804,实施完成,,20210409,20210520,55.0,55.0,80.0,1、ARCFOX品牌高端车型开发及网络建设项目;2、5G智能网联系统提升项目;3、换电业务系统开发项目;4、补充流动资金,26,0.9085487077534791,0.8779269813728425
002746.SZ,20200121,实施完成,,20201201,20201222,11.0,10.45,80.0,用于年产1.2亿羽肉鸡产业生态项目,15,-0.04477611940298509,
300577.SZ,20200411,实施完成,,20201023,20201123,6.74,6.74,80.0,1、印尼箱包生产基地;2、滁州米润科技有限公司时尚女包工厂项目;3、安徽开润股份有限公司信息化建设项目;4、补充流动资金,21,-0.0249774300331026,
300617.SZ,20200729,实施完成,,20210608,20210716,15.92,14.82,80.0,1、城市智慧输变电系统建设项目;2、智能输变电设备研发中心;3、补充流动资金。,27,0.019164513350559798,0.030913846667464107
600774.SH,20200729,实施完成,,20210820,20210916,12.68,9.16,80.0,用于收购迪康药业100%股权、补充流动资金,19,-0.08328546812176907,-0.12896967256411174
603828.SH,20200728,实施完成,,20201211,20201231,2.77,2.09,80.0,1、苏州柯依迪智能家居股份有限公司装配化装饰系统及智能家居项目；2、西昌市一环路历史风貌核心区二期及城区亮化工程二期PP,14,-0.13663366336633653,
002183.SZ,20200728,实施完成,,20210701,20210727,28.0,22.25,80.0,用于1、山东怡亚通供应链产业园项目;2、宜宾供应链整合中心项目;3、怡亚通临港供应链基地项目;4、数字化转型项目;5、补,18,-0.005172413793103514,0.055908130313941706
603229.SH,20200727,实施完成,,20201201,20201221,4.2,4.2,80.0,用于特色原料药及关键医药中间体生产基地建设项目,14,0.11044597425920388,
000420.SZ,20200508,实施完成,,20201223,20210209,3.25,3.3,80.0,1、1.5万吨差别化连续纺长丝项目;2、吉林艾卡粘胶纤维有限公司30%股权;3、偿还银行贷款。,33,0.0777032408930407,
000625.SZ,20200428,实施完成,,20200928,20201026,60.0,60.0,80.0,1、合肥长安汽车有限公司调整升级项目;2、重庆长安汽车股份有限公司H系列五期、NE1系列一期发动机生产能力建设项目;3、,14,0.14554670528602465,
002635.SZ,20200317,实施完成,,20201202,20210118,14.89,10.14,80.0,1、智能终端零组件扩产项目;2、新能源汽车及信息存储设备零组件扩产项目;3、总部研发中心建设项目;4、补充流动资金。,32,-0.028250914555256856,
601969.SH,20200724,实施完成,,20210816,20210830,7.57,7.57,80.0,用于石碌铁矿-120m~-360m中段采矿工程建设项目、石碌铁矿石悬浮磁化焙烧技术改造项目,10,0.21091954022988513,0.20721057163140388
002821.SZ,20200217,实施完成,,20200917,20201016,23.11,23.11,80.0,1、凯莱英生命科学技术(天津)有限公司创新药一站式服务平台扩建项目;2、生物大分子创新药及制剂研发生产平台建设项目;3、,15,0.2260461144321093,
002845.SZ,20191029,实施完成,,20200928,20201104,8.2,8.2,80.0,用于年产6000万片异形全面屏二合一显示模组建设项目和补充流动资金,21,-0.04799999999999993,
000526.SZ,20200722,实施完成,,20210129,20210319,9.63,8.31,80.0,1、教学网点建设项目;2、教学网点改造优化项目;3、OMO在线教育平台建设项目;4、偿还股东紫光卓远借款。,30,-0.12978260869565217,-0.10974242183338245
601997.SH,20200121,实施完成,,20210406,20210423,45.0,45.0,80.0,用于补充公司核心一级资本,13,-0.019631901840490795,-0.017148252015139698
603815.SH,20200721,实施完成,,20210608,20210705,12.0,8.71,80.0,1、界首市美丽乡村建设整市推进PPP项目;2、偿还银行贷款。,18,-0.0733549083063646,-0.061351019260082795
300634.SZ,20200718,实施完成,,20210524,20210615,6.54,5.04,80.0,1、运营中台建设项目;2、企业协同办公系统项目;3、彩讯云业务产品线研发项目;4、补充流动资金。,15,0.043312101910827794,0.02592329797596893
002705.SZ,20200718,实施完成,,20201218,20210112,9.66,9.66,80.0,1、压铸类小家电建设项目;2、创意小家电建设项目;3、品牌营销管理中心建设项目;4、企业信息化管理升级项目。,16,0.06013824884792629,
300350.SZ,20200717,实施完成,,20210511,20210531,4.0,4.0,80.0,1、共享云仓项目;2、车货配物流信息平台项目;3、智慧社区运营管理项目;4、补充流动资金。,14,0.08548168249660781,0.03335184421852411
603583.SH,20200511,实施完成,,20200925,20201016,14.85,14.85,80.0,1、智慧办公驱动系统升级扩建项目;2、数字化系统升级与产线智能化改造项目;3、捷昌全球运营中心建设项目;4、补充流动资金,9,0.07196066746126317,
300725.SZ,20200714,实施完成,,20201210,20210106,9.35,9.35,80.0,1、南京研发中心升级改造建设项目;2、药物制剂生产基地建设项目;3、补充流动资金。,18,0.16676980565252197,
002413.SZ,20200713,实施完成,,20210122,20210223,6.02,6.02,80.0,1、收购爱科特剩余30%股权;2、毫米波雷达研发中心建设项目;3、补充流动资金。,17,-0.15091863517060378,-0.15783196745658656
002407.SZ,20200713,实施完成,,20210413,20210611,11.5,11.5,80.0,1、年产3万吨超净高纯电子级氢氟酸项目;2、年产3万吨超净高纯湿电子化学品项目;3、年产3万吨高性能无水氟化铝技术改造项,40,0.7941952506596306,0.6975927483624591
300397.SZ,20200205,实施完成,,20210811,20210908,5.9,5.9,100.0,募集配套资金用于1、5G环形器扩产项目;2、旋磁铁氧体生产及研发中心建设项目;3、补充流动资金。,20,-0.1412520064205457,-0.1745639429588013
002234.SZ,20200711,实施完成,,20210315,20210423,5.7,5.7,80.0,用于1、年存栏80万套父母代肉种鸡养殖园区项目;2、年孵化1亿只商品代肉雏鸡孵化厂建设项目;3、潍坊民和3万吨肉制品加工,28,0.061440677966101864,0.04487505095357758
300503.SZ,20200710,实施完成,,20210416,20210429,4.5,2.21,80.0,1、禾丰智能制造基地建设项目；2、补充流动资金项目。,9,0.01693480101608813,0.0028046238787013955
600596.SH,20200429,实施完成,,20201130,20201217,3.2,3.2,80.0,募集配套资金用于1、支付本次交易的现金对价;2、支付相关交易税费以及中介机构费用;3、补充上市公司和标的公司流动资金;4,13,-0.15489130434782616,
002057.SZ,20200708,实施完成,,20210304,20210402,11.0,9.5,80.0,"用于1、年产15,000吨高性能软磁铁氧体材料及器件建设项目;2、高性能永磁铁氧体绿色制造生产建设项目;3、检测检验智能",21,-0.12579415501905977,-0.12100232035817038
300562.SZ,20200520,实施完成,,20210126,20210311,3.85,3.95,80.0,1、健康智能手表生产线建设项目;2、基于传感器应用的智能货架生产线建设项目;3、TWS耳机生产线建设项目;4、研发中心建,27,-0.07700709994538502,-0.041396758622093355
300241.SZ,20200516,实施完成,,20210422,20210519,6.99,6.99,80.0,1、全彩表面贴装发光二极管(全彩LED)封装扩产项目;2、次毫米发光二极管(MiniLED)背光封装生产项目;3、微型发,16,-0.024615384615384595,-0.0373532690098185
601985.SH,20200704,实施完成,,20201215,20201230,76.0,76.0,80.0,用于福建漳州核电厂1、2号机组项目、补充流动资金。,11,0.04068522483940051,
300782.SZ,20200601,实施完成,,20210118,20210208,30.06,30.06,80.0,1、高端射频滤波器芯片及模组研发和产业化项目;2、5G通信基站射频器件研发及产业化项目;3、补充流动资金。,15,-0.028083320845197157,-0.010535729809653449
300676.SZ,20200702,实施完成,,20210121,20210209,20.03,20.03,80.0,1、青岛华大基因检测试剂生产及基因检测服务项目;2、医学检验解决方案平台建设项目;3、云数据处理系统升级项目;4、生物样,13,-0.06907340553549923,-0.06448138005428761
300445.SZ,20190411,实施完成,,20200803,20200827,3.49,2.97,80.0,用于1、压力温度检测仪表智能制造项目;2、智能校准产品研发中心项目。,18,-0.001173020527859281,
002214.SZ,20200701,实施完成,,20210120,20210302,9.7,9.7,80.0,用于1、全自动红外测温仪扩建项目;2、年产30万只红外温度成像传感器产业化建设项目;3、研发及实验中心建设项目;4、光电,24,-0.0749910297811266,-0.055349554225786135
600310.SH,20200320,实施完成,,20210914,20210929,7.4,7.4,80.0,募集配套资金用于支付本次收购的现金对价,9,0.12209302325581395,0.16217122367308523
000738.SZ,20201231,实施完成,,20210927,20211025,33.7,42.98,80.0,1、航空发动机控制系统科研生产平台能力建设项目;2、中国航发北京航科发动机控制系统科技有限公司轴桨发动机控制系统能力保障,15,0.14779116465863473,0.13919610733320198
600876.SH,20201231,实施完成,,20210730,20210818,20.0,20.0,80.0,用于太阳能装备用光伏电池封装材料项目、偿还有息负债及补充流动资金,13,-0.12387387387387405,-0.14597721296610777
300662.SZ,20200925,实施完成,,20210716,20210806,7.6,7.6,80.0,1、数字化转型人力资本平台建设项目;2、集团信息化升级建设项目;3、补充流动资金。,15,-0.028444139821795833,-0.005666588165670228
002100.SZ,20201230,实施完成,,20211112,20211224,20.67,20.67,80.0,用于1、甘肃天康农牧科技有限公司42万头仔猪繁育及20万头生猪育肥建设项目;2、天康生物股份有限公司30万头仔猪繁育及2,30,0.16050686378035883,0.1351822392085802
688023.SH,20201226,实施完成,,20210914,20211020,13.33,13.33,80.0,1、数据安全岛平台研发及产业化项目;2、涉网犯罪侦查打击服务平台研发及产业化项目;3、信创产品研发及产业化项目;4、网络,19,-0.08962427745664747,-0.07043695278948292
300447.SZ,20201226,实施完成,,20210712,20210805,3.2,3.2,80.0,1、航空航天用高性能线缆及轨道交通用数据线缆生产项目；2、综合线束及光电系统集成产品生产项目；3、FC光纤总线系列产品生,18,0.21756373937677043,0.24611438804321906
600218.SH,20201226,实施完成,,20210819,20210908,7.5,7.5,80.0,1、国六系列发动机智能制造建设(二期)项目;2、绿色铸造升级改造项目;3、氢燃料电池智能制造建设项目;4、补充流动资金。,14,-0.16586538461538458,-0.21344425558665248
000338.SZ,20201225,实施完成,,20210430,20210601,130.0,130.0,80.0,用于1、燃料电池产业链建设项目;2、全系列国六及以上排放标准H平台道路用高端发动机项目;3、大缸径高端发动机产业化项目;,19,-0.006073992269464257,-0.054843938058655395
000966.SZ,20200520,实施完成,,20211214,20220121,12.0,12.0,80.0,募集配套资金用于支付本次交易现金对价、偿还银行贷款、支付本次中介机构费用,27,-0.13665389527458494,-0.10259682854983243
600956.SH,20201222,实施完成,,20211213,20220106,51.1,45.96,80.0,1、唐山LNG项目(第一阶段、第二阶段);2、唐山LNG接收站外输管线项目(曹妃甸—宝坻段);3、唐山LNG接收站外输管,17,-0.046301524562394225,-0.02103604087695199
603668.SH,20201009,实施完成,,20210702,20210730,5.6,5.6,80.0,1、鳗鲡生态养殖基地建设项目(一期);2、食品产业基地建设项目(一期);3、补充流动资金。,20,-0.038514442916093405,-0.0041564546309468264
000403.SZ,20200515,实施完成,,20210127,20210223,16.0,16.0,80.0,募集配套资金用于1、单采血浆站新建及迁建项目;2、新产品研发项目;3、信息化建设项目;4、补充上市公司及标的公司流动资金,14,0.05972045743329102,0.04135607659600038
300290.SZ,20201001,实施完成,,20210316,20210511,1.8,1.76,80.0,用于基于数据驱动的新一代智慧医疗平台项目、补充流动资金,36,0.1934369602763386,0.1951318417087906
300491.SZ,20201212,实施完成,,20211119,20211217,3.7,2.5,80.0,1、基于电源模块国产化的多功能军工电源产业化项目；2、西安研发中心建设项目；3、补充流动资金。,20,0.1051502145922747,0.08324706546151206
688158.SH,20200912,实施完成,,20220119,20220214,19.65,7.0,80.0,用于优刻得青浦数据中心项目(一期)、补充流动资金,13,-0.19012797074954313,-0.1595890295879292
600452.SH,20200815,实施完成,,20210721,20210811,18.8,17.97,80.0,1、收购河北省综能公司配电网节能资产及相关EMC合同权利、义务;2、收购四川省综能公司配电网节能资产及相关EMC合同权利,15,-0.0073578595317724815,0.0010831164005296046
601577.SH,20200610,实施完成,,20210310,20210331,58.8,58.8,80.0,用于补充核心一级资本,15,0.07289527720739186,0.046656889342904906
600456.SH,20191017,实施完成,,20210127,20210222,20.05,20.05,80.0,1、高品质钛锭、管材、型材生产线建设项目;2、宇航级宽幅钛合金板材、带箔材建设项目;3、检测、检验中心及科研中试平台建设,13,-0.03570695670018453,-0.05400132188777529
300390.SZ,20201202,实施完成,,20210402,20210427,7.8,7.8,80.0,用于电池级氢氧化锂二期建设项目,16,0.007849829351535886,0.0200816135559978
300146.SZ,20200625,实施完成,,20210426,20210521,31.25,31.25,80.0,1、珠海生产基地五期建设项目;2、珠海生产基地四期扩产升级项目;3、澳洲生产基地建设项目;4、数字化信息系统项目;5、补,16,0.22089041095890405,0.2049957732626495
000157.SZ,20200706,实施完成,,20210114,20210210,51.99,51.99,80.0,1、挖掘机械智能制造项目；2、搅拌车类产品智能制造升级项目；3、关键零部件智能制造项目；4、补充流动资金。,19,0.3024475524475525,0.2706680984237504
000959.SZ,20200925,实施完成,,20210428,20210705,25.0,8.23,80.0,募集配套资金用于1、烧结余热发电项目;2、铁前系统节能降耗综合改造项目;3、钢渣高值化综合利用项目;4、无人仓储及智能物,44,0.041095890410958846,0.018339414555922362
300095.SZ,20201130,实施完成,,20211203,20211228,6.0,6.0,80.0,"1、航空装备和航空零部件研发制造基地；2、年产3,000台起重机新型智能起重小车新建项目；3、补充流动资金。",17,0.020722320899940527,0.014345308036179727
000933.SZ,20181123,实施完成,,20201127,20201230,20.49,20.49,90.0,用于河南平顶山矿区梁北煤矿改扩建项目、偿还银行借款,23,-0.09595375722543353,
600095.SH,20201128,实施完成,,20210622,20210722,47.0,17.37,80.0,1、增资湘财证券股份有限公司;2、补充流动资金及偿还银行借款。,22,-0.10725552050473197,-0.11158156972718847
300087.SZ,20200827,实施完成,,20210715,20210816,5.5,5.5,80.0,1、研发创新体系建设项目;2、农作物种子海外育繁推一体化建设项目;3、青贮玉米品种产业化及种养结合项目。,22,0.27994279585269943,0.2971351788913761
000755.SZ,20200825,实施完成,,20210831,20211020,4.8,4.8,80.0,募集配套资金用于1、补充上市公司流动资金;2、偿还债务。,29,0.07499999999999996,0.06209499835921428
603778.SH,20181112,实施完成,,20201127,20201218,5.1,5.1,80.0,1、多巴新城湟水河扎麻隆湿地公园景观工程设计、采购、施工总承包项目；2、泉水湖湿地公园项目(B区)、环湖路市政道路工程、,15,-0.05809128630705396,
000803.SZ,20201124,实施完成,,20210709,20210730,6.05,6.05,80.0,1、新城热力扩容及改造项目;2、十方环能餐厨垃圾处理技改项目;3、沼液资源化循环利用生产项目;4、惠民县大朴生物质能源有,15,-0.1304093567251463,-0.09797125323457079
002297.SZ,20201124,实施完成,,20210707,20210806,6.31,6.31,80.0,用于高效精密硬质合金工模具与高强韧性特粗晶硬质合金掘进刀具麓谷基地产业化项目、补充流动资金,22,0.21352785145888586,0.2470355076420041
603115.SH,20201121,实施完成,,20211108,20211124,7.6,6.86,80.0,1、新一代高性能中高压腐蚀箔项目;2、长寿命高容量低压腐蚀箔项目;3、新一代纳微孔结构铝电极箔项目;4、新一代高性能化成,12,0.15440640932265115,0.12417931052560971
688015.SH,20201118,实施完成,,20210826,20210909,7.6,7.6,80.0,1、自主虚拟编组运行系统建设项目;2、轨道交通孪生系统建设项目;3、面向客户体验的智能维保生态系统建设项目。,10,0.10852713178294571,0.051057044666327434
300331.SZ,20201117,实施完成,,20210721,20210813,8.0,8.0,80.0,"1、盐城维旺科技有限公司光学级板材项目;2、SVG微纳光制造卓越创新中心项目,3、补充流动资金。",17,-0.06942675159235678,-0.05715719650495377
000596.SZ,20201114,实施完成,,20210623,20210722,50.0,50.0,80.0,用于酿酒生产智能化技术改造项目,21,0.05941909474070006,0.05689571177771158
002507.SZ,20201112,实施完成,,20210414,20210518,33.0,33.0,80.0,用于乌江涪陵榨菜绿色智能化生产基地(一期)、乌江涪陵榨菜智能信息系统项目,21,0.01139528994682193,-0.02078729722909234
300572.SZ,20200519,实施完成,,20210416,20210507,11.49,11.49,80.0,用于连锁机动车检测站建设项目、收购临沂正直70%股权,12,-0.10626702997275228,-0.10424273782347426
002389.SZ,20201110,实施完成,,20211025,20211117,9.11,9.11,80.0,1、CH-4增强型无人机科研项目;2、无人倾转旋翼机系统研制项目;3、隐身无人机系统研制项目;4、低成本机载武器科研项目,17,0.05410279531109108,0.07570605987838164
603703.SH,20191029,实施完成,,20201221,20201231,6.62,6.62,80.0,1、通信铁塔基础设施建设项目;2、智能仓储配送中心建设项目;3、补充流动资金。,8,0.009756097560975618,
002273.SZ,20201107,实施完成,,20210716,20210806,22.5,22.5,80.0,用于智能终端用光学组件技改项目、移动物联智能终端精密薄膜光学面板项目、补充流动资金,15,-0.05523442517662169,-0.03308495589183802
002347.SZ,20201107,实施完成,,20210928,20211117,4.0,2.29,80.0,用于智能运维总包服务平台建设项目、激光及智能研究院项目、补充流动资金,31,-0.022222222222222032,-0.004296161866921389
300825.SZ,20201106,实施完成,,20210916,20211029,7.89,7.89,80.0,1、先进性产业化研发项目;2、阿尔特成都新能源动力系统及零部件生产基地建设项目;3、柳州菱特一期工程年产5万台V6发动机,24,-0.14789915966386558,-0.13354522713821348
603477.SH,20201105,实施完成,,20210621,20210708,28.0,4.2,80.0,1、宜宾巨星屏边种猪场项目;2、古蔺巨星石宝种猪场项目;3、古蔺巨星皇华种猪场项目;4、平塘巨星更打生猪繁育一体化项目;,13,-0.1510903426791277,-0.15020454477761735
300283.SZ,20200812,实施完成,,20201028,20201214,1.22,1.22,80.0,"1、年产3,000吨热交换器及新能源汽车用复合材料;2、高精密电子保护器用稀土改性复合材料及组件智能制造项目；3、补充流",33,-0.10533515731874155,
603038.SH,20201030,实施完成,,20210715,20210805,5.2,2.5,80.0,用于湖北华置立装饰材料厂区项目、补充流动资金,15,-0.32194848824188116,-0.30277180441258567
600161.SH,20201029,实施完成,,20210402,20210423,33.4,33.4,80.0,1、成都蓉生重组凝血因子生产车间建设项目;2、上海血制云南生物制品产业化基地项目;3、兰州血制产业化基地项目;4、成都蓉,14,0.10309911015648976,0.10634614347041449
002617.SZ,20200413,实施完成,,20210125,20210304,6.43,6.43,80.0,用于新建碳化硅衬底片产业化项目、碳化硅研发中心项目、偿还银行贷款,23,-0.07274969173859436,-0.04079236398405195
300165.SZ,20191031,实施完成,,20201211,20210112,0.32,0.32,80.0,募集配套资金用于补充上市公司流动资金及支付本次交易中介机构费用,21,-0.16859475126411227,
600248.SH,20200117,实施完成,,20210409,20210422,21.3,21.3,80.0,募集配套资金用于支付本次交易中介机构费用及补充流动资金,9,-0.07692307692307698,-0.08076886470288747
300586.SZ,20200808,实施完成,,20210618,20210712,4.66,4.66,80.0,用于功能母粒及生物基可降解母粒产业化项目、补充流动资金,16,0.14685314685314688,0.13950253905238297
600619.SH,20201021,实施完成,,20210705,20210721,15.94,15.94,80.0,用于新增年产65万台新能源车用空调压缩机项目、海立集团建设海立科技创新中心(HTIC)项目、偿还有息负债,12,-0.13024850042844893,-0.1371668684907964
688396.SH,20201020,实施完成,,20210409,20210426,50.0,50.0,80.0,用于华润微功率半导体封测基地项目、补充流动资金,11,0.017031630170316392,0.01984271083582856
300792.SZ,20201020,实施完成,,20210721,20210820,8.95,8.95,80.0,1、内容电商项目;2、仓储物流项目;3、研发中心及信息化建设项目;4、补充流动资金。,22,0.028673084972791862,0.06928994907048747
000021.SZ,20201017,实施完成,,20210421,20210520,14.74,14.74,80.0,用于存储先进封测与模组制造项目,18,-0.06374932468935723,-0.07283021921976995
600096.SH,20200304,实施完成,,20201222,20210114,19.0,19.0,80.0,1、投资建设“6万吨/年聚甲醛项目”;2、投资建设“云天化物流运营升级改造项目”;3、投资建设“10万吨/年设施农业用水,16,0.013559322033898313,
002271.SZ,20201016,实施完成,,20210304,20210408,80.0,80.0,80.0,"用于1、杭州东方雨虹建筑材料有限公司高分子防水卷材建设项目;2、年产2,700万平方米改性沥青防水卷材、2.5万吨沥青涂",24,0.12565997888067582,0.13242734341599594
002361.SZ,20201015,实施完成,,20210928,20211112,6.5,6.5,80.0,用于1、复合材料零部件生产基地项目;2、钣金零部件生产线技改项目;3、偿还银行借款。,28,0.0279441117764474,0.04627701516130456
300567.SZ,20201013,实施完成,,20210414,20210513,14.94,14.94,80.0,1、上海精测半导体技术有限公司研发及产业化建设项目;2、Micro-LED显示全制程检测设备的研发及产业化项目;3、补充,18,-0.09100436681222701,-0.09440094518320197
002469.SZ,20200430,实施完成,,20201203,20201223,3.08,3.08,80.0,募集配套资金用于支付本次发行股份及支付现金购买资产的现金对价,14,-0.009983361064891838,
603236.SH,20201010,实施完成,,20210305,20210330,10.63,10.63,80.0,用于全球智能制造中心建设项目、全球智能制造中心建设项目、智能车联网产业化项目,17,-0.1258943089430895,-0.11443653581141788
300481.SZ,20200715,实施完成,,20210520,20210611,8.0,8.0,80.0,用于顺酐酸酐衍生物、功能材料中间体及研发中心项目、补充流动资金,16,-0.0978348035284683,-0.1186447919170881
600817.SH,20200121,实施完成,,20201126,20201211,3.0,3.0,80.0,募集配套资金用于1、产线升级改造及EHS改善项目;2、补充流动资金;3、支付中介机构费用及本次交易相关税费。,11,0.08248175182481754,
300501.SZ,20201009,实施完成,,20210923,20211026,6.02,6.02,80.0,用于高阻隔复合材料项目,18,-0.1318022965551673,-0.12104340392032253
300067.SZ,20200401,实施完成,,20210401,20210430,4.5,4.5,80.0,"1、22,750吨染料及中间体项目；2、年产5,000吨数码墨水项目；3、年产10,000吨广谱消毒剂单过硫酸氢钾复合盐",20,-0.055023923444975975,-0.04968470954894122
603626.SH,20200417,实施完成,,20210722,20210809,16.0,5.01,80.0,1、高精密模具扩建项目;2、微创手术器械零部件生产项目;3、智能穿戴、智能家居类产品部件制造项目;4、补充流动资金项目。,12,-0.026652452025586415,-0.004342610306580119
603496.SH,20200429,实施完成,,20210811,20210823,6.0,3.47,80.0,1、面向5G的网络可视化技术升级与产品研发项目;2、国产自主信息化技术升级与产品研发项目;3、新建年产30万台网络及计算,8,-0.03246753246753242,-0.017027336048937247
300566.SZ,20210331,实施完成,,20211203,20211224,6.98,6.98,80.0,1、光学膜生产基地建设项目;2、太阳能封装胶膜生产基地建设项目;3、补充流动资金。,15,0.07132406730065832,0.06817904627871374
002438.SZ,20210330,实施完成,,20211222,20220121,3.71,3.7,80.0,用于1、乏燃料后处理关键设备研发及产业化(二期)项目;2、年产1万吨大型特种法兰研制及产业化建设项目;3、补充流动资金。,21,-0.1162176439514,-0.09111597413137273
300292.SZ,20201021,实施完成,,20210329,20210526,1.8,1.8,80.0,1、5G消息云平台建设项目;2、5G连接器生产项目;3、偿还银行贷款。,38,0.03963414634146356,-0.006096300349947237
600419.SH,20210329,实施完成,,20211206,20211230,5.67,5.67,80.0,"1、10,000头规模化奶牛示范牧场建设项目;2、补充流动资金。",18,0.10552349546578732,0.09639553627259789
300479.SZ,20200404,实施完成,,20211118,20211210,3.1,3.1,80.0,1、远距离、大场景、全天候智能视频监控系统技术升级与产业化项目；2、神思云脑升级研发与建设项目；3、研究开发体系升级建设,16,0.14882154882154897,0.1031872355715191
300687.SZ,20210324,实施完成,,20211117,20211210,6.5,6.5,80.0,用于基于共享技术中台的企业数字化解决方案升级项目,17,0.06123201770564357,0.02389799663849268
300473.SZ,20200401,实施完成,,20210416,20210518,9.0,2.99,80.0,1、机电一体化汽车部件建设项目；2、汽车电子产业化项目；3、新型汽车部件产业化项目；4、归还银行贷款。,19,0.13336962438758837,0.10048418303587092
300578.SZ,20200914,实施完成,,20210803,20210826,6.0,6.0,80.0,1、超视云平台研发及产业化项目;2、云视频终端技术升级及扩产项目;3、总部运营管理中心建设项目;4、补充流动资金。,17,-0.13446519524618006,-0.14773196185829396
600821.SH,20201121,实施完成,,20210528,20210702,13.35,13.35,80.0,用于1、宁夏卫钢新能源有限公司沙坡头区200MW光伏复合项目;2、东乡区詹圩镇50MWp渔光互补光伏电站项目;3、补充流,24,0.10545454545454547,0.13122351276971833
000807.SZ,20200930,实施完成,,20211129,20211228,30.0,30.0,80.0,用于云南文山铝业有限公司绿色低碳水电铝材一体化项目、补充流动资金及偿还银行贷款项目,21,0.028571428571428692,0.00946985709470849
600597.SH,20210317,实施完成,,20211202,20211220,19.3,19.3,80.0,1、用于补充流动资金；2、用于奶源牧场项目。,12,0.03857350800582249,0.03286098102374524
603093.SH,20200314,实施完成,,20210302,20210330,3.65,3.65,80.0,"1、提升期货经纪业务服务能力;2、提升风险管理服务能力,包括对风险管理子公司增资等;3、提升风险管理服务能力,包括对风险",20,0.0026075619295959918,0.017665369343384807
603129.SH,20210316,实施完成,,20210902,20210929,17.27,17.27,80.0,1、动力运动装备扩产及产线智能化改造项目;2、研发中心升级改造项目;3、补充流动资金。,17,0.1628908742820676,0.18286758419882743
605358.SH,20210313,实施完成,,20210927,20211018,52.0,52.0,80.0,1、年产180万片集成电路用12英寸硅片;2、年产72万片6英寸功率半导体芯片技术改造项目;3、年产240万片6英寸硅外,10,0.0017574692442883233,0.0058824841839049125
600460.SH,20200725,实施完成,,20210910,20210929,11.22,11.22,80.0,募集配套资金用于8英寸集成电路芯片生产线二期项目、偿还银行贷款,11,-0.05545348254551519,-0.010896847950546129
600155.SH,20210308,实施完成,,20221027,20221111,80.0,30.27,80.0,1、证券自营业务;2、信用交易业务;3、股权投资业务;4、资产管理业务;5、信息系统建设;6、偿还债务。,11,0.05164992826398862,0.016090804222263833
300647.SZ,20191221,实施完成,,20210412,20210430,6.0,5.3,80.0,用于5G散热工业园建设项目、补充流动资金项目,14,-0.012790697674418539,-0.02250244083545283
603883.SH,20210304,实施完成,,20220121,20220210,17.4,17.4,80.0,1、新建连锁药店项目；2、华东医药产品分拣加工项目；3、企业数字化平台及新零售建设项目；4、补充流动资金。,9,-0.019671422395157734,-0.009361443130978309
603290.SH,20210303,实施完成,,20211028,20211112,35.0,35.0,80.0,1、高压特色工艺功率芯片研发及产业化项目;2、SiC芯片研发及产业化项目;3、功率半导体模块生产线自动化改造项目;4、补,11,0.1639705882352942,0.15716798285587497
000877.SZ,20200808,实施完成,,20220107,20220225,50.0,42.47,80.0,募集配套资金用于1、补充流动资金;2、偿还债务;3、支付重组费用等。,30,-0.10174781523096121,-0.068399383442863
001896.SZ,20201020,实施完成,,20220609,20220706,8.31,8.31,80.0,"募集配套资金用于支付本次交易的现金对价,以及补充上市公司流动资金或偿还银行借款",19,0.19651347068145797,0.15500701785916138
603890.SH,20200925,实施完成,,20210806,20210824,5.27,5.27,80.0,用于年产1000万套精密结构件项目、补充流动资金,12,-0.030279503105590244,-0.04579827700441641
600059.SH,20200225,实施完成,,20210412,20210426,10.95,9.59,80.0,用于黄酒产业园项目(一期)工程,10,0.059292035398230025,0.050605674344638585
300207.SZ,20210225,实施完成,,20211103,20211129,39.15,39.15,80.0,1、3C消费类锂离子电芯扩产项目;2、3C消费类锂电池模组扩产项目;3、笔记本电脑类锂电池模组扩产项目;4、补充流动资金,18,0.11880545336507242,0.09865707647038313
002805.SZ,20200228,实施完成,,20210520,20210625,4.5,4.5,80.0,"用于年产10,000吨锂离子电池高镍三元材料建设项目、补充流动资金项目",25,0.16909778498109107,0.1364908371332243
002298.SZ,20190928,实施完成,,20210416,20210521,3.31,3.31,80.0,用于1、面向云计算和大数据的自主可控磁光电存储技术研发及产业化项目;2、自主可控集群嵌入式人工智能图像分析系统研发及产业,22,-0.1592279855247285,-0.1736821072552055
603797.SH,20191001,实施完成,,20210611,20210702,12.0,8.28,80.0,用于澄海区全区污水管网及污水处理设施建设PPP项目,14,-0.0479896238651103,-0.028783456524804962
002792.SZ,20210220,实施完成,,20211108,20211210,8.0,8.12,80.0,用于收购深圳市光为光通信科技有限公司少数股东股权、投资于高速光通信器件、光模块研发及生产项目、武汉研发中心建设项目、无线,24,0.040935672514619936,-0.006681934172596438
300587.SZ,20210220,实施完成,,20211118,20211207,8.1,8.1,80.0,1、年产40万平方米橡胶减振垫产品生产线建设项目;2、年产45万根钢轨波导吸振器产品生产线建设项目;3、补充流动资金项目,13,0.053450960041515394,0.03165645883134083
002352.SZ,20210210,实施完成,,20211022,20211119,200.0,200.0,80.0,用于1、速运设备自动化升级项目;2、新建湖北鄂州民用机场转运中心工程项目;3、数智化供应链系统解决方案建设项目;4、陆路,20,0.07872000000000012,0.08545529392844031
002180.SZ,20200729,实施完成,,20211119,20211222,50.0,50.0,80.0,募集配套资金用于1、标的公司高性能高安全性系列激光打印机研发及产业化项目;2、支付收购标的资产的现金对价;3、支付中介机,23,0.22440429431788433,0.20336638337479784
603398.SH,20180504,实施完成,,20210419,20210517,6.75,3.37,80.0,用于收购美奇林项目、塑胶类教具玩具智能化生产技术改造项目,17,-0.1053140096618358,-0.11550490429583082
002092.SZ,20170216,实施完成,,20210715,20210810,39.22,38.12,90.0,用于高性能树脂产业园及配套基础设施建设项目等,18,-0.001712328767123128,0.008089549191327094
601456.SH,20210206,实施完成,,20210913,20211015,65.0,50.9,80.0,1、进一步扩大包括融资融券在内的信用交易业务规模;2、扩大固定收益类、权益类、股权衍生品等交易业务;3、增加子公司投入;,17,-0.08227848101265833,-0.04554098883829616
603222.SH,20181201,实施完成,,20210312,20210412,4.49,2.41,80.0,1、鄂州二医院新建工程项目；2、偿还银行贷款。,20,0.05186972255729794,0.06423777963775779
601198.SH,20210203,实施完成,,20210927,20211022,70.0,44.93,80.0,1、扩大投资交易业务规模；2、扩大融资融券业务规模；3、增加对子公司投入；4、其他营运资金安排。,14,0.071620411817368,0.07168834146370795
300548.SZ,20200302,实施完成,,20210312,20210406,8.0,6.26,80.0,1、年产245万只硅光收发模块技改项目；2、年产30万只无线承载网数字光模块项目；3、补充流动资金。,16,0.01183944556742711,0.00315616662655116
002025.SZ,20210202,实施完成,,20210809,20210915,14.31,14.31,80.0,用于1、特种连接器、特种继电器产业化建设项目;2、年产153万只新基建用光模块项目;3、年产3976.2万只新基建等领域,27,-0.014879582758091758,-0.058417414920376776
300319.SZ,20200903,实施完成,,20210616,20210716,13.4,13.4,80.0,1、高端小尺寸系列电感扩产项目；2、射频滤波器扩产项目；3、研发中心建设项目；4、补充流动资金。,22,0.2542213883677298,0.2467886294357451
601127.SH,20201013,实施完成,,20210603,20210628,25.93,25.93,80.0,1、SERES智能网联新能源系列车型开发及产品技术升级项目；2、营销渠道建设项目；3、补充流动资金。,16,0.315614035087719,0.30752997250012837
300678.SZ,20200910,实施完成,,20220117,20220304,1.71,1.71,80.0,募集配套资金用于支付本次交易的现金对价、本次交易相关中介机构费用及补充上市公司流动资金,29,-0.1516709511568124,-0.12853711352279273
002185.SZ,20210120,实施完成,,20211015,20211109,51.0,51.0,80.0,用于1、集成电路多芯片封装扩大规模项目;2、高密度系统级集成电路封装测试扩大规模项目;3、TSV及FC集成电路封测产业化,17,0.08878504672897192,0.1090781019844358
000949.SZ,20201114,实施完成,,20210604,20210706,9.91,9.91,80.0,用于年产10万吨高品质超细旦氨纶纤维项目一期工程、补充流动资金,21,0.3789649415692822,0.4030211543015829
600765.SH,20210116,实施完成,,20210603,20210625,19.1,19.1,80.0,用于1、航空精密模锻产业转型升级项目;2、特种材料等温锻造生产线建设项目;3、补充流动资金。,15,0.12352639671963095,0.11625444802966411
000725.SZ,20210116,实施完成,,20210723,20210820,198.7,203.33,80.0,1、收购武汉京东方光电24.06%的股权;2、对重庆京东方显示增资并建设京东方重庆第6代AMOLED(柔性)生产线项目;,20,-0.060955518945634224,-0.027237981612620032
002747.SZ,20210116,实施完成,,20210604,20210707,7.95,7.95,80.0,1、标准化焊接机器人工作站产业化项目;2、机器人激光焊接和激光3D打印研制项目;3、工业、服务智能协作机器人及核心部件研,22,0.2720050842071815,0.28565292299921574
002187.SZ,20200613,实施完成,,20220121,20220301,7.0,7.0,80.0,募集配套资金用于支付本次交易现金对价,22,-0.034562211981566726,-0.025227488845849355
300850.SZ,20210115,实施完成,,20210423,20210824,14.6,14.6,80.0,1、3.0MW及以上大功率风力发电主机配套轴承生产线建设项目;2、研发中心建设项目;3、补充流动资金。,83,0.9922973163841811,0.9694490574749839
300729.SZ,20210113,实施完成,,20210922,20211101,11.12,7.0,80.0,1、线性驱动核心技术产品智能工厂项目;2、年产15万套智能线性驱动产品5G+智能工厂技改项目;3、营销研发总部大楼建设项,23,0.22813512262841273,0.25724401641071215
300590.SZ,20200522,实施完成,,20210811,20210903,3.36,3.36,80.0,1、4G和5G通信技术产业化项目;2、动物溯源产品信息化产业升级项目;3、工业无线路由器项目。,17,-0.025871766029246346,-0.03922910971386717
300346.SZ,20201106,实施完成,,20210727,20210819,6.13,6.13,80.0,"1、光刻胶项目；2、扩建2,000吨/年三氟化氮生产装置项目；3、补充流动资金。",17,0.2213438735177864,0.19160942052266394
603843.SH,20191207,实施完成,,20210728,20210817,6.0,4.4,80.0,用于金沙县老城区段河道治理及基础设施建设和金沙县沙土镇风貌一条街建设PPP项目和补充流动资金,14,0.07042253521126773,0.04390664597884575
300252.SZ,20210108,实施完成,,20230104,20230207,5.95,5.32,80.0,1、高速率线缆、连接器及组件生产项目;2、高性能特种电缆及组件生产项目;3、卫星通信终端及电磁兼容解决方案研发项目;4、,19,0.07003891050583677,0.028998571347723656
600588.SH,20200701,实施完成,,20220111,20220126,52.98,52.98,80.0,1、用友商业创新平台YonBIP建设项目;2、用友产业园(南昌)三期研发中心建设项目;3、补充流动资金及归还银行借款。,11,0.13130408833184126,0.16789592977155676
603595.SH,20210413,实施完成,,20211108,20211122,4.68,4.68,80.0,1、年产12万片碳化硅半导体材料项目;2、补充流动资金。,10,0.4544303797468354,0.4205476564460513
603956.SH,20210629,实施完成,,20220331,20220425,13.0,9.7,80.0,用于年产农村饮用水泵站及加压设备2000套、智慧加药系统2000套、集装箱一体化水厂200套、大型装配式水厂20套的智慧,15,-0.23538230884557731,-0.1508684129038791
300903.SZ,20210629,实施完成,,20220331,20220429,11.0,9.97,80.0,用于江西科翔印制电路板及半导体建设项目(二期),19,0.02976995940460081,0.09909821614041303
300592.SZ,20190617,实施完成,,20210709,20210729,5.0,5.0,,募集配套资金用于1、支付本次交易现金对价;2、支付本次交易相关费用;3、偿还上市公司及标的公司银行贷款;4、“易佰云”智,14,-0.08681073025335317,-0.05673511733016856
688339.SH,20210429,实施完成,,20210621,20210811,2.0,2.0,80.0,1、燃料电池综合测试评价中心;2、补充流动资金。,37,0.14073529411764696,0.13962488739052836
300919.SZ,20210625,实施完成,,20211111,20211202,50.0,50.0,80.0,用于广西中伟新能源科技有限公司北部湾产业基地三元项目一期、补充流动资金,15,0.13886596722857458,0.12578465891700286
002688.SZ,20200624,实施完成,,20210629,20210812,8.2,8.2,80.0,1、动物疫苗生产基地建设项目(一期);2、新版GMP符合性技改项目;3、生产工艺系统降耗增效改造项目;4、动力系统节能升,32,-0.067321178120617,-0.054503364098145934
300432.SZ,20210618,实施完成,,20220302,20220323,15.0,15.0,80.0,1、新能源汽车智能电控产业项目；2、年产5万吨新能源锂电正极材料项目；3、补充流动资金。,15,-0.08735632183908049,-0.027883264002610875
002915.SZ,20201109,实施完成,,20210729,20210826,4.42,4.42,80.0,"1、年产5,000吨4,4’-二氟二苯酮项目;2、福建高宝矿业有限公司氟精细化学品系列扩建项目;3、补充流动资金。",20,0.33814625058220793,0.30377594409073794
600538.SH,20200104,实施完成,,20210714,20210728,1.0,0.68,80.0,募集配套资金用于支付本次交易中的部分现金对价及本次交易相关费用,10,0.024147727272727293,0.07499930679945255
002015.SZ,20210615,实施完成,,20220124,20220316,50.0,37.65,80.0,用于1、新能源汽车换电站建设项目;2、信息系统平台及研发中心建设项目;3、补充流动资金。,32,-0.17684700407213494,-0.08510166043414036
300080.SZ,20191107,实施完成,,20210628,20210722,3.27,3.27,80.0,募集配套资金用于1、年产500MW超高效单晶硅电池研发及产业化项目；2、补充流动资金。,18,0.1119266055045871,0.12176759160963391
688037.SH,20210612,实施完成,,20220601,20220622,10.0,10.0,80.0,1、上海临港研发及产业化项目;2、高端晶圆处理设备产业化项目(二期);3、补充流动资金。,14,-0.041214750542299505,-0.06617185497691103
002218.SZ,20200516,实施完成,,20210909,20211008,10.0,10.0,80.0,用于连州市宏日盛200MW综合利用光伏电站项目、补充流动资金,14,0.009602194787380114,0.037978514079563874
300726.SZ,20210607,实施完成,,20211210,20211231,10.0,10.0,80.0,1、微波电子元器件生产基地建设项目;2、研发中心建设项目;3、补充流动资金。,15,0.10258953168044083,0.11063908340019224
002456.SZ,20200604,实施完成,,20210813,20210929,67.58,35.3,80.0,1、高像素光学镜头建设项目;2、3D光学深度传感器建设项目;3、高像素微型摄像头模组建设项目;4、研发中心建设项目;5、,31,0.05063291139240511,0.04469224921796977
600370.SH,20190508,实施完成,,20210708,20210722,8.0,5.81,80.0,募集配套资金用于海伦石化PTA技改项目、补充流动资金、中介机构费用及其他相关费用,10,0.0228013029315961,0.008715495733172096
600735.SH,20210604,实施完成,,20220309,20220407,3.6,3.6,80.0,用于收购上海荔之实业有限公司50%股权、补充流动资金,19,-0.12222222222222212,-0.11688148403804444
603727.SH,20191207,实施完成,,20210630,20210720,7.99,7.73,90.0,1、临港海洋重工建造基地四期工程项目；2、天津港大沽口港区临港博迈科2#码头工程；3、补充流动资金。,14,0.029637760702524885,0.045476693437630944
300494.SZ,20200530,实施完成,,20211115,20211214,4.86,4.86,80.0,1、盛天网络云游戏服务平台项目；2、盛天网络游戏授权及运营项目；3、盛天网络游戏服务项目；4、大数据及云存储平台升级项目,21,0.04687500000000022,0.01021455713415409
603338.SH,20210529,实施完成,,20211217,20220110,15.0,15.0,80.0,"用于年产4,000台大型智能高位高空平台项目",15,0.0370370370370372,0.048247165819004456
603396.SH,20200523,实施完成,,20210623,20210715,3.8,3.8,80.0,用于年产40台(套)光伏异质结(H用于年产40台(套)光伏异质结(HJT)高效电池片用PECVD设备项目、补充流动资金,16,0.4761245674740484,0.4767994389382668
300155.SZ,20200427,实施完成,,20210924,20211027,5.2,1.0,80.0,1、智能家居系统研发生产建设项目;2、智慧门禁系统服务运营拓展项目;3、补充流动资金。,18,-0.09730538922155685,-0.08444218084126509
300706.SZ,20200428,实施完成,,20210805,20210827,5.3,3.0,80.0,1、平板显示溅射靶材建设项目;2、超高清显示用铜靶材产业化建设项目;3、铝钪靶材和钼靶材的研发建设项目;4、补充流动资金,16,0.029011786038077858,0.01276580930646598
603345.SH,20210522,实施完成,,20220217,20220310,57.4,56.75,80.0,1、新基地建设及老基地扩建类项目；2、老基地技术升级改造类项目；3、信息化建设项目；4、品牌形象及配套营销服务体系建设项,15,-0.16617495205782562,-0.12267782325077004
300643.SZ,20200507,实施完成,,20210625,20210715,3.1,2.98,80.0,用于车联网传感器及智能车载通讯终端系统生产应用项目、维孚金属制品(上海)有限公司扩建项目——年产40万根高柔性零泄漏国六,14,0.10182767624020883,0.11511035265342562
002292.SZ,20200512,实施完成,,20210927,20211027,11.03,5.44,80.0,用于1、玩具产品扩产建设项目;2、婴童用品扩产建设项目;3、奥飞欢乐世界乐园网点建设项目;4、全渠道数字化运营平台建设。,17,-0.07476635514018692,-0.06943528940848864
603738.SH,20200529,实施完成,,20210702,20210715,6.39,6.39,80.0,1、基于MEMS工艺的微型晶体谐振器产业化项目;2、温度补偿型晶体振荡器(TCXO)研发;3、产业化项目;4、偿还银行贷,9,0.4402298850574713,0.4217125408216307
300507.SZ,20200428,实施完成,,20210709,20210806,8.5,4.76,80.0,1、汽车传感器产品智能化生产线建设项目；2、商用车车联网系统建设项目；3、补充流动资金。,20,0.050160085378868846,0.07015991456509818
300796.SZ,20210519,实施完成,,20220414,20220518,4.0,4.0,80.0,"用于年产8,500吨戊酮系列绿色新材料项目",21,0.03892060197197722,0.0859398221171368
603189.SH,20200527,实施完成,,20210818,20210909,8.02,7.4,80.0,用于高新视频服务平台项目、AI视频大数据平台项目、补充流动资金项目,16,0.06130268199233724,0.0015741860724511891
002064.SZ,20210515,实施完成,,20220304,20220329,28.0,28.0,80.0,用于年产30万吨差别化氨纶扩建项目,17,-0.05427974947807934,0.01765706859416749
603042.SH,20200519,实施完成,,20210701,20210719,3.96,2.52,80.0,1、5G无线网络覆盖射频器件产品研发及产业化项目;2、WiFi6+5G无线网络设备研发及产业化项目;3、基于应用切片的网,12,0.03057119871279168,0.045031630137247314
300596.SZ,20201218,实施完成,,20220517,20220614,4.17,4.17,80.0,募集配套资金用于1、支付本次交易的现金对价;2、中介机构费用及其他相关费用;3、补充上市公司流动资金。,19,-0.0006472491909383926,-0.05996293496344163
300408.SZ,20210512,实施完成,,20211118,20211217,39.0,39.0,80.0,1、高容量系列多层片式陶瓷电容器扩产项目;2、深圳三环研发基地建设项目。,21,0.1000485672656628,0.06623478939169902
002261.SZ,20200414,实施完成,,20210907,20210930,12.0,9.16,80.0,用于1、行业智慧云解决方案研发项目;2、基石研究院建设项目;3、销售及服务体系建设项目;4、补充流动资金。,15,-0.03354037267080756,-0.004174212012873824
603178.SH,20210302,实施完成,,20211118,20211208,4.44,4.44,80.0,1、年产350万套高效节能与新能源关键汽车零部件项目;2、补充流动资金及偿还银行贷款。,14,0.22052535125229067,0.1813159595588707
002717.SZ,20200224,实施完成,,20210819,20210927,12.2,3.75,80.0,1、新郑市双洎河综合治理示范段工程(EPC);2、北海市合浦县廉州镇水环境整治二期工程项目设计-施工总承包(EPC);3,25,0.03546099290780136,0.0015674497520070663
002709.SZ,20201031,实施完成,,20210524,20210615,16.65,16.65,80.0,"1、年产2万吨电解质基础材料及5,800吨新型锂电解质项目；2、年产15万吨锂电材料项目；3、年产40万吨硫磺制酸项目；",15,0.27146382647097034,0.25027243498967144
300308.SZ,20210508,实施完成,,20210929,20211105,26.99,26.99,80.0,1、苏州旭创光模块业务总部暨研发中心建设项目;2、苏州旭创高端光模块生产基地项目;3、铜陵旭创高端光模块生产基地项目;4,22,0.0005729017473503628,0.013390159738533969
002593.SZ,20191119,实施完成,,20210817,20210908,7.1,3.29,80.0,用于轻量化锻造铝合金轮毂智能制造项目,16,0.14473684210526305,0.07365447197105013
300404.SZ,20200310,实施完成,,20210611,20210701,3.43,3.43,80.0,1、合同研发生产组织(CDMO)平台建设；2、创新药研发服务平台建设项目；3、临床研究服务网络扩建与能力提升项目；4、补,13,0.12619808306709257,0.1265013811132274
002115.SZ,20200411,实施完成,,20211118,20211210,12.72,4.68,80.0,用于1、5G通信基础设施建设及运营项目;2、支持5G的新一代多网融合覆盖产业化项目;3、补充流动资金。,16,-0.06010016694490816,-0.09743554200754057
603011.SH,20210430,实施完成,,20211230,20220208,4.41,4.41,80.0,用于年产80台煤炭智能干选机产业化项目(一期)、补充流动资金,22,-0.16279069767441856,-0.12240251173520367
600259.SH,20210430,实施完成,,20220218,20220314,13.96,13.96,80.0,"1、8,000t/a高性能钕铁硼永磁材料项目;2、富远公司年处理5,000吨中钇富铕混合稀土矿异地搬迁升级改造项目;3、",16,-0.10068259385665534,-0.026130957776528407
600258.SH,20210430,实施完成,,20211118,20211216,30.0,30.0,80.0,用于酒店扩张及装修升级项目、偿还金融机构贷款,20,-0.05376766091051821,-0.09349776265052112
601866.SH,20210128,实施完成,,20211209,20211222,14.64,14.64,80.0,募集配套资金用于1、投入寰宇启东生产线技术改造项目;2、寰宇青岛集装箱生产线技术改造项目;3、寰宇宁波物流装备改造项目;,9,0.012084592145015227,0.026171848665304198
300214.SZ,20210116,实施完成,,20210423,20210715,2.87,2.87,80.0,用于滨州海洋化工有限公司20万吨/年离子膜烧碱技术改造项目,55,-0.10026041666666663,-0.1230844237660661
002055.SZ,20200331,实施完成,,20211215,20220112,16.72,16.72,80.0,用于1、高速传输连接器建设项目;2、OBC研发中心项目;3、补充流动资金。,19,-0.07946210268948661,-0.0666170109150589
002065.SZ,20200516,实施完成,,20210923,20211026,40.13,6.14,80.0,用于1、信创鹏霄项目;2、东华云都项目;3、Avatar(阿凡达)工业互联网平台建设项目;4、AI城市超级大脑项目;5、,18,-0.003870967741935516,0.008473277429403403
601117.SH,20200424,实施完成,,20210819,20210906,100.0,100.0,80.0,用于尼龙新材料项目、重点工程项目建设、偿还银行贷款,12,0.3366336633663367,0.27894999692397193
300476.SZ,20210429,实施完成,,20211029,20211124,20.0,20.0,80.0,用于高端多层、高阶HDI印制线路板及IC封装基板建设项目、补充流动资金和偿还银行贷款,18,0.1443768996960486,0.12992642399360155
600706.SH,20190701,实施完成,,20210928,20211021,4.81,2.29,80.0,用于1、大唐芙蓉园夜游系列水舞光影秀;2、《梦回大唐》黄金版;3、御宴宫提升改造;4、补充流动资金及偿还银行贷款。,12,-0.03288490284005985,-0.030884562156942352
300062.SZ,20200512,实施完成,,20220110,20220207,4.0,4.0,80.0,用于一二次融合智能配电项目、补充流动资金,15,-0.10399999999999987,-0.06117019860939843
002227.SZ,20200629,实施完成,,20211123,20211220,8.0,3.6,80.0,用于1、电动汽车集约式柔性公共充电站建设运营示范项目;2、补充流动资金。,19,-0.006806579693703685,-0.008053736566904446
002841.SZ,20210428,实施完成,,20220705,20220811,19.95,19.95,80.0,用于投资交互智能显控产品智能制造基地建设项目,27,-0.04465753424657548,-0.00903674455817649
002551.SZ,20200430,实施完成,,20210625,20210811,5.8,1.12,80.0,1、5G数字手术治疗系统产品产业化项目;2、一次性医疗防疫防护产品产业化项目;3、高端骨科耗材产品产业化项目;4、补充流,33,-0.051693404634581164,-0.03157617032758586
300588.SZ,20200410,实施完成,,20211124,20211216,4.78,3.0,80.0,1、城市治理大脑解决方案建设及推广项目;2、研发中心及产业实验室项目;3、补充流动资金。,16,0.07843137254901977,0.054276522397533666
002639.SZ,20210424,实施完成,,20211129,20211221,6.7,6.7,80.0,用于氢燃料电池系统生产基地建设项目、氢能技术研发中心建设项目、补充流动资金,16,0.1071428571428572,0.08807674369243546
002139.SZ,20200429,实施完成,,20210429,20210603,10.5,10.5,80.0,用于1、拓邦惠州第二工业园项目;2、补充流动资金。,22,0.04971590909090895,0.017701761340379152
600152.SH,20200429,实施完成,,20210706,20210722,7.0,7.0,80.0,1、年产6000万支聚合物锂电池智能化工厂扩产项目;2、补充流动资金。,12,0.1885644768856447,0.17377680499826553
002371.SZ,20210422,实施完成,,20210930,20211104,85.0,85.0,80.0,1、半导体装备产业化基地扩产项目(四期)；2、高端半导体装备研发项目；3、高精密电子元器件产业化基地扩产项目(三期)；4,20,0.04531160272361845,0.057552646955965736
300073.SZ,20210422,实施完成,,20211110,20211203,46.45,46.45,80.0,1、当升科技(常州)锂电新材料产业基地二期工程项目；2、江苏当升锂电正极材料生产基地四期工程项目；3、当升科技(常州)锂,17,0.14182051008430285,0.10543014101882231
300119.SZ,20210316,实施完成,,20211020,20211119,13.36,13.36,80.0,1、国际标准兽药制剂自动化工厂建设项目;2、天然植物提取产业基地建设项目;3、华南生物大规模悬浮培养车间建设项目;4、超,22,-0.03546099290780125,-0.02824734997603806
601828.SH,20200604,实施完成,,20210913,20211020,36.78,37.01,80.0,1、天猫“家装同城站”项目；2、3D设计云平台建设项目；3、新一代家装平台系统建设项目；4、家居商场建设项目；5、偿还公,20,-0.0630541871921183,-0.029522819604704154
300793.SZ,20210420,实施完成,,20211118,20211210,15.0,9.91,80.0,1、江西电声产品柔性智能制造生产线建设项目;2、江西智能穿戴产品柔性生产线建设项目;3、总部创新技术研发中心建设项目;4,16,-0.09680589680589691,-0.13268322054953596
600395.SH,20210420,实施完成,,20220325,20220418,35.0,35.0,80.0,用于盘江新光2×66万千瓦燃煤发电项目、偿还银行借款及补充流动资金,14,0.07843137254901977,0.08407268551690628
300217.SZ,20201211,实施完成,,20210924,20211101,6.09,6.09,80.0,"1、收购东方山源51%股权;2、年产6,000万支铲片式PTC电加热器项目;3、年产350万套新能源电动汽车PTC电加热",21,-0.04157549234135671,-0.023029404418887456
603808.SH,20191121,实施完成,,20210628,20210707,9.54,4.83,80.0,用于收购ADON WORLD SAS43%股权项目、补充流动资金,7,-0.0201638311279142,-0.005645240882452329
002858.SZ,20200408,实施完成,,20210622,20210820,4.34,3.9,80.0,1、Xracing(汽车跨界赛)项目;2、赛卡联盟连锁场馆项目;3、精英系列赛项目;4、补充流动资金项目。,43,0.02611723737666849,0.0650616446085901
000570.SZ,20200411,实施完成,,20210607,20210705,6.35,6.35,80.0,用于轻型发动机及铸造搬迁项目、技术中心创新能力建设项目,19,-0.02300884955752236,-0.004980445004457601
300223.SZ,20210415,实施完成,,20211022,20211116,13.07,13.07,80.0,1、嵌入式MPU系列芯片的研发与产业化项目;2、智能视频系列芯片的研发与产业化项目;3、车载LED照明系列芯片的研发与产,17,0.07700592353257929,0.09560448361882412
603166.SH,20200313,实施完成,,20210625,20210712,10.1,2.91,80.0,用于大型曲轴精密锻造生产线项目、补充流动资金,11,0.024355300859598916,0.04159968067539177
603565.SH,20210413,实施完成,,20210825,20210908,30.0,27.48,80.0,1、集装箱船舶购置项目;2、集装箱购置项目;3、集装箱智能运输信息化平台建设项目;4、补充流动资金。,10,-0.03455882352941164,-0.0699704070840228
002291.SZ,20200408,实施完成,,20210916,20211019,29.72,29.72,80.0,用于1、YOWANT数字营销云平台建设项目;2、社交电商生态圈建设项目;3、创新技术研究院建设项目;4、补充流动资金和偿,16,-0.09388097233864201,-0.09036586973651561
600186.SH,20200428,实施完成,,20210713,20210809,12.0,9.94,80.0,1、年产10万吨商品味精及5万吨复合调味料先进技术改造项目;2、生物发酵制品项目;3、配套生物发酵制品项目;4、小麦面粉,19,-0.06547619047619047,-0.04625221684040315
300246.SZ,20210409,实施完成,,20220119,20220218,5.4,5.4,80.0,1、宝莱特血液净化产业基地及研发中心项目;2、营销网络及信息化建设项目;3、补充流动资金。,17,-0.10503802281368824,-0.0877522622383402
300477.SZ,20200520,实施完成,,20210427,20210602,10.06,10.04,80.0,用于1、配用电自动化终端产业化项目;2、新能源汽车充电桩设备制造项目;3、配电物联网研发中心建设项目;4、补充流动资金。,23,0.3606237816764133,0.30217374588925194
600196.SH,20201126,实施完成,,20220715,20220727,44.84,44.84,80.0,1、创新药物临床、许可引进及产品上市相关准备项目;2、原料药及制剂集约化综合性基地项目;3、补充流动资金。,8,0.007872340425531865,-0.006802097116610395
300239.SZ,20200422,实施完成,,20210519,20210615,4.07,4.07,80.0,用于胶原蛋白肽营养补充剂制品建设项目、生态资源综合利用建设项目、补充流动资金,18,-0.1682758620689655,-0.17893838161723363
300436.SZ,20200402,实施完成,,20210610,20210709,5.5,5.14,80.0,1、原料药制剂一体化生产基地建设项目；2、江苏中兴制剂车间建设项目；3、补充流动资金。,20,0.06104232651885977,0.08716755239222418
605018.SH,20210401,实施完成,,20220303,20220323,7.6,7.6,80.0,1、年产20亿件汽车高强度紧固件生产线建设项目(一期);2、汽车冲焊件(广清产业园)生产基地建设项目(一期);3、轻量化,14,0.006434316353887581,0.07107192578749144
600841.SH,20210105,实施完成,,20210924,20211108,20.0,20.0,80.0,募集配套资金用于支付本次交易现金对价、标的资产投资项目及补充流动资金,26,-0.16367887763055344,-0.13632370139417216
002728.SZ,20200408,实施完成,,20211104,20211201,4.56,1.97,80.0,用于现代中药产品线扩建及技术升级改造项目。,19,0.16557911908646017,0.1492795186198035
300412.SZ,20200909,实施完成,,20211129,20211222,4.5,2.7,80.0,1、智能物流系统生产中心建设项目；2、制药配液系统生产中心建设项目；3、医药研发服务平台升级扩建项目；4、总部基地建设项,17,0.11161939615736527,0.0932323209773267
603169.SH,20200919,实施完成,,20211207,20211227,13.3,13.3,80.0,1、盘锦浩业360万吨/年重油加氢EPC项目；2、宣东能源50万吨/年危废煤焦油提质改造EPC项目；3、重型承压装备生产,14,0.6019261637239168,0.5926734233176951
300633.SZ,20201001,实施完成,,20211215,20220106,7.74,7.74,80.0,1、彩超、内窥镜产品研发项目;2、总部基地建设项目;3、松山湖开立医疗器械产研项目。,15,0.054358634405037964,0.07245553916445524
600098.SH,20210610,实施完成,,20211210,20211231,56.27,52.59,80.0,1、广州LNG应急调峰储气库项目;2、广州LNG应急调峰气源站配套码头工程项目;3、广州LNG应急调峰气源站配套管线工程,15,0.0062266500622665255,0.01357269610092593
300568.SZ,20210928,实施完成,,20220707,20220729,60.0,35.0,80.0,1、高性能锂离子电池湿法隔膜及涂覆隔膜(一期、二期)项目;2、补充流动资金。,16,-0.1518761167361523,-0.12289659681079523
002921.SZ,20210610,实施完成,,20220222,20220323,4.24,4.24,80.0,用于精密液压零部件智能制造项目、补充营运资金及偿还贷款,21,-0.14910432033719723,-0.1006905020468184
601011.SH,20210430,实施完成,,20220217,20220308,15.06,12.37,80.0,1、宝泰隆新材料股份有限公司一矿项目;2、宝泰隆新材料股份有限公司二矿项目;3、宝泰隆新材料股份有限公司三矿项目;4、补,13,-0.029644268774703497,0.021769324799009393
300366.SZ,20200429,实施完成,,20210929,20211028,10.0,7.29,80.0,1、智能大数据融合平台项目；2、自主可控数据库升级及产业化应用项目；3、5G接入网关键技术产品研发项目。,16,0.03548387096774186,0.04074537796165134
300669.SZ,20200901,实施完成,,20211105,20211208,2.51,2.51,80.0,用于战略产品产业化技术系统研发项目、年产100万只创新型G系列缓冲器生产线建设及技术改造建设项目,23,0.0708117443868741,0.0278329404146771
002548.SZ,20210915,实施完成,,20220825,20220930,7.0,7.0,80.0,1、广东天种生猪标准化养殖项目(一期);2、广东天种生猪标准化养殖项目(二期);3、补充流动资金。,25,-0.17746478873239435,-0.1171267841369813
605333.SH,20210914,实施完成,,20220623,20220711,7.03,7.03,80.0,1、昆山泽轩汽车电器有限公司汽车线束部件生产项目;2、补充流动资金。,12,0.06290322580645169,0.06500899430559093
000032.SZ,20200122,实施完成,,20211011,20211117,20.0,10.1,80.0,募集配套资金用于现代数字城市技术研发项目、高科技工程服务项目、偿还金融机构贷款,27,-0.02043010752688179,-0.005381544875460276
603333.SH,20200827,实施完成,,20211129,20211220,6.16,6.16,80.0,1、轨道交通用特种电缆建设项目;2、新能源用特种电缆建设项目;3、补充流动资金。,15,0.08740894901144647,0.07805719463094762
300480.SZ,20200915,实施完成,,20210916,20211020,5.5,5.5,80.0,用于补充流动资金项目、半导体智能制造产业基地项目(一期),17,0.00400987045033907,0.009633471913661484
600887.SH,20210605,实施完成,,20211123,20211209,120.47,120.47,80.0,用于1、液态奶生产基地建设项目;2、全球领先5G+工业互联网婴儿配方奶粉智能制造示范项目;3、长白山天然矿泉水项目;4、,12,0.033183632734530955,0.009568970939122012
000737.SZ,20200930,实施完成,,20211223,20220211,5.0,5.0,80.0,募集配套资金用于1、支付本次交易的现金对价;2、支付中介机构费用及相关税费;3、偿还标的公司银行借款。,30,0.12021136063408178,0.17856519021332984
603337.SH,20200826,实施完成,,20220815,20220830,7.0,7.0,80.0,用于杰克高端缝制装备智能制造中心、补充流动资金,11,-0.109375,-0.09588912031354047
300383.SZ,20200417,实施完成,,20211202,20211231,50.0,30.0,80.0,1、北京房山绿色云计算数据中心二期;2、上海嘉定绿色云计算基地二期;3、向智达云创增资取得65%股权并投资建设燕郊绿色云,21,0.010211027910142834,-0.00809035164640437
603309.SH,20200919,实施完成,,20211227,20220111,3.99,3.99,80.0,1、一次性使用合金涂层抗感染导尿管生产建设项目；2、血液净化体外循环管路生产扩建项目；3、研发中心建设项目；4、营销中心,10,0.11197916666666674,0.12710707174048785
002852.SZ,20200929,实施完成,,20211027,20211126,10.0,7.92,80.0,1、靖江食用油加工综合项目一期(精炼和包装);2、岳阳食用油加工项目二期;3、茂名食用油加工项目;4、补充流动资金。,22,0.23065015479876183,0.23003408551436277
601515.SH,20200908,实施完成,,20210928,20211103,12.2,12.2,80.0,1、收购首键药包75%股权项目;2、收购华健药包70%股权项目;3、湖南福瑞高端包装印刷智能工厂技改搬迁建设项目;4、东,21,-0.18455497382198938,-0.16038868663982275
002780.SZ,20200908,实施完成,,20210910,20211021,2.47,1.93,80.0,用于X-BIONIC高科技时尚运动品牌建设与运营项目,22,-0.11680000000000001,-0.09018515833124963
300777.SZ,20210828,实施完成,,20220303,20220330,20.0,20.0,80.0,用于高性能碳纤维及织物产品项目和补充流动资金,19,-0.014027316352897778,0.05072128257507269
603906.SH,20210828,实施完成,,20220512,20220616,22.0,22.0,80.0,1、新能源汽车动力与储能电池正极材料规模化生产项目;2、年产60万吨车用尿素项目;3、补充流动资金项目。,24,0.13648854961832058,0.0567912827715209
300668.SZ,20200930,实施完成,,20211230,20220124,2.91,2.4,80.0,1、数字化设计云平台建设项目;2、装配式内装设计研发中心建设项目;3、城市更新设计研发中心建设项目;4、补充流动资金。,16,0.1529017857142856,0.1840081381731773
300416.SZ,20210317,实施完成,,20211215,20220111,6.0,6.0,80.0,1、实验室网络扩建项目；2、补充流动资金。,18,-0.01695467883925672,0.005142341598191047
600233.SH,20200902,实施完成,,20211123,20211202,37.9,37.9,80.0,1、多功能网络枢纽中心建设项目;2、运能网络提升项目;3、信息系统及数据能力提升项目;4、补充流动资金。,7,0.018068535825545018,0.02241378588377896
002875.SZ,20200925,实施完成,,20211213,20220105,4.08,3.22,80.0,1、营销网络数字化升级项目;2、电商运营中心建设项目;3、儿童生活体验馆项目4、补充流动资金。,16,0.033953997809419434,0.058660089046623565
300035.SZ,20210825,实施完成,,20220311,20220330,22.06,22.06,80.0,用于1、湖南中科星城石墨有限公司年产5万吨锂电池负极材料生产基地项目;2、年产3万吨锂电池负极材料及4.5万吨石墨化加工,13,0.052345994254707984,0.06624718464342005
603187.SH,20210825,实施完成,,20220705,20220729,10.0,10.0,80.0,1、年产100万台高端立式冷藏展示柜扩产项目;2、补充流动资金项目。,18,-0.04378698224852062,0.0005333175400692447
603817.SH,20210824,实施完成,,20220616,20220705,5.1,5.1,80.0,1、福州市连坂污水处理厂三期工程项目;2、福州滨海新城空港污水处理厂PPP项目;3、补充流动资金。,13,0.025260029717682153,-0.01047342125904005
002459.SZ,20210824,实施完成,,20220419,20220516,50.0,50.0,80.0,1、年产20GW单晶硅棒和20GW单晶硅片项目;2、高效太阳能电池研发中试项目;3、补充流动资金。,16,0.03765432098765431,0.07825912186239181
300674.SZ,20200910,实施完成,,20220110,20220209,11.15,11.15,80.0,1、面向中小微金融机构的在线金融平台建设项目;2、基于人工智能技术的智能分析及应用平台建设项目;3、全面风险与价值管理建,17,-0.045124282982791586,-0.013960577984505673
603629.SH,20200902,实施完成,,20211208,20220111,6.0,5.19,80.0,1、奕铭5条大屏幕液晶电视结构件智能化(自动化)生产线项目;2、墨西哥蒂华纳年产300万件大屏幕液晶电视精密金属结构件项,23,0.0964912280701753,0.11804539081871201
600540.SH,20200808,实施完成,,20220124,20220210,6.08,5.6,80.0,1、湖北新赛农产品物流有限公司二期扩建项目;2、霍城县可利煤炭物流配送有限公司专用线扩建项目;3、偿还银行贷款项目。,8,0.019607843137254832,0.030780509910667275
603871.SH,20210423,实施完成,,20211208,20211217,5.84,5.84,80.0,用于服务贸易基础设施技术改造项目、购置装载机车辆项目、补充流动资金,7,0.06948493683187573,0.07101707377415889
002932.SZ,20201120,实施完成,,20211018,20211117,8.21,4.66,80.0,1、体外诊断产品建设项目;2、医疗健康信息化项目;3、补充流动资金。,22,0.011926058437686349,0.020728846538174084
600203.SH,20201010,实施完成,,20211123,20211213,10.5,10.5,80.0,1、广东以诺智能终端制造基地建设项目;2、中诺通讯TWS智能制造建设项目;3、偿还公司债券;4、补充流动资金。,14,-0.019011406844106293,-0.0435269409329293
002129.SZ,20210428,实施完成,,20211019,20211105,90.0,90.0,80.0,用于50GW(G12)太阳能级单晶硅材料智慧工厂项目,13,-0.0366146458583434,-0.008585380026925438
601880.SH,20200708,实施完成,,20211013,20211117,21.0,21.0,80.0,募集配套资金用于补充合并后存续公司的流动资金及偿还债务、以及支付本次交易的中介机构费用。,25,-0.023391812865497186,-0.0166564539438927
002730.SZ,20200828,实施完成,,20211222,20220119,10.0,3.75,80.0,1、智慧矿山系统及高端智能化装备项目(一期)；2、智慧矿山研究及产业化中心；3、补充流动资金。,19,-0.08003300330033003,-0.06337251282741163
603567.SH,20200812,实施完成,,20210927,20211111,18.11,12.38,80.0,1、创新药及仿制药研发平台项目；2、鸡西分公司三期工程建设项目；3、中药材产地加工项目；4、信息化升级建设项目；5、补充,28,-0.11199095022624439,-0.09941155067843643
300468.SZ,20200818,实施完成,,20220120,20220302,10.0,4.0,80.0,1、金融级分布式数字化平台项目；2、开放式智能金融微服务平台项目；3、智能可信数据交换平台产业化项目；4、补充流动资金。,24,0.1263069845253031,0.14921698757805935
600109.SH,20210811,实施完成,,20220418,20220510,60.0,58.17,80.0,1、资本中介业务投入;2、证券投资业务投入;3、向全资子公司增资;4、信息技术及风控合规投入;5、补充营运资金及偿还债务,13,-0.12620320855614975,-0.08024311057141265
603617.SH,20200825,实施完成,,20211025,20211206,7.9,5.18,80.0,1、商用专业泵产业化项目;2、商用专业泵研发中心项目;3、营销网络中心项目;4、补充流动资金。,30,0.325098814229249,0.33268785595926587
002197.SZ,20200401,实施完成,,20211103,20211130,8.86,5.63,80.0,用于证通智慧光明云数据中心项目、偿还银行贷款,19,0.19068413391557493,0.16885075927200144
300552.SZ,20200623,实施完成,,20211208,20220110,9.0,4.0,80.0,1、自动驾驶汽车用低成本、小型化激光雷达和智能网联设备研发及产业化建设项目；2、智能网联研发中心建设项目；3、智慧交通智,22,0.14642313546423114,0.16047581408517075
300581.SZ,20200727,实施完成,,20220513,20220620,6.0,2.5,80.0,用于新型直升机研发及小批量试制项目、补充流动资金,25,0.06572295247724957,-0.008577293040336609
300168.SZ,20210807,实施完成,,20221228,20230130,30.0,19.78,80.0,1、未来公卫和医疗创新管理服务项目;2、未来城市智慧服务平台项目;3、企业人力资源数字化平台项目;4、偿还银行贷款。,17,0.15219976218787146,0.08808662850138949
300081.SZ,20190827,实施完成,,20211115,20211210,9.85,7.0,80.0,1、适用于VR开发的AI虚拟生态引擎系统项目;2、VR数字资产生产项目;3、VR场地运营中心。,19,-0.02786779001944273,-0.06314475364761518
603825.SH,20200414,实施完成,,20210906,20210924,3.77,3.84,80.0,用于品牌新零售网络运营建设项目、智慧营销云平台建设项目、创新技术研究中心项目、补充流动资金,12,-0.0720188902007084,-0.06976075071978716
300274.SZ,20210203,实施完成,,20210915,20211022,36.38,36.38,80.0,1、年产100GW新能源发电装备制造基地项目;2、研发创新中心扩建项目;3、全球营销服务体系建设项目;4、补充流动资金项,20,0.14268080162648866,0.1661619658678859
300546.SZ,20200711,实施完成,,20220318,20220401,5.0,2.0,80.0,用于智慧交通SaaS平台建设项目、补充流动资金,10,0.014968487394958041,0.005184558496306391
000905.SZ,20210804,实施完成,,20220715,20220815,8.0,8.0,80.0,1、古雷港区北1-2#泊位工程项目;2、拖轮购置项目;3、补充流动资金。,21,0.04816223067173642,0.032796599628829526
603158.SH,20200610,实施完成,,20210820,20210908,5.94,5.94,80.0,1.波兰汽车空调管路扩能项目；2欧洲研发中心项目；3、汽车排气高温传感器及配套铂电阻项目；4、补充流动资金及偿还银行贷款,13,-0.0451827242524917,-0.10957511353686256
002916.SZ,20210803,实施完成,,20220125,20220224,25.5,25.5,80.0,用于高阶倒装芯片用IC载板产品制造项目、补充流动资金,17,0.004303908651734689,0.005213005564914663
002570.SZ,20200826,实施完成,,20210922,20211103,12.0,2.59,80.0,1、年产2万吨配方奶粉及区域配送中心项目;2、新零售终端赋能项目;3、企业数智化信息系统升级项目;4、贝因美精准营养技术,25,-0.05882352941176472,-0.02386359651504455
002520.SZ,20200801,实施完成,,20210805,20210907,9.75,6.99,80.0,用于大型固定翼飞机升级项目、补充流动资金及偿还银行贷款,23,0.16780045351473927,0.10108588523689632
300463.SZ,20200808,实施完成,,20220119,20220218,27.69,15.74,80.0,1、迈克生物天府国际生物城IVD产业园项目；2、信息化和营销网络建设项目；3、补充流动资金。,17,-0.14990630855715192,-0.13348715736249084
300768.SZ,20200825,实施完成,,20210827,20210929,10.15,10.15,80.0,用于新一代IT基础设施平台研发项目、智能测试、验证及仓储基地建设项目,21,0.04904831625183026,0.0448543412307818
605377.SH,20210727,实施完成,,20220303,20220323,8.2,8.2,80.0,用于年产18万吨特种纸生产线扩建项目(一期)、补充流动资金,14,-0.07993890020366601,-0.020848556147098463
600859.SH,20210130,实施完成,,20211130,20211216,40.0,37.43,80.0,募集配套资金用于1、免税业务项目及其他项目建设;2、补充流动资金;3、偿还债务;4、支付本次交易的中介机构费用。,12,-0.021915871332626402,-0.051492154950942726
002042.SZ,20200608,实施完成,,20210909,20211014,15.0,11.41,80.0,用于华孚(越南)50万锭新型纱线项目(一期)、补充流动资金,18,-0.12104283054003728,-0.08773250115264852
300751.SZ,20210724,实施完成,,20211202,20211222,28.12,28.12,80.0,用于异质结太阳能电池片设备产业化项目和补充流动资金,14,-0.08782303370786504,-0.1001063656038389
002135.SZ,20200721,实施完成,,20211224,20220120,12.0,12.0,80.0,用于1、杭州湾智慧谷二期项目EPC工程总承包;2、桐庐县第一人民医院(120急救指挥中心)迁建工程EPC总承包;3、补充,18,0.04682926829268297,0.06537757687741075
300695.SZ,20200725,实施完成,,20211230,20220126,6.0,2.3,80.0,用于年产48万套商用车免维护轮毂轴承单元及远程运维平台(一期)项目、年产230万套新能源汽车轮毂轴承单元项目,18,-0.09335494327390603,-0.05045289405575326
002837.SZ,20200728,实施完成,,20210914,20211025,6.0,3.09,80.0,用于精密温控节能设备华南总部基地项目(一期)、补充流动资金项目,22,0.4533421575115817,0.47457500629391136
300656.SZ,20210717,实施完成,,20211228,20220121,5.0,5.0,80.0,1、碳化硅功率器件的研发和产业化项目;2、适用于新型能源供给的高端沟槽型肖特基二极管产能的提升及技术改进项目;3、补充流,17,-0.03126213592233018,-0.0016866783820446152
600480.SH,20210716,实施完成,,20220301,20220324,13.8,13.8,80.0,1、盐城新能源汽车零部件项目;2、武汉新能源汽车零部件项目;3、涿州新能源汽车零部件项目;4、收购凌云吉恩斯49.90%,17,-0.08650875386199808,-0.019458245405357788
603616.SH,20200512,实施完成,,20210720,20210809,3.88,3.84,80.0,1、收购合众建材30%股权项目；2、河南商丘预应力钢筒混凝土管(PCCP)生产基地建设项目；3、北海诚德镍业132+18,14,0.05681818181818188,0.06956655547578783
300786.SZ,20200714,实施完成,,20210805,20210830,3.6,3.6,80.0,用于2.5万吨/年高品质晶体乙醛酸项目(一期),17,0.7027237354085603,0.6729938990509203
002726.SZ,20200806,实施完成,,20210722,20210812,15.0,6.2,80.0,用于山东新建年出栏生猪66万头养殖项目、补充流动资金,15,0.024864864864865055,0.039402165898595465
300683.SZ,20200715,实施完成,,20210913,20211015,6.0,6.0,80.0,用于高端原料药生产基地I期项目(API&CDMO)、国家一类新药CPT产业化项目,17,0.0666832545409306,0.1093838635006743
002179.SZ,20210710,实施完成,,20211217,20220117,34.0,34.0,80.0,用于1、中航光电(广东)有限公司华南产业基地项目;2、中航光电基础器件产业园项目(一期);3、补充流动资金。,20,-0.06171826942792702,-0.03769000455397231
688122.SH,20210709,实施完成,,20211223,20220112,20.13,20.13,80.0,1、航空航天用高性能金属材料产业化项目;2、高性能超导线材产业化项目;3、超导创新研究院项目;4、超导产业创新中心;5、,13,-0.1003271537622682,-0.08884638631366626
600843.SH,20200610,实施完成,,20210813,20210908,10.0,8.15,80.0,用于特种缝制设备及智能工作站技术改造项目、投资设立南翔研发与营销中心项目,18,0.032786885245901454,-0.011863101770593132
002947.SZ,20200804,实施完成,,20210809,20210908,9.9,3.5,80.0,用于昆山市毛许路电子材料及器件、结构件产业化项目(二期)、补充流动资金,22,0.1641146446800157,0.10692492707197787
300671.SZ,20210129,实施完成,,20211201,20211227,9.0,9.0,80.0,1、5G射频芯片、LED芯片及电源管理芯片生产建设项目;2、研发中心项目;3、补充流动资金。,18,-0.12038962460326141,-0.12989824194701072
002646.SZ,20200530,实施完成,,20210723,20210819,4.76,4.12,80.0,1、1.73万吨优质青稞原酒陈化老熟技改项目;2、营销网络建设项目;3、青稞酒研发及检测中心建设项目;4、青稞酒信息化建,19,-0.16568791946308725,-0.14526275037918457
300557.SZ,20210706,实施完成,,20220228,20220415,4.21,4.21,80.0,1、光栅阵列传感技术产业化建设项目;2、智慧消防物联平台建设项目;3、补充流动资金。,32,-0.10258064516129028,-0.032418588660093506
002215.SZ,20200801,实施完成,,20211203,20211229,5.3,3.5,80.0,用于1、生产线自动化升级及新建项目;2、总部研发升级及新产品研发登记项目;3、补充流动资金。,18,0.04729729729729715,0.05033466310155976
300745.SZ,20200416,实施完成,,20210916,20211022,3.49,2.55,80.0,用于新能源车载电源智能化生产建设项目、补充流动资金,19,-0.18832038574872745,-0.18277221474773986
603982.SH,20211230,实施完成,,20221116,20221209,22.84,11.93,80.0,1、高端汽车零部件智能制造项目(二期);2、汽车零部件智能制造欧洲生产基地项目;3、新能源零部件生产基地项目;4、补充流,17,-0.06606110652353425,-0.09138874609145453
002487.SZ,20211230,实施完成,,20221124,20230104,51.0,30.66,80.0,1、辽宁阜新彰武西六家子250MW风电场项目;2、大金重工蓬莱基地产线升级及研发中心建设项目;3、大金重工(烟台)风电有,28,0.03831330763999108,0.026942349046087166
300164.SZ,20210608,实施完成,,20211223,20220310,1.2,1.2,80.0,用于页岩气射孔技术服务升级项目、补充流动资金,49,0.38326848249027257,0.5289973223608477
601966.SH,20210914,实施完成,,20220324,20220415,24.05,24.05,80.0,"用于长春年产120万条全钢子午线轮胎和300万条半钢子午线轮胎生产项目,补充流动资金",14,-0.12201476335214934,-0.11134642914732484
688126.SH,20210113,实施完成,,20220210,20220303,50.0,50.0,80.0,1、集成电路制造用300mm高端硅片研发与先进制造项目;2、300mm高端硅基材料研发中试项目;3、补充流动性资金。,15,0.020276100086281224,0.021681345044458622
002838.SZ,20210605,实施完成,,20220627,20220720,7.71,7.71,80.0,1、12万吨/年全生物降解塑料PBAT项目(一期)；2、山东道恩高分子材料西南总部基地项目(一期)；3、补充流动资金。,17,-0.05406536306432952,-0.0327518924043404
300887.SZ,20210928,实施完成,,20220317,20220419,12.4,12.4,80.0,1、谱尼测试集团山东总部大厦暨研发检测中心项目；2、谱尼西北总部大厦(西安)项目；3、补充流动资金。,21,0.04271698113207534,0.049577762167660744
600629.SH,20201230,实施完成,,20220330,20220421,9.47,9.47,80.0,用于1、全国重点区域属地化分支机构建设项目;2、数字化转型升级建设项目;3、城市建筑数字底座平台建设项目;4、补充流动资,14,-0.12911392405063293,-0.07629528783135031
300846.SZ,20210106,实施完成,,20220118,20220217,10.32,7.15,80.0,1、一体化云服务平台升级项目;2、弹性裸金属平台建设项目;3、补充流动资金。,17,-0.0893561103810776,-0.06260451239263543
603041.SH,20210424,实施完成,,20220412,20220427,4.89,4.26,80.0,用于4.5万吨/年有机胺系列产品项目(一期2.5万吨/年有机胺催化剂项目),11,-0.09688581314878886,-0.019024062453306123
002870.SZ,20210831,实施完成,,20220412,20220511,6.0,6.0,80.0,1、新能源汽车充电设备及运营平台开发项目;2、目的地充电站建设项目;3、补充流动资金及偿还贷款。,18,-0.06642835865355978,-0.01923344969030949
600526.SH,20210727,实施完成,,20220819,20220831,8.22,7.98,80.0,募集配套资金用于1、桐庐县分水镇污水厂;2、福清市元洪投资区污水处理厂一二期提标改造;3、青田县金三角污水处理厂清洁排放,8,-0.04513888888888873,-0.028457688138495585
000636.SZ,20210107,实施完成,,20220331,20220427,50.0,50.0,80.0,用于祥和工业园高端电容基地建设项目、新增月产280亿只片式电阻器技改扩产项目,17,-0.2125603864734299,-0.13432411288511692
002330.SZ,20190613,实施完成,,20220118,20220225,9.85,9.85,80.0,用于200万头/年生猪屠宰及肉制品加工项目、得利斯10万吨/年肉制品加工项目、得利斯国内市场营销网络体系建设项目、补充流,23,-0.2795899347623485,-0.2548537635728141
000959.SZ,20210913,实施完成,,20220414,20220607,25.0,2.91,80.0,募集配套资金用于1、铁前系统节能降耗综合改造项目;2、钢渣高值化综合利用项目;3、无人仓储及智能物流改造项目;4、炼钢部,34,-0.20521739130434768,-0.20917009286699229
920167.BJ,20211207,实施完成,,20220826,20220928,1.05,0.78,80.0,"1、年产涂锡铜带(丝)15,000吨项目;2、补充流动资金。",22,-0.16459197786998625,-0.1121487642115272
000798.SZ,20211204,实施完成,,20220610,20220705,4.0,4.0,80.0,1、更新建造合计17艘金枪鱼钓船项目;2、金枪鱼研发加工中心项目;3、补充流动资金。,17,0.01693227091633487,-0.01867536089438626
300045.SZ,20201202,实施完成,,20220630,20220728,3.3,3.3,80.0,1、北斗+5G融合终端基带芯片研发及产业化项目;2、北斗机载终端及地面数据系统研发及产业化项目;3、补充流动资金项目。,20,0.06779661016949134,0.10554362548077556
003038.SZ,20211202,实施完成,,20220520,20220616,7.8,7.8,80.0,1、年产10万吨光伏铝部件项目;2、补充流动资金。,18,0.138829889940143,0.0907109630389542
600481.SH,20210809,实施完成,,20220725,20220817,34.88,34.88,80.0,用于双良硅材料(包头)有限公司40GW单晶硅一期项目(20GW)、补充流动资金,17,0.17824773413897277,0.16316842936775822
603588.SH,20211201,实施完成,,20220728,20220816,27.58,27.58,80.0,1、危废资源综合利用项目；2、生活垃圾焚烧发电项目；3、补充流动资金。,13,-0.01017214397496069,-0.008755565333436466
300631.SZ,20210426,实施完成,,20211108,20220120,1.03,1.03,80.0,1、盐湖提锂中试平台建设项目；2、固危废智能云仓综合服务项目。,52,-0.16912487708947888,-0.18231396244253928
300353.SZ,20210429,实施完成,,20211122,20220117,1.6,1.6,80.0,用于工业互联网通信设备研发升级建设项目、信息化升级项目、补充流动资金,39,0.03790087463556846,0.049744288039672346
300102.SZ,20201119,实施完成,,20220303,20220323,15.0,15.0,80.0,用于Mini/Micro、高光效LED芯片研发及制造项目、补充流动资金,14,0.06278538812785395,0.13104210961805607
300654.SZ,20201124,实施完成,,20220303,20220328,2.44,2.44,80.0,用于教育内容AI系统建设项目,17,0.05749718151071059,0.145205651023937
603885.SH,20210803,实施完成,,20220728,20220812,33.02,33.02,80.0,用于引进飞机及备用发动机项目、偿还银行贷款,11,-0.05231388329979869,-0.05066886708505247
600874.SH,20211123,实施完成,,20220914,20220928,8.3,8.3,80.0,用于1、安徽阜阳界首高新区田营科技园污水处理厂建设项目;2、洪湖市乡镇污水处理厂新建及提标升级和配套管网(二期)PPP项,10,-0.06047197640117996,-0.0010855122700859088
688661.SH,20211120,实施完成,,20220915,20220929,7.0,7.0,80.0,1、MEMS工艺晶圆测试探针研发量产项目;2、基板级测试探针研发量产项目;3、补充流动资金。,10,-0.1393077873918418,-0.09439006304632658
002917.SZ,20201125,实施完成,,20211230,20220126,6.96,6.96,80.0,1、爆破工程服务项目;2、民用爆破器材生产线技改及信息化建设项目;3、北方区域运营中心及行业信息服务产业化项目。,18,0.28911253430924067,0.3501127779926747
300750.SZ,20210813,实施完成,,20220615,20220704,450.0,450.0,80.0,1、福鼎时代锂离子电池生产基地项目;2、广东瑞庆时代锂离子电池生产项目一期;3、江苏时代动力及储能锂离子电池研发与生产项,13,0.12098956320061838,0.08806520508412086
688568.SH,20211113,实施完成,,20220624,20220718,15.5,15.5,80.0,用于GEOVIS Online在线数字地球建设项目、补充流动资金,16,-0.0160594795539033,0.005444766350941599
300769.SZ,20211111,实施完成,,20220530,20220620,32.0,32.0,80.0,用于年产11万吨新型磷酸盐系正极材料生产基地项目、补充流动资金,14,0.38185798330825005,0.3125158443140401
000066.SZ,20201112,实施完成,,20220105,20220209,39.87,39.87,80.0,1、国产高性能计算机及服务器核心技术研发及产能提升项目;2、信息及新能源基础设施建设类项目;3、高新电子创新应用类项目;,20,-0.09711989283322164,-0.06722312098899919
600744.SH,20211109,实施完成,,20221107,20221130,10.0,8.4,80.0,用于1、醴陵泗汾镇鸭塘50MW复合光伏发项目;2、湘潭石坝口水库50MW渔光互补光伏项目;3、衡南县黄吉50MW林光互补,17,0.03472222222222232,0.010582925223264317
002901.SZ,20200915,实施完成,,20220221,20220314,10.0,4.96,80.0,1、大博医疗科技产业园——骨科植入性耗材产线扩建项目;2、大博医疗科技产业园——口腔种植体生产线建设项目;3、补充流动资,15,-0.11503680336487898,-0.041714910044696296
601228.SH,20211104,实施完成,,20220823,20220921,40.0,40.0,80.0,1、南沙港区粮食及通用码头筒仓三期工程项目;2、南沙集装箱码头分公司堆场三期工程项目;3、新沙港区11号12号通用泊位及,20,-0.0030211480362539733,0.047847146623339665
300506.SZ,20211013,实施完成,,20211028,20211230,2.55,2.55,80.0,1、补充工程配套资金项目；2、总部基地建设项目；3、补充流动资金。,45,0.013495276653171517,-0.01472429334074743
300538.SZ,20200629,实施完成,,20211028,20211129,6.52,6.22,80.0,1、特种工程塑料挤出成型项目；2、特种工程塑料改性及精密注塑项目；3、中高端工程塑料研发中心建设项目；4、补充流动资金项,22,0.024177566389219196,0.01144822397781109
002723.SZ,20201010,实施完成,,20211123,20211214,5.73,5.73,80.0,用于健康电器产业化项目、安全与智能化工程设备购置项目、补充流动资金,15,-0.03699421965317928,-0.05604534853780674
603138.SH,20201013,实施完成,,20211119,20211221,4.71,3.61,80.0,1、数据库技术研发升级建设项目;2、数据库安全产品建设项目;3、补充流动资金。,22,-0.19763860369609854,-0.21197031997950389
300511.SZ,20201028,实施完成,,20220228,20220321,22.5,3.98,80.0,1、安徽雪榕食用菌产业园项目；2、湖北雪榕食用菌产业园项目；3、偿还银行贷款及补充流动资金。,15,0.06069364161849711,0.12870348350334782
600477.SH,20201029,实施完成,,20220113,20220218,12.0,8.31,80.0,1、杭萧钢构绿色装配式建筑研发创新、智能制造及数智化管理示范基地项目;2、智能制造、信息化管理平台项目;3、补充流动资金,21,0.07816091954022997,0.09808286401441269
603518.SH,20200529,实施完成,,20220225,20220317,4.65,4.65,80.0,1、支付收购甜维你10%股权价款项目;2、全渠道营销网络改造升级项目;3、补充流动资金项目。,14,-0.11869158878504671,-0.05390011663956806
002108.SZ,20211022,实施完成,,20220713,20220810,13.75,12.38,80.0,"用于1、年产38,000吨高阻隔尼龙薄膜项目(芜湖);2、年产38,000吨高阻隔尼龙薄膜项目(沧州);3、补充流动资金",20,0.05699481865284972,0.07475477413268083
300589.SZ,20200731,实施完成,,20211123,20211214,3.75,3.75,80.0,用于海洋先进船艇智能制造项目、偿还银行贷款,15,-0.0011609907120743168,-0.020921007826493643
300571.SZ,20200924,实施完成,,20211215,20211230,5.85,5.85,80.0,1、5G无线接入网核心产品建设项目;2、新一代承载网产品建设项目;3、研发中心建设项目;4、补充流动资金。,11,0.2331975560081465,0.24288874339990518
600552.SH,20211019,实施完成,,20221024,20221114,15.0,15.0,80.0,1、柔性玻璃(UTG)二期项目;2、深圳国显新型显示研发生产基地项目;3、偿还有息负债及补充流动资金。,15,0.11505376344085994,0.07677659558087857
000301.SZ,20210513,实施完成,,20220617,20220720,40.89,40.89,80.0,募集配套资金用于1、支付现金对价;2、补充上市公司流动资金或偿还有息负债。,23,-0.059943977591036535,-0.05651301310522949
002132.SZ,20201103,实施完成,,20211118,20211210,6.38,6.38,80.0,用于预应力钢绞线改扩建项目、年产20万吨预应力钢绞线项目、合金镀层(锌)钢丝钢绞线改扩建项目,16,0.022569444444444198,-0.01804979219466185
688598.SH,20211012,实施完成,,20220711,20220728,31.03,31.03,80.0,1、高纯大尺寸先进碳基复合材料产能扩建项目;2、金博研究院建设项目;3、补充流动资金项目。,13,0.19972733469665993,0.2110603205609134
000401.SZ,20210401,实施完成,,20211222,20220114,20.0,20.0,80.0,募集配套资金用于1、补充流动资金和偿还债务。,16,-0.021224489795918178,0.0069502717679190695
000155.SZ,20200608,实施完成,,20211220,20220114,6.18,6.18,90.0,募集配套资金用于1、巴彦淖尔市生活垃圾焚烧发电项目;2、长垣县生活垃圾焚烧热电联产项目二期工程;3、偿还银行贷款。,18,-0.09585798816568047,-0.07728192898515751
002245.SZ,20211009,实施完成,,20220621,20220720,25.0,25.0,80.0,用于1、年产20亿AH高效新型锂离子电池产业化项目;2、高效新型锂离子电池产业化项目(二期);3、补充流动资金。,21,-0.17747858017135854,-0.17698221366127942
300293.SZ,20210529,实施完成,,20210930,20211117,1.2,1.2,80.0,用于收购工业清洗系统及表面处理业务子公司SBS Ecoclean GmbH 15%的少数股权,29,0.06939090208172694,0.07870231615546874
688308.SH,20220330,实施完成,,20221110,20221125,8.0,8.0,80.0,1、株洲欧科亿切削工具有限公司数控刀具产业园项目;2、补充流动资金。,11,0.0281627179257935,0.006430140630585779
600500.SH,20220326,实施完成,,20221118,20221207,50.0,49.75,80.0,1、碳三产业一期项目;2、补充流动资金。,13,0.09710144927536213,0.06199818749638153
002849.SZ,20211111,实施完成,,20221026,20221122,3.79,3.79,80.0,1、智能计量表具终端未来工厂建设项目;2、智慧城市先进计量及系统产业研发中心建设项目;3、归还银行借款、补充流动资金。,19,0.1563100576553491,0.12282959892276013
301071.SZ,20220326,实施完成,,20220819,20220919,40.0,39.12,80.0,1、商丘力量钻石科技中心及培育钻石智能工厂建设项目;2、力量二期金刚石和培育钻石智能化工厂建设项目;3、补充流动资金。,20,-0.20173708920187805,-0.16523251985676102
001267.SZ,20211222,实施完成,,20220901,20220929,3.38,3.38,80.0,1、园林工程项目;2、总部办公楼项目;3、偿还银行贷款。,19,0.35294117647058854,0.416902428186825
300316.SZ,20211026,实施完成,,20220708,20220729,14.2,14.2,80.0,1、12英寸集成电路大硅片设备测试实验线项目；2、年产80台套半导体材料抛光及减薄设备生产制造项目；3、补充流动资金。,15,0.045233323790438096,0.07827467223067197
000420.SZ,20211104,实施完成,,20220628,20220727,12.0,12.0,80.0,用于1.2万吨碳纤维复材项目、偿还银行借款,21,-0.005917159763313751,0.03458199639886583
688188.SH,20210311,实施完成,,20220331,20220419,9.78,9.77,80.0,1、智能切割头扩产项目;2、智能焊接机器人及控制系统产业化项目;3、超高精密驱控一体研发项目。,11,-0.12263993872997903,-0.1066602076535692
002669.SZ,20211020,实施完成,,20220721,20220817,7.0,7.0,80.0,1、唐山丰南区康达化工新材料有限公司3万吨/年胶黏剂及上下游新材料项目;2、福建康达鑫宇新材料有限公司年产3万吨胶粘剂新,19,0.08395904436860091,0.07720190939264127
920826.BJ,20220311,实施完成,,20220923,20221027,1.6,0.77,80.0,1、年产1.5万吨预制凉菜智能制造建设项目;2、研发及检测中心建设项目;3、补充流动资金。,19,-0.19172552976791113,-0.16314734164043987
300658.SZ,20210319,实施完成,,20220729,20220826,4.0,4.0,80.0,"用于年产20,000吨纺粘热风无纺布项目、年产37,000吨擦拭无纺布项目",20,0.006822612085769952,0.012116342757512388
688180.SH,20220308,实施完成,,20221115,20221202,39.69,37.77,80.0,1、创新药研发项目;2、上海君实生物科技总部及研发基地项目。,13,-0.11170752937762962,-0.11791808749273147
300576.SZ,20220307,实施完成,,20230621,20230717,6.7,4.0,80.0,1、光刻胶及其配套化学品新建项目;2、补充流动资金。,16,0.018230432668935315,0.014509592565928875
000878.SZ,20211127,实施完成,,20221028,20221129,26.75,26.75,80.0,用于收购云铜集团持有的迪庆有色38.23%股权、补充流动资金及偿还银行贷款,22,0.1755062680810029,0.08824234677090192
300496.SZ,20220304,实施完成,,20220908,20220929,31.0,31.0,80.0,1、整车操作系统研发项目；2、边缘计算站研发及产业化项目；3、扩展现实(XR)研发及产业化项目；4、分布式算力网络技术研,14,-0.07134483336124597,-0.011988919872390924
300254.SZ,20210427,实施完成,,20220225,20220510,1.1,1.1,80.0,用于药品研发项目,47,-0.23800564440263416,-0.13369995499956233
300171.SZ,20220301,实施完成,,20221222,20230113,32.0,24.68,80.0,1、生物制药装备产业试制中心项目;2、江苏生物医药装备产业化基地项目;3、浙江东富龙生物技术有限公司生命科学产业化基地项,15,0.16232379325074753,0.11107927877572288
688733.SH,20220226,实施完成,,20220916,20221020,9.51,9.51,80.0,"1、年产15,000吨电子功能粉体材料建设项目;2、年产20,000吨锂电池涂覆用勃姆石建设项目;3、技术研发中心建设项",19,-0.06477666062304266,-0.03662881604389878
000791.SZ,20220222,实施完成,,20221223,20230112,12.0,12.0,,1、玉门市麻黄滩第一风电场C区200兆瓦项目;2、瓜州干河口200MW光伏项目;3、永昌河清滩300MW光伏发电项目;4,13,0.01984126984126977,-0.0180659174628387
600298.SH,20210723,实施完成,,20220531,20220623,14.1,14.1,80.0,"1、酵母绿色生产基地建设项目;2、年产2.5万吨酵母制品绿色制造项目;3、年产5,000吨新型酶制剂绿色制造项目;4、补",16,0.05912838633686679,0.016471157633108913
600461.SH,20210130,实施完成,,20221018,20221107,3.68,3.68,80.0,募集配套资金用于1、支付标的资产的现金对价。,14,-0.051724137931034475,-0.05075658023762997
000591.SZ,20210930,实施完成,,20220711,20220818,60.0,59.81,80.0,1、中节能滨海太平镇300兆瓦光伏复合发电项目;2、中节能敦煌30兆瓦并网光伏发电项目;3、中节能贵溪流口50MW渔光互,28,0.03921568627450989,0.05064300607919736
688520.SH,20210125,实施完成,,20221027,20221109,22.4,4.83,80.0,用于新药研发项目,9,0.2201168762174608,0.19399280026728327
300390.SZ,20220209,实施完成,,20221130,20221227,46.0,27.66,80.0,1、四川天华时代锂能有限公司年产6万吨电池级氢氧化锂建设项目；2、宜宾市伟能锂业科创有限公司一期年产2.5万吨电池级氢氧,19,-0.040722495894909616,-0.023440849467982416
600860.SH,20200818,实施完成,,20220801,20220819,1.59,1.59,80.0,募集配套资金用于1、支付本次交易现金对价;2、税费及中介机构费用;3、补充上市公司及标的资产流动资金等。,14,-0.05600000000000005,-0.05545525730749756
000852.SZ,20210220,实施完成,,20220324,20220427,10.0,10.0,80.0,1、电动压裂装备一体化服务;2、螺旋焊管机组升级更新改造工程;3、螺旋焊管机组升级更新改造二期工程;4、油气田增压采收压,22,-0.23319027181688134,-0.15750616030274767
300593.SZ,20220128,实施完成,,20220928,20221026,15.81,15.81,80.0,1、特种电源扩产项目;2、高可靠性SiP功率微系统产品产业化项目;3、5G通信及服务器电源扩产项目;4、研发中心建设项目,15,0.05434116445352388,0.07035686696650933
688560.SH,20220127,实施完成,,20221109,20221206,16.75,16.75,80.0,1、明冠锂膜公司年产2亿平米铝塑膜建设项目;2、明冠锂膜公司年产1亿平米铝塑膜建设项目;3、嘉明薄膜公司年产1亿平米无氟,19,-0.14675767918088733,-0.19041290052591364
601127.SH,20220127,实施完成,,20220627,20220714,71.3,71.3,80.0,1、电动化车型开发及产品平台技术升级项目；2、工厂智能化升级与电驱产线建设项目；3、用户中心建设项目；4、补充流动资金项,13,-0.08118619348565881,-0.05390486993229049
300181.SZ,20220127,实施完成,,20221117,20221213,9.1,9.1,80.0,1、智能化中药生产基地建设与升级项目;2、企业研发中心升级项目;3、数字化运营决策系统升级项目;4、补充流动资金。,18,-0.028350515463917536,-0.046977231911268236
300493.SZ,20201111,实施完成,,20220121,20220323,1.4,1.4,80.0,用于无线信标、微能量收集芯片及IC系统方案、高清LED驱动、控制芯片与IC系统方案,38,0.010075566750629594,0.08774821650658482
688303.SH,20220125,实施完成,,20220621,20220720,110.0,110.0,80.0,1、年产10万吨高纯硅基材料项目;2、补充流动资金项目。,21,0.01113653699466055,0.011746726956869624
600416.SH,20220125,实施完成,,20221019,20221111,30.0,30.0,80.0,1、车载特种发射装备系统系列化研制及产业化建设;2、轨道交通高效牵引系统及节能装备系列化研制和产业化建设;3、收购湘电动,17,-0.006960556844547772,-0.02076429815467562
600353.SH,20220122,实施完成,,20220829,20220914,5.5,5.5,80.0,1、电子封装陶瓷材料扩产项目;2、电子陶瓷材料产业化项目;3、补充流动资金。,11,0.05382215288611536,0.05485906791422157
603392.SH,20211016,实施完成,,20220623,20220713,35.0,35.0,80.0,1、九价宫颈癌疫苗二期扩产建设项目;2、二十价肺炎球菌多糖结合疫苗产业化项目;3、养生堂厦门万泰诊断基地建设项目;4、鼻,14,0.06332220025901414,0.07493122897030813
000563.SZ,20210123,实施完成,,20221129,20221228,36.0,35.19,,用于补充公司资本金,21,-0.07645259938837923,-0.057802139038825695
688097.SH,20220118,实施完成,,20221118,20221208,17.0,10.0,80.0,1、新能源行业自动化设备扩产建设项目;2、消费电子行业自动化设备升级项目;3、新建研发中心项目;4、补充流动资金。,14,-0.08335925349922235,-0.112058608617575
688357.SH,20210409,实施完成,,20220111,20220330,1.94,1.94,80.0,用于吸附材料产业园改扩建项目(一期),51,-0.24834162520729697,-0.17911584072489106
002805.SZ,20220113,实施完成,,20220913,20221014,9.4,9.4,80.0,1、年产5万吨锂电池磷酸铁锂正极材料生产基地项目；2、补充流动资金项目。,18,-0.1557890855457228,-0.10307778054081829
300021.SZ,20211110,实施完成,,20211224,20220308,3.0,3.0,80.0,用于1、区域运营中心及综合服务能力提升项目;2、智能化农村污水处理设备、膜分离装置及配套双壁波纹管材生产项目;3、补充流,46,-0.07588532883642485,0.015171022850139382
300057.SZ,20220108,实施完成,,20221124,20221216,15.93,15.93,80.0,1、年产10万吨动力及储能电池箔项目;2、补充流动资金。,16,-0.17060367454068237,-0.19116881060367286
002829.SZ,20220107,实施完成,,20230303,20230403,6.0,6.0,80.0,1、无人机产业化项目；2、无人机系统研究院项目；3、补充流动资金。,21,-0.024220623501199023,-0.014749152241065544
601956.SH,20210119,实施完成,,20220803,20220819,12.9,5.88,80.0,1、东贝中央研究院建设项目;2、年产100万台大规格商用制冷压缩机项目;3、年产400万台高柔性智能压缩机生产线扩建项目,12,0.02285714285714291,-0.006780606980745674
300591.SZ,20210112,实施完成,,20220323,20220421,5.82,4.2,80.0,1、高性能陶瓷基复合防弹衣产业化建设项目;2、轻量化非金属防弹头盔产业化建设项目。,19,-0.12318840579710144,-0.06874730490007774
600120.SH,20210120,实施完成,,20220823,20220902,24.27,23.51,80.0,1、对浙商金汇信托股份有限公司增资;2、补充流动资金项目。,8,-0.004914004914004955,0.023112012636465895
300655.SZ,20210330,实施完成,,20211208,20220207,2.41,2.41,80.0,1、阳恒化工年产9万吨超大规模集成电路用半导体级高纯硫酸技改项目(二期);2、补充流动资金或偿还银行贷款。,37,-0.291970802919708,-0.24903244115035605
301030.SZ,20220420,实施完成,,20230309,20230403,4.2,4.2,80.0,1、数字化、智能化不锈钢特氟龙风管生产项目;2年减排万吨级CO2和钢渣资源化利用项目;3、补充流动资金;,17,-0.10760034158838616,-0.11309657613817037
002706.SZ,20210703,实施完成,,20220727,20220825,15.21,15.2,80.0,用于智能型低压电器研发及制造基地项目、补充流动资金,21,-0.13761467889908263,-0.12977591385004372
300763.SZ,20220629,实施完成,,20230106,20230210,29.25,29.25,80.0,1、年产95万台组串式逆变器新建项目;2、分布式光伏电站建设项目;3、补充流动资金项目。,20,-0.07549234135667404,-0.1047066757861409
600711.SH,20210604,实施完成,,20220726,20220816,22.25,22.25,80.0,用于卡隆威项目、补充流动资金,15,0.0012437810945276073,0.0011066015951723962
300681.SZ,20211105,实施完成,,20220707,20220805,9.76,9.76,80.0,1、珠海生产基地技术改造及产能扩张项目;2、山东菏泽新能源汽车驱动系统产业园项目(二期);3、珠海研发中心建设项目;4、,21,-0.0003398470688190658,0.042214686107604704
300608.SZ,20210415,实施完成,,20221208,20230105,6.5,6.06,80.0,1、PaaS平台技术与应用项目;2、城市数字经济中台项目;3、物联网研发中心项目;4、补充流动资金。,19,0.025670945157526326,0.03936741131473731
603002.SH,20220625,实施完成,,20230921,20231018,15.0,11.68,80.0,1、珠海宏昌电子材料有限公司二期项目;2、年产8万吨电子级功能性环氧树脂项目;3、功能性高阶覆铜板电子材料建设项目。,13,-0.11363636363636354,-0.1061045426883761
300131.SZ,20220322,实施完成,,20220621,20220810,2.9,2.9,80.0,1、深圳市英唐智能控制股份有限公司MEMS微振镜研发及产业化项目;2、补充流动资金。,36,0.2729044834307994,0.3031302999312748
601069.SH,20211123,实施完成,,20221013,20221110,4.0,4.0,80.0,募集配套资金用于补充上市公司和标的公司流动资金、偿还债务,20,0.10238907849829348,0.09520871969448286
600330.SH,20220308,实施完成,,20221102,20221122,23.45,23.45,80.0,1、大尺寸射频压电晶圆项目;2、新型高效晶体生长及精密加工智能装备;3、补充流动资金及偿还银行借款。,14,-0.05795918367346942,-0.08405645597735256
688800.SH,20220302,实施完成,,20220831,20220916,6.83,6.83,80.0,1、新能源汽车关键零部件项目;2、研发中心项目;3、补充流动资金项目。,11,-0.012464788732394538,0.011459235922219646
688277.SH,20210624,实施完成,,20230217,20230307,3.7,3.7,80.0,1、新一代骨科手术机器人研发及产业化项目;2、营销体系升级项目;3、智慧医疗中心建设项目;4、科技储备资金。,12,-0.028256374913852578,-0.04632242395637265
300680.SZ,20211112,实施完成,,20221013,20221107,7.16,7.16,80.0,1、新能源高效高密度驱动电机系统核心零部件研发及制造项目(一期);2、补充流动资金。,17,-0.016553067185978487,-0.03619151014505939
300919.SZ,20220611,实施完成,,20221111,20221130,66.8,43.07,80.0,1、印尼基地红土镍矿冶炼年产6万金吨高冰镍项目;2、贵州西部基地年产8万金吨硫酸镍项目;3、广西南部基地年产8万金吨高冰,13,-0.04272531917583111,-0.06217943921238134
688063.SH,20220610,实施完成,,20230111,20230208,50.0,50.0,80.0,1、派能科技10GWh锂电池研发制造基地项目;2、派能科技总部及产业化基地项目;3、补充流动资金。,15,-0.06280507647250255,-0.0831804796338641
688028.SH,20211028,实施完成,,20221020,20221104,4.87,4.87,80.0,"募集配套资金用于1、支付本次交易中的现金对价和重组相关费用,并用于标的公司符合相关行业政策的项目建设、上市公司或标的公司",11,-0.003963339113202791,-0.015557831825275592
603633.SH,20210630,实施完成,,20220621,20220713,7.0,7.0,80.0,1、新能源汽车连接器项目；2、新能源汽车连接器研发中心项目；3、补充流动资金。,16,-0.010783608914450071,-0.004028740738730274
300666.SZ,20211217,实施完成,,20220914,20221010,16.48,16.48,80.0,1、宁波江丰电子年产5.2万个超大规模集成电路用超高纯金属溅射靶材产业化项目;2、浙江海宁年产1.8万个超大规模集成电路,13,-0.18824426026483765,-0.11635348427885095
688305.SH,20220411,实施完成,,20220602,20220729,1.6,1.6,80.0,1、面向航空航天高档五轴数控机床产业化能力提升工程;2、航空航天关键主要部件整体加工解决方案研发验证平台;3、补充营运资,40,0.02933815350389324,0.01105625690711598
002145.SZ,20210525,实施完成,,20230210,20230309,70.91,52.88,80.0,用于1、循环化钛白粉深加工项目;2、水溶性磷酸一铵(水溶肥)资源循环项目;3、补充流动资金。,19,-0.11138613861386137,-0.11556876999791865
002928.SZ,20220125,实施完成,,20221027,20221205,24.35,24.35,80.0,1、引进4架A320系列飞机;2、购买14台飞机备用发动机;3、补充流动资金。,27,0.1662075298438932,0.0830899266075853
300998.SZ,20220608,实施完成,,20230317,20230411,8.0,8.0,80.0,1、智能装备生产基地建设项目；2、锂电池精密结构件生产基地建设项目；3、补充流动资金。,16,0.03284072249589487,0.01319597067457634
301073.SZ,20220607,实施完成,,20221215,20230106,5.17,5.17,80.0,1、新增直营酒店投资开发项目;2、现有酒店装修升级项目。,15,-0.06179853124567003,-0.05852683805587611
002421.SZ,20220601,实施完成,,20230214,20230316,7.0,7.0,80.0,1、达实AIoT智能物联网管控平台与低碳节能等应用系统升级研发及产业化项目；2、达实C3-IoT身份识别与管控平台与智能,22,0.005037783375315019,0.025715817077661463
600731.SH,20220531,实施完成,,20230111,20230216,7.0,7.0,80.0,用于1、宁夏海利科技有限公司年产4000吨甲萘威和5000吨甲基硫菌灵等系列产品及配套年产3万吨光气建设项目;2、海利贵,21,0.03725961538461542,0.009423414864228041
002672.SZ,20220528,实施完成,,20230419,20230518,12.0,12.0,80.0,1、揭阳大南海石化工业区绿色循环中心一期项目;2、江陵县滨江污水处理厂扩建(二期)项目;3、数智化建设项目;4、危废处理,18,0.011272141706924366,0.03360212752427083
300657.SZ,20210603,实施完成,,20220705,20220802,1.81,1.81,80.0,募集配套资金用于1、支付现金对价;2、偿还上市公司银行贷款;3、支付交易的税费及中介费用。,20,0.42819148936170204,0.5257982886216814
603227.SH,20220118,实施完成,,20230407,20230420,8.0,8.0,80.0,募集配套资金用于1、支付现金对价;2、支付交易税费与中介费用等。,9,0.013333333333333197,0.0014800307253877154
300890.SZ,20220303,实施完成,,20220518,20220718,2.2,2.2,80.0,"1、30,000吨高端石墨负极材料生产基地建设项目;2、研发中心建设项目。",42,0.34296028880866425,0.26425067037540817
600596.SH,20220524,实施完成,,20231124,20231214,18.0,18.0,80.0,1、浙江开化合成材料有限公司搬迁入园提升项目;2、35600吨/年高纯聚硅氧烷项目;3、补充流动资金。,14,-0.06673618352450472,-0.04087777428319517
603311.SH,20220524,实施完成,,20221213,20221230,3.14,3.14,80.0,1、诸暨年产555万件新能源汽车空气过滤器研发及产业化项目；2、珠海年产150万件新能源汽车空气过滤器研发及产业化项目；,13,-0.16870748299319716,-0.14527834670977402
002265.SZ,20211204,实施完成,,20230407,20230523,10.0,10.0,80.0,募集配套资金用于1、本次交易中的现金对价;2、支付本次交易相关税费及中介机构费用;3、补充流动资金等。,29,-0.005128205128205221,0.019820743351661285
002756.SZ,20210518,实施完成,,20220801,20220822,11.0,11.0,80.0,用于1、年产2万吨电池级碳酸锂项目;2、180万吨/年锂矿石高效选矿与综合利用项目;3、年产2万吨汽车高压共轨、气阀等银,15,0.11210269787876714,0.1060512988331268
601669.SH,20220521,实施完成,,20221223,20230113,149.63,133.96,80.0,1、精品工程承包类项目;2、战略发展领域投资运营类项目;3、海上风电勘察和施工业务装备采购类项目;4、补充流动资金和偿还,14,0.013138686131386912,-0.03424423851633818
300015.SZ,20210327,实施完成,,20220916,20221014,35.36,35.36,80.0,用于1、长沙爱尔迁址扩建项目;2、湖北爱尔新建项目;3、安徽爱尔新建项目;4、沈阳爱尔眼视光迁址扩建项目;5、上海爱尔迁,15,0.07963963963963949,0.09876217117801334
300640.SZ,20220319,实施完成,,20220517,20220720,1.34,1.34,80.0,1、数字化展示中心及智能零售终端建设项目;2、补充流动资金。,45,0.09691522999322455,0.026870171235383822
688033.SH,20220112,实施完成,,20220926,20221025,23.19,23.19,80.0,1、高性能碳陶制动盘产业化建设项目;2、碳碳材料制品预制体自动化智能编织产线建设项目;3、补充流动资金项目。,16,-0.13338926174496646,-0.11156794685083604
300490.SZ,20220517,实施完成,,20230209,20230309,9.1,9.1,80.0,1、储能电站建设项目;2、工业园区“光伏+储能”一体化项目;3、补充流动资金;,20,0.024844720496894235,0.023058144403777625
002128.SZ,20220513,实施完成,,20230302,20230331,40.0,40.0,80.0,用于通辽市100万千瓦外送风电基地项目、补充流动资金,21,-0.01897810218978091,-0.007649737784634403
603936.SH,20220512,实施完成,,20230321,20230406,15.0,15.0,80.0,1、博敏电子新一代电子信息产业投资扩建项目(一期)；2、补充流动资金及偿还银行贷款。,11,0.08011444921316158,0.061536383390484506
600115.SH,20220511,实施完成,,20221223,20230112,150.0,150.0,80.0,1、引进38架飞机项目;2、补充流动资金。,13,-0.03756708407871201,-0.073340420469723
603566.SH,20211116,实施完成,,20220830,20220916,8.98,8.98,80.0,1、兽用灭活疫苗生产项目；2、生物制品车间及配套设施改扩建项目；3、产品质检车间项目；4、补充流动资金。,12,-0.05074532191563608,-0.020132989803624768
300857.SZ,20220506,实施完成,,20230301,20230324,7.19,7.19,80.0,1、安徽协创物联网智能终端及存储设备生产线扩建项目;2、塘厦分公司物联网智能终端生产基地建设项目;3、协创数据智慧工厂建,17,0.038579570363875826,0.05342974823684754
600015.SH,20210513,实施完成,,20220801,20221018,200.0,80.0,80.0,用于补充公司的核心一级资本,50,-0.005882352941176339,0.051875067642743966
300603.SZ,20210602,实施完成,,20230214,20230315,18.77,9.47,80.0,1、立昂云数据(成都简阳)一号基地一期建设项目(Ⅰ期);2、立昂云数据(成都简阳)一号基地一期建设项目(Ⅱ期);3、补充,21,0.07421875,0.08408352468688429
600821.SH,20220217,实施完成,,20221020,20221109,32.61,26.96,80.0,用于1、贵港市港南桥圩镇200MWp农光储互补平价上网光伏发电复合项目;2、君能新能源公安县狮子口镇100MWp渔光互补,14,0.1383647798742138,0.13346604711077692
601698.SH,20201230,实施完成,,20220914,20221021,33.0,21.54,80.0,1、中星6D卫星项目;2、中星6E卫星项目;3、中星26号卫星项目;4、补充流动资金。,22,-0.08233276157804459,-0.022357535538301665
688022.SH,20220427,实施完成,,20230314,20230403,9.53,9.53,80.0,1、智能换电设备生产建设项目;2、智能电动化汽车部件智能装备生产建设项目;3、补充流动资金。,14,-0.079483282674772,-0.09374837698772076
300595.SZ,20210508,实施完成,,20220527,20220620,20.42,15.03,80.0,用于接触镜和配套产品产业化项目、社区化眼视光服务终端建设项目,15,0.39984611438830475,0.32165456573182527
300858.SZ,20220426,实施完成,,20221222,20230118,7.0,7.0,80.0,用于食品板块研发生产基地项目以及补充公司流动资金,18,0.10906040268456363,0.05059623619058384
300647.SZ,20220319,实施完成,,20220421,20220630,2.0,2.0,80.0,用于锂电池正极关键材料生产基地建设一期子项目,46,0.4245880861850444,0.29095409074327705
002539.SZ,20220115,实施完成,,20221208,20230106,19.96,19.96,80.0,用于磷矿资源综合利用生产新能源材料与缓控释复合肥联动生产项目,20,-0.05959183673469404,-0.04776438112002135
605123.SH,20220326,实施完成,,20220922,20221019,16.0,16.0,80.0,用于航空航天用特种合金结构件智能生产线建设项目、补充流动资金,14,0.05771857923497259,0.0801391184418303
600980.SH,20211117,实施完成,,20220823,20220908,0.68,0.68,80.0,募集配套资金用于1、支付本次交易中的现金对价;2、支付中介机构费用;3、补充上市公司流动资金等。,12,-0.06299694189602456,-0.05122869394368057
002436.SZ,20210309,实施完成,,20220715,20220906,20.0,20.0,80.0,1、宜兴硅谷印刷线路板二期工程项目——年产96万平方米印刷线路板项目;2、广州兴森快捷电路科技有限公司国产高端集成电路封,37,0.13981481481481484,0.13440795878817435
300442.SZ,20201112,实施完成,,20230112,20230216,47.0,47.0,80.0,募集配套资金用于1、投入标的公司项目建设；2、偿还标的公司银行借款；3、支付中介机构费用等。,20,0.14409282700421944,0.11395771668741128
002353.SZ,20210526,实施完成,,20220617,20220715,25.0,25.0,80.0,用于1、数字化转型一期项目;2、新能源智能压裂设备及核心部件产业化项目;3、补充流动资金。,20,-0.16682879377431903,-0.14392868410224546
300020.SZ,20220415,实施完成,,20230418,20230518,10.0,10.0,80.0,用于1、“城市大脑”整体解决方案研发及实施项目;2、基于新一代信息技术的智慧医院项目;3、补充流动资金。,19,0.17640320733104242,0.2106576942129561
000893.SZ,20201209,实施完成,,20220728,20220818,16.8,16.8,80.0,募集配套资金用于1、支付本次交易现金对价;2、补充上市公司流动资金;3、偿还标的公司债务;4、老挝甘蒙省钾盐矿彭下-农波,15,-0.009428571428571342,-0.007907751042106392
000100.SZ,20210410,实施完成,,20221130,20221222,103.8,95.97,80.0,用于第8.6代氧化物半导体新型显示器件生产线项目、补充流动资金,16,-0.0796019900497511,-0.05040171019529216
301018.SZ,20220413,实施完成,,20230322,20230418,8.0,8.0,80.0,1、新基建领域智能温控设备智能制造项目;2、专业特种环境系统研发制造基地项目(二期)。,18,0.10760953112990013,0.06596522534070459
688690.SH,20220311,实施完成,,20220510,20220712,1.97,1.97,80.0,1、收购赛谱仪器部分股权;2、常熟纳微淘汰1000吨/年光扩散粒子减量替换生产40吨/年琼脂糖微球及10吨/年葡聚糖微球,44,-0.0022547914317924134,-0.07693739841330605
688789.SH,20220412,实施完成,,20230110,20230206,10.0,10.0,80.0,"1、杭州宏华软件有限公司年产3,520套工业数码喷印设备智能化生产线;2、补充流动资金。",14,0.14417177914110435,0.11972802526513604
605111.SH,20211112,实施完成,,20220720,20220810,14.18,14.18,80.0,1、第三代半导体SiC/GaN功率器件及封测的研发及产业化;2、功率驱动IC及智能功率模块(IPM)的研发及产业化;3、,15,0.046502447497236865,0.07070608487055585
300982.SZ,20220412,实施完成,,20221202,20221226,13.89,13.89,80.0,1、智能电气设备生产基地建设项目;2、电力电子设备及储能技术研发中心建设项目;3、补充流动资金。,16,-0.08920539730134924,-0.06229313252365132
002567.SZ,20220412,实施完成,,20221129,20221222,11.4,11.4,80.0,1、东冲三期生猪养殖基地建设项目;2、云浮市云安温氏生态养殖有限公司猪苗养殖生产建设项目;3、融水县和睦镇芙蓉村唐人神集,17,-0.017783857729138264,0.01286715246865544
688668.SH,20220409,实施完成,,20221202,20221216,8.0,8.0,80.0,1、高速通讯连接器组件生产建设项目;2、新能源汽车连接器生产建设项目;3、补充流动资金。,10,-0.044267053701016024,-0.04780095064549306
688388.SH,20211106,实施完成,,20220929,20221020,47.22,34.07,80.0,1、高性能锂电铜箔募集资金投资项目;2、江西嘉元科技有限公司年产2万吨电解铜箔项目;3、补充流动资金。,10,0.031989399962142784,0.03408197449245276
603656.SH,20220409,实施完成,,20230227,20230315,3.51,3.51,80.0,用于智能煤炭干选机产业化项目(一期)、补充流动资金,12,0.010903426791277315,0.009267674563258055
002617.SZ,20211124,实施完成,,20220624,20220722,25.67,25.67,80.0,1、第三代功率半导体(碳化硅)产业园项目;2、大尺寸碳化硅衬底片研发中心项目;3、补充流动资金。,20,0.2622950819672132,0.2930895760160124
600855.SH,20220402,实施完成,,20230407,20230428,3.25,3.25,80.0,用于1、储能电源验证能力建设项目;2、国产化高功率密度模块电源研制生产能力提升项目;3、基于人工智能的一体化边海防侦测装,15,-0.0642479213907784,-0.06301712754942423
002254.SZ,20211023,实施完成,,20230106,20230203,29.87,29.87,80.0,用于1、对位芳纶产业化项目;2、间位芳纶产业化项目;3、补充流动资金。,15,0.16496220542463313,0.12720491832453917
300569.SZ,20220318,实施完成,,20230608,20230710,15.0,15.0,80.0,1、天能重工武川150MW风电项目;2、江苏天能海洋重工有限公司海上风电装备制造生产线技改项目;3、海上风电装备制造生产,20,-0.022946859903381633,-0.019930730082437398
600361.SH,20210807,实施完成,,20230808,20230824,15.0,15.0,80.0,募集配套资金用于1、年产80万吨高强高韧铝合金材料项目(二期);2、年产120万吨轻质高强铝合金材料项目(二期)。,12,-0.03791469194312791,0.017763134293906857
688166.SH,20220416,实施完成,,20220923,20221128,2.27,2.27,80.0,1、博瑞生物医药(苏州)股份有限公司吸入剂及其他化学药品制剂生产基地和生物医药研发中心新建项目(二期)；2、补充流动资金,41,0.16923076923076952,0.1729607788065859
300672.SZ,20220428,实施完成,,20221118,20221219,22.95,22.95,80.0,1、全系列AI视觉处理芯片研发及产业化项目;2、4K/8K智能终端解码显示芯片研发及产业化项目;3、补充流动资金及偿还银,21,0.163219895287958,0.1595241601245334
600372.SH,20220611,实施完成,,20230616,20230717,50.0,50.0,80.0,募集配套资金用于1、航空引气子系统等机载产品产能提升项目;2、液压作动系统产能提升建设项目;3、航空电力系统生产能力提升,19,0.02033898305084736,0.040590533767994375
002156.SZ,20210928,实施完成,,20220927,20221114,55.0,26.93,80.0,用于1、存储器芯片封装测试生产线建设项目;2、高性能计算产品封装测试产业化项目;3、5G等新一代通信用产品封装测试项目;,29,0.1200487507617305,0.12384853833960552
605319.SH,20220719,实施完成,,20230526,20230614,2.35,2.35,80.0,募集配套资金用于1、支付本次交易的现金对价及相关税费。,13,0.03291639236339705,0.02764306222245505
300664.SZ,20220427,实施完成,,20220920,20221202,3.0,3.0,80.0,"1.长春市有机固体废弃物综合处置中心(1200t/d污泥喷雾干化焚烧项目),2.补充流动资金和偿还银行贷款",48,0.05996131528046433,0.04863059127886182
600703.SH,20210930,实施完成,,20221124,20221212,79.0,79.0,80.0,用于补充流动资金、湖北三安光电有限公司Mini/Micro显示产业化项目,12,0.010508849557522293,-0.018013922301488128
603330.SH,20220125,实施完成,,20221230,20230131,11.61,9.86,80.0,1、昆山天洋光伏材料有限公司新建年产1.5亿平方米光伏膜项目;2、南通天洋光伏材料科技有限公司太阳能封装胶膜项目;3、海,16,0.17456734386756945,0.11453013903405962
603318.SH,20220603,实施完成,,20221202,20221220,1.1,1.1,80.0,募集配套资金用于1、偿还有息负债。,12,-0.2185154295246039,-0.1975712937359957
600961.SH,20220422,实施完成,,20230428,20230522,13.37,11.71,80.0,募集配套资金用于1、支付本次交易中的现金对价;2、补充上市公司流动资金等。,13,-0.0565610859728507,-0.048889581861149556
002096.SZ,20211103,实施完成,,20230414,20230515,13.39,13.39,80.0,募集配套资金用于补充上市公司流动资金或偿还债务等用途。,18,-0.0487062404870624,-0.0408286948483364
300099.SZ,20210918,实施完成,,20221019,20221115,6.0,3.94,80.0,用于矿用智能单轨运输系统数字化工厂建设项目、补充流动资金,19,0.07086614173228356,0.04021699830642489
920077.BJ,20220909,实施完成,,20230711,20230803,17.0,8.04,80.0,1、年产15万吨碳纤维原丝项目；2、碳纤维原丝及相关制品研发检测中心建设项目；3、偿还银行贷款。,17,-0.021256038647342934,-0.038887653511690545
002060.SZ,20220319,实施完成,,20230602,20230704,20.0,19.08,80.0,募集配套资金用于建工集团募投项目建设或补充流动资金。,20,0.0,-0.004708460956990401
688596.SH,20220528,实施完成,,20220729,20221028,1.83,1.83,80.0,1.合肥高纯氢气项目;2.潍坊高纯大宗项目;3.补充流动资金,59,0.9022727272727276,1.1223264718925519
002799.SZ,20210609,实施完成,,20221129,20221221,9.0,7.5,80.0,环球印务扩产暨绿色包装智能制造工业园(一期)项目;2、医药包装折叠纸盒扩产暨智能制造项目;3、补充流动资金。,16,-0.060810810810810745,-0.03591482220764364
600207.SH,20210714,实施完成,,20221223,20230119,12.0,11.68,80.0,"用于年产4,800万平方米光伏轻质基板项目、补充流动资金",18,0.05691056910569103,-0.006502837303504538
688567.SH,20210917,实施完成,,20221028,20221116,45.2,33.18,80.0,1、高性能动力锂电池项目;2、科技储备资金。,13,0.04026845637583909,-0.0277677619879797
600529.SH,20210908,实施完成,,20221108,20221124,18.66,18.66,80.0,1、山东省药用玻璃股份有限公司一级耐水药用玻璃瓶项目;2、年产5.6亿只预灌封注射器扩产改造项目。,12,0.012913907284768156,0.004777046591263989
300745.SZ,20220830,实施完成,,20230621,20230713,13.92,13.59,80.0,1、新能源车载电源自动化产线升级改造项目;2、新能源车载电源智能化生产建设项目(二期);3、总部基地及研发中心建设项目;,14,0.09301238607151219,0.07998365870690183
600301.SH,20200901,实施完成,,20230406,20230428,6.0,6.0,80.0,募集配套资金用于1、广西南丹县铜坑矿区锡锌矿矿产资源开发项目;2、补充标的公司流动性;3、支付中介机构费用及相关税费。,16,0.10506798516687277,0.10152773699993589
688093.SH,20220827,实施完成,,20230601,20230615,3.9,3.9,80.0,1、新建高效密封胶项目;2、创新中心项目;3、补充流动资金。,10,-0.009302325581395432,-0.024024516353774894
688168.SH,20220429,实施完成,,20220804,20221017,1.35,1.35,80.0,数据安全防护与溯源分析平台研发及产业化项目,46,-0.044185416101924724,-0.011932871353479646
300665.SZ,20220419,实施完成,,20220804,20221101,1.09,1.09,80.0,1、高端特种密封胶黏剂建设项目;2、补充公司流动资金,57,-0.07621247113163987,-0.007815221020487484
600366.SH,20220224,实施完成,,20221108,20221123,10.45,10.45,80.0,"用于包头韵升科技发展有限公司年产15,000吨高性能稀土永磁材料智能制造项目",11,-0.06523681858802488,-0.07502073467226755
300443.SZ,20220826,实施完成,,20230607,20230703,21.52,21.52,80.0,1、海上风电核心部件数字化制造项目;2、补充流动资金。,16,0.014844804318488558,0.0003865017946329541
300094.SZ,20210909,实施完成,,20221118,20221212,10.0,10.0,80.0,1、广东国美水产食品有限公司中央厨房项目；2、国联(益阳)食品有限公司水产品深加工扩建项目；3、补充流动资金。,16,0.005163511187607606,-0.02069990150996104
600576.SH,20210520,实施完成,,20221215,20221229,3.0,3.0,80.0,募集配套资金用于补充上市公司的流动资金,10,0.1871999999999998,0.22387243711621174
688518.SH,20220521,实施完成,,20230111,20230209,9.9,9.9,80.0,1、联赢激光华东基地扩产及技术中心建设项目;2、联赢激光深圳基地建设项目;3、补充流动资金。,16,0.2755727654081963,0.23323611469912242
002906.SZ,20220820,实施完成,,20230731,20230818,20.0,14.0,80.0,1、智能汽车电子产品产能扩建项目;2、汽车轻量化零部件产品产能扩建项目;3、智能驾驶平台研发项目。,14,-0.1481374530753682,-0.10486729971416209
603679.SH,20210820,实施完成,,20221027,20221121,2.9,2.1,80.0,用于智慧路灯智能制造项目和补充流动资金,17,0.12643678160919536,0.0891420371547118
603787.SH,20200821,实施完成,,20230529,20230609,10.0,4.0,80.0,用于天津智能化工厂建设项目(一期)、惠州智能化工厂建设项目(一期),9,-0.07417735638594525,-0.07703014247074003
002885.SZ,20220817,实施完成,,20230303,20230407,4.36,4.35,80.0,1、河源新能源磁集成器件智能制造项目;2、补充流动资金。,24,-0.10937912813738448,-0.10917919886267802
300731.SZ,20220506,实施完成,,20220811,20220926,0.44,0.44,80.0,用于新建新能源汽车钎焊式水冷板项目,31,-0.16262975778546718,-0.09938858974554776
300765.SZ,20210727,实施完成,,20230216,20230310,5.0,5.0,80.0,募集配套资金用于1、石药集团圣雪葡萄糖有限责任公司阿卡波糖绿色工厂升级技术改造项目;2、补充流动资金。,16,0.01790872328134041,0.023881436820542223
300118.SZ,20220129,实施完成,,20230104,20230213,50.0,50.0,80.0,1、5GWN型超低碳高效异质结电池片与10GW高效太阳能组件项目；2、全球高效光伏研发中心项目；3、补充流动资金。,23,0.278379462494986,0.2158479909965021
603222.SH,20220408,实施完成,,20221223,20230111,4.9,4.9,80.0,"1、年产8.5亿支安全注射器和安全注射针技术改造项目；2、新增年产25,000万只预充式导管冲洗器技改项目；3、济民健康",12,0.1211146838156485,0.07999397122126317
601500.SH,20220524,实施完成,,20230306,20230322,10.18,10.18,80.0,用于柬埔寨高性能子午胎项目、补充流动资金,12,0.039024390243902474,0.056929825444848925
300945.SZ,20220812,实施完成,,20230621,20230724,7.16,6.91,80.0,1、“曼卡龙@Z概念店”终端建设项目;2、全渠道珠宝一体化综合平台建设项目;3、“慕璨”品牌及创意推广项目。,21,0.13333333333333353,0.14541837233219423
002782.SZ,20220223,实施完成,,20230109,20230214,2.25,2.25,80.0,用于安徽光伏储能磁性元件智能制造项目、惠州充电桩磁性元件智能制造项目,21,0.12375458835867859,0.08376354894846694
002881.SZ,20210814,实施完成,,20230220,20230320,6.04,6.04,80.0,1、5G+AIoT模组及解决方案产业化项目;2、研发中心建设项目;3、补充流动资金。,20,-0.0979255643685174,-0.08246912904844628
002765.SZ,20220226,实施完成,,20230111,20230221,5.86,5.86,80.0,1、新能源汽车高精密传动齿轮及电机轴制造项目；2、车载、工控触控屏盖板玻璃扩产项目；3、补充流动资金。,24,-0.018987341772152,-0.06191423860977152
300217.SZ,20220426,实施完成,,20220804,20220928,2.98,2.98,80.0,1、年产50台高温高效电加热装备项目;2、年产2万吨锂电池预镀镍钢基带项目。,38,-0.11201079622132248,-0.07002621708395029
300752.SZ,20210826,实施完成,,20230526,20230616,10.02,3.0,80.0,1、中大尺寸Mini-LED显示模组智能制造基地项目,15,0.019253910950661757,0.0003125138047663789
603456.SH,20220805,实施完成,,20230110,20230119,25.0,25.0,80.0,1、瑞博(台州)制药有限公司创新药CDMO生产基地建设项目(一期工程)；2、瑞博(苏州)制药有限公司原料药CDMO建设项,7,0.07660263827817637,0.05308814220208147
300767.SZ,20220407,实施完成,,20220728,20220928,2.5,2.5,80.0,1、年产10万套智能阻尼器、1.5万套核电站用液压阻尼器及2.5万套配件项目(一期);2、震安科技股份有限公司研发中心建,43,-0.13862068965517238,-0.0714348602274929
601111.SH,20220803,实施完成,,20221227,20230116,150.0,150.0,80.0,1、引进22架飞机项目;2、补充流动资金。,13,-0.04147880973850315,-0.08068687122894891
603517.SH,20210803,实施完成,,20221215,20230106,11.8,11.8,80.0,"1、广东阿华食品有限责任公司年产65,700吨卤制肉制品及副产品加工建设项目;2、广西阿秀食品有限责任公司年产25,00",15,0.014411247803163496,0.017948699493038234
300092.SZ,20220730,实施完成,,20230208,20230306,5.81,5.81,80.0,1、高端过程装备智能制造项目;2、数字化升级及洁净化改造项目;3、氢能及特材研发中心建设项目;4、补充流动资金。,18,0.0060422960725075026,-0.021188954847577657
002738.SZ,20220524,实施完成,,20230310,20230412,30.0,30.0,80.0,1、春鹏锂业年产3.5万吨高纯锂盐项目;2、津巴布韦Bikita锂矿200万t/a建设工程;3、津巴布韦Bikita锂矿,22,0.01219166430394103,-0.01734951600381085
600995.SH,20211016,实施完成,,20221021,20221206,93.0,80.02,80.0,募集配套资金用于1、建设抽水蓄能电站和电化学储能电站;2、补充流动资金;3、偿还债务。,32,0.028590878148400334,-0.02699385114572561
002939.SZ,20210727,实施完成,,20220714,20220822,84.64,76.16,80.0,1、资本中介业务投入;2、证券投资业务投入;3、偿还债务。,27,-0.0032537960954448497,-0.002052729731529923
603995.SH,20220728,实施完成,,20230324,20230406,12.0,12.0,80.0,1、年加工22万吨精密不锈钢板带项目;2、年加工35万吨宽幅精密不锈钢板带技术改造项目;3、补充流动资金。,8,0.0,-0.014180372803707542
300597.SZ,20211108,实施完成,,20221103,20221128,2.32,2.13,80.0,1、政企数智化业务中心项目;2、“智慧食堂”产业化项目;3、智慧中台建设项目。,17,-0.03284671532846728,-0.05821278126297402
603229.SH,20220309,实施完成,,20221227,20230203,4.85,4.85,80.0,1、高端制剂国际化项目(一期);2、特色原料药及关键医药中间体产业化项目(二期);3、补充流动资金。,22,0.1132153149444215,0.055962264273901496
300121.SZ,20220319,实施完成,,20220721,20220905,2.85,2.85,80.0,1、3.6万吨绿色橡胶助剂建设项目;2、智能工厂建设及改造项目;3、补充流动资金。,32,-0.04021244309559935,-0.01858981302663798
601021.SH,20210605,实施完成,,20221114,20221202,35.0,30.0,80.0,1、购置9架空客A320系列飞机;2、购置1台A320飞行模拟机;3、补充流动资金。,14,0.05754573170731714,0.033171388036006944
688221.SH,20220430,实施完成,,20220718,20220920,2.7,2.0,80.0,用于FB2001研发项目中期分析阶段,45,-0.15094339622641506,-0.10860553272192186
300382.SZ,20210824,实施完成,,20220804,20220825,8.37,8.37,80.0,1、苏州铝瓶高速自动化生产线制造项目；2、常州电池壳生产项目；3、泰安设备产线基地建设项目；4、海南高端装备制造及研发中,15,0.12849162011173165,0.10860408376015962
601778.SH,20220721,实施完成,,20230112,20230223,29.97,29.97,80.0,1、金昌市金川区西坡300MW光伏发电项目；2、金塔县晶亮200MW光伏发电项目；3、广东农垦红十月农场300MW农光互,25,-0.05820105820105814,-0.09373215080959962
002960.SZ,20220419,实施完成,,20221028,20221122,17.87,17.87,80.0,1、青鸟消防安全产业园项目;2、绵阳产业基地升级改扩建项目;3、智慧消防平台建设项目;4、补充流动资金。,17,0.1395173453996983,0.0756910513800928
002386.SZ,20220623,实施完成,,20230306,20230407,20.0,20.0,80.0,1、年产10万吨磷酸铁锂正极材料生产项目;2、研发检测中心建设项目;3、偿还银行贷款。,23,-0.06754966887417224,-0.06912441115243251
002993.SZ,20210724,实施完成,,20220812,20220920,19.96,16.77,80.0,1、快充及大功率电源智能化生产基地建设项目;2、品牌建设及推广项目;3、研发中心升级项目;4、补充流动资金。,26,-0.15070883315158135,-0.10868991520441351
600328.SH,20210729,实施完成,,20221027,20221124,28.0,20.22,80.0,用于收购发投碱业100%股权,20,0.03881578947368425,0.0030353160417597724
600733.SH,20220716,实施完成,,20230505,20230525,80.0,60.45,80.0,1、面向场景化产品的滑板平台开发项目;2、整车产品升级开发项目;3、研发与核心能力建设项目;4、补充流动资金。,14,0.01338432122370925,0.05556322473493114
600728.SH,20220226,实施完成,,20221228,20230130,33.14,18.27,80.0,用于1、数字孪生核心技术及开放平台研发项目;2、新一代轨道交通数字化系统研发及产业化项目;3、面向车路协同的新一代交通数,17,0.09532710280373857,0.034378597798724764
002053.SZ,20220302,实施完成,,20220824,20220921,18.66,18.66,80.0,1、曲靖市通泉风电场项目;2、会泽县金钟风电场一期工程项目;3、红河州永宁风电场项目。,19,-0.11549707602339188,-0.08768210624482276
688133.SH,20210706,实施完成,,20220810,20220830,10.23,10.04,80.0,1、泰坦科技生命科学总部园项目;2、补充流动资金项目。,14,-0.026953642384105803,-0.026109498621308735
002264.SZ,20210330,实施完成,,20220726,20220816,1.7,1.7,80.0,用于1、品牌营销服务一体化建设项目;2、仓储物流建设项目;3、研发中心建设项目。,15,0.06227106227106227,0.06212552147944561
300473.SZ,20220428,实施完成,,20220705,20220818,2.5,2.5,80.0,1、汽车电子(智能电控系统)产业化项目；2、归还银行贷款。,32,0.27057497181510715,0.3196068417294422
300775.SZ,20220223,实施完成,,20221222,20230117,20.46,16.83,80.0,1、航空精密模锻产业深化提升项目;2、航空精密模锻产业深化提升项目;3、航空数字化集成中心项目;4、补充流动资金。,17,0.024924678170364478,-0.029055728911778544
603507.SH,20200707,实施完成,,20220824,20220922,5.72,5.72,80.0,1、8MW及以上风力发电机零部件项目;2、光伏支架大件零部件生产线建设项目;3、切割下料中心建设项目;4、研发升级建设项,20,-0.08287444933920685,-0.051517902933266524
002472.SZ,20211028,实施完成,,20220926,20221102,19.89,19.88,80.0,用于补充流动资金或偿还银行贷款,22,0.009624639076034391,0.025712133889805644
300903.SZ,20220427,实施完成,,20220630,20220825,1.5,1.5,80.0,用于江西科翔Mini LED用PCB产线建设项目,40,0.0007087172218283033,0.047678628679198365
688071.SH,20220702,实施完成,,20230412,20230426,6.95,5.66,80.0,1、新能源汽车动力总成高性能测试中心建设项目;2、智能驾驶测试中心建设项目;3、德国新能源汽车测试中心建设项目;4、组合,10,-0.1080211880438895,-0.09078308103303234
300264.SZ,20210812,实施完成,,20230110,20230213,0.94,0.94,80.0,1、面向5G应用的超高清视频云平台建设项目(一期);2、补充流动资金。,19,0.20983606557377055,0.16759970202904495
300636.SZ,20220702,实施完成,,20230705,20230727,11.0,8.0,80.0,1、江西同和药业股份有限公司二厂区部分车间、装置新、改、扩项目二期工程;2、补充流动资金。,16,-0.05781758957654726,-0.05597931112293941
600900.SH,20211211,实施完成,,20230329,20230424,160.97,160.97,80.0,募集配套资金用于支付本次交易现金对价,17,0.01496138996139007,0.004005465351042403
600587.SH,20211231,实施完成,,20230208,20230227,12.84,12.84,80.0,1、基于柔性加工生产线的智能制造及配套项目;2、高端精密微创手术器械生产扩建项目;3、制药小容量制剂智能化生产装备产业化,13,0.08267270668176674,0.07405657721238001
300120.SZ,20201226,实施完成,,20230329,20230425,10.31,7.15,80.0,用于射频模组芯片研发及产业化项目、补充流动资金,18,0.019073569482288777,0.01132802508023878
688630.SH,20220902,实施完成,,20230719,20230804,7.98,7.98,80.0,1、直写光刻设备产业应用深化拓展项目;2、IC载板、类载板直写光刻设备产业化项目;3、关键子系统、核心零部件自主研发项目,12,-0.09373565855897203,-0.11833437243943323
688256.SH,20220701,实施完成,,20230330,20230413,16.72,16.72,80.0,1、先进工艺平台芯片项目；2、稳定工艺平台芯片项目；3、面向新兴应用场景的通用智能处理器技术研发项目；4、补充流动资金。,9,0.06757524134014758,0.049200257807083814
300128.SZ,20211214,实施完成,,20231017,20231110,7.38,7.38,80.0,1、高性能石墨烯散热膜生产基地建设项目;2、补充流动资金。,18,0.06708595387840677,0.08272072628117622
300756.SZ,20211204,实施完成,,20230704,20230807,2.75,2.75,80.0,1、华中区域总部及大型游乐设施研发生产运营基地项目(一期);2、补充流动资金。,24,-0.052008238928939354,-0.0588182107669748
300395.SZ,20220427,实施完成,,20221124,20230217,3.0,3.0,80.0,1、半导体用石英玻璃材料扩产项目;2、新材料研发项目;3、补充流动资金;,55,-0.1610691049762616,-0.19612353178187047
000983.SZ,20210820,实施完成,,20230417,20230515,44.0,44.0,80.0,募集配套资金用于1、沙曲一二号煤矿智能化项目;2、沙曲一二号煤矿瓦斯综合开发利用项目;3、支付本次交易的现金对价;4、偿,17,0.03346080305927335,0.05683267192921293
603683.SH,20210526,实施完成,,20230711,20230727,4.36,4.36,80.0,"1、年产OCA光学膜胶带2,600万m2、硅胶保护膜2,100万m2、离型膜4,000万m2项目;2、年产6,800万平",12,-0.12003179650238471,-0.1187472178738519
002281.SZ,20211113,实施完成,,20230220,20230403,15.73,15.73,80.0,1、高端光通信器件生产建设项目;2、高端光电子器件研发中心建设项目。,30,0.2837465564738293,0.28138744928065473
000552.SZ,20220425,实施完成,,20231116,20231213,30.0,20.0,80.0,募集配套资金用于1、红沙梁矿井及选煤厂项目;2、红沙梁露天矿项目;3、补充上市公司流动资金。,19,-0.01273885350318471,0.014585145214672579
688266.SH,20211126,实施完成,,20230410,20230421,14.55,12.0,80.0,1、新药研发项目;2、新药研发生产中心三期工程建设项目;3、补充流动资金。,9,-0.019926586261143187,-0.01574050590971887
301012.SZ,20221126,实施完成,,20230706,20230801,5.1,5.1,80.0,1、新型高效节能输配电设备数字化建设项目；2、储能及新能源箱式输变电系列产品智能制造项目；3、补充流动资金。,18,-0.014584154513204717,-0.04014801996093831
603612.SH,20220517,实施完成,,20230406,20230505,6.84,6.84,80.0,募集配套资金用于1、补充流动资金；2、补充流动资金；,18,-0.15714285714285703,-0.16267211668601034
605050.SH,20211116,实施完成,,20221214,20230109,6.5,6.5,80.0,用于新能源汽车板生产基地项目、新能源汽车铝压铸建设项目、补充流动资金,17,-0.0495333811916725,-0.04940146855346317
300806.SZ,20210210,实施完成,,20221202,20221228,5.0,5.0,80.0,用于精密离型膜建设项目、偿还银行贷款项目,18,-0.10470809792843705,-0.08477339554378671
000701.SZ,20220630,实施完成,,20230607,20230630,7.09,7.09,80.0,1、RFID电子标签新建项目;2、信息科技研发中心建设项目;3、新能源车经营网点建设项目;4、4S店升级改造项目;5、集,15,0.02782071097372496,0.026439310864255994
300638.SZ,20210713,实施完成,,20230616,20230725,1.7,1.7,80.0,募集配套资金用于标的公司项目建设投资及补充流动资金,25,-0.05174644243208304,-0.03947694683820413
688698.SH,20221118,实施完成,,20230911,20230926,10.0,7.89,80.0,1、数字化生产基地建设项目;2、苏州技术研发中心(二期)建设项目;3、信息化建设及智能化仓储项目;4、补充流动资金。,11,0.07462686567164178,0.0886582778923608
601100.SH,20210901,实施完成,,20221215,20230106,50.0,20.0,80.0,1、恒立墨西哥项目;2、线性驱动器项目;3、恒立国际研发中心项目;4、通用液压泵技改项目;5、超大重型油缸项目;6、补充,15,0.05125677673730911,0.05492271603896315
601611.SH,20210512,实施完成,,20221220,20230111,25.09,25.09,80.0,1、宜昌市港窑路夷陵区段道路工程PPP项目；2、德州市东部医疗中心EPC项目；3、砀山县人民医院新院区三期项目；4、补充,15,-0.011673151750972721,-0.039202594022433424
300683.SZ,20220901,实施完成,,20221024,20230215,2.95,2.95,80.0,1、高端原料药研发中试项目。,76,0.041886195995785025,-0.05432661819018414
300729.SZ,20220413,实施完成,,20220929,20221212,2.99,2.99,80.0,1、越南福来思博智能家居产品工厂项目;2、线性驱动核心技术智能家居产品智能工厂项目;3、补充流动资金,47,-0.04045926735921268,-0.08206309782141818
688017.SH,20221029,实施完成,,20241216,20250106,20.27,14.13,80.0,1、新一代精密传动装置智能制造项目。,14,-0.13243595310464606,-0.08390086596409485
600908.SH,20211030,实施完成,,20221223,20230202,20.0,20.0,80.0,补充公司核心一级资本,23,0.1506024096385541,0.06662588938151526
600305.SH,20211111,实施完成,,20230424,20230517,17.9,11.43,80.0,1、恒顺香醋扩产续建工程项目(二期);2、年产3万吨酿造食醋扩产项目;3、10万吨黄酒、料酒建设项目(扩建);4、徐州恒,14,-0.004428697962798878,-0.0071020606584507595
300505.SZ,20220330,实施完成,,20230706,20230728,15.0,7.11,80.0,1、5万吨/年电池级磷酸铁锂正极材料前驱体材料磷酸铁及配套60万吨/年硫磺制酸项目；2、广西川金诺新能源有限公司10万吨,16,0.20011534025374855,0.1743427183989068
600335.SH,20180831,实施完成,,20221223,20230131,23.98,2.83,90.0,募集配套资金用于1、汽车焊装、涂装、总装智能制造生产线示范项目;2、装备制造基地能力提升项目;3、工程研究中心建设项目;,21,0.18969849246231152,0.1130315894261027
601658.SH,20221027,实施完成,,20230223,20230328,450.0,450.0,80.0,1、补充本行核心一级资本。,23,0.01089324618736387,0.024007170909101427
300160.SZ,20211112,实施完成,,20221213,20230105,9.24,9.24,80.0,用于智能玻璃生产线建设项目、BIPV组件生产线项目、补充流动资金,16,-0.04963503649635037,-0.04327682271559974
600726.SH,20220507,实施完成,,20221223,20230106,26.8,26.8,80.0,募集配套资金用于1、支付本次交易相关交易税费;2、中介机构费用;3、补充上市公司和标的公司流动资金;4、偿还债务等。,9,0.02985074626865658,-0.006602632990014512
300733.SZ,20211123,实施完成,,20221222,20230120,3.36,3.36,80.0,1、涡轮增压器扩产项目;2、研发中心项目;3、补充流动资金。,20,0.1808461180846117,0.10475315424148657
002653.SZ,20200314,实施完成,,20230109,20230210,8.21,8.0,80.0,1、长效口服降血糖新药HSK-7653的中国III期临床研究及上市注册项目;2、新型抗肿瘤药HC-1119的中国III期,19,0.06399317406143346,0.03639089650693661
300065.SZ,20220412,实施完成,,20220928,20221226,3.0,3.0,80.0,1、海洋基础工程技术服务能力建设项目;2、补充流动资金,58,0.2762923351158644,0.26775927418862455
600975.SH,20220429,实施完成,,20230613,20230706,17.7,15.51,80.0,募集配套资金用于1、本次重组中相关中介机构费用及相关税费;2、现金对价;3、补充流动资金;4、偿还债务;5、标的公司项目,15,-0.0400390625,-0.0316244847467565
300738.SZ,20220729,实施完成,,20230329,20230420,12.57,12.26,80.0,1、新一代云计算和人工智能产业园(廊坊固安B栋和C栋)项目；2、数字智慧产业园(广州南沙A栋)项目；3、补充流动资金及偿,15,-0.07175773535220531,-0.10676270529748999
603818.SH,20230224,实施完成,,20240105,20240125,8.0,5.45,80.0,1、河南曲美家居产业二期项目;2、Ekornes挪威工厂产能升级建设项目;3、偿还借款及补充流动资金 。,14,-0.10536044362292052,-0.09825697570804914
688005.SH,20220330,实施完成,,20230908,20230920,54.28,13.34,80.0,1、锂电正极材料扩产项目;2、2025动力型锂电材料综合基地(一期)项目;3、工程装备一期项目;4、补充流动资金。,8,-0.06119791666666663,-0.05873621604186563
002101.SZ,20221115,实施完成,,20230809,20230828,22.0,22.0,80.0,1、大型一体化轻量化汽车零部件智能制造项目;2、广东鸿图科技园二期(汽车轻量化零部件智能制造)项目;3、广东鸿图汽车轻量,13,-0.07221006564551413,-0.0285397152266621
002708.SZ,20221231,实施完成,,20231013,20231114,5.7,5.7,80.0,"1、年产6,500万套高端新能源汽车关键零部件及精密轴承项目；2、补充流动资金。",22,-0.1421107628004179,-0.13311975143513033
600663.SH,20221216,实施完成,,20240618,20240705,66.0,18.0,80.0,"募集配套资金用于1、支付本次交易中的现金对价,及补充上市公司和标的资产流动资金、偿还债务。",13,-0.06903765690376584,-0.04369183916703201
688315.SH,20220324,实施完成,,20230928,20231024,21.83,3.32,80.0,1、实验室新建及扩建项目;2、补充流动资金。,12,-0.10309734513274338,-0.0582160561371009
300602.SZ,20220125,实施完成,,20230420,20230516,10.0,10.0,80.0,1、南海生产基地建设项目;2、补充流动资金项目。,15,-0.23927392739273934,-0.22169611801707378
600773.SH,20230321,实施完成,,20240315,20240402,10.0,10.0,80.0,1、世贸铭城DK3项目;2、世贸馨城DK1项目;3、补充流动资金项目。,12,0.24395161290322576,0.2357302158920438
688508.SH,20220318,实施完成,,20230818,20230915,9.69,9.69,80.0,1、新能源汽车高压电源及电驱功率芯片研发及产业化项目;2、工业级数字电源管理芯片及配套功率芯片研发及产业化项目;3、苏州,20,-0.004796163069544335,-0.0002603669417273746
002865.SZ,20220616,实施完成,,20230525,20230620,27.76,27.76,80.0,1、收购捷泰科技49%股权;2、高效N型太阳能电池研发中试项目;3、补充流动资金及偿还银行借款。,18,0.09419900115251623,0.08099435024383816
000541.SZ,20230316,实施完成,,20231103,20231204,10.95,10.95,80.0,1、佛山照明自动化改造与数字化转型建设项目；2、佛山照明海南产业园一期；3、智慧路灯建设项目；4、车灯模组生产建设项目；,21,-0.019151846785225746,-0.01659374911299638
600032.SH,20220319,实施完成,,20230411,20230426,30.0,30.0,80.0,1、浙能台州1号海上风电场工程项目;2、补充流动资金。,11,-0.01041666666666663,0.0045812131602192
000962.SZ,20221104,实施完成,,20230920,20231030,6.75,6.75,80.0,1、钽铌火法冶金产品生产线技术改造项目;2、钽铌板带制品生产线技术改造项目;3、年产100只铌超导腔生产线技术改造项目;,22,-0.0607692307692308,-0.033721323633374545
002549.SZ,20220318,实施完成,,20230711,20230728,10.0,7.0,80.0,用于1、宜章凯美特特种气体项目;2、福建凯美特气体有限公司30万吨/年(27.5%计)高洁净食品级、电子级、工业级过氧化,13,0.004389815627743543,-0.012337854474730237
603527.SH,20220307,实施完成,,20230817,20230907,7.3,7.26,80.0,1、年产10万吨高精度铜合金板带及5万吨铜带坯生产线项目(一期年产5万吨高精度铜合金板带);2、年产5万吨电池箔项目(一,15,-0.010101010101010166,0.0030201708416237594
000750.SZ,20210130,实施完成,,20231019,20231117,85.0,31.92,80.0,1、投资与交易业务;2、资本中介业务;3、增加对子公司的投入;4、资产管理业务;5、其他营运资金安排。,21,0.038461538461538325,0.02181138892714496
603687.SH,20220721,实施完成,,20230727,20230817,6.47,6.47,80.0,1、纸浆模塑环保餐具智能研发生产基地项目;2、贵州仁怀佰胜智能化纸质酒盒生产基地建设项目;3、补充流动资金。,15,0.07391304347826111,0.09188036956362278
300598.SZ,20220415,实施完成,,20230203,20230414,2.0,2.0,80.0,1、基于开源鸿蒙的HongZOS操作系统行业发行版项目。,49,-0.02752293577981646,-0.049298260342861444
002702.SZ,20221021,实施完成,,20230801,20230825,5.2,3.76,80.0,1、水产品精深加工及速冻菜肴制品项目;2、补充流动资金项目。,18,-0.028469750889679735,0.043465680924304584
603396.SH,20230112,实施完成,,20240103,20240119,10.0,10.0,80.0,1、金辰智能制造华东基地项目；2、高效电池片PVD设备产业化项目；3、补充流动资金。,12,-0.14436974789915968,-0.10359600842278793
002864.SZ,20221028,实施完成,,20230921,20231026,3.02,3.02,80.0,1、中药配方颗粒研发及产业化项目；2、高壁垒透皮给药系统研发平台建设项目；3、补充流动资金。,19,0.05234239444765776,0.08629070224798263
000949.SZ,20220520,实施完成,,20240426,20240529,13.8,8.69,80.0,1、年产10万吨高品质超细旦氨纶纤维项目三期工程;2、年产一万吨生物质纤维素纤维项目;3、补充流动资金。,20,-0.059259259259259234,-0.0660273229260111
002317.SZ,20220706,实施完成,,20230609,20230705,5.99,5.99,80.0,1、中药提取车间建设项目；2、抗肿瘤药研发项目；3、数字化平台升级建设项目；4、补充流动资金项目。,16,-0.0337528604118994,-0.03121695203099506
002116.SZ,20221019,实施完成,,20230803,20230825,4.13,4.13,80.0,1、数字化转型升级建设项目;2、“双碳”科创中心项目。,16,-0.11823802163833064,-0.05596714332145192
000422.SZ,20220629,实施完成,,20230629,20230718,25.0,15.84,80.0,1、洁净煤加压气化多联产技改搬迁升级项目。,13,0.11999999999999988,0.11459270144683842
601677.SH,20220823,实施完成,,20230727,20230816,20.0,12.8,80.0,1、年产25万吨新能源电池材料项目。,14,-0.0035612535612534746,0.017487487666609347
000831.SZ,20221231,实施完成,,20231110,20231205,20.97,20.97,80.0,1、收购中稀发展持有的中稀湖南94.67%股权；2、补充流动资金。,17,-0.06597938144329896,-0.04502760113042714
300583.SZ,20220426,实施完成,,20230217,20230420,2.62,2.62,80.0,用于高端制剂产业化项目,43,-0.04244548286604355,-0.08311535242335388
600929.SH,20220625,实施完成,,20230626,20230712,11.06,11.06,80.0,1、湘渝盐化煤气化节能升级改造项目;2、九二盐业热电联产(一期)项目;3、重庆索特热电系统优化节能改造(二期)项目;4、,12,0.06434316353887404,0.04918629878698977
002151.SZ,20220809,实施完成,,20230626,20230720,9.45,9.45,80.0,1、面向综合PNT应用的北斗/GNSSSoC芯片研制及产业化项目;2、车载功能安全高精度北斗/GNSSSoC芯片研制及产,18,-0.07730812013348176,-0.08281107511354024
688019.SH,20220415,实施完成,,20230106,20230407,2.07,2.07,80.0,1.宁波安集化学机械抛光液建设项目;2.安集科技上海金桥生产线自动化项目;3.安集科技上海金桥生产基地分析检测能力提升项,59,0.34855555555555573,0.2796579408979749
300902.SZ,20220425,实施完成,,20230119,20230419,0.92,0.92,80.0,1、锂电池储能柜火灾防控和惰化抑爆系统扩产项目；2、智慧消防云平台建设项目；3、小型储能预制式火灾抑制系统建设项目；,58,0.034051222351571875,-0.005790113589854151
300402.SZ,20220623,实施完成,,20230720,20230814,7.2,7.2,80.0,1、高端特材装备智能制造项目;2、工程技术研发中心;3、舰船及海洋工程装备制造提质扩能项目;4、补充流动资金与偿还债务。,17,-0.06813819577735114,-0.07074905178152935
002886.SZ,20220831,实施完成,,20230807,20230901,11.96,6.0,80.0,1、年产4.5万吨特种高分子材料建设项目;2、总部基地及合成生物材料创新中心建设项目;3、补充流动资金。,19,0.011235955056179803,0.05499497991200064
600237.SH,20220831,实施完成,,20230807,20230823,4.0,4.0,80.0,1、铜峰电子新能源用超薄型薄膜材料项目;2、补充流动资金。,12,-0.04347826086956541,0.01569187751517309
600325.SH,20221206,实施完成,,20231016,20231031,60.0,51.24,80.0,1、郑州华发峰景花园项目;2、南京燕子矶G82项目;3、湛江华发新城市南(北)花园项目;4、绍兴金融活力城项目;5、补充,11,-0.07995618838992335,-0.06318067736031197
000629.SZ,20220907,实施完成,,20230612,20230720,22.8,22.8,80.0,1、攀钢6万吨/年熔盐氯化法钛白项目;2、攀枝花钒厂五氧化二钒提质升级改造项目;3、攀钢集团钒钛资源股份有限公司数字化转,26,0.010309278350515427,0.029215302600801296
002515.SZ,20221014,实施完成,,20230804,20230825,10.5,10.5,80.0,1、年产5万吨肉制品数字智能产业基地建设项目;2、金字冷冻食品城有限公司数字智能化立体冷库项目。,15,0.016597510373443924,0.09091929502184026
603286.SH,20221121,实施完成,,20230922,20231019,3.98,3.98,80.0,1、汽车智能座舱电子产品产能建设项目;2、补充流动资金项目。,13,0.010485651214127811,0.05319895399042007
688529.SH,20221126,实施完成,,20230919,20231024,9.93,8.33,80.0,1、新能源汽车用动力锂电池、驱动电机智能装备项目;2、补充流动资金。,19,-0.0842738901429646,-0.033973996682758134
001979.SZ,20221217,实施完成,,20230914,20231019,85.0,85.0,80.0,募集配套资金用于1、长春公园1872项目;2、长春公园1872项目;3、重庆招商渝天府项目;4、上海虹桥公馆三期项目;5,19,-0.10023130300693905,-0.06395854555040226
300996.SZ,20220331,实施完成,,20230209,20230407,0.86,0.86,80.0,1、国产ERP集团财务核心产品研发项目；2、技术平台优化提升建设项目；,40,-0.038966049382716084,-0.05550380255084719
688202.SH,20220211,实施完成,,20230731,20230816,21.6,10.0,80.0,1、美迪西北上海生物医药研发创新产业基地项目;2、药物发现和药学研究及申报平台的实验室扩建项目;3、补充流动资金。,12,-0.04324266893327677,-0.0004448214964865027
002759.SZ,20211224,实施完成,,20231123,20231218,11.0,8.95,80.0,"1、江苏泰瑞联腾材料科技有限公司3万吨六氟磷酸锂、6,000吨高纯氟化锂等新型电解质锂盐及一体化配套项目；2、补充流动资",17,-0.14638297872340433,-0.10821299352120484
300265.SZ,20220520,实施完成,,20230616,20230719,7.8,7.8,80.0,1、高端海洋装备能源系统项目(一期);2、补充流动资金。,21,0.007866273352999054,0.031338664149717754
002815.SZ,20220127,实施完成,,20230306,20230403,20.0,20.0,80.0,用于珠海崇达电路技术有限公司新建电路板项目(二期),20,0.1339207048458151,0.14273708317934286
301063.SZ,20220820,实施完成,,20230530,20230620,5.0,5.0,80.0,1、年产10万吨风电齿轮箱锻件自动化专用线项目;2、补充流动资金。,15,-0.008002910149145004,-0.012947489536233259
688365.SH,20220408,实施完成,,20221219,20230303,1.77,1.77,80.0,"1.数字化商品全生命周期治理平台项目,2.补充流动资金",48,0.6190476190476188,0.5114103401492085
603912.SH,20210130,实施完成,,20230303,20230328,9.11,9.11,80.0,用于南京楷德悠云数据中心项目(二、三期),17,0.02883922134102379,0.05515692289126051
300988.SZ,20220328,实施完成,,20221209,20230301,1.44,1.44,80.0,1、精密部品智能制造基地二期项目。,52,0.10805860805860812,0.07280062037122881
300164.SZ,20220427,实施完成,,20230110,20230306,1.6,1.6,80.0,1、非常规井口天然气模块化撬装柔性配置回收项目;2、二氧化碳高效驱油与封存技术研究项目;3、补充流动资金。,34,0.09296482412060292,0.04278533150418373
300905.SZ,20220528,实施完成,,20230602,20230630,2.32,2.32,80.0,募集配套资金用于1、支付本次交易的现金对价、补充上市公司流动资金等用途。,18,0.09601873536299776,0.10560487911422856
300469.SZ,20211207,实施完成,,20230418,20230518,7.0,7.0,80.0,1、北斗自由流建设项目；2、补充流动资金。,19,0.03246205733558183,0.06252526846819406
601865.SH,20220602,实施完成,,20230713,20230801,60.0,60.0,80.0,1、年产195万吨新能源装备用高透面板制造项目；2、年产150万吨新能源装备用超薄超高透面板制造项目；3、补充流动资金项,13,-0.04119955156950661,-0.05706889032404028
603659.SH,20220728,实施完成,,20231024,20231120,85.0,28.21,80.0,1、年产10万吨高性能锂离子电池负极材料一体化建设项目;2、年产9.6亿平方米基膜涂覆一体化建设项目;3、补充流动资金。,19,-0.006868686868686913,-0.04120240440573497
002465.SZ,20230316,实施完成,,20231009,20231120,18.55,18.55,80.0,1、“北斗+5G”通导融合研发产业化项目;2、无人信息产业基地项目;3、天枢研发中心建设暨卫星互联网研发项目。,30,0.2130281690140845,0.22433618734462923
300708.SZ,20220622,实施完成,,20230809,20230906,12.0,10.86,80.0,1、用于Mini/MicroLED芯片研发及制造扩建项目。,20,0.09037900874635585,0.12021344123594169
002324.SZ,20220426,实施完成,,20230710,20230809,10.79,10.79,80.0,用于1、收购海四达电源79.7883%股权;2、年产12GWh方型锂离子电池一期项目(年产6GWh);3、年产2GWh高,22,-0.0915977961432507,-0.10301856832804668
603667.SH,20220507,实施完成,,20230714,20230808,5.4,5.4,80.0,1、年产2200万件4兆瓦(MW)以上风电机组精密轴承滚子技改项目；2、年产1020万件新能源汽车轴承及零部件技改项目；,17,-0.12618896639188337,-0.13233085144730172
002124.SZ,20220607,实施完成,,20231221,20240112,27.2,11.98,80.0,1、天邦股份数智化猪场升级项目;2、补充流动资金。,15,-0.04371584699453568,-0.031525614930873136
000862.SZ,20230321,实施完成,,20230811,20230908,13.95,13.68,80.0,1、宁东250兆瓦光伏复合发电项目;2、宁夏银星能源贺兰山风电场61.2MW老旧风机“以大代小”等容更新改造项目;3、宁,20,-0.0772471910112359,-0.05577389038306402
300850.SZ,20230110,实施完成,,20230926,20231031,3.5,3.5,80.0,募集配套资金用于1、支付本次交易的现金对价，补充上市公司流动资金和支付中介机构费用等。,19,0.26272634096344394,0.2976545249477218
002407.SZ,20211125,实施完成,,20230807,20230831,20.0,20.0,80.0,1、年产10万吨锂离子电池电解液关键材料项目；2、补充流动资金。,18,-0.11303407247160613,-0.07068696421910825
688290.SH,20230321,实施完成,,20230531,20230801,2.11,2.11,80.0,1、高端核技术装备制造基地项目;2、补充流动资金。,42,-0.13660727220049262,-0.15927067040346332
600879.SH,20211211,实施完成,,20230712,20230731,41.36,41.36,80.0,用于1、智能无人系统装备产业化;2、智能电子及卫星通信产品产业化;3、惯性导航系统装备产业化;4、补充流动资金。,13,0.013924050632911245,-0.015315212089396901
002922.SZ,20220608,实施完成,,20230728,20230818,12.24,11.83,80.0,1、中压直流供电系统智能制造建设项目；2、智能箱变及储能系列产品数字化工厂建设项目；3、研发中心建设项目；4、补充流动资,15,-0.10118265440210261,-0.059864933461666325
001207.SZ,20230228,实施完成,,20230522,20230710,2.69,2.69,80.0,1、年产10万吨高压电缆屏蔽料用纳米碳材料项目。,33,0.03606965174129351,0.06607253736380381
002224.SZ,20220416,实施完成,,20240201,20240304,7.25,7.25,80.0,1、年产5亿A米橡胶V带智能制造产业园项目;2、数字化智慧管理平台建设项目。,16,0.030769230769230882,-0.060313664522270605
002843.SZ,20221029,实施完成,,20230915,20231017,6.08,6.08,80.0,1、高速钢双金属带锯条产线建设项目;2、硬质合金带锯条产线建设项目;3、新能源电源及储能电源生产基地项目;4、研发中心建,16,0.10560000000000014,0.11787939919112622
002045.SZ,20230304,实施完成,,20231208,20240122,13.84,13.84,80.0,1、新型音响智能制造升级项目；2、汽车音响项目；3、VR整机及声学模组项目。,30,-0.21634910878918245,-0.15572899034931764
300520.SZ,20230516,实施完成,,20231121,20231212,8.12,8.12,80.0,1、数据智能平台升级及产业化项目;2、智慧储能BMS及系统产业化项目;3、数字营销网络建设项目;4、补充流动资金。,15,0.057793345008756436,0.08050810933193953
300162.SZ,20220413,实施完成,,20231212,20240103,6.89,4.61,80.0,1、雷曼光电COB超高清显示改扩建项目;2、补充流动资金。,15,0.01882057716436636,0.031246817883348266
300820.SZ,20221107,实施完成,,20230804,20230829,2.5,2.5,80.0,1、新能源汽车充电桩扩产项目；2、电化学储能生产项目；3、补充流动资金。,17,-0.13644599303135885,-0.0945341596173489
000819.SZ,20221019,实施完成,,20231221,20240116,10.0,9.74,80.0,1、惠州立拓30万吨/年聚烯烃新材料项目;2、岳阳兴长研发中心项目;3、补充流动资金。,17,-0.07004555808656032,-0.06210000760405865
002812.SZ,20211123,实施完成,,20230526,20230620,75.0,75.0,80.0,1、重庆恩捷高性能锂离子电池微孔隔膜项目(一期)；2、重庆恩捷高性能锂离子电池微孔隔膜项目(二期)；3、江苏恩捷动力汽车,17,-0.03706425871482577,-0.04534368228094576
002895.SZ,20220416,实施完成,,20231214,20240111,25.1,6.6,80.0,1、中低品位磷矿综合利用生产12万吨/年食品级净化磷酸项目;2、10万吨/年食品级净化磷酸项目;3、鸡公岭磷矿新建250,19,0.05793025871766022,0.08444050524370117
300197.SZ,20220425,实施完成,,20230427,20230703,3.0,3.0,80.0,1、合肥园博园景观绿化工程-2标段项目;2、井冈山茨坪景区雨污水管网改造提升及挹翠湖水系治理工程EPC项目;3、上饶市广,42,-0.03174603174603163,-0.019237013379014956
688625.SH,20220427,实施完成,,20230227,20230630,1.2,0.98,80.0,1.收购科澳化学100%股权并增资;2.收购科澳化学100%股权并增资;3.补充流动资金。,83,-0.25635673624288435,-0.24335784014915762
300353.SZ,20220914,实施完成,,20230720,20230815,8.75,8.75,80.0,1、数字工厂智能控制解决方案项目;2、数字建造及智能工程装备控制解决方案项目;3、研发和实训展示中心项目;4、偿还银行借,18,-0.03931623931623929,-0.04132878459375122
688707.SH,20220614,实施完成,,20231225,20240112,14.0,10.93,80.0,1、正极材料生产线建设项目(义龙三期)；2、补充流动资金。,13,0.003123373243102412,0.015944694482620703
003037.SZ,20220517,实施完成,,20230731,20230825,10.0,10.0,80.0,1、浙江湖州年产600万米PHC预应力高强度混凝土管桩智能化生产线建设项目;2、江苏泰兴PHC预应力高强度混凝土管桩生产,19,-0.11142857142857154,-0.04560945052304766
600933.SH,20230428,实施完成,,20240315,20240409,12.0,12.0,80.0,1、新能源汽车结构件及三电系统零部件生产基地。,15,-0.06699266503667478,-0.06512606085158468
300940.SZ,20220512,实施完成,,20230928,20231030,7.4,5.2,80.0,1、Mini/Micro-LED显示模组生产项目;2、中尺寸液晶显示模组生产项目;3、新型显示技术研发中心项目;4、补充,16,0.06946039035591256,0.10093375431671148
002850.SZ,20221104,实施完成,,20230718,20230815,35.09,35.09,80.0,1、江西科达利新能源汽车动力电池精密结构件项目;2、新能源汽车动力电池精密结构件;3、新能源汽车锂电池精密结构件项目(三,20,0.04139941690962101,0.04849611520932373
300612.SZ,20211022,实施完成,,20240226,20240325,2.95,2.95,80.0,1、全链路沉浸式内容营销平台项目;2、巨浪技术平台升级项目;3、补充流动资金。,20,-0.05524553571428581,-0.0706308668268183
002878.SZ,20220507,实施完成,,20231221,20240116,8.96,6.0,80.0,1、创意设计能力提升建设项目;2、数字营销业务系统建设项目;3、一体化信息系统平台研发升级建设项目;4、智能仓储中心建设,17,-0.24582769508344626,-0.23938403090900617
301057.SZ,20220429,实施完成,,20230417,20230608,1.2,1.2,80.0,1、年产3万吨智能环保原液着色纤维项目。,35,0.04264870931537601,0.0984619439628649
600509.SH,20220301,实施完成,,20230626,20230707,15.0,15.0,80.0,用于兵团北疆石河子100万千瓦光伏基地项目天富40万千瓦光伏发电项目,9,-0.07151515151515153,-0.08487346154168618
300212.SZ,20220526,实施完成,,20231017,20231130,29.06,15.81,80.0,用于超级存储研发项目、政企数字化转型平台关键技术研发及产业化项目、人工智能训练资源库及全域视频感知服务平台、补充流动资金,32,-0.006750807161725825,0.010894777650313214
603031.SH,20220210,实施完成,,20231120,20231205,13.5,12.44,80.0,用于收购亚锦科技15%股权,11,0.038486347022145706,0.07203575985058497
000837.SZ,20220707,实施完成,,20230613,20230707,12.3,12.3,80.0,1、秦创原·秦川集团高档工业母机创新基地项目(一期);2、新能源汽车领域滚动功能部件研发与产业化建设项目;3、新能源乘用,16,0.24081632653061225,0.25520340409073317
002984.SZ,20221231,实施完成,,20230811,20230830,28.0,28.0,80.0,1、西班牙年产1200万条高性能轿车、轻卡子午线轮胎项目；2、补充流动资金。,13,-0.04690706537672229,-0.031075387814075928
002996.SZ,20230401,实施完成,,20240321,20240415,15.0,6.0,80.0,1、年产63万吨低碳环保型铝合金扁锭项目；2、年产50万吨绿色循环高性能铝板带项目；3、补充公司的流动资金。,15,-0.10105263157894728,-0.09524991820303419
603917.SH,20220929,实施完成,,20240321,20240411,7.9,5.97,80.0,1、大型一体化模具及精密铝合金部品智能制造项目；2、补充流动资金。,13,-0.10415335463258779,-0.09149719730525052
000503.SZ,20220927,实施完成,,20231110,20231213,7.94,7.94,80.0,1、三医数字化服务体系建设项目;2、健康服务一体化建设项目;3、商保数据服务平台建设项目;4、研发中心升级建设项目;5、,23,0.20346320346320335,0.23192434279889418
603768.SH,20221108,实施完成,,20240521,20240605,4.0,4.0,80.0,1、新能源汽车一体化大型压铸项目;2、补充流动资金。,11,-0.0661596958174906,-0.037961643193215155
000537.SZ,20220930,实施完成,,20240422,20240521,50.0,18.0,80.0,1、青海乌图美仁70万千瓦光伏发电项目；2、青海茫崖50万千瓦风力发电项目；3、补充流动资金。,18,0.03305785123966953,-0.004028772318010909
002965.SZ,20220924,实施完成,,20240329,20240424,17.68,8.76,80.0,1、东莞储能、光伏逆变器及动力电池箱体生产基地建设项目;2、广州新能源车身结构件及动力电池箱体产线建设项目;3、常熟动力,16,0.04576409697630068,0.04450862598211924
003031.SZ,20220129,实施完成,,20231025,20231123,25.0,25.0,80.0,募集配套资金用于1、标的公司符合相关行业政策的项目建设、上市公司或标的公司补充流动资金和偿还债务等。,21,0.05877653503766256,0.028435491627182063
002902.SZ,20220930,实施完成,,20240227,20240322,4.17,4.17,80.0,1、光伏储能和片式通信磁性元器件智能制造项目;2、车载BMS变压器产业化建设项目;3、安全智能光储系统智能制造项目;4、,18,0.32616783794956583,0.3120044084480049
600720.SH,20220512,实施完成,,20240924,20241021,22.56,16.33,80.0,募集配套资金用于1、提升科创能力项目;2、提升管理能力项目;3、提升生产能力项目等。,14,0.125,-0.014410106299971526
688559.SH,20220921,实施完成,,20240813,20240829,19.64,10.2,80.0,1、西部总部及激光智能装备制造基地项目(一期)；2、海目星激光智造中心项目；3、补充流动资金。,12,-0.11880877742946705,-0.1048126276497342
688016.SH,20220726,实施完成,,20231208,20231222,18.09,18.09,80.0,1、全球总部及创新与产业化基地项目;2、外周血管介入及肿瘤介入医疗器械研究开发项目;3、补充流动资金。,10,-0.07503836317135548,-0.057653391834853185
300619.SZ,20220908,实施完成,,20231201,20231229,17.0,6.43,80.0,1、新能源先进制造装备数字化工厂建设项目;2、多系列有机硅高端制造装备数字化工厂建设项目;3、面向新能源产业的高性能有机,20,0.014030612244897878,0.0333576071574917
688536.SH,20220909,实施完成,,20231016,20231026,37.6,18.01,80.0,1、临港综合性研发中心建设项目;2、高集成度模拟前端及数模混合产品研发及产业化项目;3、测试中心建设项目;4、补充流动资,8,-0.11862612480150558,-0.09340454414821997
000779.SZ,20220826,实施完成,,20231031,20231130,7.6,7.6,80.0,1、工程检测中心建设项目;2、全过程工程咨询服务能力提升项目;3、综合管理、研发及信息化能力提升项目。,22,-0.012416427889207271,-0.01597018960792662
002863.SZ,20230429,实施完成,,20231220,20240116,5.94,5.19,80.0,1、低碳化高性能铝合金挤压型材建设项目;2、偿还银行贷款。,18,-0.03789126853377267,-0.03519143585017581
688155.SH,20220831,实施完成,,20240408,20240425,7.0,6.32,80.0,1、基于工业互联网的汽车动力总成装配线系统集成解决方案建设项目;2、武汉高端智能制造装备制造项目二期;3、新能源汽车电池,13,-0.02786169855656251,-0.02972369256352647
300537.SZ,20210902,实施完成,,20231027,20231117,5.7,1.0,80.0,1、年产5万吨电子感光材料及配套材料项目；2、偿还银行借款。,15,0.09227780475959202,0.0791958923102627
000733.SZ,20220427,实施完成,,20230920,20231101,25.18,25.18,80.0,1、半导体功率器件产能提升项目;2、混合集成电路柔性智能制造能力提升项目;3、新型阻容元件生产线建设项目;4、继电器及控,24,-0.2097293430308812,-0.18738080344109265
002272.SZ,20230429,实施完成,,20230824,20240304,2.9,2.56,80.0,1、川润液压液冷产品产业化及智能制造升级技术改造项目;2、补充流动资金。,124,-0.08080808080808088,-0.06782201201603932
002783.SZ,20230330,实施完成,,20240402,20240426,8.5,8.5,80.0,1、葫芦岛凌河化工集团有限责任公司电子雷管生产线技术改造项目;2、年产500万吨精细化工用灰岩生产线建设项目;3、工业炸,16,-0.08773903262092253,-0.09177870763890539
300565.SZ,20220823,实施完成,,20231229,20240126,6.0,5.24,80.0,1、储能锂电池系统研发及产业化项目;2、补充流动资金和偿还银行借款。,19,-0.1421957671957672,-0.12312151789737125
603668.SH,20230428,实施完成,,20230817,20240112,3.0,3.0,80.0,1、陈策楼镇天马科技鳗鲡现代智慧农业产业园项目;2、武宁县上坪生态养殖有限公司鳗鲡现代智慧农业产业园项目;3、补充流动资,99,0.12022648743841802,0.22974773434508777
688551.SH,20230415,实施完成,,20230712,20231204,1.88,1.88,80.0,1、小功率测试电源系列产品扩产项目;2、补充流动资金。,97,-0.23430124445715916,-0.19042494806218568
688286.SH,20230422,实施完成,,20230630,20231201,1.41,1.26,80.0,1、年产车用及工业级传感器600万只生产研发项目;2、微差压传感器研发生产项目。,104,-0.11845030168307391,-0.06889308585252807
300684.SZ,20230427,实施完成,,20230811,20230927,3.0,3.0,80.0,1、中石(泰国)精密制造项目。,33,-0.013766519823788514,0.01223807269046695
300482.SZ,20220820,实施完成,,20240305,20240408,10.0,7.0,80.0,1、知识城生产基地建设项目;2、生物原料研发项目;3、补充流动资金。,22,-0.10253583241455344,-0.10231772911824122
002009.SZ,20230418,实施完成,,20230810,20231031,3.0,3.0,80.0,1、年处理15万吨磷酸铁锂电池环保项目(二期);2、补充流动资金。,52,-0.018808777429467072,0.05782977049391791
002003.SZ,20221123,实施完成,,20230919,20231023,11.95,11.95,80.0,1、年产9.7亿米高档拉链配套织带搬迁及服饰辅料技改项目(一期);2、年产2.2亿米高档拉链扩建项目;3、越南服装辅料生,18,-0.0080971659919028,0.05455808578162746
300151.SZ,20220818,实施完成,,20230822,20230914,7.98,4.14,80.0,1、高端医疗器械及耗材华南基地建设项目;2、总部基地改造升级项目;3、补充流动资金。,17,-0.05052493438320216,-0.052413012056220065
600367.SH,20221102,实施完成,,20231017,20231031,5.8,5.8,80.0,1、收购青岛红蝶新材料有限公司75%股权;2、5万吨/年动力电池专用高纯硫酸锰项目;3、补充流动资金。,10,0.0038080731150036407,0.02533083492367738
002567.SZ,20230428,实施完成,,20230804,20230919,3.0,3.0,80.0,1、唐人神集团生猪全产业链数字智能化升级项目。,32,-0.07746478873239426,-0.02930704540236473
300541.SZ,20230412,实施完成,,20230804,20230922,2.5,2.5,80.0,1、基于云原生的金融开发效能平台及应用解决方案;2、数据治理智能洞察平台;3、数据资产运营管理和应用工作平台;4、补充流,35,0.1365260900643317,0.19300082390571793
300279.SZ,20220401,实施完成,,20231009,20231106,0.47,0.47,80.0,募集配套资金用于补充上市公司流动资金,20,0.20136518771331047,0.21649293330949382
301380.SZ,20230320,实施完成,,20230712,20231110,0.78,0.78,80.0,1、收购控股子公司久佳信通49%股权。,81,0.11082534486789797,0.16827294654889813
603920.SH,20220805,实施完成,,20240319,20240412,17.93,17.93,80.0,1、鹤山世茂电子科技有限公司年产300万平方米线路板新建项目(二期);2、广东世运电路科技股份有限公司多层板技术升级项目,16,-0.11219763252702009,-0.0994715303076511
002728.SZ,20230426,实施完成,,20230727,20231011,2.75,2.75,80.0,1、现代中药饮片建设项目;2、补充流动资金。,48,-0.0694275274056031,-0.027804950180040255
920047.BJ,20230605,实施完成,,20240105,20240125,2.31,2.31,80.0,1、药物研发项目;2、生物工程新药产业化项目;3、补充流动资金;4、偿还银行贷款。,14,-0.03877790834312578,-0.031145772877530287
300958.SZ,20230422,实施完成,,20230718,20230918,2.25,2.25,80.0,1、昆明市西山区海口工业园区云龙磷矿矿区修复治理EPC项目;2、天津市西青区王稳庄镇水环境修复提升工程-人工湿地修复EP,44,0.03968668407310716,0.06359673927360077
300604.SZ,20220122,实施完成,,20230822,20231013,2.77,2.77,80.0,募集配套资金用于1、转塔式分选机开发及产业化项目;2、支付本次交易相关费用;3、补充流动资金。,32,-0.02155172413793105,-0.011338325663144078
688205.SH,20230321,实施完成,,20230621,20230904,2.2,2.2,80.0,1、德科立海外研发生产基地建设项目。,51,-0.30283634538152615,-0.29826310882911555
002877.SZ,20230428,实施完成,,20230717,20230911,1.8,1.8,80.0,1、开关控制阀制造基地项目;2、补充流动资金及偿还有息负债。,40,-0.06267029972752047,-0.04273213661551811
000531.SZ,20220706,实施完成,,20231207,20231229,13.51,13.51,80.0,1、潮南陇田400MWp渔光互补光伏发电项目；2、潮阳和平150MW“渔光互补”光伏发电项目。,16,-0.0304347826086957,-0.033279565597904015
603398.SH,20220216,实施完成,,20240129,20240227,17.06,14.18,80.0,"1、收购豪安能源100%股权项目;2、10,000吨/年智能化硅提纯循环利用项目;3、补充流动资金。",15,-0.026821862348178183,-0.06946211850495132
688233.SH,20230318,实施完成,,20230710,20231011,3.0,3.0,80.0,1、集成电路刻蚀设备用硅材料扩产项目;2、补充流动资金。,61,-0.03446134740763729,0.004656295156647117
300438.SZ,20220721,实施完成,,20230822,20230921,34.0,15.21,80.0,1.鹏辉智慧储能制造基地项目(年产10GWh储能电池项目);2.补充流动资金。,22,-0.17139175257731964,-0.16182011760888582
002536.SZ,20220726,实施完成,,20230829,20231016,7.8,7.8,80.0,1、河南飞龙(芜湖)汽车零部件有限公司年产600万只新能源电子水泵项目；2、郑州飞龙汽车部件有限公司年产560万只新能源,28,0.08773234200743518,0.10969840535548747
688337.SH,20230329,实施完成,,20230629,20231011,2.9,2.9,80.0,1、马来西亚生产基地项目;2、西安研发中心建设项目。,68,-0.27548918640576725,-0.2511520489678414
688333.SH,20220830,实施完成,,20231129,20231226,31.09,30.29,80.0,1、金属增材制造大规模智能生产基地项目;2、补充流动资金。,19,0.04007421150278301,0.08413613165769718
300471.SZ,20230418,实施完成,,20230704,20230908,2.2,2.2,80.0,1、氢能核心零部件和集成车间建设项目;2、碱性电解水制氢技术开发项目;3、补充流动资金。,48,-0.05364806866952798,-0.014591182355252141
002986.SZ,20220223,实施完成,,20231208,20240110,30.0,9.55,80.0,1、轻烃综合利用项目一期;2、补充流动资金。,22,-0.05864004990642557,-0.02859156467161139
002379.SZ,20220709,实施完成,,20230706,20230804,8.0,8.0,80.0,1、利用回收铝年产10万吨高精铝深加工项目；2、补充流动资金及偿还银行借款。,21,0.056947608200455635,0.030425138677304675
300620.SZ,20230415,实施完成,,20231214,20240326,1.8,1.8,80.0,1、泰国光库生产基地项目;2、补充流动资金。,66,0.05187436676798374,0.026719681550882335
300655.SZ,20220428,实施完成,,20240320,20240422,8.15,4.5,80.0,1、年产2万吨γ-丁内酯、10万吨电子级N-甲基吡咯烷酮、2万吨N-甲基吡咯烷酮回收再生及1万吨导电浆项目；2、补充流动,21,-0.20412844036697253,-0.19495556571433736
002897.SZ,20220107,实施完成,,20240321,20240417,5.33,5.33,80.0,1、乐清光伏支架核心部件生产基地建设项目;2、光伏支架全场景应用研发及实验基地建设项目;3、补充流动资金。,17,-0.1777777777777778,-0.17624318884839973
300140.SZ,20220606,实施完成,,20231225,20240122,30.0,30.0,80.0,募集配套资金用于1、支付现金对价;2、补充流动资金。,19,-0.10548523206751048,-0.05275797969349627
601689.SH,20221213,实施完成,,20240109,20240126,40.0,35.15,80.0,1、重庆年产120万套轻量化底盘系统和60万套汽车内饰功能件项目;2、宁波前湾年产220万套轻量化底盘系统项目;3、宁波,13,-0.19212999840688239,-0.19684121344380634
000875.SZ,20221231,实施完成,,20241106,20241206,55.38,42.52,80.0,1、大安风光制绿氢合成氨一体化示范项目;2、扶余市三井子风电场五期10万千瓦风电项目;3、吉林长岭10万千瓦风电项目;4,22,-0.06365159128978237,-0.06922725037729227
002458.SZ,20220930,实施完成,,20231120,20231214,11.6,11.6,80.0,1、种猪养殖项目;2、种鸡孵化场项目;3、补充流动资金及偿还银行贷款。,18,-0.033777777777777795,0.0019238009434343617
001215.SZ,20230324,实施完成,,20231226,20240117,5.9,5.9,80.0,1、食品加工建设项目;2、收购味宝食品80%股权;3、补充流动资金。,15,-0.06218351225440544,-0.04058383056580328
003038.SZ,20230105,实施完成,,20231221,20240118,8.8,8.8,80.0,1、年产60万吨再生铝项目；2、数字化建设项目；3、补充流动资金。,19,0.017027863777089758,0.043091985909879726
000926.SZ,20221206,实施完成,,20231218,20240123,13.41,8.14,80.0,1、红桥城K6住宅项目;2、红桥城K15项目;3、补充流动资金项目。,25,-0.18421052631578927,-0.13715655874942334
300067.SZ,20230427,实施完成,,20230810,20240205,2.54,2.54,80.0,1、高档差别化分散染料及配套建设项目(一期);2、补充流动资金。,120,-0.3571428571428571,-0.22573141735299396
603722.SH,20210601,实施完成,,20240924,20241017,2.71,2.15,80.0,1、年产2万吨聚醚胺项目。,12,0.08574007220216617,-0.01917540037859622
002741.SZ,20211201,实施完成,,20241017,20241113,12.5,7.0,80.0,1、高性能锂电池材料项目;2、补充流动资金。,19,-0.008823529411764675,-0.0866050004998824
300629.SZ,20230420,实施完成,,20231114,20240112,2.46,2.46,80.0,1、射频微波产业化基地建设项目;2、补充流动资金。,42,-0.11842105263157887,-0.06516695600235567
603185.SH,20220421,实施完成,,20240115,20240130,27.0,27.0,80.0,1、年产5万吨高纯晶硅项目。,11,-0.16100064143681847,-0.14447151642142775
002735.SZ,20230204,实施完成,,20231211,20231228,10.0,9.29,80.0,1、宁波新容薄膜电容器扩建升级项目;2、中电华瑞研发中心建设项目;3、补充流动资金。,13,0.03301127214170685,0.04585441159110526
300305.SZ,20221227,实施完成,,20231228,20240129,7.0,6.94,80.0,1、高性能聚酯薄膜生产及配套项目;2、补充流动资金。,21,-0.18302658486707568,-0.1628109019142262
600038.SH,20230110,实施完成,,20240711,20240725,30.0,30.0,80.0,募集配套资金用于1、新型直升机与无人机研发能力建设项目;2、航空综合维修能力提升与产业化项目;3、直升机生产能力提升项目,10,0.01358974358974363,0.04295937091432278
002109.SZ,20201231,实施完成,,20231225,20240122,9.0,9.0,80.0,1、用于收购新能源公司80%股权;2、投资建设产业升级就地改造项目。,19,-0.1094420600858369,-0.056948043290487416
601279.SH,20221115,实施完成,,20231207,20231222,10.51,4.88,80.0,1、高端汽车模具智造中心建设项目;2、新能源汽车零部件智造中心建设项目;3、高性能挤出型材和零部件生产基地建设项目;4、,11,-0.10264385692068434,-0.08681010272272849
000088.SZ,20221010,实施完成,,20241023,20241118,40.02,40.02,80.0,募集配套资金用于1、支付现金对价;2、偿还银行借款及支付中介机构费用。,18,0.03285420944558526,0.02631442808455997
600405.SH,20220810,实施完成,,20241023,20241108,1.87,1.87,80.0,1、车载电源研发及产业化项目;2、偿还银行贷款。,12,0.0780141843971629,0.03133309895798542
002909.SZ,20220628,实施完成,,20231226,20240116,2.51,1.7,80.0,1、用于年产2万吨乙烯基硅油、2万吨新能源密封胶、0.2万吨核心助剂建设项目。,14,0.07162534435261714,0.07343611689554241
001201.SZ,20220622,实施完成,,20231206,20231228,10.33,9.25,80.0,1、东源东瑞农牧发展有限公司东源县船塘现代农业综合体项目(黄沙基地);2、补充公司流动资金项目。,16,-0.07540735126942033,-0.07095449807038667
601968.SH,20221109,实施完成,,20241205,20241225,6.98,6.98,80.0,1、安徽宝钢制罐有限公司新建智能化铝制两片罐生产基地项目;2、贵州新建智能化铝制两片罐生产基地项目;3、柬埔寨新建智能化,14,-0.07578558225508314,-0.08245699742081503
603313.SH,20211028,实施完成,,20231026,20231109,8.0,8.0,80.0,1、家居产品配套生产基地项目；2、美国亚利桑那州生产基地扩建项目；3、智能化、信息化升级改造项目；4、补充流动资金。,10,-0.007619047619047525,-0.028738935471332328
605117.SH,20221029,实施完成,,20240607,20240625,35.5,20.0,80.0,1、年产25.5GW组串式、储能式逆变器生产线建设项目;2、年产3GW微型逆变器生产线建设项目;3、逆变器研发中心建设项,11,0.11518086877554112,0.1534684404662825
300616.SZ,20211202,实施完成,,20240118,20240208,8.0,4.0,80.0,1、成都维尚生产基地建设项目。,15,-0.18738738738738736,-0.1930921149360838
002899.SZ,20221025,实施完成,,20240403,20240425,3.86,3.86,80.0,1、青岛英派斯体育产业园建设项目。,14,0.04075032341526508,0.04633977548630708
300446.SZ,20220221,实施完成,,20231110,20231215,21.0,21.0,80.0,募集配套资金用于1、汽车内外饰件扩产项目;2、成都航天模塑股份有限公司研发中心及模具中心建设项目;3、页岩气开发智能装备,25,-0.06882352941176473,-0.038313460693135126
300707.SZ,20221102,实施完成,,20231129,20231227,6.92,3.56,80.0,1、新能源汽车核心冲焊零部件产能项目;2、补充流动资金项目。,20,-0.24005424954792054,-0.21213627039555205
600460.SH,20221015,实施完成,,20231108,20231201,65.0,49.6,80.0,1、年产36万片12英寸芯片生产线项目；2、SiC功率器件生产线建设项目；3、汽车半导体封装项目(一期)；4、补充流动资,17,-0.04623824451410663,-0.03971438476447575
300846.SZ,20221122,实施完成,,20240223,20240322,3.53,3.53,80.0,1、京北云计算软件研发中心项目-算力中心(一期);2、补充流动资金。,20,0.1821138211382114,0.1653780197749819
600875.SH,20230405,实施完成,,20250331,20250414,50.0,41.23,80.0,1、收购子公司股权类项目;2、建设类项目;3、补充流动资金。,9,0.020708082832331165,0.04352558605349355
300115.SZ,20230315,实施完成,,20240524,20240625,22.0,13.6,80.0,1、常州长盈新能源动力及储能电池零组件项目;2、宜宾长盈新能源动力及储能电池零组件项目;3、智能可穿戴设备AR/VR零组,21,0.046106385001366545,0.09535295094857021
003005.SZ,20230427,实施完成,,20241101,20241129,4.68,3.6,80.0,1、基于产教融合的实验实践教学产品研发及产业化项目;2、多模态教育大数据产品研发及产业化项目;3、面向行业应用的新一代人,20,0.17888340296240046,0.15958953989295455
603368.SH,20230420,实施完成,,20240411,20240424,7.0,7.0,80.0,1、医院器械耗材SPD项目;2、健康产业园项目之中药配方颗粒生产及配套增值服务项目(一期);3、柳州物流运营中心项目;4,9,0.07178464606181456,0.06806190426559033
603520.SH,20220826,实施完成,,20240523,20240612,14.8,9.35,80.0,"1、年产1,550吨非离子型CT造影剂系列原料药项目;2、年产7,710吨碘相关化合物及CMO/CDMO产品项目;3、补",13,-0.09982638888888895,-0.07643807237123623
603619.SH,20220518,实施完成,,20240718,20240814,16.9,11.84,80.0,1、温宿区块温北油田温7区块油田建设项目;2、补充流动资金。,19,-0.061580882352941346,-0.01994454733856388
603997.SH,20230404,实施完成,,20240402,20240419,18.1,11.83,80.0,"1、合肥汽车内饰件生产基地项目;2、长春汽车座椅头枕、扶手及内饰件项目;3、宁波北仑年产1,000万套汽车出风口研发制造",11,-0.0513803680981596,-0.0483792097164325
300659.SZ,20230225,实施完成,,20240307,20240402,5.05,5.05,80.0,1、城市级数据安全监测预警整体解决方案；2、基于零信任的数据安全解决方案；3、电磁空间安全监管项目。,18,0.023536511768255997,0.007706499308538284
000919.SZ,20230228,实施完成,,20240319,20240422,7.5,7.5,80.0,1、合肥金陵天颐智慧养老项目;2、核心原料药及高端医药中间体共性生产平台建设项目;3、补充流动资金。,22,-0.08571428571428563,-0.08026069466124286
600217.SH,20210918,实施完成,,20240723,20240808,9.48,8.82,80.0,1、山东中绿资源再生有限公司废弃电器电子产品资源化综合利用项目(一期);2、唐山中再生资源开发有限公司废弃电器电子产品拆,12,0.04418604651162794,0.060728813937487525
002703.SZ,20221019,实施完成,,20240314,20240410,11.8,3.5,80.0,1、新增年产60万台套汽车智能转向系统技术改造项目;2、汽车智能转向系统及关键部件建设项目3、智能网联汽车转向线控技术研,17,-0.008928571428571286,-0.005360519707567346
600792.SH,20220409,实施完成,,20240411,20240424,11.0,4.38,80.0,用于200万吨/年焦化环保搬迁转型升级项目,9,-0.16885964912280693,-0.17174653590002287
601608.SH,20210529,实施完成,,20240625,20240718,8.28,8.28,80.0,1、面板盒体关键装备生产线建设项目;2、高端耐磨件制造产线智能化改造项目;3、重型装备智能制造提升工程建设项目;4、补充,17,-0.03439153439153442,-0.04319322715144358
688305.SH,20230204,实施完成,,20240328,20240415,6.0,6.0,80.0,1、五轴联动数控机床智能制造项目；2、系列化五轴卧式加工中心智能制造产业基地建设项目；3、高端机床核心功能部件及创新设备,10,0.02596899224806193,0.010293102065614068
000582.SZ,20221231,实施完成,,20240416,20240513,36.0,36.0,80.0,1、北海港铁山港西港区北暮作业区南4号南5号泊位工程；2、北海港铁山港西港区北暮作业区南7号至南10号泊位工程；3、防城,16,0.024752475247524774,-0.021130808093837716
002978.SZ,20220929,实施完成,,20241220,20250113,17.04,17.04,80.0,1、年产6万吨能源级钛(合金)材料全产业链项目。,15,-0.0572969329288846,0.004535074442044484
000966.SZ,20230530,实施完成,,20241029,20241203,30.0,30.0,80.0,1、汉川市新能源百万千瓦基地二期项目;2、汉川市新能源百万千瓦基地三期项目;3、国能长源随州市随县百万千瓦新能源多能互补,25,0.07939914163090123,0.04988110589523442
000737.SZ,20230531,实施完成,,20241213,20250120,10.0,9.65,80.0,1、年产5万吨高性能压延铜带箔和200万平方米覆铜板项目;2、补充流动资金。,25,0.07420091324200917,0.12303779314888086
600283.SH,20231223,实施完成,,20241126,20241212,5.81,5.81,80.0,1、胡村水厂工程(一期)项目;2、岱山县岱北水厂工程项目;3、兰溪市登胜水厂工程项目;4、福州江阴港城经济区污水处理厂中,12,0.027972027972027913,-0.03194007996752757
600428.SH,20230330,实施完成,,20250226,20250317,35.0,35.0,80.0,"1、租赁29艘多用途纸浆船项目;2、建造1艘65,000吨半潜船项目;3、补充流动资金。",13,0.05600000000000005,0.04184837387155804
000800.SZ,20230620,实施完成,,20240927,20241021,37.13,20.0,80.0,1、新能源智能网联及整车综合研发能力提升项目;2、整车产线升级建设项目;3、动力总成产线升级建设项目;4、补充流动资金。,11,-0.025581395348837077,-0.0794234862863985
000791.SZ,20240319,实施完成,,20241213,20241231,19.0,19.0,80.0,"募集配套资金用于1、支付本次交易现金对价;2、常乐公司2×1,000兆瓦燃煤机组扩建项目。",12,-0.0033057851239668423,0.00862303793679109
605128.SH,20230525,实施完成,,20241128,20241218,3.81,3.81,80.0,1、惠州沿浦高级新能源汽车座椅骨架生产项目;2、郑州沿浦年产30万套汽车座椅骨架总成制造项目;3、天津沿浦年产750万件,14,-0.06389301634472522,-0.08783667254217242
605020.SH,20230321,实施完成,,20250303,20250314,17.36,17.36,80.0,1、包头永和新材料有限公司新能源材料产业园项目；2、补充流动资金。,9,0.11252955082742311,0.07913757545327305
603348.SH,20221026,实施完成,,20240701,20240712,13.0,10.47,80.0,1、安徽新能源汽车零部件智能制造项目;2、重庆新能源汽车零部件智能制造项目;3、佛山新能源汽车零部件智能制造项目;4、补,9,0.023074192403265803,0.031143418320324967
605300.SH,20230520,实施完成,,20250228,20250318,7.25,7.25,80.0,1、咖啡扩产建设项目；2、补充流动资金项目。,12,-0.23168746608790003,-0.2560740284530022
300729.SZ,20230628,实施完成,,20241011,20241101,5.0,4.0,80.0,1、美国佐治亚州Ellabell海外仓项目;2、补充流动资金。,15,-0.00829610721123164,-0.024746590933750312
688768.SH,20230217,实施完成,,20241030,20241119,1.6,1.6,80.0,1、设备智能监测系统产业化项目;2、数据中心建设项目;3、研发中心建设项目;4、补充流动资金。,14,0.10823220728107574,0.08181091597486789
000736.SZ,20230224,实施完成,,20240612,20240710,24.8,4.44,80.0,1、长沙凤鸣东方;2、武汉中交澄园;3、天津春映海河;4、补充流动资金。,20,-0.1537634408602151,-0.12551953569169716
002613.SZ,20230408,实施完成,,20241025,20241126,11.81,5.0,80.0,1、智能钢化装备及节能风机生产基地建设项目;2、高端幕墙玻璃生产基地建设项目;3、研发中心建设项目;4、补充流动资金。,22,0.11363636363636376,0.12728219242274186
000155.SZ,20220530,实施完成,,20240530,20240628,22.65,22.65,80.0,募集配套资金用于1、凉山州会东县小街一期风电项目;2、凉山州会东县淌塘二期风电项目;3、补充流动资金,20,-0.0739466895958728,-0.0351635236736485
688566.SH,20230428,实施完成,,20240111,20240621,1.98,1.98,80.0,1、高端制剂研发中心建设项目。,104,-0.177012278308322,-0.20761555701099843
688408.SH,20221111,实施完成,,20241104,20241119,11.01,11.01,80.0,1、光伏跟踪系统平行驱动器产能扩建项目;2、宿松中信博新能源科技有限公司光伏配套产业园项目;3、西部跟踪支架生产及实证基,11,0.08046116504854361,0.06890013527876615
002006.SZ,20230513,实施完成,,20241203,20241226,9.43,9.43,80.0,1、碳纤维及复材装备智能制造建设项目;2、高性能碳纤维装备研发中心建设项目;3、补充流动资金。,17,-0.17329545454545459,-0.17798362502419995
300474.SZ,20230601,实施完成,,20241014,20241107,39.74,38.33,80.0,1、高性能通用GPU芯片研发及产业化项目;2、通用GPU先进架构研发中心建设项目。,18,0.1653379124248744,0.10277138451643175
002666.SZ,20230321,实施完成,,20240821,20240913,4.88,1.0,80.0,1、德联汽车新材料胶黏剂研发和制造项目；2、补充流动资金。,17,0.014577259475218485,0.0717932810817481
002590.SZ,20211208,实施完成,,20240807,20240912,7.24,4.11,80.0,1、新增年产50万套铝合金固定卡钳项目;2、新能源汽车底盘铝合金轻量化建设项目;3、补充流动资金。,26,-0.1209740769835036,-0.07157010849124223
300348.SZ,20230425,实施完成,,20240705,20240802,5.73,4.17,80.0,1、基于企业级建模和实施工艺的金融业务系统建设项目;2、“星云”数智一体化平台建设项目;3、云原生数字生产力平台建设项目,20,0.01602136181575431,0.03161689433039783
300648.SZ,20230415,实施完成,,20250327,20250418,6.37,6.37,80.0,1、星云储能系统及电池关键部件制造和检测中心项目;2、补充流动资金。,15,-0.12040374909877438,-0.0943603770630217
000925.SZ,20221115,实施完成,,20240626,20240801,10.29,6.84,80.0,1、基于自研芯片的数字孪生工业控制平台研发及产业化项目;2、大交通领域数字化关键技术研发及产业化项目;3、无人感知技术研,26,-0.015873015873015817,-0.0024024584255052384
002791.SZ,20230415,实施完成,,20240813,20240905,12.0,6.02,80.0,1、坚朗五金中山数字化智能化产业园项目；2、坚朗五金装配式金属复合装饰材料建设项目；3、坚朗五金信息化系统升级建设项目；,17,-0.01329198050509528,0.01488756868472385
688337.SH,20240109,实施完成,,20240923,20241014,0.5,0.5,80.0,募集配套资金1、北京实验中心建设项目;2、支付中介机构费用及相关发行费用。,10,0.34695579649708086,0.127377299308586
002947.SZ,20230302,实施完成,,20240724,20240821,11.6,7.56,80.0,1、惠州恒铭达智能制造基地建设项目。,20,-0.034228385954558904,-0.018890124750730153
300576.SZ,20240409,实施完成,,20240923,20250115,2.44,2.44,80.0,1、高端感光线路干膜光刻胶建设项目;2、IC载板阻焊干膜光刻胶及半导体光刻胶研发能力提升项目;3、补充流动资金。,76,0.48631508678237645,0.266070684655783
605133.SH,20230811,实施完成,,20250321,20250407,8.78,8.78,80.0,1、新能源汽车零部件智能制造项目;2、补充流动资金。,10,-0.1822871883061049,-0.11144922816014113
600378.SH,20230215,实施完成,,20241219,20250108,45.0,45.0,80.0,募集配套资金用于1、新建2万吨/年PVDF项目;2、20万吨/年锂离子电池电解液项目(一期);3、年产1.9万吨VDF、,13,-0.01039501039501034,0.032454557824678876
688639.SH,20221028,实施完成,,20241014,20241028,7.0,7.0,80.0,1、年产5万吨生物基丁二酸及生物基产品原料生产基地建设项目；2、年产5万吨生物基苹果酸生产建设项目。,10,0.12225153913808295,0.1094572133808529
600548.SH,20230715,实施完成,,20250306,20250327,47.03,47.03,80.0,1、深圳外环高速公路深圳段;2、偿还有息负债。,15,-0.054123711340206326,-0.05206320731280922
301109.SZ,20230306,实施完成,,20241230,20250124,7.68,7.68,80.0,募集配套资金用于:1、支付现金对价;2、补充流动资金。,18,-0.01531213191990577,0.03152101216576497
603358.SH,20231226,实施完成,,20250422,20250526,2.97,2.97,80.0,募集配套资金1、支付本次交易现金对价及中介机构费用。,21,-0.062146892655367214,-0.07534015390358384
300286.SZ,20230720,实施完成,,20250321,20250417,8.0,8.0,80.0,1、研发总部及企业微电网系统升级项目;2、企业微电网产品技术改造项目;3、补充流动资金。,18,-0.07139857202855948,-0.04748122149545242
688085.SH,20240507,实施完成,,20250227,20250313,2.14,2.14,80.0,募集配套资金1、支付本次交易的现金对价;2、支付本次交易的中介机构费用、税费等费用。,10,0.009219088937093112,0.018033177360481156
003043.SZ,20230731,实施完成,,20241018,20241121,2.84,2.84,80.0,募集配套资金用于1、支付本次交易的现金对价;2、支付中介机构费用及相关税费;3、补充上市公司流动资金。,24,-0.02834897185066887,-0.05972654084006801
600765.SH,20230603,实施完成,,20241224,20250120,19.5,18.89,80.0,1、收购宏山锻造80%股权项目;2、技术研究院建设项目;3、补充流动资金。,18,-0.050898203592814384,-0.007266103714850147
601456.SH,20240515,实施完成,,20250220,20250310,20.0,20.0,80.0,募集配套资金1、拟用于发展民生证券业务。,12,-0.010714285714285676,-0.0152342443437401
001309.SZ,20230701,实施完成,,20241213,20250123,9.9,9.9,80.0,1、PCIeSSD存储控制芯片及存储模组的研发和产业化项目;2、嵌入式存储控制芯片及存储模组的研发和产业化项目;3、信息,28,0.10608405762590811,0.16145890761785897
688577.SH,20230426,实施完成,,20240229,20240925,1.71,1.38,80.0,1、柔性自动化加工单元扩产项目;2、海德曼(上海)高端智能机床研发中心项目;3、补充流动资金。,141,-0.4177674062671991,-0.393872356663027
301029.SZ,20230111,实施完成,,20240925,20241104,15.0,8.7,80.0,1、怡合达智能制造供应链华南中心二期项目;2、怡合达智能制造暨华东运营总部项目。,23,0.42578125,0.2475044949839167
300229.SZ,20230808,实施完成,,20241011,20241029,18.45,9.0,80.0,1、拓天行业大模型研发及AIGC应用产业化项目。,12,0.07310870947234571,0.050686159890577676
002840.SZ,20230719,实施完成,,20250411,20250516,16.0,16.0,80.0,1、生猪养殖建设项目;2、饲料加工建设项目;3、偿还银行贷款项目。,22,-0.07919930374238471,-0.11453742295345071
000510.SZ,20230424,实施完成,,20240308,20240905,1.51,1.32,80.0,1、电石渣资源化综合利用项目(一期);2、补充流动资金。,123,-0.2636815920398009,-0.1956286388394337
300623.SZ,20231201,实施完成,,20241114,20241217,6.6,4.79,80.0,募集配套资金拟用于1、支付交易对价;2、补充上市公司流动资金;3、支付交易中介费用及其他相关费用。,23,-0.11667513980681254,-0.11185213564302787
002385.SZ,20220607,实施完成,,20240722,20240815,10.0,7.0,80.0,1、年产24万吨猪配合饲料生产线项目;2、年产12万吨猪饲料加工厂建设项目;3、辽宁盛得大北农生产反刍饲料基地项目;4、,18,0.01995012468827917,0.05073893269514018
688536.SH,20230610,实施完成,,20250723,20250805,3.83,3.83,80.0,募集配套资金用于1、支付本次交易的现金对价及中介机构费用。,9,0.05444751783374602,0.044158486350386994
002753.SZ,20241225,实施完成,,20251127,20251225,3.65,3.65,80.0,1、2×10万吨年蒽油深加工项目;2、补充流动资金。,20,-0.11206896551724121,-0.13098677852508778
600789.SH,20241221,实施完成,,20251209,20251229,12.0,12.0,80.0,1、高端制剂智能制造车间建设项目;2、生物农药基地建设项目;3、新药研发项目;4、补充流动资金。,14,-0.04306722689075626,-0.05652319039028486
002046.SZ,20221227,实施完成,,20250225,20250319,1.15,1.15,80.0,1、新型高功率MPCVD法大单晶金刚石项目(二期)；2、补充上市公司流动资金。,16,0.08913998744507245,0.06358708714057815
688521.SH,20231223,实施完成,,20250612,20250630,18.07,18.07,80.0,1、AIGC及智慧出行领域Chiplet解决方案平台研发项目;2、面向AIGC、图形处理等场景的新一代IP研发及产业化项,12,0.07724938602366604,0.0641865051021906
688160.SH,20231230,实施完成,,20250703,20250721,4.65,4.65,80.0,1、智能制造生产基地建设项目。,12,0.16746299965039046,0.13511299812127975
688116.SH,20220420,实施完成,,20250417,20250514,8.0,8.0,80.0,1、锂电池用高效单壁纳米导电材料生产项目(一期);2、补充流动资金。,16,0.13988321909113988,0.09849086323416412
600458.SH,20231227,实施完成,,20250619,20250711,13.0,13.0,80.0,1、创新中心及智能制造基地项目;2、清洁能源装备提质扩能项目;3、新能源汽车减振制品能力提升项目;4、补充流动资金。,16,0.054313099041533475,0.00983925132182839
001208.SZ,20231202,实施完成,,20250917,20251021,12.15,12.15,80.0,1、新能源及电力用电缆生产建设项目;2、高端装备用高柔性特种电缆生产建设项目;3、高端装备器件用综合线束及组件生产建设项,18,-0.017996870109546093,-0.02802451326208255
603268.SH,20241017,实施完成,,20250804,20250818,40.0,40.0,80.0,募集配套资金1、恒力造船(大连)有限公司绿色高端装备制造项目;2、恒力重工集团有限公司国际化船舶研发设计中心项目(一期),10,0.17903930131004375,0.1332701088133479
605218.SH,20241130,实施完成,,20260202,20260302,4.8,4.8,80.0,1、轻量化车载新型显示组件项目;2、补充流动资金。,14,-0.024504692387904092,-0.06341742154123498
300811.SZ,20240420,实施完成,,20241121,20250225,3.0,3.0,80.0,1、新型高端一体成型电感建设项目。,61,0.046600766592697296,0.05422156229791897
688226.SH,20221202,实施完成,,20241213,20250103,10.02,5.78,80.0,1、年产5GWh储能系统建设项目；2、年产2.5万吨光伏焊带智能化生产项目；3、补充流动资金。,14,0.0766565612819401,0.13715324102175686
600416.SH,20241126,实施完成,,20250829,20250922,20.0,20.0,80.0,1、航空电气系统系列化研制及产业化项目;2、磁悬浮轴承高速电机系统研发及产业化项目;3、补充流动资金。,16,-0.13205351948807453,-0.12539958484293967
301297.SZ,20241017,实施完成,,20250812,20250904,7.83,7.83,80.0,募集配套资金用于:1、支付本次交易的中介机构费用、相关税费等;2、半导体功率模块(高性能氮化硅)陶瓷基板智能化生产线建设,17,-0.06362996008452693,-0.08848416829778194
603856.SH,20221020,实施完成,,20250110,20250122,3.08,2.51,80.0,1、年产7.4万吨高性能复合管道扩能项目;2、补充流动资金。,8,0.05135658914728669,0.03660188185692048
688525.SH,20230720,实施完成,,20250328,20250411,19.0,19.0,80.0,1、惠州佰维先进封测及存储器制造基地扩产建设项目;2、晶圆级先进封测制造项目。,9,-0.09544220602943265,-0.063854734965889
000657.SZ,20240110,实施完成,,20250318,20250416,18.0,18.0,80.0,募集配套资金用于1、标的公司1万t/d采选技改项目建设;2、支付本次交易的现金对价;3、上市公司补充流动资金。,20,-0.1250000000000001,-0.08393290145350563
002062.SZ,20230117,实施完成,,20241115,20241210,5.0,5.0,80.0,1、建设施工工程总承包及地铁盾构施工设备升级改造项目;2、研发中心建设项目;3、偿还银行贷款项目。,17,0.08577878103837477,0.05661421302627412
688138.SH,20231206,实施完成,,20250417,20250429,12.0,12.0,80.0,1、高精度掩膜版生产基地建设项目一期;2、高端半导体掩膜版生产基地建设项目一期。,8,0.005448601525608332,0.0035171543013388096
000635.SZ,20230725,实施完成,,20250731,20250826,7.0,6.84,80.0,1、宁夏英力特化工股份有限公司年产30万吨电石技改工程项目;2、宁夏英力特化工股份有限公司热电分公司储灰场自发自用分布式,18,0.03276836158192098,-0.04603620368797989
688102.SH,20241030,实施完成,,20250918,20251009,6.0,6.0,80.0,1、液体火箭发动机推力室材料、零件、组件产业化项目;2、斯瑞新材科技产业园建设项目(一);3、补充流动资金。,9,0.1413383364602876,0.11165398953885575
600644.SH,20240330,实施完成,,20241024,20250220,2.0,2.0,80.0,1、龙泉驿区100MW/200MWh电化学储能电站新型储能示范项目。,78,-0.0031347962382443084,-0.024114885180863244
600549.SH,20230519,实施完成,,20241108,20241213,35.27,35.27,80.0,"1、硬质合金切削工具扩产项目;2、1,000亿米光伏用钨丝产线建设项目;3、博白县油麻坡钨钼矿建设项目;4、补充流动资金",25,-0.05345622119815674,-0.03659561166416747
002170.SZ,20220525,实施完成,,20241108,20241231,5.0,5.0,80.0,1、硝酸法生产高纯磷酸项目;2、补充流动资金及偿还银行贷款。,37,0.049278846153846256,0.08075132927604645
002851.SZ,20250329,实施完成,,20260114,20260206,26.63,26.63,80.0,1、麦格米特全球研发中心扩展项目智能电源及电控研发测试中心建设;2、长沙智能产业中心二期项目;3、泰国生产基地(二期)建,17,0.16675108904872848,0.18411633976480557
301066.SZ,20230405,实施完成,,20250709,20250801,6.0,6.0,80.0,1、万事利人工智能工厂项目。,17,-0.030722891566265176,-0.04893855052309892
300757.SZ,20230826,实施完成,,20250521,20250612,3.84,3.84,80.0,募集配套资金1、拟用于支付本次交易的现金对价。,15,-0.03340188639103592,-0.037686934310903974
688018.SH,20250315,实施完成,,20250922,20251017,17.78,17.78,80.0,1、Wi-Fi7路由器芯片研发及产业化项目;2、Wi-Fi7智能终端芯片研发及产业化项目;3、基于RISC-V自研IP的,13,-0.12742590642395069,-0.12996628146677613
688361.SH,20241207,实施完成,,20250929,20251020,25.0,25.0,80.0,1、上海高端半导体质量控制设备研发测试及产业化项目;2、总部基地及研发中心升级建设项目;3、补充流动资金。,9,-0.01462585034013597,-0.01497290855812905
688192.SH,20230325,实施完成,,20250403,20250418,18.48,17.96,80.0,1、新药研发项目;2、国际标准创新药产业化项目;3、补充流动资金。,10,-0.058235633288487465,-0.03947429879019082
000061.SZ,20231121,实施完成,,20250903,20250930,19.64,19.64,80.0,1、光明海吉星二期项目;2、长沙海吉星二期继续建设项目;3、补充流动资金和偿还银行贷款。,19,0.011349306431273742,-0.006680675939237157
000100.SZ,20250304,实施完成,,20250805,20250822,43.59,43.59,80.0,募集配套资金用于1、支付本次交易的现金对价。,13,0.07174887892376702,0.01343445039544311
600025.SH,20240227,实施完成,,20250915,20251014,58.25,58.25,80.0,1、RM水电站项目;2、TB水电站项目。,15,0.053763440860215006,0.05247519933146716
688050.SH,20240418,实施完成,,20241128,20250512,2.85,2.85,80.0,1、隐形眼镜及注塑模具加工产线建设项目;2、补充流动资金。,106,-0.10587570621468934,-0.12539326991052469
601868.SH,20230216,实施完成,,20260306,20260401,90.0,65.0,80.0,1、中能建哈密“光(热)储”多能互补一体化绿电示范项目;2、中国能源建设集团浙江火电建设有限公司光热+光伏一体化项目;3,18,0.01038062283737018,0.05532498923393847
603099.SH,20220416,实施完成,,20251023,20251106,2.36,2.36,80.0,1、长白山火山温泉部落二期;2、长白山旅游交通设备提升项目。,10,-0.10293564170116665,-0.12203964630182496
600648.SH,20221230,实施完成,,20250403,20250421,24.75,24.75,80.0,1、新发展H2地块新建项目;2、D1C-108#~116#通用厂房项目;3、F9C-95#厂房项目;4、补充流动资金。,11,0.014154870940882747,0.029737580854781953
605333.SH,20240201,实施完成,,20250919,20251015,8.85,8.85,80.0,1、昆山泽轩汽车电器有限公司汽车整车线束生产项目;2、补充流动资金。,12,0.04883654122378611,0.024139774074381393
301278.SZ,20240424,实施完成,,20250212,20250509,1.86,1.86,80.0,1、光伏接线盒旁路保护模块建设项目;2、光储连接器及线束生产项目。,58,-0.04385458742065773,-0.04259961039110827
300476.SZ,20241108,实施完成,,20250910,20251020,19.0,19.0,80.0,1、越南胜宏人工智能HDI项目;2、泰国高多层印制线路板项目;3、补充流动资金和偿还银行贷款。,22,-0.09099666288230635,-0.10315266199924433
600521.SH,20220831,实施完成,,20250310,20250325,6.0,6.0,80.0,1、制剂数字化智能制造建设项目;2、补充流动资金。,11,0.020725388601036343,0.01957038578266279
000561.SZ,20230714,实施完成,,20250604,20250702,8.9,8.9,80.0,募集配套资金用于1、支付本次交易的现金对价;2、航空智能无线电高度表及无人机精密引导装备研发产业化项目;3、雷达导航系统,20,0.1338495575221239,0.10805678635564675
000707.SZ,20230117,实施完成,,20250724,20250827,7.09,7.09,80.0,1、收购宏宜公司68.59%股权。,24,-0.050505050505050386,-0.09913045616981708
600026.SH,20250125,实施完成,,20250924,20251022,80.0,80.0,80.0,1、投资建造6艘VLCC;2、投资建造2艘LNG运输船;3、投资建造3艘阿芙拉型原油轮。,14,-0.005704971475142595,-0.020977364266608012
002957.SZ,20240427,实施完成,,20241028,20250310,1.12,1.12,80.0,1、新能源电池智能制造装备产业园项目。,88,0.17160578911095792,0.15630343021712
300848.SZ,20240423,实施完成,,20250103,20250327,1.97,1.97,80.0,1、年产1万吨膨胀型热塑性聚氨酯弹性体项目;2、年产3万吨水性聚氨酯项目。,53,0.2521172638436482,0.19187495530970922
300539.SZ,20240109,实施完成,,20250722,20250815,5.88,5.88,80.0,1、谢岗镇横河集团华南总部项目;2、慈溪横河集团产业园产能扩建项目;3、补充流动资金。,18,0.8814082767140208,0.8229270980116259
688093.SH,20250107,实施完成,,20250905,20250919,6.0,6.0,80.0,1、光学显示薄膜材料扩产项目。,10,0.08929032258064518,0.08713029901612312
300779.SZ,20240628,实施完成,,20260316,20260410,8.5,8.5,80.0,1、揭阳大南海石化工业区一般工业固废处理一期项目;2、揭阳大南海石化工业区环保资源综合利用一期项目;3、补充流动资金。,18,-0.07198560287942424,-0.04904005247027632
603031.SH,20240326,实施完成,,20250911,20250925,2.04,2.04,80.0,"募集配套资金用于1、支付本次交易现金对价,对应股权比例4.9852%;2、支付本次交易中介机构费用。",10,0.13539311730720915,0.14187766907659038
600918.SH,20230701,实施完成,,20251112,20251128,60.0,60.0,80.0,1、信息技术及合规风控投入;2、另类投资业务;3、做市业务;4、购买国债、地方政府债、企业债等证券;5、财富管理业务;6,12,-0.04878048780487809,-0.021494996311422043
603321.SH,20240420,实施完成,,20250214,20250729,2.38,2.38,80.0,1、梅轮电梯南宁智能制造基地项目。,112,0.2505062519060688,0.1594000704447851
600732.SH,20230628,实施完成,,20250904,20250922,35.0,35.0,80.0,1、义乌六期15GW高效晶硅太阳能电池项目;2、补充流动资金。,12,-0.03063178047223991,-0.04650709957218013
300537.SZ,20240124,实施完成,,20250324,20250710,1.43,1.43,80.0,1、年产5万吨电子感光材料及配套材料项目。,73,0.41000962463907586,0.3539040315011075
603667.SH,20250617,实施完成,,20260414,20260424,10.0,10.0,80.0,1、具身智能机器人和汽车智驾核心零部件研发与产业化项目;2、补充流动资金。,8,-0.05922807017543852,-0.07151254565111875
600184.SH,20231216,实施完成,,20250702,20250718,10.2,10.2,80.0,1、高性能光学材料及先进元件项目;2、精确制导产品数字化研发制造能力建设项目;3、补充流动资金。,12,0.02645820805772714,0.0033151431510625162
002858.SZ,20230425,实施完成,,20260416,20260520,3.3,3.3,80.0,1、海南新能源汽车体验中心国际赛车场项目。,21,-0.07863777089783275,-0.10224363194948205
688506.SH,20250310,实施完成,,20250909,20250925,37.64,37.64,80.0,1、用于创新药研发项目。,12,0.04500276090557698,0.032525055607382614
300249.SZ,20250530,实施完成,,20260521,20260612,3.11,3.11,80.0,1、算力基础设施温控产品建设项目;2、算力基础设施温控产品研发测试平台项目;3、补充流动资金项目。,16,-0.15221137277426766,-0.1425877251304991
000065.SZ,20241101,实施完成,,20251215,20260202,9.6,9.6,80.0,1、波黑科曼耶山125MWp光伏项目;2、补充流动资金。,33,-0.033333333333333326,-0.06891774756161562
001207.SZ,20250228,实施完成,,20250526,20250916,3.0,3.0,80.0,1、年产10万吨高压电缆屏蔽料用纳米碳材料项目(二期)。,80,0.008232235701906454,-0.12622769607931517
688082.SH,20240126,实施完成,,20250910,20250926,44.82,44.82,80.0,1、研发和工艺测试平台建设项目;2、高端半导体设备迭代研发项目;3、补充流动资金。,12,0.29912663755458535,0.2937358864070918
688126.SH,20250308,实施完成,,20251211,20251225,21.05,21.05,80.0,募集配套资金将用于1、补充流动资金;2、支付本次交易的现金对价及中介机构费用。,10,0.02202436738519209,-0.00025157209564063976
000833.SZ,20250521,实施完成,,20260811,20260903,9.0,9.0,80.0,1、10万吨/年精制湿法磷酸项目;2、广东省英德市下太镇白面石矿区玻璃用石英砂岩矿投资项目;3、云硫矿业碎磨系统大型化、,17,-0.014384920634920584,-0.016383859461100436
300926.SZ,20240330,实施完成,,20250117,20250522,3.0,3.0,80.0,1、广东博俊汽车零部件生产项目;2、补充流动资金项目。,79,0.03658025857444036,-0.0058519346633767455
603299.SH,20250429,实施完成,,20260203,20260225,18.0,18.0,80.0,1、储气库卤水制盐综合利用工程。,10,0.045698924731182755,0.02565534954429949
600733.SH,20250429,实施完成,,20260114,20260130,60.0,60.0,80.0,1、新能源车型开发项目;2、AI智能化平台及智驾电动化系统开发项目。,12,-0.06612529002320167,-0.06427801789239873
600299.SH,20240426,实施完成,,20251205,20251226,30.0,30.0,80.0,1、功能性产品项目;2、特种产品项目;3、可持续发展项目;4、补充流动资金。,15,-0.01969365426695846,-0.034748486701296044
688301.SH,20240430,实施完成,,20250919,20251016,11.74,11.74,80.0,1、X线真空器件及综合解决方案建设项目。,13,0.033197230605361394,0.007833504266068214
002976.SZ,20240521,实施完成,,20251117,20251209,6.32,6.32,80.0,1、汽车空气悬架系统及部件生产建设项目;2、座椅系统集成及部件生产建设项目;3、补充流动资金。,16,0.037864445285876736,0.054459884390509083
603683.SH,20240425,实施完成,,20241227,20250521,2.27,2.27,80.0,1、西南生产基地项目(一期);2、补充流动资金。,92,0.5095338983050848,0.5151344927386512
600027.SH,20240802,实施完成,,20250805,20250822,34.28,34.28,80.0,募集配套资金用于1、华电望亭2×66万千瓦机组扩建项目;2、支付本次重组现金对价、中介机构费用及相关税费。,13,0.018832391713747842,-0.03660282250228564
603209.SH,20230401,实施完成,,20250521,20250610,11.24,6.43,80.0,1、不锈钢化学品船舶购建项目；2、LPG船舶购建项目；3、补充流动资金。,13,0.027929155313351606,0.02876651510151662
600418.SH,20241001,实施完成,,20260129,20260212,35.0,35.0,80.0,1、高端智能电动平台开发项目。,10,0.05362661334302854,0.05973494527957901
600760.SH,20231227,实施完成,,20250612,20250707,40.0,40.0,80.0,1、沈飞公司局部搬迁建设项目;2、复合材料生产线能力建设项目;3、钛合金生产线能力建设项目;4、飞机维修服务保障能力提升,17,0.12800300300300327,0.10511603280864468
300918.SZ,20231129,实施完成,,20250509,20250609,10.0,10.0,80.0,1、年产8万吨高性能差别化锦纶长丝项目。,20,-0.07804878048780484,-0.09371560093524667
603256.SH,20250412,实施完成,,20260129,20260304,9.95,9.95,80.0,1、高性能玻纤纱产线建设项目;2、高性能特种玻璃纤维研发中心建设项目;3、补充流动资金及偿还借款。,18,0.44911115452236783,0.47591429101106564
603079.SH,20230325,实施完成,,20250603,20250625,2.68,2.68,80.0,1、年产20000吨D-异抗坏血酸及其钠盐项目。,16,0.013033175355450455,-0.014520042562758961
603236.SH,20250401,实施完成,,20251204,20251224,23.0,22.3,80.0,1、车载及5G模组扩产项目;2、AI算力模组及AI解决方案产业化项目;3、总部基地及研发中心升级项目;4、补充流动资金项,14,0.053232782521903,0.035820213222544695
002230.SZ,20250822,实施完成,,20260410,20260424,40.0,40.0,80.0,1、星火教育大模型及典型产品;2、算力平台;3、补充流动资金。,10,0.030016792611250898,0.006367307427834756
300984.SZ,20250419,实施完成,,20260428,20260526,7.21,7.21,80.0,1、轴承套圈智能智造生产基地改扩建项目;2、锻件产能提升项目;3、补充流动资金。,17,0.16849691146190793,0.14968549389235353
300204.SZ,20250910,实施完成,,20260703,20260724,12.53,12.53,80.0,1、创新药物研发项目;2、补充流动资金。,12,0.007450331125827825,0.05418806634460327
001255.SZ,20240425,实施完成,,20250902,20251127,1.43,1.43,80.0,1、年产7万吨电机绝缘材料项目。,56,-0.06442748091603057,-0.06856207251571345
002920.SZ,20240907,实施完成,,20250910,20251024,43.99,43.99,80.0,1、德赛西威汽车电子中西部基地建设项目(一期);2、智能汽车电子系统及部件生产项目;3、智算中心及舱驾融合平台研发项目。,26,0.07915789473684232,0.04143397412157479
603009.SH,20250228,实施完成,,20250901,20260127,3.0,3.0,80.0,1、上海北特科技股份有限公司泰国丝杠生产基地建设项目(一期)。,98,0.07761003614714013,0.008794009125317803
600292.SH,20241019,实施完成,,20260625,20260727,50.0,43.62,80.0,募集配套资金用于1、湖南省内风力发电项目和湖南桃源木旺溪抽水蓄能电站;2、支付本次重组现金对价、中介机构费用及相关税费。,22,-0.09948415622697127,-0.03832494797747643
600819.SH,20250412,实施完成,,20251224,20260112,3.0,3.0,80.0,1、大连耀皮熔窑节能升级及浮法玻璃生产线自动化改造项目;2、天津耀皮产线节能升级及镀膜工艺改造项目;3、补充流动资金。,11,0.05714285714285716,0.00020574126790573466
002553.SZ,20250116,实施完成,,20250926,20251117,1.88,1.41,80.0,1、精密制动、传动零部件产线建设项目;2、精密工业轴承产线建设项目。,30,-0.06915254237288126,-0.10288229659339354
600469.SH,20250717,实施完成,,20260202,20260212,11.0,11.0,80.0,1、高性能巨型工程子午胎扩能增效项目。,8,-0.005298013245033095,-0.033755751515122556
301607.SZ,20250724,实施完成,,20260410,20260511,5.28,5.28,80.0,1、新能源汽车核心零部件智能化生产制造项目(三期);2、新能源汽车车载电源生产项目第二基地购置项目;3、新一代车载电源产,18,0.09555690809494832,0.03363659432573041
002079.SZ,20240827,实施完成,,20260415,20260428,8.87,8.87,80.0,1、苏州晶银新材料科技有限公司年产太阳能电子浆料500吨项目;2、小信号产品封装与测试;3、固锝(苏州)创新研究院项目;,9,0.07482305358948427,0.0612705145680712
002562.SZ,20230216,实施完成,,20250923,20251024,4.37,4.37,80.0,"1、年产1,150吨碘造影剂原料药建设项目。",17,0.039531478770131745,0.005722054638740648
002278.SZ,20250426,实施完成,,20250808,20251226,2.2,2.2,80.0,1、高端海洋工程装备制造基地项目;2、并购蓝海智信51%股权;3、补充流动资金。,94,0.25677031093279834,0.15259615820987715
688535.SH,20241126,实施完成,,20251204,20251223,8.0,8.0,80.0,募集配套资金用于:1、支付本次交易的现金对价;2、芯片级封装材料生产线集成化技术改造项目;3、车规级芯片封装材料智能化生,13,0.031848397658497785,0.02021758645839067
000600.SZ,20250816,实施完成,,20260814,20260907,20.0,16.92,80.0,1、西柏坡电厂四期工程项目。,16,-0.10328068043742411,-0.10453996857674597
300380.SZ,20250816,实施完成,,20260806,20260828,6.0,6.0,80.0,1、基于人工智能技术的智慧信贷系统;2、全面风险数智化管理平台;3、数字金融研发中心升级项目;4、补充流动资金。,16,-0.033215091905836824,-0.045892977041182115
301011.SZ,20250329,实施完成,,20250807,20250929,1.49,1.49,80.0,1.动漫卡片设备投放及运营项目;2、补充流动资金。,37,0.009154929577464888,-0.04907253151904212
002307.SZ,20230802,实施完成,,20251127,20251226,16.5,15.49,80.0,1、宿州至固镇高速公路项目(G3京台高速公路复线);2、补充流动资金。,21,-0.03564727954971858,-0.057159512885737285
002824.SZ,20240802,实施完成,,20250815,20250918,6.8,5.0,80.0,1、智能移动终端金属结构件项目;2、安徽和胜新能源生产基地项目(一期);3、补充流动资金。,24,0.021693121693121764,-0.014273516416205778
301489.SZ,20250801,实施完成,,20260630,20260723,4.66,4.66,80.0,1、越南思泉新材散热产品项目;2、液冷散热研发中心项目;3、信息化系统建设项目;4、补充流动资金。,17,-0.3426904848705796,-0.3057929407349371
001216.SZ,20250530,实施完成,,20260408,20260512,7.0,7.0,80.0,1、越南东盟陶瓷谷项目。,21,-0.08067831449126406,-0.12855680767968136
603991.SH,20241024,实施完成,,20251212,20251226,10.0,10.0,80.0,募集配套资金1、支付本次交易的现金对价、中介机构费用、交易税费等并购整合费用;2、偿还借款。,10,-0.06199356913183285,-0.07958455502804385
603220.SH,20250314,实施完成,,20260114,20260204,19.2,19.2,80.0,1、智算中心建设项目;2、5G通信网络建设项目;3、偿还银行借款。,15,0.02590044516390111,0.031875283242450037
003002.SZ,20250729,实施完成,,20260819,20260907,5.86,5.86,80.0,"1、民爆生产线及仓储系统自动化、信息化改造项目;2、矿山工程机械设备购置项目;3、新建年产2,000吨起爆具自动化、智能",13,0.07513744654856458,0.06467317788188143
002967.SZ,20250723,实施完成,,20260123,20260212,13.0,13.0,80.0,1、航空装备(含低空)测试平台项目;2、新一代人工智能芯片测试平台项目;3、卫星互联网质量保障平台项目;4、数据智能质量,14,-0.07168458781362008,-0.07120260241899568
000410.SZ,20231020,实施完成,,20250919,20251023,17.0,17.0,80.0,募集配套资金1、高端数控加工中心产线建设项目;2、面向重点领域中大型数控机床产线提升改造项目;3、大型高端液压成形装备生,18,0.08495821727019504,0.05665580078859378
300711.SZ,20250721,实施完成,,20260305,20260330,7.5,7.5,80.0,1、新一代智能调度系统建设项目;2、数智指挥系统升级建设项目;3、调度指挥系统智能化核心技术研究项目。,17,-0.0938072554049102,-0.05101163871476888
603089.SH,20250719,实施完成,,20260305,20260320,4.5,4.5,80.0,1、正裕智造园(二期);2、补充流动资金。,11,-0.060397553516819635,-0.024420472150886163
688256.SH,20250501,实施完成,,20250922,20251016,39.85,39.85,80.0,1、面向大模型的芯片平台项目;2、面向大模型的软件平台项目;3、补充流动资金。,12,-0.0886981402002861,-0.10909456913507254
688196.SH,20240420,实施完成,,20250703,20251024,3.0,3.0,80.0,1、年产10万吨烃基生物柴油项目。,75,-0.05071851225697366,-0.16826655546767166
603026.SH,20220715,实施完成,,20250728,20250821,10.0,10.0,80.0,1、22万吨/年锂电材料生产研发一体化项目;2、年产10万吨液态锂盐项目;3、年产1.1万吨添加剂项目;4、补充流动资金,18,-0.05007625826131179,-0.0936950281023664
300827.SZ,20230520,实施完成,,20251224,20260120,16.49,16.49,80.0,1、年产25GW组串式光伏逆变器产业化建设项目;2、年产15GW储能变流器产业化建设项目;3、补充流动资金。,17,0.08019639934533562,0.0348468620951381
603192.SH,20250705,实施完成,,20260209,20260303,5.8,5.8,80.0,1、江苏汇得新材料有限公司年产30.5万吨聚氨酯新材料项目。,10,-0.013384321223709361,-0.01328531686190415
000722.SZ,20250402,实施完成,,20260722,20260824,8.0,8.0,80.0,募集配套资金拟用于1、支付本次交易的现金对价;2、补充流动资金、支付中介机构费用及相关税费。,18,-0.10607117934403354,-0.11013341207143934
000599.SZ,20240409,实施完成,,20260528,20260618,8.0,8.0,80.0,募集配套资金用于1、支付本次重组现金对价;2、补充流动资金或偿还债务。,15,-0.1019230769230769,-0.10013273301679115
601003.SH,20250429,实施完成,,20251223,20260304,3.0,3.0,80.0,1、2800mm中厚板高品质技术升级改造工程。,43,0.10441767068273089,0.06045834818253648
688379.SH,20250403,实施完成,,20251216,20260320,1.99,1.99,80.0,1、泰国华光钎焊材料生产基地项目(二期)。,60,-0.005991868178899851,-0.039210639957837246
300903.SZ,20250425,实施完成,,20251125,20260205,2.87,2.87,80.0,1、智恩电子高端服务器用PCB产线升级项目;2、补充流动资金项目。,50,0.7213114754098364,0.6343598620986801
300666.SZ,20250710,实施完成,,20260601,20260623,19.28,19.28,80.0,"1、年产5,100个集成电路设备用静电吸盘产业化项目;2、年产12,300个超大规模集成电路用超高纯金属溅射靶材产业化项",15,0.5571094331596296,0.5387135745500344
601088.SH,20250816,实施完成,,20260324,20260407,200.0,200.0,80.0,"募集配套资金用于1、支付本次交易中的现金对价,支付本次交易税费、人员安置费用等并购整合费用和投入标的资产在建项目建设,也",9,-0.0012376237623762387,-0.003518710837330574
600889.SH,20241116,实施完成,,20260526,20260617,4.4,4.4,80.0,募集配套资金用于1、支付本次交易现金对价;2、南京工艺滚动功能部件国产化关键高端制造装备产业化应用项目;3、补充上市公司,16,-0.02100061766522543,-0.01211238327389097
688322.SH,20250429,实施完成,,20260602,20260622,9.8,9.8,80.0,1、机器人AI视觉与空间感知技术研发平台项目;2、AI视觉传感器与智能硬件制造基地建设项目。,13,0.24033711130485313,0.21412024602787505
003007.SZ,20240607,实施完成,,20260413,20260514,6.62,6.62,80.0,1、OSS产品研发平台及自智网络关键应用项目;2、算力网络智能调度管理及运营系统项目;3、新一代数字家庭软件定义终端和管,20,0.16761041902604745,0.1146897653411525
300604.SZ,20250625,实施完成,,20260703,20260807,31.27,31.27,80.0,1、半导体设备研发项目;2、补充流动资金。,25,-0.06441808992104647,-0.03981629291415245
301488.SZ,20250806,实施完成,,20260518,20260615,10.46,10.46,80.0,1、豪恩汽电深圳产线扩建项目;2、惠州豪恩汽电产线建设项目;3、豪恩汽电研发中心升级建设项目。,20,-0.03288912230026919,-0.02461298988672067
301358.SZ,20230811,实施完成,,20260310,20260409,47.88,47.88,80.0,1、年产32万吨磷酸锰铁锂项目;2、年产7.5万吨超长循环磷酸铁锂项目;3、年产10万吨磷酸铁项目;4、补充流动资金。,21,0.0729166666666663,0.11537885181725516
301308.SZ,20251203,实施完成,,20260701,20260817,37.0,37.0,80.0,1、面向AI领域的高端存储器研发及产业化项目;2、半导体存储主控芯片系列研发项目;3、半导体存储高端封测建设项目;4、补,33,-0.37221490177287975,-0.35175583901181473
600863.SH,20250221,实施完成,,20260123,20260209,26.5,26.5,80.0,募集配套资金用于1、支付本次交易的现金对价、中介机构费用和相关税费等。,11,0.01041666666666674,0.013620742655683582
603215.SH,20241221,实施完成,,20260415,20260506,4.82,4.82,80.0,1、中意产业园智能厨房家电建设项目(二期)。,12,-0.04066736183524511,-0.07132879714201279
603901.SH,20250426,实施完成,,20251113,20260203,3.0,3.0,80.0,"1、年产3,500台套数字智能固态食品包装装备项目;2、补充流动资金。",56,0.11923076923076925,0.10871000997687363
688629.SH,20250722,实施完成,,20260525,20260612,9.72,9.72,80.0,1、高速线模组扩产项目;2、防务连接器基地建设及扩能项目;3、通讯连接器研发能力升级项目;4、补充流动资金。,14,-0.08653846153846145,-0.059109620628256754
688072.SH,20250913,实施完成,,20260611,20260701,46.0,46.0,80.0,1、高端半导体设备产业化基地建设项目;2、前沿技术研发中心建设项目;3、补充流动资金。,10,0.2697056175317045,0.25701567023143945
300735.SZ,20241126,实施完成,,20260407,20260515,7.72,7.72,80.0,1、收购AC公司100%股权和TIS工厂0.003%股权;2、补充流动资金。,25,-0.01392891450528333,-0.07240204966719421
601121.SH,20250111,实施完成,,20260311,20260326,5.6,5.6,80.0,募集配套资金用于1、支付本次交易的现金对价;2、新疆阿克陶县孜洛依北铁矿选矿与尾矿库工程项目;3、补充上市公司及标的公司,11,-0.1101796407185629,-0.05427257447473566
688400.SH,20241207,实施完成,,20260206,20260306,6.95,6.95,80.0,1、收购JAI100%股权。,14,0.03202087286527511,0.017354404078608443
688321.SH,20241121,实施完成,,20260206,20260302,9.5,9.5,80.0,1、创新药研发项目;2、彭州微芯原创新药制造基地(一阶段)项目;3、补充流动资金。,10,0.03159252095422316,0.0027338386729722775
601990.SH,20230429,实施完成,,20251205,20251226,50.0,50.0,80.0,"1、用于投资银行业务,提升赋能和服务实体经济能力;2、用于财富管理业务,完善财富管理服务和产品体系,增强财富管理综合服务",15,-0.004950495049505066,-0.020231742208727033
301518.SZ,20250421,实施完成,,20251107,20260122,1.55,1.55,80.0,1、二氧化碳聚醚项目(一期)。,52,0.2810060711188205,0.24215857302221866
688683.SH,20250421,实施完成,,20250923,20260107,2.0,1.6,80.0,1、高性能功能胶膜新材料建设项目;2、新型新能源电池集流体材料生产建设项目;3、补充流动资金。,68,-0.09394107837687582,-0.1524721985153228
688386.SH,20250827,实施完成,,20260130,20260227,6.71,6.71,80.0,1、露点控制器(CMD)产品智能制造技改扩产项目;2、低介电损耗FCCL挠性覆铜板项目;3、研发中心建设项目;4、补充流,14,0.038297872340425476,0.027090545692775914
000962.SZ,20250624,实施完成,,20260303,20260327,11.9,11.9,80.0,1、湿法冶金项目;2、火法冶金熔炼项目;3、高端制品项目;4、补充流动资金。,18,-0.11530358168933164,-0.06806998208321358
003013.SZ,20250121,实施完成,,20260309,20260330,1.28,1.28,80.0,募集配套资金拟用于1、补充流动资金、偿还债务。,15,-0.05065926439972246,-0.008721120817397177
300473.SZ,20241119,实施完成,,20260129,20260226,0.83,0.83,80.0,募集配套资金用于1、爱卓智能科技(常州)有限公司汽车饰件等产品智能化改扩建项目(一期);2、爱卓智能科技(常州)有限公司,14,0.032400589101619914,0.03522728300460698
688293.SH,20250208,实施完成,,20260324,20260414,3.62,3.62,80.0,募集配套资金用于1、支付本次交易现金对价及税费;2、支付中介机构费用。,14,0.25298106149169985,0.20775320120454888
605488.SH,20250903,实施完成,,20260202,20260303,7.07,7.07,80.0,1、标签标识印刷材料扩产项目;2、电子级功能材料扩产升级项目;3、研发中心升级项目;4、补充流动资金。,15,-0.058548009367681564,-0.08296639314984589
300319.SZ,20230628,实施完成,,20251119,20251216,1.01,1.01,80.0,募集配套资金用于1、支付本次交易的现金对价;2、支付交易中介机构费用;3、补充标的公司流动资金、偿还债务。,19,-0.01964133219470543,0.01161134785077178
301236.SZ,20250508,实施完成,,20260126,20260226,33.48,33.48,80.0,1、京津冀软通信创智造基地项目;2、AIPC智能制造基地项目;3、软通动力怀来智算中心(一期)建设项目;4、计算机生产车,17,-0.09265298292729729,-0.09572206677388295
300913.SZ,20231124,实施完成,,20251203,20251231,11.95,11.95,80.0,1、泰国生产基地建设项目;2、高速电缆及连接产品智能制造项目;3、补充流动资金。,20,-0.06302296599608337,-0.08446889480975173
688636.SH,20250425,实施完成,,20250829,20251209,2.08,2.08,80.0,1、无人装备及商业航天嵌入式计算机研发及产业化建设项目;2、补充流动资金。,66,0.008808290155440268,-0.004505015667946921
603859.SH,20251011,实施完成,,20260617,20260710,10.0,10.0,80.0,1、“灵擎”工业AI赋能平台建设项目;2、“灵助”工业软件AI工具集开发项目;3、“灵智”具身智能AI训推平台研发项目;,16,-0.10064999015166443,-0.07546322177568754
603082.SH,20250415,实施完成,,20260706,20260724,0.32,0.32,80.0,募集配套资金拟用于1、支付本次交易现金对价;2、支付中介机构费用、发行费用及相关税费。,14,-0.13076923076923075,-0.07902820634242691
000032.SZ,20230824,实施完成,,20251224,20260130,25.0,12.0,80.0,1、运营型云项目;2、分布式存储研发项目;3、中国电子云研发基地一期项目;4、高科技产业工程服务项目;5、补充流动资金或,25,0.004343629343629418,-0.0388257944246575
688012.SH,20260101,实施完成,,20260611,20260702,15.0,15.0,80.0,募集配套资金1、高端半导体设备产业化项目;2、高端半导体设备研发中心项目;3、支付现金对价及中介机构费用;4、补充流动资,14,0.348970704671417,0.33494525964960964
688609.SH,20250425,实施完成,,20260209,20260416,1.82,1.82,80.0,1、鸿蒙生态智能终端与通信模块研发及产业化项目;2、补充流动资金及偿还银行贷款。,41,-0.05953693495038603,-0.043874040182080076
002615.SZ,20231230,实施完成,,20260306,20260403,7.55,7.55,80.0,1、“哈尔斯未来智创”建设项目(一期)。,20,-0.12555555555555553,-0.07054416166712763
300407.SZ,20250422,实施完成,,20260130,20260420,3.0,3.0,80.0,1、基于全栈自主可控的供电自动化产品技术升级和产业化项目;2、轨道交通供电大模型研发平台建设项目。,49,0.06147859922178989,0.07079303094622702
688107.SH,20260127,实施完成,,20260820,20260908,12.62,12.62,80.0,1、先进工艺平台超大规模FPGA芯片研发项目;2、平面工艺平台FPGA&FPSoC芯片升级和产业化项目。,13,-0.07195160776822673,-0.08062550396915058
688368.SH,20241105,实施完成,,20260403,20260424,18.0,18.0,80.0,募集配套资金1、本次交易的现金对价;2、支付中介机构费用;3、补充流动资金。,14,0.14027572240828734,0.08443335224715587
603906.SH,20250821,实施完成,,20260420,20260511,18.8,18.8,80.0,1、11万吨高性能磷酸盐型正极材料项目;2、8.5万吨高性能磷酸盐型正极材料项目;3、补充流动资金。,12,0.10216038081288903,0.06488442981181475
300995.SZ,20250415,实施完成,,20260520,20260616,2.75,2.75,80.0,1、泰国复合材料及制品生产线建设项目;2、年产碳纤维制品4.5万套扩建项目;3、补充流动资金项目。,19,-0.17600205549845838,-0.16184695879507827
600459.SH,20250923,实施完成,,20260413,20260422,12.91,12.91,80.0,1、贵金属功能材料全国重点实验室平台建设项目;2、贵金属新材料AI实验室建设项目;3、贵金属二次资源富集再生现代产业基地,7,0.10373647984267453,0.07209942954349091
688378.SH,20250417,实施完成,,20251226,20260309,2.76,2.76,80.0,1、OLED显示核心材料PSPI材料生产基地项目;2、补充流动资金。,43,0.3009371745921554,0.2587253659347266
603268.SH,20260115,实施完成,,20260710,20260729,70.0,70.0,80.0,1、恒力造船(大连)有限公司绿色智能装备制造项目;2、恒力造船(大连)有限公司绿色高端船舶建造项目配套设施;3、恒力造船,13,-0.06694639278557102,-0.026077265901386704
300782.SZ,20250124,实施完成,,20260413,20260428,34.75,34.75,80.0,1、射频芯片制造扩产项目;2、补充流动资金。,11,0.02586967172954413,0.003212662673629074
603477.SH,20231223,实施完成,,20260415,20260429,2.27,2.27,80.0,1、崇州林秀公猪站建设项目;2、雅安巨星三江智慧化养猪园区;3、巨星农牧数字智能化建设项目;4、补充本次实体建设募投项目,10,-0.019607843137254943,-0.03877522429546765
301413.SZ,20260108,实施完成,,20260807,20260827,5.44,5.44,80.0,1、压力传感器扩产项目;2、陶瓷电容式压力传感器产线升级项目;3、力传感器产线建设项目;4、MEMS传感器芯片研发及产业,14,-0.06991429860171405,-0.07380098330378293
002915.SZ,20250422,实施完成,,20251224,20260303,1.86,1.86,80.0,"1、年产2,000吨BPEF、500吨BPF及1,000吨9-芴酮产品建设项目;2、补充流动资金。",41,-0.06434782608695644,-0.10559170116058436
920476.BJ,20260316,实施完成,,20260625,20260817,0.89,0.89,80.0,1、海能基石科学仪器智能制造基地项目。,35,0.03681818181818164,0.07264712842147247
301125.SZ,20250423,实施完成,,20260618,20260818,1.2,1.2,80.0,1、腾亚精工越南动力工具智造项目;2、腾亚精工安徽园林工具智造项目;3、补充流动资金。,36,-0.20364741641337392,-0.18365478011917213
002213.SZ,20250425,实施完成,,20260609,20260811,1.08,0.97,80.0,1、嵌入式存储器研发和产业化项目。,44,-0.19506239826370042,-0.179525095976525
688401.SH,20260122,实施完成,,20260629,20260714,10.02,10.02,80.0,1、厦门路维光电高世代高精度掩膜版生产基地项目(一期);2、补充流动资金及偿还银行借款。,11,-0.10871404399323192,-0.08472501546280586
688206.SH,20250412,实施完成,,20260820,20260903,10.5,10.5,80.0,募集配套资金拟用于1、支付本次交易现金对价、中介机构费用、交易税费等。,10,0.0580859774820881,0.04778801358091345
000958.SZ,20241019,实施完成,,20260514,20260610,50.0,50.0,80.0,募集配套资金用于1、山东海阳核电站3、4号机组项目。,19,-0.05564648117839621,-0.011968946892169985
300252.SZ,20250424,实施完成,,20260410,20260529,2.92,2.78,80.0,1、数据中心高速互连产品扩产建设项目;2、补充流动资金。,32,0.04369274136715995,0.022569282367229437
002653.SZ,20250228,实施完成,,20260710,20260814,12.45,12.45,80.0,1、新药研发项目;2、补充流动资金。,25,0.0007211885186786393,0.01829996377669829
002281.SZ,20250910,实施完成,,20260519,20260616,35.0,35.0,80.0,1、算力中心光连接及高速光传输产品生产建设项目;2、高速光互联及新兴光电子技术研发项目;3、补充流动资金。,20,-0.0038113387327298742,0.015091938793316162
300016.SZ,20250418,实施完成,,20260202,20260512,1.59,1.59,80.0,1、陆芝葆化药生产车间与智能综合仓库项目。,61,-0.05740181268882172,-0.10185192379750374
688226.SH,20250426,实施完成,,20260306,20260601,2.96,2.96,80.0,1、高压母线智能制造项目;2、节能型变压器智能制造项目;3、补充流动资金。,57,0.017857142857143016,0.034526687621329266
300762.SZ,20251206,实施完成,,20260714,20260812,7.46,7.46,80.0,1、大规模无人协同异构神经网络研制及产业化项目;2、异构专用智能机器人研制及产业化项目;3、“AI+有无人协同认知决策系,15,-0.13690800217746324,-0.13243560615980554
300436.SZ,20250403,实施完成,,20260814,20260903,7.23,7.23,80.0,1、创新药研发项目;2;补充流动资金。,14,-0.08143977478383269,-0.08491435757999788
002156.SZ,20260110,实施完成,,20260820,20260916,42.2,42.2,80.0,1、存储芯片封测产能提升项目;2、汽车等新兴应用领域封测产能提升项目;3、晶圆级封测产能提升项目;4、高性能计算及通信领,17,-0.10087094220110848,-0.09661561433302535
300395.SZ,20250422,实施完成,,20260402,20260601,3.0,3.0,80.0,1、石英电子纱智能制造(一期)建设项目。,38,0.2749370414978649,0.23143470938856803
002128.SZ,20250519,实施完成,,20260618,20260717,45.0,45.0,80.0,募集配套资金1、国家电投内蒙古白音华自备电厂可再生能源替代工程300MW风电项目;2、白音华铝电公司500kA电解槽节能,20,0.040149006622516525,0.13032284799638538
002676.SZ,20250415,实施完成,,20260805,20260917,2.42,2.42,80.0,1、风叶自动化智能制造技术改造项目;2、高性能改性复合材料生产建设项目;3、补充流动资金。,28,0.025793650793650702,0.023971089099538156
000876.SZ,20231201,实施完成,,20260806,20260901,33.38,26.0,80.0,1、猪场生物安全防控及数智化升级项目;2、偿还银行债务。,18,0.037410071942446166,0.01667812389376855
301368.SZ,20250805,实施完成,,20260806,20260831,7.3,7.3,80.0,1、新能源汽车精密动力齿轮智能制造项目;2、新一代精密传动制造项目;3、精密传动研发中心建设项目;4、补充流动资金。,17,-0.09560185185185188,-0.11510092892067514
002688.SZ,20250426,实施完成,,20260710,20260827,3.0,3.0,80.0,1、污水处理扩容及水资源再生利用提标扩建工程项目;2、新建产品库房建设项目(粮食储备库);3、补充流动资金。,32,0.06924643584521384,0.07994562661999671
002892.SZ,20250913,实施完成,,20260806,20260825,7.81,7.81,80.0,1、科力尔智能制造产业园项目;2、补充流动资金。,13,-0.05791106514994826,-0.055269109520757254
