ts_code,t0,final_stage,terminate_date,apply_date,list_date,raise_plan_yi,raise_act_yi,price_ratio,purpose,base_date,gap_cal_days,d0,d1,ex1,d5,ex5,d20,ex20,d60,ex60,suspended
601727.SH,20210327,终止,20210512,,,50.0,,80.0,用于1、零碳能源电力技术研发项目;2、智慧城市关键平台及系统开发项目;3、星云智汇工业互联网平台升级及创新应用项目;4、,20210326,1,0.05340699815837935,-0.029720279720279796,-0.034513105305022274,-0.045454545454545414,-0.06355317109623937,-0.09440559440559437,-0.10041604620911138,-0.25349650349650354,-0.29265443664991175,
603988.SH,20210327,终止,20220226,,,30.0,,80.0,募集配套资金用于标的资产项目建设及补充流动资金和偿还债务,20210312,15,0.04785894206549113,0.10016025641025661,0.10585494496181047,0.6105769230769231,0.5961024531024515,0.23798076923076938,0.24226614923919554,0.24018899723125076,0.1870812497583807,True
300101.SZ,20210323,终止,20211203,,,1.85,,80.0,1、北斗三号多功能核心芯片研发及产业化项目；2、补充流动资金。,20210323,0,-0.03936507936507938,-0.01586252478519501,-0.0028710332373913516,0.03701255783212143,0.023462092680232693,0.0786516853932584,0.05957503571017564,0.24917382683410416,0.19794038558767513,
600365.SH,20210323,终止,20220312,,,1.7,,80.0,1、企业管理信息化网络升级项目;2、品牌服务网络升级项目;3、电子商务网络营销平台升级项目;4、内容电商运营平台建设项目,20210323,0,0.051948051948051965,0.04938271604938271,0.06323550291027447,0.07407407407407396,0.060039332448848626,0.10288065843621408,0.08337550376196456,0.8230452674897117,0.7482751429520971,
002890.SZ,20210313,终止,20210712,,,10.0,,80.0,募集配套资金用于拟置入资产建设项目、补充流动资金,20210226,15,0.04945598417408492,0.0999057492931199,0.1285728365655292,0.1757775683317626,0.21183727583544631,0.12818096135721024,0.15995850131302736,0.22331246353395273,0.18883118639157837,True
603399.SH,20210311,终止,20210413,,,,,80.0,募集配套资金用于支付本次交易的现金对价、相关交易税费及中介机构费用、标的公司项目建设、补充上市公司和标的公司流动资金、偿,20210311,0,-0.020134228187919434,-0.08732876712328774,-0.0916227978998927,-0.148972602739726,-0.15542013278293776,-0.1952054794520548,-0.1984347309311717,-0.11643835616438358,-0.15446475681153593,
601011.SH,20210309,终止,20210424,,,15.77,,80.0,1、宝泰隆新材料股份有限公司一矿项目;2、宝泰隆新材料股份有限公司二矿项目;3、宝泰隆新材料股份有限公司三矿项目;4、补,20210309,0,-0.09185803757828814,0.020689655172413834,0.021162285453265595,0.04827586206896539,0.02168178056399106,-0.055172413793103336,-0.08784676382305667,-0.03218390804597693,-0.09678015747774127,
002893.SZ,20210309,终止,20220113,,,2.5,,80.0,用于迁西富龙热力有限责任公司迁西县区工业余热供暖技术改造项目、华通热力节能环保、智慧供热技术改造项目、偿还银行贷款,20210309,0,-0.06408544726301735,-0.058487874465049994,-0.058051907334334185,0.03708987161198274,0.010779571459504478,0.6718972895863056,0.6140791669451333,0.6176890156918688,0.5097174247776506,
300173.SZ,20210302,终止,20210731,,,10.02,,80.0,1、超业精密搬迁及新增产能项目;2、大宇精雕搬迁及技术改造项目;3、研发中心建设项目;4、补充流动性资金。,20210302,0,-0.024390243902439157,0.0,-0.019098441124162036,-0.07678571428571435,-0.03575470111814383,-0.11428571428571421,-0.10098348553306113,0.008928571428571619,-0.020898870767945943,
002735.SZ,20210225,终止,20220719,,,,,80.0,募集配套资金用于1、支付收购标的资产的现金对价;2、补充上市公司与标的公司流动资金和偿还债务等,20210225,0,0.007751937984495916,-0.03230769230769226,-0.011358861032475742,-0.007692307692307554,0.015406608828571144,0.10000000000000009,0.17242250731100972,0.028461538461538538,0.02608277410874482,
002270.SZ,20210225,终止,20210422,,,7.0,,80.0,用于偿还公司有息负债、补充流动资金,20210225,0,-0.03984063745019906,0.0269709543568466,0.049203063753969545,0.053941908713692976,0.0784755451612924,0.07468879668049788,0.14544484871200103,-0.018672199170124415,-0.02094194626685253,
300664.SZ,20210223,终止,20220228,,,6.0,,80.0,用于补充流动资金和偿还银行贷款,20210223,0,-0.015068493150684814,0.0055632823365785455,0.025955501821544047,0.08901251738525717,0.1286691414449357,0.08205841446453421,0.153375601570934,-0.03477051460361613,0.0036134303825201552,
600525.SH,20210210,终止,20220216,,,9.01,,80.0,1、消费类电子智能检测设备扩建项目;2、半导体贴装及检测设备扩建项目;3、研发中心建设项目;4、补充流动资金。,20210210,0,-0.0991596638655462,0.05597014925373123,0.050146615928972516,0.050373134328357994,0.07719421183738584,0.005597014925373012,0.06675120721320704,0.005597014925373012,0.04152184306461093,
002397.SZ,20210209,终止,20220223,,,5.0,,80.0,1、品牌升级渠道建设项目；2、高端洗护中心建设项目；3、蚕丝原料基地建设项目；4、补充流动资金。,20210209,0,0.0277777777777779,0.0,-0.01411703357073768,0.07567567567567579,0.06595286026069691,0.07567567567567579,0.12459683271844146,0.11621621621621614,0.14346565556043855,
600939.SH,20210206,终止,20210729,,,20.63,,80.0,1、北京至雄安新区高速公路河北段主体工程施工SG2段项目;2、庆市公共卫生医疗救治中心应急医院项目;3、奉节县高铁站换乘,20210205,1,0.0,0.012345679012345512,0.0019960113492167864,0.05555555555555558,-0.0015135630559360846,0.1358024691358024,0.15003017184951872,0.11111111111111094,0.13275213325013047,
002458.SZ,20210130,终止,20211009,,,15.7,,80.0,1、种猪养殖项目；2、饲料生产项目；3、种鸡孵化场项目；4、研发中心项目。,20210129,1,-0.028571428571428692,0.013725490196078605,0.007301101730217363,-0.034313725490195957,-0.03797715612039021,0.05098039215686301,0.04530306574993315,-0.027450980392156765,-0.0156415704754167,
300626.SZ,20210127,终止,20220219,,,1.0,,80.0,用于补充流动资金,20210127,0,-0.013333333333333197,-0.04422604422604426,-0.025639068768544937,-0.13022113022113024,-0.11636493867745734,-0.023341523341523396,-0.0243144671676383,-0.03562653562653573,-0.00830690334397377,
300187.SZ,20210125,终止,20210709,,,5.55,,80.0,1、衡阳市城市生活垃圾焚烧发电厂扩建工程(二期)项目;2、新余市生活垃圾焚烧发电BOT(二期)项目;3、工业固体废弃物集,20210125,0,-0.0234113712374584,0.0582191780821919,0.07446828704427655,-0.0239726027397259,0.009149639074715887,0.17636986301369872,0.20049690750842175,0.09589041095890427,0.15370794593148163,
000532.SZ,20210120,终止,20210723,,,7.1,,80.0,用于智汇湾创新中心项目、偿还银行贷款及补充流动资金,20210120,0,-0.0036730945821855654,-0.012903225806451535,-0.023308309703589325,-0.02027649769585238,-0.017603064796058887,-0.04516129032258076,-0.040067832953048166,0.11981566820276512,0.1579425074616545,
002685.SZ,20210120,终止,20221029,,,9.84,,80.0,用于重庆新润星高端装备制造产业园二期项目、补充流动资金,20210120,0,0.0461165048543688,-0.037122969837586894,-0.047272751037765626,-0.09280742459396751,-0.09033191137841756,-0.058004640371229765,-0.05297969410759573,-0.06960556844547561,-0.037928034413310274,
600388.SH,20210119,终止,20220228,,,28.0,,80.0,1、陈庄工业园固废处置中心项目;2、山东中滨环境保护固体废物综合处置中心项目;3、龙净智慧环保产品生产项目(一期A地块),20210119,0,0.0205245153933864,-0.02346368715083791,-0.02801799602973265,-0.05027932960893844,-0.05109020684310772,-0.02458100558659193,-0.04335138934705818,-0.018994413407821265,0.007403051256157367,
300307.SZ,20210119,终止,20211207,,,10.75,,80.0,用于补充运营资金,20210119,0,0.08615819209039532,-0.052015604681404426,-0.05643675491600919,-0.21066319895968777,-0.2113371394792639,0.014304291287386306,-0.005214378029486655,-0.06371911573472033,-0.03852512918077222,
002466.SZ,20210116,终止,20210118,,,159.26,,80.0,用于公司偿还银行贷款和补充流动资金,20210115,1,0.09994478188845934,0.018908969210174043,0.010452805817404709,0.065930388219545,0.053999000344123305,-0.11813922356091022,-0.14910558833279952,-0.2940093708165997,-0.2759757895748367,
600212.SH,20210105,终止,20210928,,,3.82,,80.0,用于收购北京芯火科技有限公司100%股权、补充流动资金,20210105,0,0.05074626865671661,-0.051136363636363646,-0.05706863741181534,-0.1107954545454547,-0.1304266456015135,-0.008522727272727293,-0.009927922307879644,0.1534090909090906,0.1686844912416281,
000796.SZ,20210629,终止,20211206,,,17.0,,80.0,募集配套资金用于补充流动资金及偿还债务、支付中介机构费用及相关交易费用,20210629,0,0.09988518943742819,-0.024008350730688965,-0.028905461952197786,-0.1148225469728602,-0.10406103282258872,-0.21085594989561596,-0.16604578055573693,-0.21711899791231726,-0.23195941272813647,
603725.SH,20210626,终止,20220426,,,3.0,,80.0,用于收购鹰牌集团所持有的石湾鹰牌、东源鹰牌、鹰牌贸易、鹰牌科技各66%股权、补充流动资金,20210625,1,0.011142061281337101,0.012396694214876103,0.012730643968436928,-0.012396694214875992,0.012527272609603513,-0.02754820936639113,-0.011890635019964235,0.2093663911845729,0.20722320931474147,
002812.SZ,20210623,终止,20211123,,,15.42,,80.0,募集配套资金用于支付现金对价、锂电池隔离膜项目建设及补充上市公司流动资金,20210623,0,0.1000104997900042,-0.007397508709970024,-0.007518291239842045,0.11726244451868473,0.10949178314784147,0.2977139311793062,0.29901023868895993,0.435259867322102,0.3999288392774929,
300220.SZ,20210622,终止,20220701,,,2.16,,80.0,用于IP衍生品运营推广项目,20210622,0,0.19977298524404086,-0.05392620624408706,-0.056262832588419576,-0.17313150425733215,-0.17677988851970816,-0.11447492904446555,-0.10931181427962178,-0.3462630085146642,-0.36503826082257895,
600539.SH,20210622,终止,20220419,,,,,80.0,募集配套资金用于1、支付本次交易现金对价;2、支付本次交易中介机构费用及相关税费;3、补充上市公司及标的公司流动资金等。,20210622,0,-0.003351955307262511,-0.08744394618834073,-0.08969778994777011,-0.17152466367713015,-0.17518013778742658,-0.23206278026905836,-0.2275852695494719,-0.20515695067264572,-0.22798475297033505,
605169.SH,20210622,终止,20210805,,,,,90.0,购买森泰能源90.29%股份,20210622,0,0.09986772486772488,-0.013830426939266394,-0.016266082402509596,-0.11004209260372821,-0.11396884569716348,-0.15874924834636195,-0.15384427804200684,0.03367408298256169,0.003987080464844528,
002198.SZ,20210618,终止,20220409,,,8.85,,80.0,用于补充流动资金,20210618,0,-0.005512679162072764,0.08314855875831495,0.08189457762926411,0.019955654101995624,-0.003359440047055795,0.0509977827050998,0.04677900795654866,-0.1529933481152993,-0.19371009874119272,
300393.SZ,20210610,终止,20220420,,,25.0,,80.0,用于年产16GW高效单晶电池智能工厂项目(一期)、补充流动资金,20210610,0,0.02668759811616961,-0.019877675840978548,-0.014113688007657,0.154434250764526,0.1825205209347287,0.9480122324159019,0.9959766333676652,1.2920489296636086,1.3106865506599843,
603729.SH,20210610,终止,20211029,,,2.27,,80.0,用于补充流动资金及偿还银行贷款,20210610,0,-0.05034129692832767,-0.02605570530098844,-0.02032804975575353,0.1536388140161724,0.18170573197865725,0.27313566936208433,0.30448310583867255,0.06199460916442057,0.07063013730242829,
300096.SZ,20210225,终止,20210625,,,8.24,,80.0,用于偿还银行贷款与补充流动资金,20210225,0,-0.040476190476190554,0.0,0.021648235816996486,-0.002481389578163906,0.02073882657935866,-0.012406947890818865,0.05261483850616244,0.2990074441687345,0.29600292480982415,
000712.SZ,20210604,终止,20220630,,,33.24,,80.0,用于偿还公司借款和补充公司流动资金,20210604,0,0.003558718861210064,-0.014775413711583862,-0.016881955624414302,-0.038416075650118287,-0.03785446051734831,-0.047281323877068626,-0.03177544836654467,-0.09160756501182044,-0.07520841138203271,
002355.SZ,20210531,终止,20220222,,,9.23,,80.0,募集配套资金用于向标的公司增资、支付本次交易的中介机构费用及相关税费、补充上市公司流动资金,20210531,0,-0.08213256484149856,-0.10047095761381475,-0.1027631385854545,-0.05494505494505508,-0.05076099949996382,-0.04552590266875989,-0.0342268062446347,-0.04709576138147564,-0.019709184170517147,
600392.SH,20210529,终止,20220423,,,13.68,,80.0,1、盛和资源(江苏)稀土有限公司稀土冶炼分离生产线建设项目;2、稀土金属加工技改扩产项目;3、研发中心及信息中心建设项目,20210528,1,-0.007558139534883601,0.025190392501464487,0.021024132097067882,0.12302284710017597,0.12581792544702686,-0.011716461628588193,-0.013247731960505438,0.45417212369149396,0.5058847772574422,
300157.SZ,20210525,终止,20220518,,,7.24,,80.0,用于补充流动资金,20210525,0,-0.2007575757575758,-0.016587677725118377,-0.01987593873970639,-0.03554502369668244,-0.04708533930235248,0.13033175355450233,0.13512471759580436,0.07582938388625604,0.10547968021220155,
300268.SZ,20210522,终止,20211203,,,9.2,,80.0,1、智利三文鱼智能工厂项目;2、智利三文鱼养殖系统智能化升级项目;3、3R食品创新中心及研发项目;4、品牌及营销渠道建设,20210521,1,-0.02622061482820992,0.11699164345403901,0.11356613803816962,0.7892293407613742,0.7324697095760635,0.5246053853296193,0.5061911010209965,0.48282265552460557,0.4698433056889866,
300670.SZ,20210522,终止,20220124,,,,,80.0,募集配套资金用于1、支付本次交易中的现金对价、交易税费等并购整合费用、中介机构费用;2、补充上市公司和标的公司(目标公司,20210507,15,0.01734104046242768,0.10795454545454541,0.08311454184145406,0.01278409090909105,-0.038381387871726846,0.07045580064265633,0.03699752231917408,0.6422253648413443,0.5962500821199361,True
002076.SZ,20210514,终止,20220408,,,4.02,,80.0,用于偿还公司债务,20210514,0,-0.017391304347826098,-0.04867256637168138,-0.05603942512898563,-0.07079646017699093,-0.06977857715329894,-0.05309734513274322,-0.07071793543549054,-0.06194690265486713,-0.07245827239571878,
300534.SZ,20210513,终止,20220709,,,,,80.0,募集配套资金用于支付本次交易中现金对价部分和补充上市公司流动资金,20210513,0,-0.02450229709035212,0.03610675039246458,0.018046565847156026,-0.05494505494505497,-0.07580512238818204,-0.031397174254317206,-0.08003653494727192,0.05494505494505497,0.04619257703896995,
002482.SZ,20210428,终止,20220516,,,13.5,,80.0,1、建筑装饰工程项目;2、偿还银行贷款。,20210428,0,0.007751937984496138,0.0,-0.005131887062915452,0.019230769230769162,0.02787623581273424,0.011538461538461497,-0.03278121823213098,-0.030769230769230882,-0.009016468378893472,
600732.SH,20210424,终止,20220305,,,35.0,,80.0,用于1、珠海年产6.5GW新世代高效晶硅太阳能电池建设项目;2、义乌年产10GW新世代高效太阳能电池项目第一阶段2GW建,20210423,1,0.046272493573264795,-0.013104013104013101,-0.003639846934872182,-0.05569205569205582,-0.048210260907720626,-0.18263718263718276,-0.2097489590524656,0.21959882601461844,0.18528771675453815,
300299.SZ,20210422,终止,20220423,,,7.03,,80.0,用于游戏开发项目、游戏IP运营项目,20210422,0,0.025817555938037806,-0.02181208053691286,-0.02436082250392413,-0.08389261744966436,-0.08647289744244879,-0.1610738255033557,-0.18830013252867117,-0.0453020134228187,-0.07144208352548442,
002569.SZ,20210420,终止,20210819,,,2.83,,80.0,用于补充流动资金,20210420,0,0.0497572815533982,0.03121387283236987,0.031217703217585324,-0.021965317919075078,-0.013348208434066589,-0.12254335260115612,-0.12596961829296727,-0.0023121387283236983,-0.02096839691700947,
000536.SZ,20210417,终止,20220111,,,28.0,,80.0,1、金属氧化物薄膜晶体管液晶显示器件(IGZOTFT-LCD)生产线扩产及OLED实验线量产项目;2、补充流动资金及偿还,20210416,1,0.017064846416382062,0.0,-0.014645575755449558,0.0,-0.013686219944585298,-0.07046979865771807,-0.09176069812881904,-0.13758389261744963,-0.16504189762863575,
300063.SZ,20210416,终止,20211203,,,10.0,,80.0,1、全链路智能化广告内容生产平台建设项目;2、广告生产制作要素收集与交易系统项目;3、补充流动资金。,20210416,0,0.008196721311475308,-0.0060975609756097615,-0.02065383443986757,-0.014227642276422925,-0.027719139579520213,-0.11382113821138196,-0.1351105689588339,-0.09146341463414631,-0.12662958132863256,
300530.SZ,20210413,终止,20210810,,,9.0,,80.0,用于锂离子动力电池(2.4GWh)建设项目、高性能动力电池研发中心项目,20210413,0,-0.015258855585831288,-0.011621472053126802,-0.01747967647588089,-0.06640841173215273,-0.08696569574727064,-0.10127282789153302,-0.13222476478208778,1.0592141671278363,0.9775158133411301,
600389.SH,20210413,终止,20211202,,,,,80.0,募集配套资金用于1、支付本次交易的现金对价;2、支付本次交易的税费及中介机构费用;3、补充流动资金等。,20210413,0,-0.053546910755148835,0.10009671179883961,0.09357634410539695,0.20309477756286265,0.1766031495852023,0.3293036750483558,0.29353966291412603,0.6218020194240472,0.5526088563257776,
002826.SZ,20210407,终止,20210814,,,3.5,,80.0,用于补充流动资金,20210407,0,0.0011235955056181357,-0.008978675645342382,-0.009812230271187716,-0.01683501683501698,0.0012657879268709316,0.0852974186307518,0.10164489686407308,0.06621773288439958,0.05092533539636945,
600071.SH,20210930,终止,20220528,,,,,80.0,募集配套资金用于1、拟购买标的公司符合相关行业政策的项目建设;2、上市公司或拟购买标的公司补充流动资金;3、偿还债务等。,20210930,0,0.09999999999999987,0.09976387249114516,0.09241618628221127,0.6097992916174735,0.6142723996282438,2.0318772136953958,2.0673817876264518,2.2272727272727275,2.181775992552585,
002576.SZ,20210518,终止,20220303,,,4.34,,90.0,用于补充流动资金,20210518,0,0.006499535747446661,-0.026752767527675192,-0.021749350497604847,-0.03966789667896686,-0.05369942031162356,0.0018450184501843658,0.0048876315152561745,0.2340518239130731,0.23279182428512768,
300051.SZ,20210929,终止,20220505,,,3.39,,80.0,用于偿还有息借款及补充流动资金,20210929,0,0.06323185011709609,-0.044052863436123246,-0.05259179427181693,0.0770925110132159,0.0693909065683509,-0.06167400881057261,-0.051547221679182686,-0.013215859030836885,-0.02986960308813369,
000586.SZ,20210924,终止,20230614,,,3.71,,80.0,用于补充流动资金,20210924,0,-0.1001112347052282,-0.0964153275648949,-0.08878970118334373,0.024721878862793645,0.03068413144137594,0.0951792336217554,0.11547261525002517,0.06056860321384416,0.05910698658231994,
002217.SZ,20210202,终止,20220507,,,28.7,,80.0,用于补充流动资金,20210202,0,0.018575851393188847,-0.05775075987841949,-0.053363563312026296,-0.06382978723404242,-0.08196457802955648,0.09726443768996962,0.15422737135445108,0.012158054711246313,0.0433655568766258,
300182.SZ,20210923,终止,20220606,,,28.0,,80.0,用于版权运营与媒体经营项目、补充流动资金,20210923,0,0.03004291845493534,-0.043749999999999845,-0.036034214613162474,-0.07916666666666661,-0.06005572618783772,-0.16666666666666652,-0.1373438646615448,0.37083333333333357,0.3704124141688232,
600470.SH,20210227,终止,20221230,,,5.2,,80.0,用于补充公司流动资金及偿还银行贷款,20210226,1,0.0,0.05057471264367841,0.03805579221848343,0.08965517241379328,0.09186240149794478,0.13103448275862095,0.16106249738283185,0.0022988505747127963,-0.02322748024173471,
002037.SZ,20210918,终止,20220930,,,6.0,,80.0,"用于1、盘江化工集团资产收购项目;2、压库山片区矿山综合治理工程1,000万吨/年建筑骨料加工项目;3、矿山设备购置项目",20210917,1,-0.014531043593130732,0.0013404825737264314,-0.0026674848085735947,-0.06836461126005355,-0.06532627261201984,-0.12734584450402142,-0.12338512865889018,0.030831099195710587,0.027658011991160025,
002479.SZ,20210915,终止,20221118,,,8.8,,80.0,用于常安纺织科技园热电联产二期项目、偿还银行贷款,20210915,0,0.012461059190031154,-0.020000000000000018,-0.0066517468003729485,0.010769230769230642,0.022842256878141898,-0.17538461538461536,-0.1584394376459365,-0.07692307692307698,-0.07085979065795633,
000571.SZ,20210914,终止,20221011,,,4.0,,80.0,用于偿还银行贷款和补充流动资金,20210914,0,0.05150214592274671,-0.028571428571428803,-0.02687676647937076,-0.08979591836734702,-0.08470260759236936,-0.11020408163265316,-0.09341738440182323,0.02857142857142847,0.0250968314540283,
000016.SZ,20210911,终止,20220307,,,,,80.0,募集配套资金将用于支付现金对价、标的公司在建项目、补充上市公司及/或标的公司流动资金、偿还债务。,20210830,12,0.022911051212938016,0.013175230566535134,-0.03787962096460762,-0.0487483530961792,-0.0713362104329276,-0.2002635046113307,-0.2147311733431112,-0.1488801054018445,-0.17988285442944896,True
300302.SZ,20210907,终止,20220224,,,4.3,,80.0,用于国产存储系统与SSD研发及产业化项目、补充流动资金项目,20210907,0,-0.002586206896551646,-0.0406222990492654,-0.04025681427207073,-0.09507346585998255,-0.09161813825401677,-0.1771823681936041,-0.14982499847380482,-0.10198789974070877,-0.10112109429886962,
300707.SZ,20210416,终止,20211001,,,0.88,,80.0,用于购买德凌迅70%股权,20210416,0,-0.031150667514303843,0.038713910761154935,0.023501347492863145,-0.022309711286089162,-0.0356905956151129,-0.07152230971128604,-0.09382792129861217,0.12887139107611567,0.08517686060298835,
002515.SZ,20210828,终止,20211012,,,11.92,,80.0,1、年产5万吨肉制品数字智能产业基地建设项目;2、金字冷冻食品城有限公司数字智能化立体冷库项目;3、偿还银行贷款。,20210823,5,0.017110266159695797,-0.01495327102803734,-0.0291976145159506,0.029906542056074903,-0.000171230624141816,-0.04672897196261683,-0.07983111418541844,0.03925233644859816,0.013953993567871636,
603897.SH,20210827,终止,20220303,,,15.0,,80.0,1、4.5万吨新能源汽车电机用扁平电磁线项目;2、电感线圈生产线建设项目;3、补充流动资金。,20210827,0,0.1001283697047497,0.04784130688448074,0.046060973685008166,-0.10711785297549603,-0.12196983772645387,0.19976662777129506,0.17310101642950726,0.5178775409936744,0.5001043104816545,
002245.SZ,20210306,终止,20210903,,,15.0,,80.0,用于年产10亿AH高安全性、长寿命、高能量密度新型锂离子电池扩建项目、年产20亿AH高效新型锂离子电池产业化项目,20210305,1,-0.0009643201542912649,-0.023166023166023342,-0.0001620689583601287,-0.060810810810810634,-0.04750824190132619,0.11776061776061786,0.12340470527414404,0.3480072712306215,0.3170826401018314,
300616.SZ,20210626,终止,20211202,,,5.34,,80.0,1、成都维尚生产基地建设项目。,20210625,1,0.11712931618144884,0.10496969696969716,0.10533418290698204,0.03612121212121222,0.06226961661295194,-0.06460606060606044,-0.049545159602716105,-0.4267878787878787,-0.4278036981745462,
002569.SZ,20210819,终止,20220906,,,2.72,,80.0,用于补充流动资金,20210819,0,0.049566294919454634,-0.031877213695395645,-0.021080941855520896,-0.05785123966942152,-0.06756682236845668,-0.029515938606847647,-0.06759646920371998,-0.04840613931523008,-0.07936150018441412,
002392.SZ,20210305,终止,20220305,,,2.66,,80.0,用于补充公司流动资金,20210305,0,0.03010752688172036,-0.01043841336116913,0.01286526972577895,-0.04801670146137804,-0.034532918241491184,-0.03340292275574119,-0.028522129491423853,-0.10438413361169108,-0.1249304547571739,
688135.SH,20210812,终止,20221118,,,13.07,,80.0,用于东城利扬芯片集成电路测试项目和补充流动资金,20210812,0,0.08562814070351754,-0.06369190890575815,-0.06144493387564942,-0.12034808368820582,-0.10532588105642571,-0.25550823921496013,-0.28945413850873714,-0.1042399555637844,-0.10641139820574919,
000705.SZ,20210810,终止,20211030,,,6.01,,80.0,1、震元堂母婴护理中心拓展项目;2、冻干制剂扩产及高端注射制剂技术平台建设项目;3、智慧医药仓储物流二期项目。,20210810,0,0.00419580419580412,0.013927576601671321,0.013155382097808532,0.03481894150417841,0.05972288682047444,0.10306406685236769,0.05906384314783675,-0.02089136490250687,-0.021682598054072355,
002715.SZ,20210807,终止,20220822,,,2.5,,80.0,用于补充流动资金,20210806,1,0.0,0.04048582995951433,0.029646050174823024,0.06315789473684208,0.045599986125363756,0.02267206477732797,-0.012592094369378692,-0.06882591093117407,-0.0817763400235264,
600749.SH,20210322,终止,20211229,,,6.85,,80.0,募集配套资金用于支付本次交易中的现金对价及本次交易相关费用等。,20210322,0,0.09990485252140813,-0.07006920415224926,-0.06136541236260573,-0.047577854671280284,-0.04532012929628648,0.07525951557093413,0.06612492227123834,-0.13581314878892736,-0.15680903572833704,
000790.SZ,20210121,终止,20211020,,,2.6,,80.0,用于补充流动资金,20210121,0,0.05542725173210172,0.002188183807439792,0.006221250143365165,-0.054704595185995575,-0.02339728133246577,-0.06345733041575496,-0.053995810183627646,0.1378555798687091,0.1860330111926829,
000716.SZ,20210731,终止,20220910,,,3.5,,80.0,用于偿还有息债务,20210730,1,0.0,0.012903225806451646,-0.006665481522561745,0.0,-0.017601588235500065,0.029032258064516148,-0.007429068452805332,0.05483870967741944,0.022260145529128916,
002848.SZ,20210730,终止,20220830,,,3.67,,80.0,用于年产450万平方米高频高速覆铜板山东基地建设项目和补充流动资金,20210730,0,0.03928170594837255,0.014038876889848728,-0.005551770564452774,-0.0075593952483801186,-0.025027926121408806,-0.04643628509719233,-0.08022356211563686,-0.11879049676025921,-0.14600654416731584,
300338.SZ,20210730,终止,20220531,,,2.22,,80.0,用于补充流动资金及偿还银行贷款,20210730,0,0.022869022869022926,-0.008130081300813052,-0.02729243724258945,0.020325203252032464,0.002365859158087291,0.2987804878048781,0.2527612701670858,0.05284552845528445,0.02032852346453029,
002468.SZ,20210729,终止,20220816,,,35.01,,80.0,1、多功能网络枢纽中心建设;2、转运中心自动化设备升级项目;3、陆路运力提升项目;4、补充流动资金。,20210729,0,0.0356589147286821,-0.0029940119760478723,0.0012220844015500276,-0.007485029940119792,-0.023182119730375428,0.046407185628742686,0.019530201390817625,0.16317365269461082,0.11960796135677154,
600872.SH,20210726,终止,20250828,,,77.91,,80.0,用于1、阳西美味鲜食品有限公司300万吨调味品扩产项目;2、补充流动资金。,20210726,0,0.02490066225165566,-0.04729904368053761,-0.022994623979357365,-0.0002584647195656986,0.0006521659157097126,-0.1793745153786508,-0.18166170075667032,-0.11294908245024549,-0.1365712764042376,
300163.SZ,20210724,终止,20220810,,,5.11,,80.0,"1、年产2,300万m2“连续纤维增强热塑性复合材料(CGFRP,CPFRP)”项目;2、补充流动资金及偿还银行贷款项目",20210723,1,-0.023017902813299296,0.020942408376963373,0.045367565257969034,0.010471204188481797,0.05598937740681942,0.10209424083769636,0.14166627864811132,-0.11518324607329844,-0.12680195179157505,
300792.SZ,20210722,终止,20211222,,,2.33,,80.0,募集配套资金用于支付交易现金对价、补充标的公司流动资金和支付中介机构费用,20210722,0,0.012138970280451966,-0.032671629445822914,-0.026040584562342484,-0.09966914805624483,-0.05665180775917156,0.029776674937965097,0.06221904690763247,0.2574441687344913,0.24520776110830078,
300077.SZ,20210720,终止,20220127,,,12.0,,80.0,用于补充流动资金和偿还贷款,20210720,0,0.199909338168631,0.1998488855307896,0.19113606954668927,0.3230071779372876,0.38389398124627205,0.1802040045334341,0.21095543203544387,0.08462410275783916,0.06712647633871138,
300583.SZ,20210717,终止,20220406,,,2.92,,80.0,用于高端制剂产业化项目、补充流动资金,20210716,1,-0.010526315789473717,0.0146276595744681,0.014679636298834398,-0.010638297872340385,-0.013729387536869364,0.06870567375886516,0.07569753305565463,0.018617021276595702,0.003351316557781203,
300443.SZ,20210717,终止,20220329,,,12.48,,80.0,用于补充流动资金,20210709,8,0.014113597246127263,0.014935505770536261,0.010624000201583383,0.10590631364562086,0.09771159063630197,0.1822810590631363,0.18490001265245004,0.8737270875763747,0.8377115532408705,
300368.SZ,20210717,终止,20211011,,,,,80.0,募集配套资金用于支付本次交易的现金对价、本次交易相关中介机构费用及补充公司流动资金等。,20210716,1,-0.004971002485501197,0.01582014987510405,0.0158721876876331,0.01582014987510405,0.012646395362930551,-0.019983347210657865,-0.013571723586808915,-0.1040799333888427,-0.11750681601780755,
600136.SH,20210717,终止,20220317,,,8.51,,80.0,用于偿还有息负债、补充流动资金,20210716,1,-0.014729950900163713,0.09302325581395343,0.09307924853991278,0.13787375415282388,0.13431866424643624,-0.046511627906976716,-0.0402735618963872,-0.09136212624584716,-0.10497960679774132,
002172.SZ,20210715,终止,20210928,,,3.0,,80.0,用于补充流动资金,20210715,0,-0.028397565922920753,0.029227557411273475,0.036580828330747606,0.10020876826722325,0.09708665161792585,0.11273486430062629,0.12531611361582362,-0.2317327766179541,-0.23249664329149056,
300857.SZ,20210317,终止,20210830,,,1.9,,80.0,募集配套资金用于支付本次交易的现金对价、补充流动资金,20210317,0,0.06570155902004449,-0.01846046673632884,-0.02342537756556895,-0.10414489724834564,-0.08326141930574238,-0.11145942180424939,-0.09928712921454141,-0.004282131661441979,-0.024879025703450353,
002755.SZ,20210426,终止,20220620,,,4.17,,100.0,用于购买唯德康60%股权,20210426,0,0.10021023125437978,-0.04968152866242026,-0.05008049771431933,-0.11847133757961781,-0.11850125739723771,-0.11910828025477704,-0.1600388291235083,-0.18440201400763467,-0.20949449589747027,
300272.SZ,20210426,终止,20220315,,,1.5,,80.0,用于偿还有息借款及补充流动资金,20210426,0,0.07202680067001688,0.0031249999999998224,0.0027038613583159066,0.03749999999999987,0.037464786385169146,0.23281249999999987,0.17552998599041514,0.10024509265764969,0.06639522969078482,
600201.SH,20210708,终止,20220408,,,9.0,,80.0,用于补充流动资金,20210708,0,0.0651810584958219,0.0334728033472802,0.03388800034391015,-0.007845188284518967,-0.018724324017191485,-0.00313807531380772,0.013815325230119191,-0.17364016736401677,-0.18887218978490472,
300660.SZ,20210705,终止,20211028,,,2.0,,80.0,募集配套资金用于1、支付本次交易的中介机构费用;2、补充公司流动资金;3、投入标的资产在建项目建设。,20210705,0,0.04521147301895967,-0.045581395348837206,-0.044482867103138535,-0.013953488372093092,-0.01770942066630099,0.7618604651162793,0.7974796635296824,0.12558139534883717,0.12495365586314655,
688006.SH,20211231,终止,20220920,,,23.12,,80.0,1、锂离子电池充放电设备智能制造建设项目;2、生产智能化及信息化提升技术改造项目;3、海外业务网络布局及基础研发、装配制,20211231,0,0.01490566037735852,-0.026956683398401182,-0.02496188412318301,-0.11870236103364928,-0.1073580704094278,-0.20449897750511248,-0.15574376672329315,-0.47927124000743626,-0.42275669591179843,
002121.SZ,20211230,终止,20220524,,,22.0,,80.0,用于1、储能产品扩产项目;2、新型电力系统关键产品产业升级项目;3、综合能源系统集成产业化项目;4、科陆企业技术中心升级,20211230,0,0.10077519379844935,0.029929577464788748,0.02410423059713529,-0.06866197183098588,-0.05834676192135535,-0.12499999999999989,-0.05790663893212167,-0.16901408450704225,-0.08383966129982834,
300525.SZ,20211230,终止,20220425,,,2.0,,80.0,用于补充流动资金,20211230,0,0.026466696074106677,0.004727116458959957,-0.0009556836943455105,0.06703910614525133,0.07885729892678284,0.015900300816501955,0.0937976330355279,-0.0923936398796733,0.0006342283202214194,
603023.SH,20211218,终止,20220618,,,1.89,,80.0,募集配套资金拟用于支付本次交易现金对价和中介机构费用,20211203,15,0.09930715935334855,0.10084033613445409,0.10507701914067158,0.13025210084033634,0.12693408836797926,0.014705882352941124,0.03354824354679731,-0.10084033613445353,-0.0030820972137078906,True
300145.SZ,20210325,终止,20220224,,,5.62,,80.0,用于购买工废公司100%股权、固废公司100%股权,20210325,0,0.10380622837370246,-0.021943573667711602,-0.037604485805390886,-0.053291536050156685,-0.0813514107581027,-0.1316614420062696,-0.15929860784143068,-0.03448275862068961,-0.08945311845175197,
000777.SZ,20211214,终止,20220513,,,3.82,,80.0,募集配套资金用于1、支付本次交易的现金对价;2、补充上市公司流动资金等。,20211214,0,-0.09915198956294846,-0.02606806661839256,-0.022358045837411078,0.16002896451846493,0.17167691738890922,0.04851556842867488,0.06719631518423208,-0.1035481535119478,0.035219495186210814,
920047.BJ,20211203,终止,20220629,,,3.0,,80.0,1、偿还银行贷款；2、临床研究及样品生产等项目研发费用支出；3、补充公司流动资金。,20211203,0,0.024636058230683267,-0.07431693989071042,-0.06964221356523836,0.09617486338797798,0.07856008400522851,0.4497267759562842,0.436844441771568,-0.1803278688524591,-0.12332090646990657,
603489.SH,20211127,终止,20230428,,,12.0,,80.0,用于电动两轮车驱动系统(苏州)制造项目、电动车驱动系统(天津)制造项目、研发检测中心建设项目,20211126,1,-0.0077431906614787716,-0.00996039371005042,-0.009573403395376712,-0.05105682130112532,-0.06245824262394606,-0.0882710481941883,-0.10186969518162059,-0.2094427669503156,-0.18620239548824746,
600318.SH,20211125,终止,20220401,,,,,80.0,募集配套资金用于1、标的公司项目建设;2、补充流动资金及支付中介机构费用。,20211125,0,0.10054644808743163,0.10029791459781512,0.10649987039766717,0.3147964250248263,0.31860156330902845,0.3455809334657398,0.32373147901937416,0.3406156901688182,0.3921880521826877,
000603.SZ,20210302,终止,20230120,,,10.0,,80.0,募集配套资金用于1、标的公司在建项目;2、补充流动资金。,20210302,0,-0.0019762845849801147,-0.020462046204620665,-0.039169694144063794,-0.11089108910891099,-0.07137584330446445,-0.13201320132013206,-0.1189772154084775,-0.0310231023102312,-0.05966943389808499,
300599.SZ,20211123,终止,20220624,,,,,80.0,募集配套资金用于1、支付本次交易的现金对价、本次交易相关中介机构费用;2、补充公司流动资金等。,20211123,0,0.0401785714285714,-0.03776824034334758,-0.038735935155488455,-0.0815450643776825,-0.07505016606032267,-0.11587982832618027,-0.12466845999861176,-0.09957081545064372,-0.07377897668764022,
300489.SZ,20211119,终止,20221206,,,7.31,,80.0,用于补充流动资金,20211119,0,0.15449202350965563,-0.011272727272727212,-0.01726411009985962,0.04981818181818176,0.048723617702131294,-0.06690909090909092,-0.08540216910291565,-0.20872727272727254,-0.19291341226085934,
300074.SZ,20211116,终止,20220208,,,2.0,,80.0,用于补充流动资金,20211116,0,-0.002617801047120283,0.023622047244094446,0.019113743951933326,0.023622047244094446,0.004427059356900909,0.06561679790026242,0.024948555221435242,0.06824146981627299,0.08548834133331162,
002272.SZ,20211112,终止,20220427,,,6.3,,80.0,用于1、智能制造升级扩能建设项目;2、数字化供应链协同制造服务中心项目;3、研发技术中心建设项目;4、补充流动资金。,20211112,0,0.02170542635658923,-0.01365705614567525,-0.012038620789674326,0.11836115326251884,0.11167895512970927,0.012139605462822445,-0.02298865851726839,-0.08345978755690442,-0.05399848855538014,
002369.SZ,20210331,终止,20220222,,,2.77,,80.0,用于补充流动资金,20210331,0,0.1001855287569573,-0.07419898819561543,-0.0807211747517087,-0.12478920741989874,-0.13500339121567717,-0.08431703204047214,-0.09301023336346725,-0.059021922428330376,-0.09813823456585036,
002731.SZ,20211108,终止,20220129,,,4.13,,80.0,用于补充公司流动资金,20211108,0,0.0993788819875776,-0.005649717514124242,-0.008023171161821163,0.10451977401129953,0.09368127727440378,0.40536723163841804,0.36986396393467347,0.3418079096045199,0.3596858371296645,
688020.SH,20211102,终止,20220521,,,3.0,,80.0,1、电阻薄膜生产基地建设项目;2、补充流动资金。,20211102,0,0.04573661227304071,0.01571428571428579,0.017773128673188587,0.08571428571428585,0.08528907105616135,0.000989010989010941,-0.015374166468543726,-0.1639560439560439,-0.15186891878364572,
600370.SH,20211029,终止,20220329,,,45.0,,80.0,1、江苏海伦石化有限公司PTA技改扩能项目;2、补充流动资金。,20211029,0,0.0034364261168384758,0.006849315068493178,0.007660764465626135,0.006849315068493178,0.022931023964604558,0.09931506849315075,0.09414764616727234,0.0,0.006592056706596461,
002360.SZ,20211026,终止,20220709,,,8.0,,80.0,用于“同德科创材料有限公司6万吨/年PBAT新材料产业链一体化项目”。,20211026,0,-0.09953488372093033,-0.06095041322314043,-0.0516365089779921,-0.13946280991735527,-0.11687698399359991,-0.05371900826446274,-0.05146520711878677,-0.03512396694214881,-0.02442406438523448,
605286.SH,20211022,终止,20220319,,,,,80.0,募集配套资金用于支付本次交易的现金对价以及标的公司项目建设,20211022,0,0.09999999999999987,0.09985096870342791,0.09154571144629942,0.5275707898658719,0.5427578489188876,1.1361152508693495,1.1494526916135914,0.341778440139096,0.35728786114916233,
688178.SH,20210313,终止,20211108,,,0.12,,80.0,购买时代桃源81.45%股权,20210226,15,0.037359448676097085,0.0006993006993007977,0.026780748318810277,0.021328671328671334,0.05265161381811856,-0.02692307692307694,0.0004856384003593117,-0.05314685314685319,-0.07983562379458764,True
600722.SH,20210712,终止,20221015,,,8.89,,80.0,用于增资控股冀中新材料不低于51%股权,20210712,0,0.039556962025316444,0.004566210045662045,-0.0006970752892198062,-0.0030441400304414,-0.0005895275447145298,-0.05022831050228316,-0.03576923639198004,-0.03196347031963476,-0.03574838699304139,
002515.SZ,20211012,终止,20220528,,,12.41,,80.0,1、年产5万吨肉制品数字智能产业基地建设项目;2、金字冷冻食品城有限公司数字智能化立体冷库项目;3、偿还银行贷款。,20211012,0,0.003717472118959231,-0.0037037037037037646,-0.007850861002358434,0.012962962962962843,-6.631985543392727e-05,-0.059259259259259345,-0.04854699870751478,0.04629629629629628,0.03225714291415649,
600499.SH,20220331,终止,20220408,,,20.79,,80.0,1、佛山市科达装备制造有限公司建材及锂电装备智能制造基地项目;2、大型高端智能装备制造数字工厂项目;3、科达制造股份有限,20220331,0,-0.09995002498750627,-0.017767906718489712,-0.026898008118276695,-0.12382009994447551,-0.10028369510593593,-0.17990005552470867,-0.13059282735882005,0.24837649969426234,0.19846763778328036,
603737.SH,20210408,终止,20221126,,,37.0,,80.0,1、湖北三棵树年产100万吨涂料及配套建设项目；2、福建省三棵树新材料有限公司高新材料综合产业园项目(一期一阶段)；3、,20210408,0,0.005492874109263468,-0.0212116738028445,-0.012169558027082528,-0.0507899010778089,-0.02745267930230655,0.17707564348639204,0.19099783859746378,0.1964701702832239,0.17251168096507974,
000560.SZ,20210323,终止,20220708,,,7.0,,80.0,1、数字化建设项目(一期);2、直营城市公司人店规模提升项目(一期);3、加盟业务扩张项目(一期)。,20210323,0,0.010695187165775222,-0.01058201058201036,0.0024791884582591184,-0.03174603174603152,-0.044398040206210077,0.02645502645502651,0.008301508298715454,0.283068783068783,0.23044517881101334,
300424.SZ,20220325,终止,20230412,,,3.0,,80.0,用于补充流动资金,20220325,0,0.023391812865497297,-0.042857142857142816,-0.0435309089289968,-0.06000000000000005,-0.08018087641193283,-0.3364285714285715,-0.2615259005776096,-0.1735714285714286,-0.21440031412221594,
688157.SH,20220323,终止,20220514,,,0.5,,80.0,募集配套资金用于1、支付本次交易的现金对价、支付重组相关费用及公司或标的公司补充流动资金等。,20220323,0,-0.02648401826484026,0.005534709193245835,0.011959738921287766,-0.04174484052532823,-0.04044336493095635,-0.1589481087693767,-0.1087852311520312,-0.1127985649056582,-0.12592326715962077,
002529.SZ,20210324,终止,20220413,,,2.72,,80.0,1、新余赛维电源科技有限公司年产3GW高效组件生产线新建项目；2、补充流动资金。,20210324,0,0.05020920502092063,-0.050464807436918946,-0.049485487404590245,-0.0823373173970785,-0.10229363460315521,-0.11686586985391767,-0.14185613929039054,0.0717131474103585,0.011739073742874195,
002338.SZ,20211210,终止,20220706,,,2.55,,80.0,募集配套资金用于1、现金对价;2、中介机构及相关费用;3、补充流动资金和偿还债务。,20211210,0,0.10012062726176096,-0.07383040935672514,-0.07753754637934418,-0.13523391812865493,-0.12714323706776443,-0.18421052631578938,-0.16767706713639452,-0.20577485380116955,-0.09667253986270119,
688600.SH,20220319,终止,20220823,,,2.0,,80.0,1、年产1000台套高端质谱仪项目;2、补充流动资金。,20220318,1,0.013386880856760541,0.027080581241743618,0.02625564917072043,-0.011889035667106973,5.61552952669242e-05,-0.13143989431968295,-0.11592786022293344,-0.11640647877608667,-0.13355844147469043,
300786.SZ,20220318,终止,20240426,,,3.0,,80.0,用于合理合法使用,20220318,0,-0.026026026026025884,0.005138746145940232,0.004331437349855971,0.05515587529976007,0.06791156659404285,-0.07057211373758143,-0.05397301257246423,-0.08558054533399961,-0.10333088867692486,
603778.SH,20220312,终止,20220701,,,4.41,,80.0,用于补充流动资金,20220309,3,0.01777777777777767,0.10043668122270755,0.11165279399921801,0.028384279475982543,0.0300658448664346,0.33624454148471616,0.35415033673146445,0.0,0.00025719147827207856,
920239.BJ,20220208,终止,20220718,,,12.0,,80.0,募集配套资金用于1、支付本次交易的中介机构费用、交易税费等并购整合费用、补充上市公司和标的公司流动资金以及标的公司的项目,20220121,18,0.024433427762039717,-0.0011234013135152932,0.009381644907918929,-0.1786208088489457,-0.16517441563380897,-0.3903387487037677,-0.34050460513557246,-0.4672256364654903,-0.38642815108196216,True
603661.SH,20220311,终止,20221028,,,,,80.0,募集配套资金用于1、支付本次交易相关中介机构费用及其他费用;2、投入标的公司在建项目建设等。,20220311,0,-0.029093532099062402,-0.056215948489351186,-0.030974293173005596,-0.07701832590391278,-0.06036065207283592,-0.11218424962852902,-0.08554499312940045,0.02526002971768193,0.04232767226415213,
002856.SZ,20220311,终止,20221128,,,2.0,,80.0,用于补充流动资金,20220311,0,-0.000889679715302405,-0.016918967052538036,0.009373692313741522,-0.01068566340160293,0.0071691608034425425,0.06322350845948344,0.09512594288453702,-0.10507569011576134,-0.09017776394628352,
002833.SZ,20220310,终止,20231009,,,10.0,,80.0,1、家具机器人自动化生产线制造基地建设项目;2、弘亚数控集团顺德高端家具装备智能制造基地;3、补充营运资金。,20220310,0,0.02777777777777768,0.002782193958664525,-0.0013548263962189777,-0.05047694753577103,-0.026540526282751054,-0.11963434022257557,-0.08378559111267969,-0.12957074721780615,-0.12658752819595442,
603998.SH,20220307,终止,20230331,,,2.7,,80.0,用于补充流动资金及偿还银行借款,20220307,0,-0.015948963317384268,-0.05672609400324147,-0.03400721952853014,-0.01944894651539708,0.02597272148464591,0.1653160453808753,0.19705519892965495,0.06456357916767708,0.10761281744529216,
300438.SZ,20211028,终止,20220513,,,2.29,,80.0,向吴爱深、罗新耀和华飞达发行股份购买其分别持有实达科技的12.00%、9.09%和2.98%股权,20211028,0,-0.03738317757009357,-0.037540453074433655,-0.04538686178301754,0.20355987055016178,0.20067657456804788,0.5514563106796118,0.5229903256137511,0.34207119741100334,0.3404895841334248,
000862.SZ,20211012,终止,20220512,,,4.02,,80.0,募集配套资金用于1、本次交易中的现金对价;2、支付本次交易相关税费及中介机构费用;3、偿还债务;4、补充流动资金等。,20211012,0,-0.09071949947862357,-0.09977064220183496,-0.10351791373695429,-0.02064220183486254,-0.03323923667152762,-0.08371559633027514,-0.07328182127777627,-0.01834862385321101,-0.03152037480587877,
600388.SH,20220228,终止,20220511,,,8.23,,80.0,用于补充流动资金及偿还公司债务,20220228,0,0.10010764262648042,0.04011741682974557,0.03220860221354038,-0.03033268101761255,-0.004616218216672574,-0.03131115459882583,0.043364371428618265,0.12426614481409004,0.20075195753581365,
688368.SH,20210703,终止,20220318,,,1.94,,80.0,募集配套资金用于支付本次交易现金对价、重组相关费用,20210618,15,0.004464151960931195,0.1999940344807014,0.1968617719592769,0.42128497285688704,0.4216917873607926,0.5212074211060072,0.5784042657028188,0.15990574479508446,0.13507277328847378,True
300169.SZ,20220127,终止,20230313,,,5.3,,80.0,用于补充流动资金,20220127,0,-0.14803625377643503,0.019503546099290725,0.029453915427457567,0.09219858156028371,0.06347991767901129,0.0478723404255319,0.02172451106399942,-0.2677304964539008,-0.18979812248250227,
603278.SH,20220217,终止,20220802,,,6.0,,80.0,用于年产20万吨子午线轮胎用高性能胎圈钢丝项目、补充流动资金,20220217,0,-0.030185004868549026,0.007028112449799062,0.0004732047029119002,-0.05421686746987964,-0.043716886798517485,-0.0763052208835342,-0.0036199521434043813,-0.17469879518072284,-0.07581326272229383,
002564.SZ,20220212,终止,20220621,,,9.6,,80.0,募集配套资金用于1、投入标的公司项目建设；2、补充上市公司流动资金；3、偿还债务等用途。,20220121,22,0.002450980392156854,0.10024449877750619,0.13030598326645082,0.17359413202933993,0.18428886967160807,0.13447432762836176,0.20742256495874756,-0.06845965770171147,0.06391421003314157,True
300757.SZ,20220210,终止,20220625,,,,,80.0,募集配套资金用于1、支付本次交易的现金对价;2、补充上市公司流动资金;3、偿还银行贷款等。,20220210,0,-0.14547936893203883,-0.09462098349014736,-0.08861835840998,-0.0679921888869165,-0.06318930711763893,-0.16243564707970892,-0.11420210740714465,-0.3994319190484644,-0.314720573126385,
605199.SH,20210210,终止,20220902,,,10.0,,80.0,1、美安儿童药智能制造基地项目;2、南宁生产基地二期项目;3、补充流动资金及偿还银行贷款。,20210210,0,0.04378378378378378,0.008285862247540132,0.002725301351163223,0.015018125323666531,0.04093641942567827,-0.020196789228378975,0.03938878338811436,0.6261004660797516,0.6841927027451369,
002092.SZ,20220207,终止,20220608,,,,,80.0,募集配套资金用于标的公司项目建设,20220207,0,-0.03745318352059923,-0.0058365758754862496,-0.012473078236492907,0.07198443579766534,0.07220290429611143,0.07879377431906631,0.0969372546569982,-0.28386747681395674,-0.1824503226903701,
300561.SZ,20210911,终止,20220606,,,2.95,,80.0,用于年产8000台银行网点智能业务库管理系统项目，研发中心升级建设项目，运营管理及服务信息化系统建设项目，产品营销及沉浸,20210910,1,-0.0017528483786152238,-0.013169446883230851,-0.01642632540448108,-0.0798946444249341,-0.05719884014546872,-0.0737489025460929,-0.0454039410542636,-0.024582967515364262,-0.013504874651749876,
002229.SZ,20220125,终止,20230428,,,3.0,,80.0,用于补充流动资金,20220125,0,-0.05443234836702948,0.03618421052631571,0.029405577199859367,0.049342105263157965,0.043395011680741336,0.03125,0.014764145317632815,-0.21381578947368418,-0.09291470445067418,
000885.SZ,20210123,终止,20220722,,,18.0,,80.0,募集配套资金用于1、偿还有息债务;2、补充流动资金;3、支付本次交易费用等。,20210108,15,-0.05831903945111494,-0.061930783242258536,-0.07594133980480189,-0.11202185792349728,-0.08983202330631634,-0.14480874316939885,-0.1299357750311918,-0.07377049180327855,-0.039064156020880425,True
002992.SZ,20210302,终止,20220609,,,15.0,,80.0,1、中尺寸背光源建设项目;2、液晶面板玻璃深加工项目;3、工厂协同管理建设项目;4、补充流动资金。,20210302,0,0.0036084799278304214,0.001348314606741674,-0.017775877224554093,0.011685393258427101,0.05664838542021844,0.0970786516853932,0.11355528689355432,-0.03330606741573039,-0.06188490660456869,
002868.SZ,20210123,终止,20220609,,,3.05,,80.0,用于年产活性2000吨绿色微生物添加剂项目,20210122,1,-0.005751848808545512,-0.05785123966942152,-0.06239751067602051,-0.08016528925619837,-0.0475028532188444,-0.04958677685950419,-0.023133664193988213,-0.013223140495867813,0.034259100013659616,
002355.SZ,20210728,终止,20220127,,,6.4,,80.0,用于钢制车轮生产线技改项目、研发中心建设项目和补充流动资金,20210728,0,-0.047543581616481756,0.03161397670549082,0.01645464643283656,0.006655574043261225,-0.02681907665503136,0.006655574043261225,-0.044181903837061554,-0.11148086522462564,-0.15800575141160622,
920735.BJ,20220110,终止,20220411,,,1.6,,80.0,1、连云港生产基地建设项目;2、北京大兴研发中心升级项目;3、营销中心升级项目;4、补充流动资金。,20220110,0,0.019607843137254832,0.002564102564102777,0.009892791920623312,0.008547008547008739,0.023312908400378696,-0.08632478632478635,-0.042454983777839406,-0.20641025641025634,-0.10513438276738785,
601606.SH,20210811,终止,20240127,,,6.93,,80.0,1、高能制导弹药生产能力建设项目；2、低成本自寻的火箭生产能力建设项目；3、新型火工品生产能力建设项目；4、新型航空子弹,20210811,0,0.015686274509803866,-0.031660231660231575,-0.029494313172342634,0.06872586872586872,0.0832407659073271,-0.030888030888030715,-0.06848112764620651,0.048648648648648596,0.04672892630517578,
300189.SZ,20220629,终止,20221125,,,,,80.0,募集配套资金用于1、支付本次交易的现金对价、补充上市公司/标的公司流动资金或偿还债务。,20220629,0,0.024390243902439046,-0.03663003663003672,-0.04714592992233435,-0.12454212454212443,-0.12293280668895878,-0.14468864468864473,-0.12229577713264794,-0.1868131868131867,-0.12073935313716866,
300679.SZ,20220627,终止,20221213,,,,,80.0,募集配套资金用于1.支付本次交易的现金对价；2.补充上市公司流动资金；3.投入目标公司在建项目建设。,20220627,0,0.17264367816091952,-0.04156047833758081,-0.05000150718284335,-0.13536867232690508,-0.1420313390009914,-0.16458183963377382,-0.13147824711364364,-0.19026589948075256,-0.12367524797386897,
000890.SZ,20220623,终止,20221123,,,4.5,,80.0,募集配套资金用于1、支付交易税费与中介费用;2、标的公司项目建设;3、上市公司或标的公司补充流动资金;4、偿还债务等。,20220623,0,0.025882352941176467,0.00917431192660545,0.000257267135850503,-0.029816513761467878,-0.05221615333478513,0.3004587155963303,0.3195949665271596,-0.006880733944954143,0.05466545095578046,
600575.SH,20220222,终止,20220822,,,388.59,,90.0,吸收合并淮南矿业,20220222,0,0.09961685823754785,0.10104529616724744,0.09094712459434273,0.12891986062717775,0.1186660062994116,0.18815331010452963,0.2600593489603453,0.12195121951219523,0.2630547447467031,
603799.SH,20220620,终止,20221229,,,177.0,,80.0,1.印尼华山镍钴公司年产12万吨镍金属量氢氧化镍钴湿法项目；2.广西华友锂业公司年产5万吨电池级锂盐项目；3.补充流动资,20220620,0,-0.0033883484533827612,-0.01831542004825626,-0.01572915722362178,0.028076332529063164,0.008679642883171468,-0.006347333239367314,0.00496712830518109,-0.1560698070365043,-0.14271890163917023,
300584.SZ,20220611,终止,20230214,,,4.0,,80.0,1、海辰药业肥东固体制剂建设项目；2、年产5000吨锂电池电解液添加剂及150吨抗新冠原料药关键中间体建设项目；3、研发,20220610,1,0.020107238605898248,0.03383705650459912,0.04313620420516018,0.035479632063074806,0.025504543527259615,0.03383705650459912,0.011890492243634476,-0.1590013140604467,-0.13304247669882452,
002623.SZ,20211224,终止,20221205,,,18.4,,80.0,募集配套资金用于1、支付现金对价；2、年产2亿平方米特种超薄镀膜双玻组件项目(一期)；3、补充凤阳硅谷流动资金。,20211224,0,-0.10002416042522344,-0.08805369127516782,-0.08752926795190275,-0.08295302013422823,-0.08842588606764445,-0.19489932885906047,-0.1734362906117085,-0.26093959731543626,-0.16815746440521095,
000546.SZ,20220611,终止,20221212,,,,,90.0,1、购买刘燕、柳拓、加布持有的西藏阿里锂源矿业开发有限公司49%股权。,20220606,5,0.05153901216893342,0.10006807351940106,0.0935873195863286,0.07633734948649695,0.05024209215523867,0.44550521066817206,0.3939463635527318,0.10117496001372528,0.1184171319338565,
300716.SZ,20220603,终止,20230118,,,0.55,,80.0,1、生物降解材料研发项目；2、补充流动资金。,20220602,1,-0.00952380952380949,0.012820512820512775,1.653402577428409e-05,-0.01388888888888884,-0.04071970061170249,-0.02564102564102566,-0.0809160179316778,0.0,-0.012596352302836067,
603066.SH,20220603,终止,20221001,,,,,80.0,募集配套资金用于1、支付本次交易的现金对价、支付本次交易相关税费及中介机构费用、补充上市公司流动资金。,20220520,14,0.0038461538461536104,0.039272030651340994,0.010433747571503504,-0.03352490421455934,-0.07420623383602987,-0.07759914671162327,-0.1432387515483715,0.053758461714784156,0.02456546645772817,True
002196.SZ,20220126,终止,20221014,,,10.0,,80.0,用于1、年产180万套新能源汽车驱动电机项目;2、丽水方德智驱应用技术研究院扩建项目;3、补充流动资金。,20220126,0,-0.016908212560386215,-0.06306306306306331,-0.04610874938070331,0.06224406224406209,0.05483329880092014,-0.010647010647010902,-0.01874645267035091,-0.4144144144144145,-0.33588845741695006,
300520.SZ,20220602,终止,20230316,,,9.1,,80.0,1、智能网联与智慧能源系统研发生产一体化基地建设项目(一期)；2、补充流动资金。,20220602,0,0.026178010471204383,0.0172193877551019,0.004359798809630666,-0.008964623416450879,-0.03592941805282812,0.01717090011317568,-0.04053279548733035,0.42788974937023094,0.40990354703755516,
002442.SZ,20220426,终止,20230418,,,16.04,,80.0,用于山西龙星碳基新材料循环经济产业项目(一期),20220426,0,-0.0647321428571428,0.026252983293555854,0.00132542660915691,0.078758949880668,0.03737957540438441,0.21718377088305463,0.12237757850078834,0.3569487212305096,0.2050043448787895,
603356.SH,20220525,终止,20221221,,,5.0,,80.0,1、新能源汽车高压连接系统零部件项目;2、技术研发中心项目;3、补充流动资金。,20220525,0,-0.02212389380530977,0.02941176470588247,0.024255390901216423,-0.012066365007541435,-0.03525542900007839,0.002262443438914019,-0.061941243244705846,0.22926093514328794,0.16547160269534644,
600105.SH,20210610,终止,20230418,,,10.05,,80.0,1、高端海缆陆缆及系统配套项目;2、5G承载网核心光芯片、器件、模块、子系统研发及产业化项目;3、偿还银行借款。,20210610,0,0.051470588235293935,-0.06293706293706303,-0.05742630245834246,-0.046620046620046596,-0.023425233292434622,-0.13053613053613045,-0.10912799307473653,-0.11655011655011649,-0.1093664112269288,
000790.SZ,20220521,终止,20220615,,,4.0,,80.0,用于补充流动资金,20220520,1,0.0,0.008385744234800763,0.008292816008971249,-0.0398322851153039,-0.034823875077443556,-0.016771488469601525,-0.06684970088972919,-0.00628538002707002,-0.0455717663362577,
300157.SZ,20220518,终止,20231023,,,6.64,,80.0,用于补充流动资金及偿还债务,20220518,0,-0.029885057471264354,-0.026066350710900354,-0.029521857514978045,-0.042654028436018954,-0.049273824975192726,-0.016587677725118377,-0.07627627409382143,-0.09478672985782,-0.14876539493913665,
000933.SZ,20220513,终止,20221114,,,,,80.0,募集配套资金用于1、收购标的资产的现金对价;2、补充上市公司流动资金;3、偿还有息负债等。,20220513,0,0.10016694490818034,0.023520485584218376,0.02702874389731469,0.06155390429983032,0.040541625455285946,0.15110778249921863,0.09055081070351245,0.1699784018844519,0.11480388068096237,
300875.SZ,20220512,终止,20221102,,,,,80.0,募集配套资金用于1、支付现金对价、支付交易税费与中介费用及补充上市公司流动资金及偿还银行贷款等。,20220512,0,0.17431192660550465,-0.05664062500000011,-0.0655994184489953,-0.09511718750000009,-0.10738037355457697,-0.03325214765936246,-0.1008955708254693,-0.018937531125497897,-0.07123794295324837,
688006.SH,20220430,终止,20220920,,,3.0,,80.0,用于公司主营业务相关项目及补充流动资金,20220429,1,0.05099353603064394,0.05580865603644658,0.048685757912833694,0.15489749430523925,0.15050237826373536,0.3840546697038725,0.3252964808831498,0.6212116281592361,0.5048953308577944,
600359.SH,20220430,终止,20230331,,,8.2,,80.0,1、新农乳业四团田园特色小镇万头奶源基地建设项目;2、新农开发兵地融合发展沙雅产业园5000头生态有机牧场;3、新农乳业,20220429,1,0.05842391304347805,0.06675224646983313,0.0595555186050849,0.11553273427471122,0.11128742606388764,0.2670089858793323,0.2132198149314979,0.07188703465982038,-0.00501713308206464,
300716.SZ,20210903,终止,20220603,,,5.0,,80.0,用于生物降解材料及制品产业化建设项目、生物降解材料研发项目和补充流动资金,20210903,0,0.0061412487205732,-0.010172939979654072,-0.021138775068999194,0.033570701932858604,-0.0003063808428643844,0.10986775178026464,0.12075641676386373,0.09867751780264511,0.09459652756790393,
002627.SZ,20220413,终止,20241228,,,,,80.0,募集配套资金用于1、标的公司项目建设；2、补充上市公司流动资金；3、支付中介机构费用及本次交易相关税费等。,20220413,0,-0.07702888583218692,-0.09090909090909094,-0.10184893133523631,-0.14008941877794345,-0.1303266542926006,-0.2548435171385991,-0.22743105702037392,-0.1853369889149189,-0.20883301368354457,
002940.SZ,20220413,终止,20221012,,,,,80.0,募集配套资金用于1、补充上市公司流动资金;2、偿还债务3、标的公司项目建设等。,20220413,0,-0.04249805649131899,0.10013531799729347,0.0868964826886307,0.21596752368064953,0.22977268530413952,0.13450608930987817,0.17624175643803386,0.14937261655800205,0.1162230969412259,
002289.SZ,20210204,终止,20220914,,,5.12,,80.0,募集配套资金用于支付本次交易的现金对价、中介费用、相关税费及补充流动资金,20210204,0,-0.0025940337224382715,-0.04941482444733436,-0.047912330547037696,-0.1534460338101432,-0.1934082283328501,-0.1846553966189859,-0.16922835272125358,0.03511053315994794,0.05693925880035744,
600172.SH,20220407,终止,20221001,,,10.5,,80.0,用于培育钻石产业化项目、补充流动资金及偿还银行贷款,20220407,0,0.042253521126760285,-0.03222453222453214,-0.03673480578869692,-0.053014553014553045,-0.04976934321489135,-0.17567567567567566,-0.12113852833707628,-0.08523908523908497,-0.11758760331950768,
002052.SZ,20210821,终止,20230217,,,3.45,,80.0,用于补充公司流动资金及偿还债务,20210820,1,0.0108108108108107,0.048128342245989275,0.0331174056106891,0.160427807486631,0.1291869686146625,0.24064171122994638,0.17657247401234355,0.22994652406417093,0.17451443090764096,
301060.SZ,20220903,终止,20230428,,,6.64,,80.0,1、省级实验室建设项目；2、区域中心实验室升级建设项目；3、补充流动资金项目。,20220902,1,-0.012010113780025256,-0.03550863723608455,-0.03955771371999317,-0.10268714011516322,-0.12347631229689549,-0.33429302623160595,-0.28676631178480316,-0.2824696097248881,-0.2881298263386276,
002667.SZ,20210310,终止,20230221,,,3.43,,80.0,用于补充流动资金,20210310,0,-0.017268445839874413,0.03833865814696491,0.014442675338224298,0.0463258785942493,0.01965909889144113,0.2763578274760383,0.23061212355580918,1.6134185303514377,1.4510927562487046,
300324.SZ,20220902,终止,20230621,,,12.0,,80.0,1.补充流动资金。,20220902,0,-0.04123711340206182,-0.05913978494623651,-0.06308965439919079,-0.034946236559139865,-0.05730484719509532,-0.2231182795698925,-0.16765448372468272,-0.163978494623656,-0.17057342478732518,
301321.SZ,20220830,终止,20221019,,,12.14,,80.0,1、年产900万套miniLED灯板等项目(一期);2、偿还银行贷款。,20220830,0,0.0034408602150537426,-0.0462923274753535,-0.038821889227474426,0.10158594084869277,0.09607493167962144,-0.04368195456493773,0.01352423844506645,-0.05277325332190308,-0.02996377897886282,
300697.SZ,20220319,终止,20230421,,,1.83,,80.0,1、新能源汽车高压连接系统关键零部件项目;2、补充流动资金。,20220318,1,0.0008952551477170445,0.0008944543828264262,9.055452315687162e-05,-0.03220035778175312,-0.020500708696876258,-0.03398926654740608,-0.016736814659340737,-0.08182337739184697,-0.09964665337047895,
600970.SH,20220827,终止,20221220,,,30.0,,80.0,募集配套资金用于1.智造产业园建设项目;2.支付购买标的资产的现金对价;3.补充上市公司流动资金。,20220812,15,0.011428571428571344,-0.03860640301318252,-0.027879125034468544,-0.1261770244821092,-0.10138413929410728,-0.15725047080979282,-0.0949226421169127,-0.1177024482109229,-0.06085936434077943,True
300521.SZ,20220825,终止,20221207,,,,,80.0,募集配套资金拟用于支付本次交易现金对价及支付本次交易相关费用等用途。,20220825,0,-0.11843971631205663,-0.048270313757039496,-0.04532194859531413,-0.0667739340305713,-0.04882177317370895,-0.168946098149638,-0.126462312919706,-0.13596138374899436,-0.09569272798113748,
300069.SZ,20211102,终止,20221021,,,5.02,,80.0,募集配套资金用于1、支付本次交易的现金对价;2、本次交易的税费及中介费用;3、补充上市公司流动资金。,20211102,0,-0.17142857142857137,-0.0542472666105972,-0.05233023503647438,-0.025231286795626584,-0.025613050166146234,0.05466778805719086,0.03742712308955509,-0.12279226240538277,-0.11011001089234762,
300842.SZ,20210716,终止,20220927,,,3.5,,80.0,募集配套资金用于1、市公司及子公司流动资金;2、支付本次交易相关费用。,20210716,0,-0.08482758620689668,-0.11363978899773919,-0.11359438307967473,0.07792012057272046,0.07455234543373468,0.36006028636021115,0.36895829297781946,0.3760361718161267,0.3554139345644589,
688418.SH,20220429,终止,20221029,,,2.0,,80.0,工业互联网底座及应用平台项目,20220429,0,0.05249999999999999,0.029691211401425166,0.02274451177393244,0.052256532066508043,0.048252029860323065,0.09026128266033262,0.0439756989238278,0.22565320665083144,0.13771685071984563,
300421.SZ,20210821,终止,20230310,,,3.5,,80.0,"1、年产6,000吨精密滚动体项目;2、年产800万粒高端大型滚动体扩建项目;3、补充流动资金。",20210820,1,-0.020725388601036343,0.15555555555555567,0.13900608301114992,0.1957671957671958,0.16357495593087257,0.33386243386243386,0.2649790907366747,0.2412698412698413,0.18532742090647347,
600567.SH,20220509,终止,20220922,,,19.7,,80.0,用于补充流动资金,20220509,0,0.043165467625899234,-0.013793103448275779,-0.02409205525332847,-0.03448275862068961,-0.056347794431750975,-0.010197436073215993,-0.08275037175990274,-0.038887365462398016,-0.09382411498261334,
600866.SH,20220322,终止,20231025,,,15.0,,80.0,募集配套资金用于1、支付本次交易的现金对价;2、本次交易相关中介机构费用;3、补充上市公司流动资金。,20220322,0,0.10031347962382431,0.09971509971509973,0.09595956457661448,0.025641025641025772,0.04354289813296486,-0.15384615384615374,-0.10437762571494813,-0.049857549857549754,-0.051992024981861173,
300086.SZ,20220610,终止,20230609,,,2.97,,80.0,1、儿童药物研发项目。,20220610,0,0.003273322422258529,0.014681892332789381,0.02380874334525873,0.0016313213703098572,-0.00801769614924086,0.09787928221859721,0.07457321278880102,-0.037520391517128826,-0.007811841387146301,
601339.SH,20210706,终止,20230311,,,10.0,,80.0,用于百隆(越南)扩建39万锭纱线项目,20210706,0,0.015432098765431945,-0.05167173252279622,-0.05793125353366668,-0.10182370820668674,-0.11095616307696343,-0.12310030395136773,-0.10217787771078002,-0.17781155015197558,-0.1865464101753338,
002842.SZ,20220810,终止,20230823,,,7.66,,80.0,1、退城入园技改项目;2、光伏用超细钨丝研发项目;3、高性能切削刀具表面涂层技术研发项目;4、补充流动资金。,20220810,0,0.0,0.020234291799786863,0.004178295325034664,0.20553780617678363,0.18265162513739752,0.12992545260915844,0.1242609181911305,-0.09478168264110776,-0.036974195443172486,
603636.SH,20220803,终止,20240501,,,18.17,,80.0,1、补充营运资金。,20220803,0,-0.09931506849315064,0.10038022813688219,0.09162801669905685,0.16730038022813676,0.14332356451288497,0.04182509505703402,0.029310815406500268,0.10722433460076042,0.16848698708730847,
300712.SZ,20210730,终止,20221018,,,5.6,,80.0,1、EPC工程总承包建设项目;2、研发中心建设项目。,20210730,0,0.047989876374963325,-0.014954486345903795,-0.033984998710110625,0.03102359279212341,0.012875940050710577,-0.45411480587033237,-0.473456957827327,-0.35435630689206743,-0.3742969331507382,
603399.SH,20220723,终止,20250516,,,18.67,,80.0,"1.湖南永杉锂业有限公司年产20,000吨锂盐项目；2.年产2.2万吨锂电新能源材料项目；3.补充流动资金。",20220722,1,-0.022306597057427546,0.10000000000000009,0.10662828253119327,0.03883495145631044,0.04417905140481326,-0.08300970873786406,-0.07966170520003979,-0.2616504854368932,-0.18913896893437177,
301126.SZ,20220425,终止,20230428,,,1.99,,80.0,1、收购德立信51%股权;2、补充流动资金,20220425,0,-0.11816192560175054,-0.03287841191067009,-0.01877710458497417,0.06637717121588094,0.017973848189666297,0.08870967741935476,0.020873834393225543,0.15801861042183618,0.03709426097864288,
600847.SH,20220120,终止,20230221,,,1.5,,80.0,募集配套资金用于对特瑞电池进行增资、用于特瑞电池在建项目,20220120,0,0.10010214504596537,0.09981429897864436,0.1099598708057512,-0.23723305478180134,-0.20109404273490783,-0.20102135561745593,-0.1718788797033467,-0.4415041782729805,-0.3220147599792015,
301016.SZ,20220716,终止,20221209,,,,,80.0,1、购买标的公司80%的股权。,20220701,15,-0.00536193029490617,0.20000000000000018,0.2400966009826475,0.18975741239892185,0.23256842759328133,0.12398921832884091,0.16197689680016336,0.05121293800539073,0.15435810874960243,True
300886.SZ,20220716,终止,20220928,,,,,80.0,募集配套资金用于1、支付本次交易的现金对价、中介机构费用、交易税费等并购整合费用;2、补充上市公司和标的公司流动资金;3,20220701,15,-0.0028957528957528345,-0.10842207163601159,-0.07863103460388976,-0.1652145853501129,-0.13517651986031942,-0.15876089060987408,-0.13032937162028146,-0.24846724749919324,-0.17472674139046263,True
600882.SH,20220715,终止,20230114,,,,,90.0,1、购买蒙蒙牛持有的吉林科技42.88%股权。,20220715,0,-0.09999999999999998,-0.06813865147198483,-0.08236412702291662,-0.040123456790123524,-0.052426706536415346,-0.1291547958214625,-0.14213070116462856,-0.2127255460588795,-0.17620181021337677,
300791.SZ,20220708,终止,20221209,,,13.5,,80.0,1、收购Best Formulations80%股权;2、补充流动资金。,20220708,0,0.03061564059900168,0.014853083629318586,0.027867681709562664,-0.024539877300613466,0.014144455136112066,-0.06360994510816909,-0.02616303876157733,-0.17662253793994187,-0.07088643970126562,
600255.SH,20220706,终止,20230815,,,10.66,,80.0,1、新型电池产业园(2GWh)项目。,20220706,0,0.09963099630996308,0.10067114093959706,0.09771096717758554,-0.05369127516778538,-0.03321723850080738,-0.07718120805369133,-0.021270946741508867,-0.18456375838926176,-0.100332233925426,
000712.SZ,20220702,终止,20230610,,,32.1,,80.0,1、用于偿还公司借款和补充公司流动资金。,20220701,1,-0.019218025182239806,0.029729729729729648,0.024350587652158362,-0.0060810810810810745,0.0032654198020694025,0.006756756756756799,0.048348301460439114,-0.13589553358392237,-0.04062415516657836,
300688.SZ,20220317,终止,20221209,,,1.14,,80.0,1、黑马企服云数智平台建设项目；2、补充流动资金；,20220317,0,0.08959107806691446,0.09416581371545552,0.08204043117400284,0.11497782326850903,0.10289591158226741,-0.0760832480382122,-0.07043931704077011,0.021330757877828566,-0.009998193191696259,
600678.SH,20221231,终止,20230204,,,,,80.0,1、洛阳金鼎环保建材产业基地项目；2、金顶顺采废石(尾矿)综合利用生产线建设项目；3、补充流动资金。,20221230,1,0.09925093632958815,0.015332197614991383,0.006453083848796837,0.0017035775127769437,-0.02568061703345459,0.028960817717206044,-0.018517462505041826,-0.022146507666098825,-0.0835926186553152,
000718.SZ,20221230,终止,20231216,,,28.0,,80.0,1、天华硅谷庄园三区(荣锦瑞府)；2、北外滩水城二十街区(滨江雅园)；3、补充流动资金。,20221230,0,0.0060975609756097615,0.01515151515151536,0.006273981459460565,-0.036363636363636154,-0.06270716377636987,-0.018181818181818077,-0.06348484426504541,-0.05454545454545434,-0.11395568868656425,
300063.SZ,20220429,终止,20230424,,,2.67,,80.0,"1、年产20,000吨水性固体丙烯酸树脂扩建项目;2、补充流动资金",20220429,0,0.10526315789473673,-0.019607843137254832,-0.026221952061818654,0.16806722689075637,0.16362199168003233,0.11204481792717091,0.06483444335226274,0.1288515406162467,0.04786036763989965,
003010.SZ,20221210,终止,20230429,,,2.02,,80.0,1、营销中心建设项目;2、数字化运营建设项目;3、补充流动资金。,20221209,1,-0.03251599147121542,-0.008815426997245246,-0.00011391337581423411,0.05344352617079906,0.06644343070918013,0.04517906336088151,0.055336281601132464,0.007162534435261714,-0.011862655533478206,
002870.SZ,20220709,终止,20221230,,,,,80.0,募集配套资金用于1、支付交易税费与中介费用；2、向交易对方均胜电子购买其持有的均胜群英不超过6.12%股权；3、补充上市,20220708,1,-0.0026490066225165476,0.01195219123505975,0.024929587922122742,-0.008300132802124827,0.031028227678646658,0.14940239043824688,0.19536781205334708,-0.154050464807437,-0.045415716736619705,
000506.SZ,20221129,终止,20241010,,,5.33,,80.0,1、补充流动资金及偿还债务。,20221129,0,0.033802816901408406,-0.043596730245231585,-0.04407852289698022,-0.043596730245231585,-0.06228863026828346,-0.10354223433242504,-0.08785203308925749,-0.043596730245231585,-0.09054565621916622,
002729.SZ,20221128,终止,20240520,,,,,80.0,募集配套资金用于支付本次交易的全部或部分现金对价、投入标的公司项目建设、补充上市公司和标的公司流动资金、支付中介机构费用,20221128,0,-0.06928733031674217,-0.013977514433302862,-0.03626631824058191,-0.08690367669401389,-0.1247902380445276,-0.1397751443330295,-0.13613118222532195,-0.18140382862351867,-0.23158801594301326,
600238.SH,20221128,终止,20230107,,,6.54,,80.0,1、偿还银行贷款和补充流动资金。,20221128,0,0.09980039920159678,0.07350272232304911,0.049236448566942315,0.00907441016333932,-0.03279451272254941,0.45553539019963685,0.46170112207005864,0.22050816696914688,0.1456846915879224,
000670.SZ,20210427,终止,20230731,,,4.0,,80.0,募集配套资金用于1.智能终端SoC系列芯片研发及产业化项目;2.存储器和继电器相关产品线拓展项目;3.补充流动资金;4.,20200319,404,0.051401869158878455,4.884502764590773,,3.444488492893334,,2.475590001442587,,2.6000356792436,,True
603033.SH,20211130,终止,20231122,,,10.0,,80.0,用于补充流动资金,20211130,0,0.10014619883040954,-0.03421926910299011,-0.037728834958588586,-0.09534883720930232,-0.10320011076922009,-0.120265780730897,-0.13631481472259188,-0.04318936877076407,-0.02130377633027003,
002348.SZ,20221122,终止,20260404,,,5.34,,80.0,1、补充流动资金。,20221122,0,0.10112359550561822,0.0986394557823127,0.09581394864702664,0.23129251700680276,0.2075226812900821,0.2585034013605443,0.26471725407178304,0.5272108843537415,0.4333804465426896,
300204.SZ,20220419,终止,20221207,,,3.0,,80.0,1、创新药物研发项目;,20220419,0,-0.03775743707093826,-0.057074910820451796,-0.044213837309224124,-0.17954815695600468,-0.0921135667374301,-0.12663495838287753,-0.11346151455213327,-0.28775267538644467,-0.3060199181905243,
300205.SZ,20210909,终止,20221130,,,12.89,,80.0,1、数据安全及数字人民币系列产品产业化项目;2、物联网安全模组产品产业化项目。,20210909,0,-0.01145311381531855,0.1252715423606081,0.12223868706519925,0.0521361332367849,0.07723198671947284,-0.08399710354815337,-0.051909565890923104,-0.10137581462708178,-0.09843475959606118,
600860.SH,20221117,终止,20230725,,,11.72,,80.0,1、氢能前沿科技产业发展项目;2、智能制造产业园项目;3、收购北人智能100%股权;4、补充流动资金。,20221117,0,0.10026917900403798,-0.016513761467890187,-0.010737305195984703,-0.058715596330275344,-0.050755517102763936,-0.09174311926605527,-0.10699604962334641,-0.05810397553516833,-0.08982833708487081,
002388.SZ,20221117,终止,20230218,,,8.95,,80.0,1、偿还银行贷款和补充流动资金。,20221117,0,-0.05541871921182262,0.10039113428943924,0.1068542255053393,0.09908735332464125,0.10838191124604268,0.12125162972620585,0.10242174427860773,0.02868318122555391,-0.005964291864524962,
301062.SZ,20221115,终止,20221130,,,2.0,,80.0,1、补充流动资金。,20221115,0,-0.037634408602150615,0.004469273743016755,0.009007893645778031,0.04692737430167604,0.06222493160318798,-0.08379888268156432,-0.0959850990955099,0.24581005586592197,0.19020737076233774,
300311.SZ,20210528,终止,20230509,,,2.3,,80.0,1、工业互联网安全防护产品项目；2、5G网络安全研发中心项目。,20210528,0,-0.02564102564102555,0.022556390977443774,0.018400834864011006,0.018796992481202812,0.021332664325167672,0.09398496240601495,0.09228991574030143,0.8327067669172932,0.8978807092460555,
300018.SZ,20220829,终止,20230828,,,7.72,,80.0,1、年产20万吨高性能锂离子电池负极材料一体化建设项目(一期10万吨/年)。,20220829,0,-0.05391527599486523,0.024423337856173566,0.02871095680461999,-0.10040705563093621,-0.08893251569534033,-0.09362279511533256,-0.050597045658963835,-0.10312075983717772,-0.07721462087384823,
603615.SH,20211215,终止,20230601,,,3.8,,80.0,1、可降解塑料制品生产基地建设项目;2、补充流动资金项目。,20211215,0,0.02366863905325456,0.026589595375722475,0.0189395947547506,0.057803468208092346,0.06510711179107109,0.08901734104046244,0.1173119058444343,-0.07630057803468226,0.047983628112512555,
603598.SH,20211030,终止,20231031,,,5.05,,80.0,1、兴趣与信任电商综合服务平台建设项目；2、CDP数据中台建设项目；3、补充流动资金。,20211029,1,0.008567931456548328,0.004854368932038833,0.005664210543562254,0.055825242718446466,0.07268921028980957,0.05218446601941751,0.04723858502817091,0.9842233009708741,0.9973034134894239,
002513.SZ,20211029,终止,20230617,,,3.83,,80.0,用于补充流动资金,20211029,0,-0.030905077262693204,0.013667425968109326,0.014484370280813286,0.013667425968109326,0.029858035841823005,0.08883826879271073,0.083720093539148,0.11845102505694749,0.12582391763767364,
688529.SH,20211223,终止,20221119,,,1.8,,80.0,"募集配套资金用于1、支付重组相关费用,并用于公司补充流动资金及标的公司项目建设。",20211223,0,-0.03303390321645905,-0.054540005993407026,-0.047932441117859104,-0.05753670961941848,-0.051247742060685386,-0.008091099790230483,0.02591648546284997,-0.22205573868744366,-0.11765159729799324,
000880.SZ,20221027,终止,20230726,,,,,90.0,1、购买西港新能源100%股权。,20221027,0,0.10019455252918297,-0.02210433244915988,0.00035738998248024956,-0.10079575596816981,-0.10526591259238238,-0.09018567639257302,-0.12152288512937248,-0.12643678160919536,-0.20186742120752343,
002973.SZ,20221026,终止,20240723,,,12.0,,80.0,1、“城市大管家”装备集中配置中心项目;2、智慧城市管理数字化项目;3、补充流动资金或偿还贷款。,20221026,0,-0.029074889867841458,-0.011796733212340982,-0.006297101973603114,-0.011796733212340982,-0.01306886765385007,0.11433756805807627,0.07928950505087617,0.005444646098003547,-0.06926704049913479,
300472.SZ,20221014,终止,20231103,,,5.77,,80.0,1、用于补充流动资金及偿还公司有息债务。,20221014,0,0.040454222853087085,-0.038199181446111785,-0.04223835277997268,0.010231923601637272,0.021221302676274423,0.008867667121418732,0.0038660269336934228,-0.2346521145975442,-0.2597367603524853,
603815.SH,20221012,终止,20230701,,,11.0,,80.0,1、凤台县凤凰湖新区安置区八期(二期)工程投融建一体化建设项目;2、补充流动资金与偿还银行贷款。,20221012,0,-0.01196808510638292,-0.010767160161507472,-0.007766557233750193,0.09825033647375503,0.09144224561170478,0.16689098250336487,0.1582155408594772,0.048452220726783235,0.005350429012153546,
300132.SZ,20221012,终止,20230505,,,4.5,,80.0,1、补充流动资金和偿还银行贷款。,20221012,0,0.1442495126705654,0.09028960817717224,0.0935967428159028,0.03918228279386682,0.03274035678798981,0.1379897785349231,0.12952920761351572,0.27597955706984667,0.22352413371939006,
300558.SZ,20220614,终止,20230110,,,10.0,,80.0,1、贝达药业(嵊州)创新药产业化基地项目;2、补充流动资金。,20220614,0,0.08083832335329322,0.00018467220683282548,-0.004808071224916999,0.06481994459833795,0.059084175956523044,0.01218836565096959,0.0144833098959527,-0.17746999076638958,-0.1659414475741695,
300080.SZ,20220407,终止,20230420,,,16.0,,80.0,1、锂离子电池负极材料研制与生产建设项目(二期);2、锂离子电池生产建设项目;3、补充流动资金,20220407,0,-0.037280701754386025,-0.018223234624145768,-0.02279876059915764,-0.03644646924829131,-0.033144482538307485,-0.05466970387243719,0.007873176547607885,0.38041002277904346,0.3315948429219815,
603058.SH,20230110,终止,20230922,,,8.3,,80.0,1、智能包装生产基地建设项目；2、研发设计及打样中心建设项目；3、现有产线信息化、智能化升级建设项目；4、一体化仓储中心,20230110,0,-0.04041720990873532,-0.017663043478260865,-0.015280210305001374,-0.006793478260869512,-0.023655020940366867,0.1304347826086958,0.0879483259054441,0.3084239130434785,0.24641799324794267,
000980.SZ,20220611,终止,20230713,,,60.0,,80.0,1、新能源智能网联汽车开发及研发能力提升项目;2、渠道建设项目;3、补充流动资金。,20220610,1,0.022471910112359605,0.0494505494505495,0.05889013724862169,0.0439560439560438,0.033899299580286923,-0.0494505494505495,-0.06962906256192913,0.40384615384615397,0.44717822391677275,
002880.SZ,20220309,终止,20231124,,,10.87,,80.0,1、血液制品智能工厂建设项目;2、钟山单采血浆站项目;3、补充流动资金。,20220309,0,-0.07914812460267029,0.03762512944425267,0.02512618884591955,-0.0017259233690022358,0.025249176237227333,0.006558508802209317,0.00796323643223551,-0.15395236451501548,-0.14939840119364078,
300929.SZ,20220930,终止,20231013,,,2.0,,80.0,募集配套资金用于1、标的公司项目建设投资;2、补充上市公司流动资金或偿还债务等。,20220930,0,-0.021775544388609736,0.017979452054794676,0.03517715845019764,0.07191780821917804,0.05530988478170018,0.048801369863013866,0.03295187509034636,-0.02825342465753422,-0.04865789584181768,
300110.SZ,20230325,终止,20240425,,,13.4,,80.0,1、腹膜透析液产能扩建项目;2、药包材生产基地建设项目;3、大容量制剂生产基地建设项目;4、研发中心建设项目;5、补充流,20230324,1,-0.002309468822170868,-0.0023148148148149916,0.0020597965210660263,-0.03240740740740744,-0.03453794632212148,-0.04398148148148162,-0.0468299990662191,-0.08796296296296302,-0.054662839565573385,
002769.SZ,20230324,终止,20231031,,,10.0,,80.0,1、工商业储能电站项目;2、分布式光伏电站项目;3、储能电池应用研发项目;4、补充流动资金项目。,20230324,0,-0.017526777020447915,-0.019821605550049415,-0.015523757311729058,-0.06541129831516357,-0.06746916607214626,-0.13082259663032703,-0.13341236562517,-0.2695738354806738,-0.2429046538318721,
002938.SZ,20221207,终止,20231009,,,39.67,,80.0,1、年产526.75万平方英尺高阶HDI及SLP印刷电路板扩产项目;2、年产338万平方英尺汽车板及服务器板项目;3、数,20221207,0,0.006237006237006071,-0.023071625344352586,-0.02237819515509465,-0.029614325068870517,-0.022559388715797213,-0.07093663911845727,-0.05786197684146477,0.022382920110192828,-0.001482703192151158,
000972.SZ,20220823,终止,20240301,,,1.0,,80.0,募集配套资金用于1、新疆新粮艳阳天番茄股份有限公司番茄生物制品科技研发生产线建设项目;2、补充上市公司流动资金。,20220823,0,0.050000000000000044,-0.027210884353741638,-0.008748695939203133,-0.07482993197278909,-0.06078186671968433,-0.08843537414965985,-0.04192512180310004,-0.06462585034013602,-0.010466126360724859,
000735.SZ,20230321,终止,20230407,,,20.82,,80.0,1、罗牛山琼海种猪场项目；2、收购儋州罗牛山农业科技开发有限公司45%股权；3、罗牛山乐贺40万头生态养殖基地项目；4、,20230321,0,-0.05249343832020992,0.005540166204986097,0.0024312488566082813,0.00692520775623251,0.010113021139671385,0.06648199445983383,0.030255328411133542,-0.05126337320337049,-0.05130859823767708,
603778.SH,20221110,终止,20230801,,,4.69,,80.0,1、1GW高效异质结电池生产项目；2、2GW高效异质结太阳能组件生产项目。,20221110,0,0.10029498525073732,0.09919571045576392,0.08098048462861507,0.34048257372654156,0.30636080076947114,0.6702412868632708,0.5860236894055599,0.938337801608579,0.8048569472201348,
000510.SZ,20220920,终止,20230626,,,,,90.0,1、购买天兵科技65.01%股权。,20220920,0,0.10061919504643968,0.063291139240506,0.06507458326021598,-0.06047819971870616,-0.05181016216537093,-0.16455696202531644,-0.12354027243317511,-0.17862165963431798,-0.16562400085439832,
000830.SZ,20220430,终止,20240417,,,63.95,,90.0,用于对鲁西集团实施吸收合并,20220415,15,-0.0032858707557503752,0.02692307692307705,0.07495462102975425,-0.017032967032966972,0.031989076018016815,0.0483516483516484,0.057934665861717694,-0.13580682640243769,-0.15458590936097527,True
300513.SZ,20220509,终止,20260105,,,6.71,,80.0,1、能源聚合商运营管控平台;2、虚拟电厂交易运营平台;3、碳排放大数据管理运营平台;4、补充流动资金及偿还银行贷款。,20220509,0,0.20000000000000018,-0.006013745704467444,-0.016393937288675886,-0.037800687285223455,-0.05959058551617802,-0.14347079037800692,-0.20625473429196706,-0.001718213058419349,-0.058779533978612686,
002537.SZ,20221105,终止,20230920,,,5.06,,80.0,1、补充公司流动资金。,20221104,1,0.02998696219035213,0.0075949367088608,0.005296580109797722,0.12658227848101267,0.1205626590311819,0.20000000000000018,0.16754984769073644,0.09240506329113929,0.035772320497516885,
603161.SH,20220709,终止,20230630,,,3.54,,80.0,1、用于补充流动资金。,20220701,8,0.010657193605684068,0.10017574692442865,0.12476291436600206,0.0746924428822493,0.12781893474687145,0.0729349736379612,0.12633543973171157,0.21001757469244264,0.3782448799186666,
603315.SH,20220519,终止,20230629,,,7.6,,80.0,募集配套资金用于1、支付本次交易现金对价；2、补充流动资金；3、支付中介机构费用和相关税费。,20220519,0,0.02672233820459291,0.00040666937779598733,-0.015363745517767202,-0.1167141114274095,-0.12410797422463848,-0.054493696624644095,-0.11715739134680936,0.047173647824318765,-0.01032314082673269,
688208.SH,20230309,终止,20231115,,,8.06,,80.0,1、新能源技术研发项目;2、美国新能源产品生产基地建设项目;3、补充流动资金。,20230309,0,-0.02141203703703709,-0.015375517445298637,-0.0013481215389080647,-0.05410999408633943,-0.03968739656710274,-0.05410999408633943,-0.06876375412601587,-0.10437610881135417,-0.08243614895251228,
603826.SH,20220414,终止,20230926,,,38.5,,80.0,用于正太新材新增60万吨/年二氧化钛项目、补充流动资金,20220414,0,0.0041646644241550845,0.048014037326527426,0.05271241139223792,-0.04131440421119792,0.004080792324438587,0.052480459403413615,0.09736825575701369,-0.09778274046897428,-0.11389445855743707,
002616.SZ,20220929,终止,20230321,,,7.07,,80.0,1、沂水环保二期扩容项目;2、鄄城生物质二期扩容项目;3、铁岭环保扩建一台130t/h生物质锅炉及附属设施工程;4、阜宁,20220929,0,-0.04132231404958675,-0.02155172413793105,-0.016112040619823076,0.0021551724137933714,0.010410846470886304,0.0237068965517242,0.03852698753786066,0.02155172413793105,0.010751272207493168,
300083.SZ,20211011,终止,20230907,,,13.0,,80.0,募集配套资金用于1、高端数控机床制造产业化生产基地项目(一期);2、高端智能数控机床及核心功能部件研发项目;3、补充流动,20211011,0,-0.11211340206185572,-0.05660377358490565,-0.044695409530550845,0.09143686502177073,0.0986467993850293,0.011611030478954953,0.03852402465193738,0.0341074020319303,0.022543017129446064,
002559.SZ,20210909,终止,20230609,,,7.75,,80.0,用于偿还有息负债和补充流动资金,20210909,0,0.09966405375139997,-0.044806517311609007,-0.04738097467861413,-0.11608961303462328,-0.09500632840788292,-0.18024439918533597,-0.15152839969149734,-0.12627291242362526,-0.12341334166147289,
601878.SH,20230119,终止,20240319,,,80.0,,80.0,1、投资与交易业务;2、资本中介业务;3、偿还债务。,20230119,0,0.01578458681522754,-0.01279707495429605,-0.02021570061810607,-0.017367458866544783,-0.030942396444078257,-0.03656307129798908,-0.050394928003330564,-0.08043875685557578,-0.09742413210745637,
002666.SZ,20220125,终止,20230314,,,4.96,,80.0,1、德联汽车新材料胶黏剂研发和制造项目。,20220125,0,-0.03125000000000011,0.006048387096774244,-0.0005331001093836774,0.03024193548387122,0.024403091152626066,0.06653225806451624,0.04948237120826571,-0.17540322580645162,-0.048594974799053836,
601375.SH,20220430,终止,20230803,,,70.0,,80.0,1、发展资本中介业务;2、发展投资与交易业务;3、对境内外全资子公司进行增资;4、用于信息系统建设及合规风控投入;5、偿,20220429,1,0.03937007874015741,-0.017676767676767624,-0.024303904391637432,-0.02777777777777779,-0.03147769877151596,-0.012626262626262541,-0.05454389331468146,-0.010421215032165976,-0.08142005204779368,
002638.SZ,20220621,终止,20230314,,,6.59,,80.0,1.补充流动资金。,20220621,0,0.10000000000000009,0.09956709956709964,0.11286642981767048,0.09090909090909083,0.05811289547558318,0.02164502164502169,0.03014586573928102,-0.008658008658008587,0.012524039219879102,
688526.SH,20221029,终止,20230627,,,1.62,,80.0,1、高级别动物疫苗产业化基地建设项目(动物生物安全实验室)。,20221028,1,-0.025420077552778975,0.0641025641025641,0.0723560917199697,0.13793103448275845,0.08054130461917341,0.14854111405835546,0.07975235977220096,0.09018567639257302,-0.02765640064227881,
600281.SH,20210928,终止,20230822,,,5.5,,80.0,1、新材料6万吨/年PBAT项目;2、2万吨/年生物降解改性材料及塑料制品项目;3、2万吨/年全系列生物降解新材料项目。,20210928,0,-0.046961325966850764,-0.05797101449275366,-0.04040960364399071,-0.11449275362318845,-0.10069132446422813,-0.21739130434782616,-0.19582819334318446,-0.14492753623188404,-0.1514977536313028,
000632.SZ,20230117,终止,20240516,,,3.0,,80.0,1、补充流动资金及偿还银行贷款。,20230117,0,-0.03893442622950816,0.01492537313432818,0.014874633255370862,0.05543710021321968,0.04524980059078265,0.006396588486140553,-0.01864636104088946,-0.10660980810234544,-0.1452821898213743,
600400.SH,20230117,终止,20230912,,,11.8,,80.0,1、红豆品牌体验店升级改造项目；2、红豆品牌电商中心建设项目；3、红豆品牌设计研发中心建设项目；4、补充流动资金。,20230117,0,-0.009828009828009798,-0.002481389578163906,-0.00253125922857389,0.017369727047146233,0.007549861671812597,0.012406947890818865,-0.012785562086765845,-0.15384615384615385,-0.19047380526683855,
600621.SH,20221224,终止,20230812,,,40.0,,80.0,1、扩大融资融券业务规模;2、积极发展自营业务;3、加大信息化系统建设;4、补充流动资金及偿还债务。,20221223,1,0.011204481792717047,-0.05355493998153282,-0.05963583723384669,-0.046168051708217916,-0.05956550841919783,0.15143120960295486,0.07273310006582334,0.07294552169898427,0.005121371847630174,
002655.SZ,20221123,终止,20240226,,,5.0,,80.0,1、智能汽车模组升级和扩产项目；2、MEMS传感器及模组升级和扩建项目；3、高端扬声器及模组升级项目；4、补充流动资金及,20221123,0,-0.05794947994056476,0.004731861198738363,0.007202850594501653,0.018138801261829762,0.0005541098851047366,-0.10173501577287047,-0.09339269078000412,0.018138801261829762,-0.040881050714268174,
002475.SZ,20220222,终止,20231202,,,135.0,,80.0,1、智能可穿戴设备产品生产线建设及技术升级项目;2、智能移动终端精密零组件产品生产线建设项目;3、新能源汽车高压连接系统,20220222,0,-0.030295968305756205,0.033405431386685835,0.023927614818338938,0.033405431386685835,0.024019124063618058,-0.1607786589762077,-0.1099896893684239,-0.3016101898582072,-0.21377636742008788,
300152.SZ,20230207,终止,20230706,,,6.0,,80.0,1、购买德威华泰60%股权。,20230207,0,0.09705882352941186,-0.03485254691688999,-0.030078419303680937,-0.03753351206434308,-0.0507399153686694,-0.08042895442359244,-0.09078740776062633,-0.19839142091152806,-0.23307886445664117,
300561.SZ,20230207,终止,20250828,,,3.6,,80.0,1、补充流动资金。,20230207,0,0.07619047619047614,0.028318584070796238,0.03340518936795145,-0.02831858407079635,-0.04165142923780418,-0.06902654867256641,-0.07951344373084646,0.03539823008849541,-0.00940582838820514,
600338.SH,20210927,终止,20240329,,,80.0,,80.0,1、阿根廷锂钾有限公司年产5万吨碳酸锂盐湖提锂建设项目;2、塔中矿业有限公司6000kt/a采选改扩建项目;3、阿根廷托,20210927,0,-0.07796178343949045,-0.04338214976512855,-0.04853081590236186,-0.09090909090909094,-0.09315618547188487,-0.15667311411992257,-0.1475483334389328,-0.18264714009394856,-0.1901388565796972,
000159.SZ,20221024,终止,20230908,,,8.55,,80.0,1、偿还银行借款;2、补充流动资金。,20221024,0,-0.014084507042253613,-0.04505494505494512,-0.044646693525130066,-0.07802197802197797,-0.05123315640746362,-0.05714285714285716,-0.08999384996116844,-0.17582417582417587,-0.23888248937420142,
603717.SH,20220818,终止,20240514,,,3.4,,80.0,1、补充流动资金。,20220818,0,-0.009720534629404587,-0.006134969325153561,-0.00019711946613909515,0.058895705521472275,0.06910406954986814,-0.11165644171779154,-0.06870935782808729,-0.07239263803680995,-0.018393596590409955,
600257.SH,20220129,终止,20230722,,,5.3,,80.0,1、杭州东方华康康复医院项目;2、杭州金诚护理院项目;3、大湖水殖股份有限公司冰鲜冰冻及熟食产品加工项目;4、补充流动资,20220128,1,0.022648083623693527,0.008517887563884052,-0.011520018257223152,0.0034071550255536653,-0.026005373581580615,0.05621805792163537,0.029807069035938438,-0.1362862010221465,-0.032729190925194995,
000488.SZ,20221122,终止,20230630,,,3.19,,90.0,1、收购寿光美伦1.19%股权、晨融基金44.44%LP份额、晨融基金0.22%GP份额。,20221122,0,0.00201207243460777,0.002008032128514081,-0.0005689560084876089,0.02008032128514059,0.00038789132239647195,0.014056224899598346,0.019063121198510835,0.08634538152610438,0.01960131637642304,
300521.SZ,20230119,终止,20230817,,,3.67,,80.0,1、补充流动资金。,20230119,0,0.018707482993197466,0.08764607679465763,0.07947264163381917,0.1519198664440733,0.13600624703222097,0.25125208681135214,0.23328812980344393,0.07345575959933215,0.05362777203567681,
603225.SH,20230118,终止,20231101,,,10.0,,80.0,1、用于年产540万吨PTA项目。,20230118,0,-0.0008547008547009627,-0.007698887938408894,-0.012559947905089075,0.09153122326775032,0.07142287563841276,0.1266039349871686,0.10375735722715707,-0.053036783575705626,-0.09314946110748812,
603703.SH,20211113,终止,20230707,,,,,80.0,募集配套资金用于1、支付本次交易中发行股份及支付现金购买资产的现金支付部分、中介机构费用、交易税费等相关并购费用;2、补,20211029,15,0.040924092409240886,0.10019023462270149,0.1045599480057493,0.39505389980976546,0.389945520950405,0.4698795180722892,0.4221663680930099,0.3601775523145214,0.4071661821603434,True
002848.SZ,20220830,终止,20230131,,,,,80.0,募集配套资金用于1、支付现金对价;2、标的公司项目建设;3、补充流动资金或偿还有息负债等。,20220830,0,-0.08664546899841008,-0.04177545691906015,-0.034269637806020214,0.0983463881636204,0.09285158581408903,-0.12445604873803306,-0.072081698485291,-0.10704960835509147,-0.08554712321173852,
300436.SZ,20230107,终止,20230523,,,9.48,,80.0,1、创新药研发项目；2、补充流动资金。,20230106,1,0.010072314049586861,0.06775760675019171,0.061555633115885744,0.10917923804653551,0.09610314527254804,-0.03349526975198169,-0.06403670675701645,-0.15571465098440285,-0.19587978272906525,
002612.SZ,20230628,终止,20240720,,,16.68,,80.0,1、成都锦江米兰柏羽医疗美容医院建设项目;2、重庆米兰柏羽医疗美容医院建设项目;3、郑州金水米兰柏羽医疗美容医院建设项目,20230628,0,-0.013739802490339126,0.0004353504571179556,0.0026342212593672976,0.030909882455376625,0.020171642009994883,0.00957771005659569,-0.00096343668823895,0.008707009142359778,0.03492856766906094,
300183.SZ,20230628,终止,20240803,,,5.0,,80.0,1、补充流动资金。,20230628,0,-0.029126213592233108,-0.004375000000000018,-0.002186701934073776,-0.012499999999999956,-0.022786071188451662,-0.04874999999999996,-0.05868213869634831,-0.07499999999999996,-0.05095442341793466,
300587.SZ,20220625,终止,20240327,,,23.0,,80.0,1、用于补充公司流动资金。,20220624,1,0.10720667063728406,0.06724045185583649,0.05794305144409728,0.14416352877891336,0.13136620264411958,0.23474559020685493,0.26486799682365714,0.10971961396270191,0.19311775606271087,
688216.SH,20230421,终止,20240523,,,1.3,,80.0,1、第三代半导体及硅功率器件先进封测项目;2、偿还银行贷款。,20230421,0,-0.13094847390876274,-0.040030211480362454,-0.03245561273528941,-0.07779456193353473,-0.08390428556288909,-0.03512084592145004,-0.006064391806901215,-0.013217522658610315,0.028372816788371447,
605296.SH,20230621,终止,20240426,,,11.5,,80.0,1、饲料加工建设类项目;2、生猪养殖建设类项目;3、补充流动资金。,20230621,0,-0.04914436156208857,-0.020766035994462473,-0.006070403928996604,-0.011536686663590201,-0.012821231795474675,0.06506691278264864,0.07520600203616001,-0.042455006922012095,-0.017836366307891205,
000656.SZ,20230621,终止,20240430,,,,,80.0,1、购买恒昇大业20%股权。,20230621,0,0.10280373831775691,-0.03389830508474578,-0.019399752575166795,-0.059322033898304816,-0.06054448018004721,0.29661016949152574,0.30895347494746006,0.6271186440677967,0.6689521343209053,
603042.SH,20230621,终止,20240120,,,5.14,,80.0,1、补充流动资金和偿还银行贷款。,20230621,0,0.10000000000000009,0.09987195902688861,0.11637803849625938,0.6107554417413572,0.6086622046596881,0.06209987195902689,0.07221071595266926,0.03969270166453254,0.06642337349346339,
300624.SZ,20230620,终止,20240427,,,11.01,,80.0,1、数字创意产品升级项目;2、数字创意技术研发项目;3、补充流动资金。,20230620,0,0.07050521039440727,-0.11896987246626833,-0.10727101191471666,-0.28846035364426115,-0.27549596388528674,-0.3943688004435957,-0.38083218200588353,-0.5242437311317849,-0.5069251012657685,
300701.SZ,20230523,终止,20240611,,,1.06,,80.0,募集配套资金用于1、本次交易的现金对价。,20230523,0,-0.04694835680751175,0.02955665024630516,0.04288526309803342,0.025615763546797954,0.032621776302650396,0.08866995073891637,0.09064317806032163,-0.06798029556650242,-0.04367664513925407,
300786.SZ,20230426,终止,20240426,,,2.48,,80.0,1、青岛国林健康技术有限公司健康产品研发及产线建设项目;2、青岛国林科技集团股份有限公司数字化建设项目;3、青岛国林健康,20230426,0,-0.14047151277013759,-0.013714285714285568,-0.020252875672854054,-0.017142857142857126,-0.055039414475352544,-0.005714285714285672,0.007450126027605641,0.0038794233289647373,0.016672374451281557,
300368.SZ,20220706,终止,20230826,,,1.98,,80.0,1、补充流动资金及偿还借款。,20220706,0,-0.005681818181818121,0.005714285714285783,0.003009491402962139,-0.008571428571428563,0.01287880684483822,-0.02285714285714291,0.036344417578102695,-0.16571428571428581,-0.07953568097889341,
688148.SH,20230612,终止,20240419,,,18.86,,80.0,1、电池级碳酸锂生产及废旧磷酸铁锂电池综合利用项目(一期);2、补充流动资金。,20230612,0,0.03395889186773915,-0.021607605877268732,-0.023071953980288384,0.019014693171996555,0.010572860723056188,0.028522039757994833,0.03904493116516061,-0.1771823681936041,-0.1587471425255922,
002146.SZ,20230609,终止,20250930,,,,,80.0,募集配套资金1、公司项目建设、补充公司流动资金或偿还债务和支付本次交易的中介机构费用、交易税费等并购整合费用等用途。,20230609,0,0.10256410256410264,0.10077519379844957,0.10165200693646015,0.4186046511627908,0.40043354330773107,0.3023255813953487,0.30638408137454065,0.7984496124031006,0.8423714588498714,
603880.SH,20230609,终止,20230616,,,2.99,,80.0,1、补充流动资金;2、偿还银行贷款。,20230609,0,0.05032822757111588,0.050000000000000044,0.050836368588334846,0.002083333333333215,-0.01075249398108613,-0.022916666666666585,-0.019871734781236272,-0.07291666666666674,-0.050275380789539637,
920402.BJ,20230608,终止,20240410,,,10.0,,80.0,1、年产3500吨硅烷项目;2、四期3500吨/年硅烷项目;3、补充流动资金。,20230608,0,-0.0022761760242792084,-0.010646387832699666,-0.016102305193990696,-0.04638783269961988,-0.05793492441424597,-0.07376425855513313,-0.07090500031589353,-0.10038022813688219,-0.09003771367744473,
603585.SH,20230607,终止,20240424,,,6.0,,80.0,1、高效环保农用化学品、阻燃化学品生产项目;2、年产1000吨啶酰菌胺生产项目。,20230607,0,-0.032573289902280145,0.007407407407407529,0.002445959966361988,0.0033670033670034627,-0.006337320316492812,0.05447916975830802,0.054858360247291404,0.01674432869339859,0.037678591588391264,
920152.BJ,20230327,终止,20240221,,,3.08,,80.0,1、曲靖市陆良县铅炭储能电池用铝基铅合金复合材料项目;2、补充流动资金。,20230327,0,-0.012409071459135723,0.10051993067590992,0.10256170967304068,0.08102253032928952,0.0662655579448932,0.17071057192374361,0.16587887925035516,0.13518612986469192,0.15723693377601133,
605588.SH,20230601,终止,20240417,,,8.0,,80.0,1、光掩膜版制造项目。,20230601,0,0.10009555661729563,0.10010857763300773,0.09144613883081765,0.10249728555917503,0.09942643114965644,0.019834235263073596,0.007466449218986648,-0.222558625433121,-0.19596389848513585,
600029.SH,20230601,终止,20240806,,,175.0,,,1、引进50架飞机项目;2、补充流动资金。,20230601,0,-0.07655502392344482,0.0,-0.007874167130692,0.01899827288428324,0.01615999347936725,0.10017271157167529,0.08683064063722434,0.0949913644214162,0.13244884648996802,
300125.SZ,20230531,终止,20240617,,,14.0,,80.0,1、金寨嘉悦新能源二期5.0GW高效电池片(TOPCon)生产项目;2、补充流动资金。,20230531,0,-0.03486345148169678,-0.008428657435279985,-0.008450347631498434,-0.05177603853100543,-0.04975796011421629,0.01625526791089693,0.017049372480892444,-0.0776640577965082,-0.03537439043970847,
600906.SH,20221227,终止,20240620,,,50.0,,80.0,1、用于融资融券业务；2、用于融资融券业务；3、用于偿还债务及补充营运资金。,20221227,0,-0.04756097560975614,-0.017925736235595346,-0.01532753659404773,-0.012804097311139517,-0.021637328795337862,0.14212548015364934,0.07628966938208714,0.006402048655570036,-0.0384780366590437,
300043.SZ,20230530,终止,20240617,,,8.85,,80.0,1、品牌车模生产基地智能化技术改造项目;2、潮流玩具智能化生产基地建设项目;3、数字化运营平台建设项目;4、网络游戏开发,20230530,0,0.04336043360433606,-0.0051948051948051965,0.0009048780545648505,0.06493506493506485,0.07455775290795286,-0.007792207792207906,0.005250269829396803,-0.09090909090909083,-0.04903599614553533,
000545.SZ,20230530,终止,20240409,,,9.0,,80.0,1、10万吨/年新能源电池材料前驱体及热能综合利用项目。,20230530,0,0.013745704467354125,-0.013559322033898424,-0.007510926115474104,-0.006779661016949157,0.002195017087901041,-0.033898305084745894,-0.021198989643885224,0.0,0.04606040423991109,
603819.SH,20220607,终止,20230826,,,6.46,,80.0,1、补充流动资金。,20220607,0,0.10015060240963858,-0.03422313483915129,-0.04074191993192311,0.24375469918240955,0.22592675230212245,0.20094698945769673,0.14370073284382445,0.23731852685270138,0.24289439993447526,
000938.SZ,20230527,终止,20240525,,,120.0,,80.0,1、收购新华三49%股权。,20230526,1,0.012405237767057153,0.0371000680735194,0.03422047972782649,0.08747447243022455,0.08156089164332037,0.18924438393464937,0.19784315376436146,-0.10619469026548656,-0.07979301638103542,
600110.SH,20230526,终止,20240402,,,25.0,,80.0,1、江西诺德铜箔有限公司年产5万吨高档电解铜箔工程项目;2、高性能锂电铜箔制造关键工艺技术研发项目。,20230526,0,-0.0294943820224719,-0.01591895803183807,-0.01865133496141691,0.011577424023154759,0.006076564029815268,0.005788712011577379,0.013061015121637931,-0.07801382050393368,-0.05077972581696388,
600320.SH,20230526,终止,20240820,,,50.0,,80.0,1、船舶购置项目；2、门机总装线项目；3、信息化建设项目；4、智能制造升级改造项目；5、补充流动资金及偿还债务。,20230526,0,0.0,0.005494505494505475,0.002702672431512232,0.01098901098901095,0.005491350728724198,0.013736263736263687,0.02106603120681516,0.013736263736263687,0.04368051887607316,
600711.SH,20230525,终止,20240423,,,23.5,,80.0,1、补充流动资金。,20230525,0,-0.05859375,-0.0020746887966806016,-0.005567283467370787,-0.010274698567715457,-0.011316731026341453,-0.022724073428498914,-0.00701578939482439,-0.024798969238629454,0.009342078132558385,
000735.SZ,20230524,终止,20231125,,,17.96,,80.0,1、罗牛山琼海种猪场项目;2、收购子公司少数股东股权及建设养殖基地;3、罗牛山数智化建设项目;4、补充流动资金。,20230524,0,-0.0028612303290416197,-0.017216642754662947,-0.016145554395845085,-0.022955523672883893,-0.022899118743677116,-0.07047323169687802,-0.06848265163567158,-0.08198439910620459,-0.06064684043629309,
688006.SH,20230518,终止,20230831,,,22.73,,80.0,1、锂离子电池充放电设备智能制造建设项目;2、锂离子电池充放电设备产能扩建项目;3、生产智能化及信息化提升技术改造项目;,20230518,0,-0.08173282116944092,0.0016267720195211055,0.005829737978576555,-0.008133860097606305,0.021628811912166146,0.05105884997769139,0.06538696287670809,-0.10486024862924292,-0.07137652374864856,
002196.SZ,20221014,终止,20230629,,,6.69,,80.0,1、年产80万套新能源汽车驱动电机项目;2、补充流动资金。,20221014,0,0.10000000000000009,0.0044893378226709135,0.0002708921110081697,-0.07182940516273861,-0.06173269541292847,-0.11223344556677894,-0.11663470553444244,-0.08193041526374867,-0.11202058830889239,
600375.SH,20230517,终止,20230920,,,,,80.0,募集配套资金1、支付本次交易的中介机构费用、交易税费等并购整合费用、补充上市公司和标的公司流动资金、偿还债务以及标的公司,20230517,0,0.10066225165562925,-0.001203369434416457,-0.005167846894179817,-0.13959085439229857,-0.11825141488520996,-0.07340553549939832,-0.05755285197011062,-0.14681107099879664,-0.12140091248109897,
600096.SH,20221117,终止,20231215,,,49.49,,80.0,1、投资建设聚能新材20万吨/年磷酸铁项目；2、天安化工20万吨/年磷酸铁项目；3、偿还银行贷款。,20221117,0,-0.06559633027522938,-0.01816396661757491,-0.012397202741468494,0.027491408934707806,0.036180507562944886,0.1698576337751594,0.15021147706066396,0.07560137457044669,0.03937363180062481,
300165.SZ,20230516,终止,20240522,,,6.24,,80.0,1、大功率波长色散X射线晶圆分析仪研发及产业化项目;2、家庭用病原体感染快速检测研发及产业化项目;3、补充流动资金。,20230516,0,0.19924098671726775,-0.02373417721519,-0.02172607725780551,-0.020569620253164556,-0.007068169701651361,0.110759493670886,0.1304467229440256,-0.0031645569620254443,0.007992842445444293,
603356.SH,20230516,终止,20240412,,,4.17,,80.0,1、补充流动资金和偿还有息负债。,20230516,0,0.10023130300693905,0.0651716888577436,0.0673626610018887,0.05746320953048367,0.07204034286099237,-0.041345480028030845,-0.024354176837772523,-0.06657323055360886,-0.056125552998527395,
300594.SZ,20230516,终止,20231130,,,3.0,,80.0,1、补充流动资金。,20230516,0,0.00634249471458781,-0.031512605042016806,-0.029520504682511328,0.08403361344537807,0.09897701986890972,0.17647058823529416,0.19732248852124057,-0.006302521008403561,0.004819755733197484,
002388.SZ,20230218,终止,20240530,,,9.41,,80.0,1、偿还银行贷款;2、补充流动资金。,20230217,1,0.003816793893129722,0.016476552598225558,-0.004009677072747464,-0.019011406844106293,-0.03196312614978236,-0.07477820025348536,-0.08232722586528629,-0.06717363751584271,-0.08790928646943486,
300088.SZ,20230214,终止,20240507,,,6.97,,80.0,募集配套资金拟用于1、支付交易中介费用及其他税费;2、支付交易对价;3、年产240万片触控显示器件项目。,20230214,0,0.0014705882352941124,0.014684287812041008,0.018640530121826426,-0.007342143906020504,-0.011317280190644707,-0.04552129221732748,-0.031412778066601255,-0.09838472834067546,-0.10313804299556673,
600963.SH,20230511,终止,20240224,,,25.0,,80.0,1、岳阳林纸提质升级综合技改项目一期年产45万吨文化纸项目；2、补充流动资金。,20230511,0,-0.03125,-0.01228878648233489,-0.0010637784436847708,-0.015360983102918557,-0.011708496970962323,0.07021967645197091,0.10217911254118861,0.10160441769689688,0.11532719525155843,
002560.SZ,20230510,终止,20240224,,,6.5,,80.0,1、新能源特种线缆项目;2、补充流动资金。,20230510,0,0.034666666666666845,0.0077319587628865705,0.01065489954257548,0.054123711340206215,0.06533136178231991,-0.00902061855670111,0.028598501977386448,0.08634020618556693,0.0966041402361133,
002554.SZ,20230509,终止,20231103,,,,,80.0,募集配套资金用于1、支付本次交易的现金对价；2、标的公司项目建设；3、补充上市公司流动资金等。,20230509,0,0.10023866348448696,-0.09761388286334072,-0.08714132296481847,-0.1778741865509763,-0.16121594524140304,-0.20607375271149675,-0.16574055819481337,-0.166983166431815,-0.1473775025879973,
002132.SZ,20221110,终止,20230609,,,6.5,,80.0,1、年产2000万km超精细金刚线扩建项目;2、补充流动资金及偿还银行贷款。,20221110,0,-0.03361344537815136,0.004347826086956497,-0.012295636298458423,0.0,-0.025454842625974528,-0.017391304347826098,-0.06693680668916258,0.0869565217391306,0.012104818860289912,
688355.SH,20230506,终止,20240518,,,4.0,,80.0,1、大型铝铸件绿色智能生产线建设项目。,20230505,1,0.004120313143799015,0.06565449322938033,0.04666395390742739,0.021748050882232306,0.04115065529926465,0.14895363151415664,0.18610146588036058,0.050889077973972574,0.06479688793553584,
000863.SZ,20221220,终止,20231206,,,16.0,,80.0,1、海尚苑西区住宅项目;2、海尚苑东区住宅项目(二期);3、补充流动资金及偿还银行借款。,20221220,0,-0.09919028340080971,-0.07640449438202246,-0.07479251209647542,-0.035955056179775347,-0.04274476741164501,-0.01573033707865179,-0.06171414943027187,0.008988764044943753,-0.05032607193161931,
002616.SZ,20230307,终止,20240319,,,3.0,,80.0,1、沂水长青环保能源有限公司二期扩容项目;2、阜宁长青扩建燃气锅炉项目;3、补充流动资金及偿还有息负债。,20230307,0,-0.014311270125223596,0.003629764065335994,0.004195550867577946,-0.04174228675136116,-0.029994350964667515,-0.074410163339383,-0.08208271514357002,-0.04900181488203248,-0.0335096613570941,
300334.SZ,20230419,终止,20240429,,,1.15,,80.0,1、高性能膜生产车间智能化升级改造项目;2、补充流动资金。,20230419,0,-0.03949044585987238,-0.035809018567639295,-0.034922068394982686,-0.06896551724137945,-0.038722746896744376,0.10610079575596809,0.13081631161704266,0.11538461538461542,0.17511166334086536,
603887.SH,20230111,终止,20241015,,,5.0,,80.0,1、上海城地临港智能科技创新产业园项目;2、补充流动资金及偿还借款。,20230111,0,-0.021008403361344574,-0.005722460658082906,-0.006229523357940248,-0.0028612303290416197,-0.02221033754329449,0.15736766809728175,0.11550606481128822,0.20171673819742497,0.145032129202342,
601113.SH,20230204,终止,20240426,,,7.53,,80.0,1、补充公司流动资金和偿还银行借款。,20230203,1,0.0,-0.002564102564102555,0.005045358836536895,0.007692307692307887,0.00853677105707451,0.0,-0.01952497972970546,-0.033333333333333326,-0.05844960771092833,
002520.SZ,20230428,终止,20230824,,,0.84,,80.0,募集配套资金1、支付本次交易中介费用及补充上市公司流动资金。,20230428,0,0.022767075306479923,-0.010273972602739656,-0.018304160021963778,-0.06506849315068497,-0.06390685332203527,-0.017123287671232834,0.019286494293482948,-0.03595890410958913,-0.022025045522623743,
603232.SH,20230427,终止,20240427,,,8.0,,80.0,1、云密码服务平台产业化项目;2、信创集成服务升级项目;3、总部中心升级项目;4、补充流动资金。,20230427,0,-0.04933333333333334,0.060308555399719355,0.04837901188618998,0.0133239831697054,-0.008340672465826704,0.1542776998597477,0.17635613228102098,-0.06661991584852733,-0.046536262760355385,
600790.SH,20230427,终止,20230713,,,20.0,,80.0,1、柯桥浙江中国轻纺城集团股份有限公司轻纺数字物流港项目。,20230427,0,-0.0512820512820511,0.011261261261261257,-0.00011645059282727743,0.1283783783783783,0.10425388374470734,-0.027027027027027084,-0.008416498525853244,0.01460973929783882,0.03644122078103651,
603028.SH,20230427,终止,20240408,,,3.0,,80.0,1、合理合法使用。,20230427,0,-0.006102877070618962,-0.012280701754386003,-0.023393542717111027,0.013157894736842035,-0.008503209962599678,0.03771929824561404,0.05756826128228254,0.028070175438596356,0.050191286767616416,
301068.SZ,20220124,终止,20230915,,,5.6,,80.0,募集配套资金用于1、支付本次收购的现金对价(如涉及)、标的公司项目建设投资、补充上市公司/标的公司流动资金或偿还债务。,20220124,0,0.05758683729433267,0.06309420916162489,0.09128716318180641,-0.07173725151253252,-0.04615301733852484,0.12359550561797761,0.14365052709541914,-0.324114088159032,-0.1948391257668084,
300491.SZ,20230426,终止,20231216,,,6.2,,80.0,1、高功率充电模块产业化建设项目;2、补充流动资金。,20230426,0,0.1997891407485506,0.05799648506151134,0.050982487907112795,0.22978910369068517,0.18237145646332387,0.2956942003514935,0.312849281330668,0.1684409357221539,0.1833309787219788,
300818.SZ,20230426,终止,20240219,,,4.2,,80.0,1、二期扩建制造项目;2、补充流动资金。,20230426,0,-0.01197339246119733,-0.008078994614003743,-0.014654943785291419,0.08438061041292633,0.04256955753366487,0.019299820466786244,0.032795420707508294,0.22880927615632407,0.24446862392578828,
600491.SH,20230426,终止,20230628,,,20.0,,80.0,1、天台县始丰街道唐兴大道玉湖区块改造项目(A1-A9区块安置房PPP项目);2、浙江省温州市鹿城区西片国省道公路PPP,20230426,0,-0.0587044534412956,0.027956989247311714,0.021142139198915277,0.07956989247311808,0.03794432906151868,0.058064516129032295,0.07207336362596517,0.045256887257577594,0.046029303533689614,
002167.SZ,20220420,终止,20240129,,,7.0,,80.0,用于1、年产3万吨电熔氧化锆产业基地建设项目;2、研发中心建设项目;3、补充流动资金。,20220420,0,-0.04729729729729737,-0.08936170212765948,-0.0682968204855845,-0.19574468085106378,-0.14333773367339853,-0.005673758865248235,-0.004349036334627909,0.07943262411347529,0.03717554757931385,
300354.SZ,20230310,终止,20230922,,,1.19,,80.0,1、自定义测控分析系统项目;2、补充流动资金。,20230310,0,0.01955614150736107,0.020905172413792972,0.008843408091318894,-0.03922413793103452,-0.04527435393506407,-0.009051724137931205,-0.03454196175374713,-0.08581969049878735,-0.08112840753711881,
600438.SH,20230425,终止,20230927,,,160.0,,80.0,1、20万吨高纯晶硅项目;2、云南通威水电硅材高纯晶硅绿色能源项目(二期20万吨/年高纯晶硅项目)。,20230425,0,-0.021907216494845283,0.060869565217391175,0.06112018142748554,0.009486166007905084,-0.011593927904120727,0.011330698287220109,0.027816675634495303,-0.021592723327203744,-0.011495227129376229,
000695.SZ,20230425,终止,20240313,,,8.11,,80.0,1、补充流动资金。,20230425,0,0.0,-0.016722408026755953,-0.01649012187994714,-0.04013377926421413,-0.060177709292605686,-0.0635451505016722,-0.048279744772644295,-0.1585284280936453,-0.14984415498930104,
002667.SZ,20230313,终止,20241105,,,1.14,,80.0,募集配套资金用于:1、支付本次交易现金对价;2、中介机构费用;3、补充流动资金。,20230313,0,0.019943019943020168,-0.05586592178770955,-0.04906322487078929,-0.1587523277467412,-0.14996638989349975,-0.16294227188081944,-0.17427837158032733,-0.3007448789571695,-0.29267556563091346,
000703.SZ,20230208,终止,20240420,,,15.0,,80.0,1、补充流动资金。,20230208,0,-0.02067183462532307,0.0065963060686013986,-0.005184817702658107,0.05936675461741414,0.043741629604236554,0.06200527704485492,0.04546292303116095,-0.04881266490765179,-0.08438353462351467,
300145.SZ,20230413,终止,20240426,,,4.0,,80.0,1、泵产品智能制造产业基地建设项目(一期)。,20230413,0,-0.010638297872340274,-0.007168458781362075,-0.013054003411127613,0.01075268817204278,-0.003856771386187008,0.014336917562723928,0.022774778245497895,0.007168458781361853,0.03265008716935158,
688621.SH,20221108,终止,20230921,,,10.07,,80.0,募集配套资金用于1、支付本次交易的现金对价、标的公司项目建设、本次重组相关费用及补充流动资金。,20221108,0,0.1515639143115759,-0.028471615720524146,-0.023268360105892283,-0.0682096069868996,-0.08889787276569316,-0.1335371179039303,-0.1734656319368837,-0.06096069868995646,-0.10965825047843913,
002715.SZ,20230321,终止,20240330,,,0.78,,80.0,1、黄龙金矿金沟采区提升系统技术改造项目；2、黄龙金矿充填站技术改造建设工程一期项目；3、补充公司流动资金。,20230321,0,0.04161162483487457,0.019023462270133074,0.01587285742436917,0.005707038681039833,0.008890995476470653,-0.10906785034876332,-0.13933137249459504,-0.10589727330374121,-0.10593989401147652,
603110.SH,20230410,终止,20231220,,,20.0,,80.0,1、收购TDTECH51%股权。,20230410,0,-0.10006746120980425,-0.09995002498750627,-0.09946454887636258,-0.2958520739630185,-0.3104632064210212,-0.3895552223888056,-0.38848419842468696,-0.31901996798535603,-0.2952850077763314,
603690.SH,20221210,终止,20230811,,,17.93,,80.0,1、单片湿法工艺模块、核心零部件研发及产业化项目;2、至纯北方半导体研发生产中心项目;3、启东半导体装备产业化基地二期项,20221209,1,0.02712903986789339,-0.019292604501607635,-0.010683069009428725,-0.030546623794212135,-0.018583190508996594,-0.14607257694074427,-0.13777397290110982,-0.10955443270555809,-0.12637485194811693,
000153.SZ,20230104,终止,20230621,,,,,80.0,募集配套资金用于1、标的公司项目建设;2、上市公司或标的公司补充流动资金和偿还债务;3、支付交易税费与中介机构费用等。,20230104,0,-0.10029498525073755,-0.09999999999999987,-0.10904211255000518,-0.16147540983606545,-0.17163825581037795,-0.1778688524590164,-0.20549020238131332,-0.22540983606557374,-0.26962970779457607,
000663.SZ,20221001,终止,20231123,,,3.0,,80.0,1、保定市生物质能循环利用项目;2、邢台市生物质能循环利用项目;3、生物质发酵微生物研发中心项目。,20220930,1,-0.003984063745020028,0.10000000000000009,0.11858335843298051,0.10399999999999987,0.08689500618947954,-0.03466666666666662,-0.049254791797116115,0.10533333333333306,0.0821238436152143,
002311.SZ,20220420,终止,20230927,,,15.0,,80.0,用于补充流动资金,20220420,0,0.014461791290057535,-0.02300340191155026,-0.00040352032132073834,0.04163291754414389,0.10950788210890328,-0.00016199578810960347,0.0011700699629042521,-0.049198956070571676,-0.08642042926356908,
603538.SH,20220816,终止,20230721,,,8.92,,80.0,"1、年产3,760吨原料药及中间体项目;2、补充流动资金项目。",20220816,0,-0.01703163017031617,-0.022984441301273084,-0.02732906239145594,-0.04207920792079212,-0.041593467597991984,-0.09264497878359268,-0.08133848661126608,0.03359264497878356,0.08590346176805674,
002731.SZ,20230401,终止,20231228,,,7.8,,80.0,1、补充流动资金。,20230331,1,-0.0055248618784530246,0.10000000000000009,0.09214615598368647,-0.014583333333333282,-0.02721480355755257,-0.043749999999999956,-0.06589728557167418,-0.03972270419638846,-0.031172144545112856,
600072.SH,20220113,终止,20240720,,,30.0,,80.0,募集配套资金用于1、兴城2号30万千瓦风电项目;2、江苏盐城风电叶片产线升级改造项目;3、中国海装象山大型海上风电装备产,20220113,0,0.10034129692832772,0.0998759305210919,0.11049675512947554,0.017369727047146233,0.017425702855228264,-0.05334987593052121,-0.029541076736394056,-0.20781637717121604,-0.11863670602291576,
300718.SZ,20220930,终止,20241101,,,4.46,,80.0,"1、扩建年产自润滑轴承16,700万套、滚珠丝杠3万套项目;2、新建年产14,000套风力发电自润滑轴承项目;3、研究院",20220930,0,-0.026540284360189625,-0.017039922103213034,-0.0004338316915163398,0.11051606621226862,0.09331011472762718,0.13437195715676742,0.11722931897775246,0.11148977604673793,0.08815101501330846,
000050.SZ,20220917,终止,20240511,,,78.0,,80.0,1、新型显示模组生产线项目；2、厦门天马车载及IT生产线技术升级改造项目；3、上海天马车载生产线改扩建项目；4、补充流动,20220916,1,-0.023489932885906062,0.013745704467353903,0.01725841123399463,0.008018327605956665,0.02043041837613968,0.019473081328751363,0.0488162743507643,0.06300114547537228,0.04908892884313021,
600692.SH,20230926,终止,20250125,,,5.7,,80.0,1、长兴岛38号地块安置房项目;2、补充流动资金。,20230926,0,-0.0017331022530329143,-0.00347222222222221,-0.005089531253636204,-0.0190972222222221,-0.011668823427044783,0.03125000000000022,0.05826584896214193,0.05034722222222232,0.11797432921854378,
600758.SH,20221110,终止,20231207,,,10.0,,80.0,募集配套资金用于1、辽能康平300MW风电项目;2、辽能南票200MW风电项目;3、偿还上市公司债务。,20221110,0,0.09919571045576414,0.051219512195122,0.03379931975223127,0.009756097560975618,-0.015947084993057192,0.004878048780488031,-0.04579032810128447,-0.012195121951219523,-0.08021888900647822,
920533.BJ,20230911,终止,20250723,,,1.5,,80.0,1、骏创科技研发总部和汽车零部件生产项目。,20230911,0,0.004819277108433662,-0.07074340527577949,-0.0690491214141884,-0.08263084189137249,-0.07768671308819164,-0.19380869350321284,-0.17830904292910277,0.06682135207864226,0.11631535770920998,
300582.SZ,20220718,终止,20240408,,,9.34,,80.0,1、购买欧司朗旗下照明组件的数字系统事业部；2、LED智能控制驱动电源生产建设项目；3、补充流动资金。,20220718,0,0.008462623413258097,0.010489510489510412,0.0100803145200965,0.004895104895104918,0.013463610962903383,0.058041958041958,0.05869314038235385,-0.13496503496503498,-0.07961272898596261,
920039.BJ,20230310,终止,20231208,,,1.81,,80.0,1、购买广东省机电设备招标中心有限公司100%股权。,20230228,10,-0.0019379844961240345,-0.009708737864077777,-0.006403480579741827,-0.029126213592233108,-0.020446775546637208,-0.027184466019417597,-0.03767521527690065,0.11209817824806367,0.1349450884386596,
000002.SZ,20230213,终止,20230902,,,150.0,,80.0,1、中山金域国际项目;2、广州金茂万科魅力之城项目;3、珠海海上城市项目;4、杭州星图光年轩项目;5、郑州翠湾中城项目;,20230213,0,-0.0005659309564234327,0.0028312570781428015,5.3351318214600596e-05,-0.005662514156285381,-0.00752962147547398,-0.10305775764439407,-0.09881426857889852,-0.14722536806342013,-0.14415081964394738,
002976.SZ,20221205,终止,20230907,,,1.7,,80.0,募集配套资金用于1、补充流动资金、支付本次交易的现金对价、交易税费及中介机构费用等。,20221205,0,-0.015891472868217016,0.015360378101614947,0.015133129378892107,-0.0074832611264277205,0.002748581169973008,-0.06341079165025587,-0.034770024057245386,-0.05789680976762501,-0.07891336702741447,
601456.SH,20220929,终止,20240426,,,50.0,,80.0,1、进一步扩大包括融资融券在内的信用交易业务规模;2、扩大固定收益类、权益类、股权衍生品等交易业务;3、偿还债务。,20220929,0,-0.09958506224066399,0.00691244239631339,0.012510372457823493,0.08525345622119818,0.09419368728573074,0.13824884792626757,0.15472715001444737,0.3018433179723503,0.2880794567360654,
300346.SZ,20230706,终止,20240315,,,1.12,,80.0,募集配套资金用于1、本次交易的现金对价;2、中介机构费用及交易税费。,20230706,0,0.02907822041291075,-0.06018649335970616,-0.057550577785436374,-0.09352924554959041,-0.10218514948239432,-0.10426674201751918,-0.12471492303843379,-0.14518443337370124,-0.11904934945955559,
601515.SH,20221019,终止,20230920,,,3.42,,90.0,1、购买博盛新材51.05653%股权。,20221019,0,0.10000000000000009,0.0042283298097252064,0.00731451872462241,-0.04228329809725162,-0.027955368951624315,0.02114164904862581,-0.0036024377252937834,-0.08456659619450324,-0.11902377230493777,
000595.SZ,20210824,终止,20240726,,,2.4,,80.0,用于补充流动资金和偿还有息负债,20210824,0,0.02631578947368407,-0.0073260073260073,-0.014591565398134554,-0.05494505494505486,-0.06280354341131433,0.04029304029304037,0.0038051847745737,-0.05860805860805851,-0.07691695580151359,
300825.SZ,20230826,终止,20240624,,,15.09,,80.0,1、超级智算中心及面向汽车研发领域应用的新一代AI数字化平台建设项目;2、天津阿尔特智能创新中心双建项目;3、新能源动力,20230825,1,-0.019988895058301037,-0.05552407932011316,-0.06605858412152221,0.056657223796034106,0.033329634083925086,-0.07138810198300272,-0.09165256063919747,-0.14844192634560904,-0.13934842598712238,
000881.SZ,20230826,终止,20240314,,,3.0,,80.0,募集配套资金1、支付本次交易现金对价;2、支付交易税费及中介费用、补充流动资金和/或偿还有息债务等。,20230818,8,-0.01285347043701801,0.10026041666666674,0.11209047436784259,0.013020833333333481,0.012602562709420173,0.04166666666666674,0.041507511821380794,-0.03776041666666674,-0.005940907435510012,
000881.SZ,20220701,终止,20240314,,,3.46,,90.0,1、购买中广核贝谷科技有限公司79%股权。,20220701,0,0.012294013898393796,0.0010952902519167917,-0.004134270130753626,-0.03723986856516992,-0.02818637511873745,-0.05366922234392102,-0.01457402027132848,-0.21139101861993426,-0.12444335475703339,
002568.SZ,20230825,终止,20240517,,,20.25,,80.0,1、产能扩建项目;2、上海巴克斯酒业有限公司二期项目;3、巴克斯酒业(成都)研发检测中心项目。,20230825,0,-0.09975503350806192,0.01701258931609395,0.0056690243075425695,0.09493024838380393,0.070757713504503,0.022116366110922048,-0.00018857623055079653,-0.1180673698536917,-0.108649509890272,
300030.SZ,20230427,终止,20230905,,,1.56,,80.0,1、基于AI的全自动血栓弹力图系统项目;2、分子诊断采血管建设项目;3、营销网络建设项目;4、补充流动资金。,20230427,0,0.057993730407523314,0.035555555555555785,0.023904508322403872,0.032592592592592506,0.010515978102186851,0.1525925925925926,0.1746387931454645,0.11259259259259258,0.13653238307827986,
603021.SH,20221022,终止,20240305,,,2.42,,80.0,募集配套资金用于1、支付本次交易的现金对价；2、上市公司补充流动资金；3、支付本次交易相关税费及中介机构费用。,20220930,22,0.03860294117647056,0.10088495575221224,0.11820119342528801,0.17168141592920327,0.21526489627730627,0.22831858407079642,0.1994263339208131,0.11681415929203531,0.046502331220690474,True
003028.SZ,20221027,终止,20240611,,,7.9,,80.0,1、高端智能控制器生产基地项目(二期);2、逆变器及高效智能储能系统扩产项目;3、总部研发中心建设项目;4、补充流动资金,20221027,0,-0.08860116780908867,-0.07325905292479107,-0.05197232611949354,0.09888579387186636,0.0934229731130316,0.12228412256267429,0.0836287058494094,0.5462395543175489,0.4127245022881625,
300605.SZ,20230818,终止,20240427,,,5.03,,80.0,1、行业数字化应用级操作系统研发项目;2、补充流动资金。,20230818,0,-0.03131115459882594,0.02154882154882154,0.034421585482590444,0.037710437710437805,0.06069878731041323,-0.057912457912457915,-0.05361874755193008,0.05589225589225588,0.07779041577472112,
300700.SZ,20230817,终止,20231107,,,1.5,,80.0,1、金刚石线生产线技改项目;2、研发中心建设项目;3、补充流动资金。,20230817,0,0.027748691099476197,0.007641365257259336,0.01786795254272522,-0.05298013245033106,-0.02794065945018731,-0.12888436067244002,-0.11852303230059891,-0.008660213958227136,0.026838680817324878,
300093.SZ,20230505,终止,20231106,,,10.42,,80.0,1、补充流动资金及偿还借款。,20230505,0,-0.021840873634945246,-0.009569377990430672,-0.02721938724994266,-0.05582137161084533,-0.0378917808376279,-0.1435406698564593,-0.11584972701515961,-0.26762360446570976,-0.25793109557689076,
000815.SZ,20221114,终止,20240305,,,30.0,,80.0,募集配套资金用于1、大聚合物电池全自动快充产线建设项目;2、年产7.3GWh圆柱型锂离子电池新建项目;3、补充流动资金或,20221114,0,0.10010881392818272,0.09990108803165176,0.0821162272066791,0.4886251236399608,0.48783227931634165,0.338278931750742,0.2980172603344111,0.527200791295747,0.4298721428369221,
688223.SH,20230815,终止,20240727,,,97.0,,80.0,1、山西晶科一体化大基地年产28GW高效组件智能化生产线项目;2、山西晶科一体化大基地年产28GW切片与高效电池片智能化,20230815,0,-0.11993243243243246,0.0028790786948176272,0.011171788393459448,-0.017274472168905985,0.00031254333730168504,-0.030710172744721764,-0.018623941053841353,-0.01151631477927062,0.021726895208586505,
300199.SZ,20230427,终止,20240427,,,2.54,,80.0,1、翰宇武汉产能改扩建项目;2、司美格鲁肽研发项目;3、补充流动资金。,20230427,0,0.06809701492537301,0.005240174672489273,-0.006069793868491269,-0.12227074235807833,-0.14103641101279807,0.05327510917030587,0.07342161578795214,-0.11353711790392995,-0.09446298797352393,
002606.SZ,20230815,终止,20231128,,,2.0,,80.0,1、补充公司流动资金。,20230815,0,-0.01754385964912286,-0.030952380952380842,-0.022939420307733216,-0.03809523809523818,-0.020880834394491177,-0.02857142857142847,-0.016458528533394245,-0.08571428571428574,-0.054966391294449135,
600255.SH,20230815,终止,20231010,,,4.0,,80.0,1、偿还银行贷款和补充流动资金。,20230815,0,-0.060869565217391064,-0.013888888888889062,-0.00573483188563384,-0.04166666666666685,-0.024516177831145347,-0.03240740740740755,-0.020342338810155347,-0.05555555555555569,-0.02379340767395366,
688359.SH,20230812,终止,20240827,,,5.92,,80.0,1、新型环保表面工程专用材料项目;2、复合铜箔高端成套装备制造项目;3、补充流动资金。,20230811,1,-0.014441591784338903,-0.018397915988277447,-0.015056099686594049,0.018235102572451867,0.03686238727368729,0.30413546076196685,0.3344838840189934,0.2225659394334092,0.27983714773148227,
002146.SZ,20221222,终止,20260404,,,28.74,,80.0,1、成都时代天府;2、长沙锦绣学府;3、唐山西定府邸;4、补充流动资金。,20221222,0,0.004366812227074135,-0.004347826086956497,-0.001548077120833713,-0.05652173913043479,-0.062436792540445096,-0.03478260869565197,-0.09698059616620447,-0.14347826086956517,-0.1988780656288095,
600790.SH,20230812,终止,20230829,,,20.0,,80.0,1、柯桥浙江中国轻纺城集团股份有限公司轻纺数字物流港项目。,20230811,1,-0.01814058956916098,0.018475750577367167,0.021943101474014348,0.0,0.01829369725535468,-0.013856812933025542,0.009091639688342257,-0.10854503464203247,-0.06678474886715746,
300052.SZ,20221112,终止,20231110,,,5.5,,80.0,募集配套资金用于1、支付本次交易的现金对价；2、投入标的公司在建项目建设；3、补充上市公司/标的公司流动资金或偿还。,20221031,12,0.0349319123741858,0.20022883295194505,0.1263021794254966,0.20308924485125868,0.12394085073817585,0.12757437070938216,0.017358224061557737,0.24942791762013727,0.10079850692302639,True
603076.SH,20230810,终止,20240118,,,4.64,,80.0,1、鲜啤零售终端建设项目;2、过程装备产能扩充项目;3、补充流动资金。,20230810,0,-0.014932680538555787,-0.060636182902584546,-0.04139921926315571,-0.04845924453280315,-0.021143684104726,-0.10536779324055667,-0.06748705889423434,-0.30516898608349907,-0.2558764678114177,
002571.SZ,20230805,终止,20240413,,,6.0,,80.0,1、太阳能装备用轻质高透面板制造基地项目一期;2、补充流动资金。,20230804,1,-0.018433179723502446,-0.032863849765258135,-0.027167511091141794,-0.04851330203442861,-0.019026310249072198,-0.028169014084507005,0.01985653088189787,-0.004694835680751019,0.0700483747935492,
603200.SH,20230118,终止,20240730,,,5.4,,80.0,1、生产基地建设项目;2、研发基地建设项目;3、补充流动资金。,20230118,0,-0.06894816305988938,-0.027027027027026973,-0.03179340278745968,0.29567567567567576,0.2718065491257591,0.3675675675675676,0.33983445053841543,0.1124324324324324,0.06531059848564791,
605178.SH,20230223,终止,20240316,,,2.68,,80.0,1、补充流动资金。,20230223,0,0.06517311608961296,-0.02294455066921597,-0.01686859157830034,0.004302103250477973,-0.002728625704733423,0.05879541108986608,0.059062119428410886,-0.007648183556405286,0.017968447850099878,
600455.SH,20230429,终止,20240328,,,1.89,,80.0,募集配套资金用于1、支付本次重组现金对价;2、对标的公司增资;3、支付中介机构费用、补充上市公司流动资金。,20230427,2,0.012293144208037843,0.027557216254086914,0.007752827096997317,0.04110228865016352,0.030667836849544994,0.04203643157403092,0.06847946471001665,0.08827650630546469,0.09158482897082432,
688390.SH,20220618,终止,20240130,,,25.0,,80.0,1、年产20GW并网逆变器及2.7GWH储能电池生产基地建设项目；2、年产20GW并网、储能逆变器及1.8GWH储能电池,20220617,1,0.020909453775062037,0.05987969924812053,0.060313026703583406,0.1679287532263496,0.15643640768093392,0.5676564545692591,0.6107442430928172,0.30567613062507015,0.32758306679532323,
300618.SZ,20230211,终止,20231221,,,50.0,,80.0,1、6万金属吨镍高压浸出项目。,20230210,1,-0.004075164138555465,0.008411002500568143,0.0011994032692914658,-0.03728120027278936,-0.02633749319121348,-0.027051602636963157,-0.017835379243239968,-0.22482382359627195,-0.23627217529877054,
002402.SZ,20220803,终止,20240506,,,6.49,,80.0,1、汽车电子全球运营中心建设项目;2、数智储能项目;3、补充流动资金。,20220803,0,0.10010593220338992,0.004814636494944624,-0.003177464716575207,0.019740009629273025,-0.0012058571780106941,-0.1781415503129513,-0.18801361667162808,-0.23688011555127586,-0.19465674055345827,
688680.SH,20220818,终止,20240429,,,11.36,,80.0,1、年产2亿平米光伏封装材料生产建设项目(一期);2、上饶海优威应用薄膜有限公司年产20000万平光伏胶膜生产项目(一期,20220818,0,-0.013181617853279315,-0.0758018676410882,-0.07028024289270296,-0.15046691027202608,-0.14227692235452838,-0.26232237109216405,-0.22665925098858075,-0.3925700365408039,-0.35720956279122196,
688136.SH,20230726,终止,20240427,,,5.72,,80.0,1、药品临床研究;2、聚乙二醇化人粒细胞刺激因子注射液产业化;3、补充流动资金。,20230726,0,0.004787234042553212,-0.012175754367390157,-0.010223550077704702,-0.019057702488088912,-0.030685288186008908,-0.11752249867654829,-0.07606299778454151,-0.04817363684489162,0.026591622553874927,
002575.SZ,20230726,终止,20241015,,,7.4,,80.0,1、补充流动资金。,20230726,0,0.09923664122137388,0.10069444444444442,0.10286971036404258,0.05555555555555558,0.04304354265503241,-0.04340277777777779,0.0015389270572296887,-0.07291666666666674,-9.495402658032948e-05,
301162.SZ,20230726,终止,20231127,,,4.57,,80.0,1、多应用场景下电力交易辅助决策管理平台项目;2、新能源数智一体化研发平台建设项目;3、补充流动资金。,20230726,0,-0.01947445644924628,0.003945041490953427,0.005929104774753391,-0.040130594476942005,-0.05150839294667853,-0.11807917290164616,-0.07664582501127104,-0.20500612161610676,-0.1425599383219408,
603023.SH,20230725,终止,20240622,,,1.5,,80.0,募集配套资金用于本次交易相关费用、补充上市公司和标的公司流动资金或偿还债务等。,20230725,0,0.010084770534931398,0.0992063492063493,0.10210300399681804,-0.11904761904761907,-0.13495586719207953,-0.16468253968253976,-0.13491749976307743,-0.03373015873015872,0.04989993610234156,
920753.BJ,20230725,终止,20240201,,,,,100.0,1、购买乳品监测中心100%股权。,20230714,11,0.0013812154696133394,0.09517241379310337,0.10015834437698401,0.022068965517241246,0.005531721846316673,-0.0027586206896551557,0.03475134951355496,-0.03448275862068961,0.05108844401347934,True
600478.SH,20230722,终止,20240427,,,16.07,,80.0,1、年产3万吨电池级碳酸锂项目;2、3GWh储能系统产业化项目;3、大数据智慧储能管理系统技术开发项目;4、新型储能电池,20230721,1,-0.014388489208633004,-0.017518248175182438,-0.016405280847086923,-0.023357664233576547,-0.05560920650890333,-0.11678832116788329,-0.10669491010740617,-0.25547445255474455,-0.19760684175907295,
001228.SZ,20230722,终止,20240311,,,5.0,,80.0,1、全部用于补充流动资金。,20230721,1,0.015395894428152257,-0.0038507821901322403,-0.002722332189640131,-0.018291215403128724,-0.05071006640822984,-0.06714801444043328,-0.05648731013307462,-0.1860409145607701,-0.12277664146574707,
300688.SZ,20230721,终止,20231213,,,5.07,,80.0,1、科创大模型建设项目;2、智能中台建设项目。,20230721,0,-0.014901712111604182,-0.01223044737689083,-0.011111489963468002,-0.013839716768586974,-0.04640556907717741,-0.04087544254908271,-0.029914493267533926,-0.13936272932088833,-0.07247043423873756,
603538.SH,20230721,终止,20240430,,,6.52,,80.0,"1、年产3,760吨原料药及中间体一阶段项目;2、厂区智能化改造提升项目;3、补充流动资金项目。",20230721,0,0.009400705052878822,-0.0005820721769498327,0.0005500806581679729,0.024447031431897637,-0.009383159553147724,-0.010477299185098876,0.0008310424190398624,0.052386495925494714,0.13418233538567792,
600408.SH,20230318,终止,20240330,,,6.74,,80.0,1、山西宏安焦化科技有限公司150t/h干熄焦及配套余热综合利用项目；2、山西安泰集团股份有限公司30000m3/h焦炉,20230317,1,0.0038610038610040753,-0.007692307692307776,-0.0028960617547882928,-0.015384615384615441,-0.01993968313296679,0.0038461538461536104,-0.03620069000869741,-0.1384615384615384,-0.13910487664046367,
300534.SZ,20230718,终止,20240326,,,4.86,,80.0,1、甘肃普安制药股份有限公司年产5000万盒(3亿支)宣肺止嗽合剂等液体制剂生产线升级改造项目;2、甘肃陇神戎发药业股份,20230718,0,-0.07142857142857151,-0.01475237091675452,-0.015065208486241377,-0.0031612223393044925,-0.013557150416182329,0.07797681770284526,0.08532277557942303,0.012644889357218192,0.05870003795351497,
603773.SH,20230718,终止,20250531,,,15.0,,80.0,1、德虹年产500万㎡玻璃基材Mini/MicroLED基板项目;2、补充流动资金及偿还银行贷款。,20230718,0,-0.03887033100516246,-0.023696682464455,-0.024006680020322246,-0.04391785150078986,-0.05388873292527607,-0.10078988941548184,-0.09466215133608324,0.02906793048973144,0.07586999995405441,
002420.SZ,20220719,终止,20240529,,,8.57,,80.0,1、新能源汽车轻量化配套建设项目;2、合肥毅昌新能源产业基地建设项目(一期);3、医疗健康配套产品产业化基地项目;4、偿,20220719,0,0.07237813884785815,-0.006887052341597699,-0.014487930207604194,-0.0013774104683194066,-0.0007693280083838072,0.008264462809917328,0.008740190897053024,0.023415977961432466,0.10243298361002706,
600537.SH,20220118,终止,20230721,,,13.02,,80.0,1、常州年产5GW高效太阳能组件建设项目;2、补充流动资金及偿还有息负债。,20220118,0,0.029661016949152685,-0.014403292181069949,-0.01115281537913626,-0.07201646090534986,-0.035023960779681174,-0.14609053497942381,-0.11823692274689834,-0.2592592592592592,-0.14138112030922012,
688373.SH,20230325,终止,20231220,,,2.03,,80.0,1、新药研发项目。,20230324,1,-0.025176233635448186,-0.0020661157024792765,0.0023095861196313905,-0.0650826446280991,-0.06714123604654343,0.06714876033057848,0.06396912316827441,-0.1725206611570248,-0.14230789240611885,
002360.SZ,20220709,终止,20240706,,,2.41,,80.0,1、偿还银行借款。,20220708,1,0.012195121951219523,0.0,0.01282412034823932,-0.014725568942436373,0.024347974655595905,-0.012048192771084376,0.027460704837317662,-0.1097724230254351,0.00454840171301929,
002286.SZ,20210714,终止,20231118,,,5.83,,80.0,用于1、年产3万吨赤藓糖醇晶体项目;2、年产3万吨阿洛酮糖(干基)项目;3、应用解决方案研究中心项目;4、补充流动资金项,20210714,0,0.0997920997920998,-0.02930056710775053,-0.03912825190124847,0.05482041587901709,0.04470644084882758,0.12570888468809094,0.12439593734593113,0.3516068052930057,0.33501041949278787,
600388.SH,20230711,终止,20231202,,,15.42,,80.0,1、年产5GWH储能电芯制造项目;2、偿还银行借款。,20230711,0,-0.006315789473684275,-0.009004237288135486,-0.0011805042005827993,-0.060381355932203395,-0.053763210747707624,-0.0911016949152541,-0.0975784727992226,-0.19915254237288138,-0.1699145176372865,
600603.SH,20230708,终止,20240119,,,18.0,,80.0,1、宁东煤炭储运基地项目(含专线建设);2、四川广元煤炭储备基地一期工程项目(含专线建设);3、补充流动性资金。,20230707,1,0.008426966292134797,0.01810584958217265,0.015853791532950412,-0.0473537604456824,-0.05944448063807273,-0.07520891364902516,-0.10093674161156796,-0.02089136490250676,0.01062515184497026,
300170.SZ,20230425,终止,20240423,,,3.0,,80.0,1、汉得企业智慧大脑——基于AIGC的企业级智能平台开发项目。,20230425,0,-0.07841483979763897,-0.0512351326623971,-0.05101099968401901,-0.04666056724611167,-0.06656820486333881,-0.10338517840805117,-0.08876921583217956,0.1028840653401466,0.11426620437562818,
688599.SH,20230701,终止,20240704,,,109.0,,80.0,1、淮安年产10GW高效太阳能电池项目;2、天合光能(东台)年产10GW高效太阳能电池项目;3、天合光能(东台)年产10,20230630,1,0.01379966690459189,-0.08589532973480407,-0.0977057150840821,-0.11311898615348515,-0.11160605462072015,-0.10983337244778224,-0.12990425918295467,-0.289603379488383,-0.27381200068737155,
600358.SH,20230120,终止,20231206,,,1.63,,90.0,1、购买文旅科技100%股权、风景独好100%股权、会展公司100%股权、酒管公司100%股权和航空产业85%股权。,20230120,0,0.10000000000000009,-0.012396694214876103,-0.013757333592849474,-0.016528925619834656,-0.01610463609899393,-0.12121212121212122,-0.1218431122484177,-0.1707988980716254,-0.17348218360525414,
002184.SZ,20230329,终止,20240524,,,6.97,,80.0,募集配套资金用于1、支付本次交易的现金对价;2、补充上市公司流动资金;3、支付交易税费及中介机构费用。,20230329,0,0.015364061456245803,-0.05789473684210522,-0.06401656782348042,-0.08223684210526316,-0.10234268365590238,-0.13552631578947372,-0.14758296459018205,0.09573178137651817,0.11559017795388593,
600869.SH,20221028,终止,20240416,,,18.0,,80.0,1、高端海工海缆产业基地项目；2、补充流动资金。,20221028,0,-0.10030864197530864,-0.03602058319039447,-0.028543643459534307,0.030874785591766596,-0.021115733759157207,-0.044596912521440824,-0.10181818864674352,-0.07718696397941682,-0.17693713244553033,
300204.SZ,20221223,终止,20240115,,,3.81,,80.0,1、创新药物研发项目。,20221223,0,-0.08347062053816579,-0.025763930497303744,-0.032023384625606166,-0.1851408028759738,-0.1965862580618316,-0.27681246255242664,-0.3262409404009322,-0.3505092869982026,-0.3915655704299492,
300594.SZ,20231226,终止,20241024,,,2.92,,80.0,1、补充流动资金。,20231226,0,-0.009698825931597765,0.02319587628865971,0.01767195767104046,0.10567010309278335,0.08019429964664693,-0.09896907216494844,-0.0740196452104942,-0.12628865979381443,-0.15872926019626854,
603488.SH,20231118,终止,20240430,,,,,85.0,募集配套资金用于1、支付本次交易中的现金对价、投入标的公司在建项目建设等。,20231103,15,0.10024752475247523,0.10011248593925748,0.08665959551794478,0.2767154105736782,0.27244397898252726,0.1923509561304837,0.22810697670579239,-0.1484814398200225,-0.11699667191286167,True
002825.SZ,20231223,终止,20240103,,,2.6,,80.0,1、用于补充公司流动资金。,20231215,8,0.005952380952380709,-0.04023668639053257,-0.03242912379778318,0.00946745562130169,-0.0015191842466062422,-0.14319526627218926,-0.08530998099945553,-0.12662721893491125,-0.1522463440696631,
603150.SH,20231221,终止,20241226,,,2.96,,80.0,1、用于补充流动资金。,20231221,0,0.0458041958041957,-0.02407221664994974,-0.022753122577767404,-0.043798060849214226,-0.0554447012337137,-0.02507522567703102,0.004677563118717476,-0.1240387830157138,-0.15518077873031344,
603629.SH,20231221,终止,20240806,,,6.5,,80.0,1、铁氧体器件生产线建设项目;2、年产700万件液晶电视金属冲压背板项目;3、磁性元器件研发及产业化项目;4、补充流动资,20231221,0,0.056907525271433945,-0.008147360963514094,-0.006806742365547458,0.06128232376904008,0.04835579322640027,-0.0984767977329083,-0.07096408071312943,0.04321643641516104,0.006128217025621829,
002579.SZ,20230727,终止,20240522,,,6.4,,80.0,1、中京新能源动力与储能电池FPC应用模组项目;2、补充流动资金及归还银行贷款。,20230727,0,-0.014941302027748016,0.0021668472372697867,-0.01596030262442416,-0.00325027085590468,-0.022633012697448995,-0.0747562296858072,-0.03440324389126115,0.02925243770314201,0.09708519420101669,
688669.SH,20220429,终止,20240903,,,1.6,,80.0,1、补充流动资金。,20220429,0,0.0654875717017207,0.048900852400179495,0.04182455702156007,0.04665769403319886,0.04267449894991904,0.11529834006280848,0.06794984155958805,0.24425452667574654,0.15498359071052192,
003022.SZ,20221220,终止,20241228,,,20.2,,80.0,1、新能源材料和生物可降解材料一体化项目。,20221220,0,-0.005515339538090247,-0.017331022530329254,-0.015615937328417373,0.06620450606585804,0.05869529110994676,0.3084922010398614,0.2473611288318751,0.039514731369150624,-0.021594616904658026,
300093.SZ,20231218,终止,20240718,,,9.39,,80.0,1、补充流动资金及偿还借款。,20231218,0,-0.03650884198516835,0.1616341030195383,0.16100535133735727,0.29307282415630564,0.29838499672759644,0.6814683244523385,0.702858614781994,0.28359976317347524,0.22154626446416792,
300491.SZ,20231216,终止,20240814,,,7.5,,80.0,1、高功率充电模块产业化建设项目;2、补充流动资金。,20231215,1,-0.0012886597938145394,-0.06537634408602155,-0.06162828715286928,-0.0670967741935482,-0.05820499267363399,-0.08602150537634401,-0.06820420367601143,-0.1281720430107527,-0.1623872581454855,
002629.SZ,20211221,终止,20240409,,,2.53,,80.0,用于偿还债务及补充流动资金,20211221,0,0.10136986301369855,0.09950248756218927,0.10026347940269331,0.16417910447761197,0.16257996277450815,0.024875621890547484,0.04415818169873531,0.11194029850746268,0.23230896844372406,
603233.SH,20230119,终止,20240202,,,18.97,,80.0,1、医药连锁门店建设项目;2、门店升级改造项目;3、大参林一号产业基地(物流中心)。,20230119,0,-0.034388916378030765,0.013835511145272816,0.0062167471089769055,-0.04048168075839098,-0.053737298441457026,-0.034332564693825396,-0.048196444302597286,-0.12067640276710223,-0.13691854148073712,
300536.SZ,20230329,终止,20240429,,,1.2,,80.0,1、显示面板驱动技术开发、应用及产业化项目。,20230329,0,-0.0087301587301587,0.0048038430744596905,-0.0017254053410724612,-0.016813450760608695,-0.03835255134846882,0.04723779023218566,0.032632165470814156,0.10968775020016008,0.129799076525694,
300080.SZ,20230331,终止,20240513,,,23.05,,80.0,1、锂离子电池负极材料研制与生产建设项目(二期);2、年产3万吨高性能锂离子电池负极材料项目;3、宝丰县100MW分布式,20230331,0,-0.06271186440677967,-0.012658227848101222,-0.019707708092893683,-0.034358047016274984,-0.04673603694578454,-0.054249547920434016,-0.07615365808173713,-0.07233273056057865,-0.06407253909448785,
000753.SZ,20230512,终止,20240127,,,16.65,,80.0,1、漳浦盐场100MW(128.6MWp)渔光互补光伏发电项目；2、漳州高新区靖圆片区196MWp屋顶光伏发电建设项目；,20230512,0,-0.029147982062780242,-0.006928406466512715,-0.018439114577951665,-0.03002309468822173,-0.0333256712341522,0.0,0.012674484833302468,0.03629472815148138,0.040026682527997126,
002446.SZ,20220726,终止,20231213,,,3.01,,80.0,1、新型微波、毫米波组件系统研发生产中心建设项目;2、补充流动资金。,20220726,0,0.017521902377972465,0.0159901599015988,0.016511312463172167,-0.02829028290282909,-0.0004865821388329028,0.07011070110701101,0.0705066411982398,0.2878228782287824,0.40715168589945216,
603363.SH,20221126,终止,20240223,,,14.26,,80.0,1、饲料建设类项目;2、食品建设类项目;3、补充流动资金。,20221125,1,-0.0030349013657057222,-0.012937595129375867,-0.005516804701026445,0.060121765601217625,0.041832141743488815,-0.03272450532724491,-0.014995593912746519,-0.0022831050228311334,-0.05015990356768529,
000863.SZ,20231118,终止,20250724,,,10.2,,80.0,1、用于补充流动资金及偿还银行借款。,20231110,8,0.05205479452054784,0.09895833333333348,0.0884465362009339,0.18229166666666674,0.18151339192694005,0.09895833333333348,0.13496578769666145,-0.2109375,-0.17955575005905433,
000045.SZ,20221231,终止,20240517,,,,,80.0,募集配套资金用于1、支付本次交易现金对价、中介机构费用等并购相关费用;2、补充上市公司和标的公司流动资金;3、偿还债务。,20221216,15,-0.013345195729537407,0.10009017132551845,0.11821456863965296,-0.026149684400360584,-0.028672214629454684,0.07754733994589724,0.05397809274066678,-0.021641118124436365,-0.059790868731485425,True
300123.SZ,20220608,终止,20240329,,,6.8,,80.0,1、微电子研究院建设项目；2、补充流动资金及偿还银行贷款。,20220608,0,0.0033057851239668423,-0.021416803953871355,-0.013912182519444372,-0.008237232289950547,-0.020722964727609483,-0.011532125205930721,-0.03850411601958814,0.029654036243822235,0.04947952201680628,
600449.SH,20220429,终止,20240117,,,5.74,,80.0,募集配套资金用于1、偿还债务及补充流动资金;2、支付重组费用。,20220429,0,-0.08362614195361917,-0.03604294478527614,-0.042546176086303955,-0.046779141104294486,-0.05040674988229177,0.05775107859660111,0.01284567206753695,-0.041463092164350956,-0.11023478242961782,
603790.SH,20230511,终止,20241219,,,,,80.0,募集配套资金用于1、支付本次交易的现金对价;2、投入标的公司募投项目建设;3、补充上市公司/标的公司流动资金或偿还债务。,20230511,0,0.09962756052141541,0.09991532599491926,0.11241549629485559,0.1583403895004234,0.16263721517575336,0.22777307366638433,0.26443744822730575,0.16003386960203203,0.17448450768289891,
300937.SZ,20221214,终止,20240301,,,2.3,,80.0,1、补充公司流动资金及偿还银行贷款。,20221214,0,-0.07778065854290883,0.09221253865617096,0.09492786229462125,-0.06578577452909773,-0.03286893235822741,-0.22265954456002257,-0.21944683149069555,-0.12398088276637631,-0.13765394718722734,
688322.SH,20230707,终止,20240220,,,15.05,,80.0,1、机器人视觉产业技术中台建设项目;2、3D视觉感知产业智能制造基地建设项目。,20230707,0,-0.06637910376228129,-0.026950718685831765,-0.02910311125598808,-0.044917864476386016,-0.05703950038056904,-0.04260780287474342,-0.06924259867225757,-0.1901950718685832,-0.1641282702239405,
920790.BJ,20231027,终止,20240826,,,0.42,,80.0,1、补充流动资金。,20231027,0,0.015810276679842028,-0.0038910505836576847,-0.005133634564513323,-0.017509727626459193,-0.021728299245255545,0.5311284046692608,0.5194535048721767,1.3346303501945522,1.5560746639620122,
600610.SH,20210520,终止,20240301,,,16.6,,80.0,募集配套资金用于1、瓮福集团PPA升级改造扩建项目;2、补充上市公司流动资金及偿还标的公司银行借款;3、支付本次交易的相,20210520,0,0.10000000000000009,0.1005347593582886,0.10697009170763794,0.15935828877005354,0.12662046628743107,0.1721925133689841,0.16615633660933327,0.8128342245989306,0.8080114952928381,
920856.BJ,20231027,终止,20231215,,,,,100.0,1、购买其持有的威艾尔100%股权。,20231013,14,-0.004310344827586077,0.025974025974025983,0.04856974105894207,0.01298701298701288,0.03213892603814594,0.3787878787878789,0.40015561722450665,0.5584415584415583,0.7460190501272987,True
688787.SH,20230622,终止,20240426,,,6.66,,80.0,1、AI大模型训练数据集建设项目;2、数据生产垂直大模型研发项目。,20230621,1,-0.08715669153833938,-0.159391304347826,-0.14677605961938067,-0.2313043478260869,-0.23230329664348692,-0.26347826086956516,-0.2564668143955736,-0.38826086956521744,-0.372532955043563,
002638.SZ,20230425,终止,20240109,,,7.63,,80.0,1、补充流动资金。,20230425,0,-0.05597014925373145,-0.039525691699604626,-0.039298792522805326,0.15019762845849804,0.1261791972588131,0.15810276679841917,0.17698131563668773,0.32015810276679857,0.33378258384031456,
688418.SH,20221029,终止,20240314,,,1.75,,80.0,1、补充流动资金及偿还贷款。,20221028,1,-0.03781882145998228,0.05393053016453386,0.06210516015884848,0.09872029250457048,0.04330809363512156,0.013711151736745864,-0.04700232772029922,0.1288848263254112,0.006859619474857581,
603755.SH,20220829,终止,20240822,,,1.5,,80.0,"1、年产20,000吨预拌粉生产线建设项目;2、智能立体库及信息化系统建设项目。",20220829,0,0.00950251537171587,-0.023809523809523725,-0.019723778563065064,-0.10991140642303432,-0.09855809693217288,-0.03986710963455142,0.005710423607736548,0.015503875968992276,0.04483645871879083,
000790.SZ,20230621,终止,20240808,,,0.91,,80.0,募集配套资金用于1、源创博泰2023年研发平台建设项目;2、博浩达信息化建设项目;3、中介机构费用及交易税费。,20230621,0,0.10007857379103524,-0.08199643493761144,-0.06821970422480039,-0.06238859180035661,-0.06360705297514402,-0.0802139037433156,-0.07145784042733072,-0.07664884135472383,-0.05290932989610264,
000628.SZ,20231019,终止,20240419,,,,,80.0,募集配套资金拟用于1.支付本次重组中的现金对价、交易税费、相关中介机构费用、补充上市公司和标的公司流动资金、偿还债务以及,20231019,0,0.09981628903857942,0.10022271714922049,0.10846035793476183,0.6108017817371938,0.6200161762721761,2.151447661469933,2.104415162331607,1.517260579064588,1.6250586291655877,
688117.SH,20230426,终止,20231021,,,1.6,,80.0,1、多肽创新药CDMO、原料药产业化项目;2、补充流动资金。,20230426,0,-0.12173913043478257,0.04290429042904287,0.035990347113858734,0.06864686468646863,0.027442466397155307,0.2947194719471946,0.3118616474547664,0.17316243505538664,0.1881126465463574,
603876.SH,20220721,终止,20231221,,,27.0,,80.0,1、年产80万吨电池箔及配套坯料项目；2、补充流动资金项目。,20220721,0,0.005546751188589605,0.00614657210401881,0.006770357188550236,0.13383453398112444,0.13018196130845783,-0.004160384207293588,-0.005844432077071082,-0.16728839746095592,-0.10342318852990828,
300965.SZ,20231010,终止,20231220,,,,,80.0,1、西安雷航电子信息技术有限公司60%的股权。,20231010,0,0.06833910034602075,0.003886639676113468,0.0026739049564978856,-0.005991902834008078,-0.008654725818014186,-0.09036437246963558,-0.08501879319723382,-0.13279352226720653,-0.10123272962302132,
605376.SH,20220927,终止,20240830,,,5.43,,80.0,1、补充公司流动资金或偿还银行债务。,20220927,0,0.1000946521533368,-0.01441170144117021,0.0013816404415687433,-0.019143901914390193,0.018404171204439157,0.04925790492579041,0.0933111602632073,0.01763820176382014,0.017077370638684197,
300842.SZ,20240229,终止,20260422,,,2.65,,80.0,1、年产2000吨导电银浆扩建项目;2、年产50吨低温导电银浆的研发和生产项目;3、补充流动资金。,20240229,0,0.026233766233766165,-0.011642622120982105,-0.01551152377819065,-0.028220703619336707,-0.03214649897810351,-0.10908630726398372,-0.10775242108640581,-0.13126195899772208,-0.1527597340271074,
000695.SZ,20240330,终止,20241126,,,4.69,,80.0,1、用于补充流动资金。,20240329,1,-0.008139534883720878,0.029308323563892014,0.017196390303422016,0.05392731535756168,0.05137939005143033,0.010550996483001285,-0.010168129868171394,-0.05744431418522866,-0.04282894753271038,
603815.SH,20230912,终止,20240711,,,,,80.0,募集配套资金用于1、支付本次收购的现金对价、标的公司项目建设投资、补充上市公司流动资金、偿还债务、支付中介机构费用等。,20230912,0,0.017711171662125214,0.0013386880856762762,0.0058250253649609895,-0.038821954484605126,-0.035099421812822995,-0.06291834002677366,-0.038914794637122,0.15127175368139234,0.2165372181621923,
603877.SH,20230322,终止,20240514,,,9.5,,80.0,1、补充流动资金。,20230322,0,0.05752876438219112,-0.017502365184484447,-0.023750605242682465,-0.02696310312204342,-0.019247806585691807,0.05581835383159883,0.024058331948728418,0.11258278145695377,0.12129795913290176,
603458.SH,20220329,终止,20240722,,,9.49,,80.0,用于偿还银行借款及补充流动资金,20220329,0,-0.05629629629629629,-0.009419152276295195,-0.028419490807144676,-0.0627943485086343,-0.07227899872456633,-0.17582417582417587,-0.11254484876319548,-0.16633668919487365,-0.20541645684130738,
603378.SH,20211116,终止,20240919,,,5.9,,80.0,用于补充公司流动资金、偿还银行债务,20211116,0,0.09999999999999987,-0.06598806598806606,-0.07010170254792769,-0.12600912600912606,-0.1423982261510578,-0.03264303264303259,-0.0695612831652147,-0.33871533871533865,-0.32803882791546635,
600791.SH,20230323,终止,20250408,,,7.0,,80.0,1、京能·西山印项目;2、补充流动资金。,20230323,0,-0.008869179600886956,0.011185682326622093,0.01768675372764683,-0.055928411633109576,-0.04857540410011363,-0.09395973154362414,-0.09796905182770321,-0.06711409395973145,-0.04122468844019811,
688499.SH,20230301,终止,20240912,,,9.92,,80.0,1、智能制造数字化整体解决方案建设项目;2、补充流动资金及偿还银行贷款。,20230301,0,-0.011384615384615215,-0.03703703703703709,-0.03654424858829941,-0.060130718954248485,-0.05180052186754558,-0.21861188920012453,-0.20117783436570502,-0.4546529723000312,-0.4397458048329089,
301035.SZ,20230131,终止,20241111,,,24.57,,80.0,"1、年产8000吨烯草酮项目;2、年产6万吨全新绿色连续化工艺2,4-D及其酯项目;3、年产1000吨二氯吡啶酸项目;4",20230131,0,-0.03180044922567671,-0.03956043956043964,-0.048113117539645534,-0.08742368742368756,-0.08529537830362266,-0.053724053724053755,-0.06063042007175301,-0.2040629950610381,-0.20611895597824847,
603100.SH,20240314,终止,20240716,,,6.6,,,1、智能调节阀建设项目；2、补充流动资金。,20240314,0,0.009976720984369969,0.007573263088574311,0.002163054735697001,-0.028646690813302733,-0.040919669557729854,-0.08100098781692455,-0.0867552791381957,-0.1284162001975635,-0.12680657854328248,
603332.SH,20240311,终止,20240311,,,1.2,,80.0,1、高端差别化聚酯纤维建设项目。,20240311,0,-0.007682458386683799,0.006451612903225712,0.010575122328064124,0.04645161290322575,0.04086447917347669,0.18967741935483895,0.20583689028835894,-0.024516129032258083,-0.011497962337525647,
002256.SZ,20230412,终止,20240516,,,1.95,,80.0,1、和县光储充一体化及分布式光伏发电项目;2、年产1GW“板块互联”BIPV光伏组件项目;3、补充流动资金及偿还债务。,20230412,0,-0.007812499999999889,-0.003937007874015852,-0.0012901961374701676,-0.007874015748031593,-0.020517017205238464,-0.0551181102362206,-0.05042474752061221,-0.08267716535433067,-0.045065087016568306,
002876.SZ,20240309,终止,20240326,,,4.95,,80.0,1、补充公司流动资金及偿还银行贷款。,20240308,1,0.010901467505241014,0.04852758191621742,0.040860866430182385,0.03359601824968883,0.0306803886617395,0.0472832849440068,0.04641836343805328,-0.028820529941689932,-0.0304945554650784,
002873.SZ,20240308,终止,20240727,,,,,80.0,1、购买汇伦医药85.12%的股权。,20240308,0,0.10010427528675714,0.10047393364928903,0.09242739229491859,0.24170616113744092,0.23820348198714592,0.21232227488151656,0.21132105236343945,-0.15165876777251186,-0.153121056586346,
300173.SZ,20230221,终止,20250321,,,5.0,,80.0,1、补充流动资金和偿还债务。,20230221,0,-0.014056224899598457,-0.014256619144602967,-0.00965132851917938,-0.03054989816700615,-0.022592858740288935,-0.048879837067209886,-0.03401754421332526,-0.06109979633401219,-0.058236216870801605,
600655.SH,20230304,终止,20240529,,,42.5,,80.0,1、珠宝时尚线下销售渠道及品牌拓展项目;2、珠宝时尚电商销售平台建设和供应链平台升级项目;3、集团数字化建设项目;4、补,20230303,1,0.0025510204081633514,-0.007633587786259666,-0.005731676523833329,-0.058524173027989845,-0.029867814986151875,0.03435114503816794,0.051901575380970844,-0.08524583496707305,-0.04991939480455909,
688071.SH,20240229,终止,20250301,,,3.81,,80.0,1、用于补充流动资金。,20240229,0,0.06963059823471718,0.017726161369193028,0.013742296301321177,-0.05715158924205377,-0.06096050956867527,0.055929095354523284,0.05751004448155972,-0.1885696821515892,-0.20864932135445213,
000705.SZ,20240229,终止,20240413,,,8.0,,80.0,1、浙江震元生物科技有限公司生物定向合成年产2400吨组氨酸(盐酸组氨酸)、1000吨左旋多巴、1000吨酪氨酸等系列产,20240229,0,0.025503355704697972,-0.003926701570680646,-0.007825807016996311,0.04057591623036649,0.036372196190645134,-0.002617801047120394,-0.0011245090034659455,0.009162303664921323,-0.015810407495850498,
603895.SH,20220119,终止,20250314,,,5.82,,80.0,1、锂电智能成套设备制造基地建设项目;2、新能源汽车动力电池设备技术研究中心建设项目;3、补充流动资金。,20220119,0,-0.03432343234323432,-0.012645249487354793,-0.011779642144395308,0.011619958988380086,0.041629463590899585,0.0601503759398494,0.08112555337000127,-0.3239917976760083,-0.2207899328816597,
300022.SZ,20240228,终止,20250418,,,1.22,,80.0,1、用于补充流动资金。,20240228,0,-0.08133971291866027,0.0390625,0.01930978558530949,0.05989583333333326,0.031278518329150184,0.05729166666666674,0.044827153939536624,0.0234375,-0.026949553218535316,
688159.SH,20230308,终止,20240524,,,4.14,,80.0,1、补充流动资金或偿还贷款。,20230308,0,0.11481481481481493,-0.005695301376364537,-0.003523979269523414,-0.07403891789273853,-0.06838292820833791,0.053630754627432387,0.04428597551730307,0.30564784053156147,0.3415677185957353,
300670.SZ,20230301,终止,20240415,,,6.0,,80.0,1、储能产品(电池管理系统、混合储能电源模块及系统)生产线建设项目；2、一二次融合配电自动化产品产业化项目；3、小试车间,20230301,0,0.002450980392156632,-0.019559902200488866,-0.01905816997042653,-0.033007334963325086,-0.024436739409665953,-0.028117359413202814,-0.006433058085318577,0.0672371638141811,0.09641030003757578,
002219.SZ,20221208,终止,20250429,,,6.86,,80.0,1、补充流动资金及偿还借款。,20221208,0,0.031088082901554293,0.10050251256281406,0.09720805720415071,0.0678391959798994,0.07751184795053967,0.02010050251256268,0.03293024377520726,0.32160804020100486,0.30821768597558297,
300422.SZ,20240222,终止,20250121,,,6.5,,,1、补充公司流动资金。,20240222,0,0.03722084367245637,0.052631578947368585,0.046843382308213055,0.035885167464114964,0.026673218454625225,0.14593301435406714,0.11288011253486263,0.21052631578947367,0.1607947786634769,
002813.SZ,20230206,终止,20240914,,,25.0,,80.0,募集配套资金用于1、补充上市公司和标的公司流动资金或偿还债务;2、墨西哥生产基地建设项目。,20230206,0,0.10017636684303355,0.10003206155819178,0.09684985031159199,0.01859570375120212,0.004495446408827375,-0.005129849310676504,-0.030084693703568033,-0.050977877524847726,-0.07824463059032183,
300109.SZ,20240221,终止,20240308,,,6.23,,80.0,1、补充流动资金。,20240221,0,-0.018033740546829713,0.005924170616113722,-0.006665947278811202,0.0165876777251186,0.01421730863714954,0.13862559241706163,0.09103125362441844,0.3110189573459716,0.22485669213368364,
600678.SH,20230217,终止,20240530,,,5.03,,80.0,1、洛阳金鼎环保建材产业基地项目;2、金顶顺采废石(尾矿)综合利用生产线建设项目;3、补充流动资金。,20230217,0,0.0,0.018151815181518316,-0.0023681779972826167,0.011551155115511635,-0.001804073187644084,-0.026402640264026167,-0.03434636943928149,-0.10396039603960394,-0.12387831798464766,
002623.SZ,20231108,终止,20240819,,,8.12,,80.0,募集配套资金用于1、支付现金对价;2、≤1.6mm超薄光伏玻璃建设项目;3、屋顶分布式光伏电站建设项目;4、钙钛矿技术研,20231108,0,0.01523947750362864,-0.00035739814152968563,-0.0006542186821616447,0.016797712651894114,0.010026792797749762,-0.06969263759828448,-0.043547186820267814,-0.27376697641172265,-0.1999489153075763,
300613.SZ,20230518,终止,20240524,,,3.04,,80.0,募集配套资金用于1、支付本次交易的现金对价;2、支付交易税费及中介机构费用。,20230518,0,-0.04697198456634788,0.06072874493927105,0.06517971103893161,0.02904418236226025,0.05992244632459931,0.11905957828626978,0.13431468220243215,-0.07053972555967669,-0.03577220231077205,
300635.SZ,20230531,终止,20240402,,,2.76,,80.0,1、补充流动资金及偿还银行贷款。,20230531,0,0.008955223880596996,-0.004437869822485285,-0.004459647315464665,-0.02144970414201186,-0.019367083039762645,0.008136094674556116,0.008923854900984463,0.08579881656804722,0.13558335674260613,
688786.SH,20230119,终止,20240822,,,2.6,,80.0,1、补充流动资金。,20230119,0,0.028571428571428692,0.012230514096185585,0.004623811280533019,0.10178275290215577,0.08656177103094942,0.07379767827529005,0.05838139603204828,-0.08789386401326704,-0.10474153468749126,
300266.SZ,20230202,终止,20250308,,,12.07,,80.0,1、用于补充流动资金及偿还借款。,20230202,0,0.0821529745042493,-0.01308900523560197,-0.006355800967621894,-0.02094240837696315,-0.01636565501637044,-0.010471204188481797,-0.017938459856256528,-0.05759162303664922,-0.06825532769956433,
002392.SZ,20220527,终止,20240524,,,5.15,,80.0,用于补充公司流动资金,20220527,0,-0.0028409090909091717,0.008547008547008517,0.002519126705300634,0.0370370370370372,0.003028790539366888,0.04843304843304863,-0.028805394724374045,0.1766381766381766,0.12367001799258093,
688269.SH,20230207,终止,20240514,,,8.41,,80.0,1、PVC绿色合成用金基催化材料生产及循环利用项目;2、高端功能催化材料产业化项目;3、补充流动资金。,20230207,0,-0.004036087369420627,-0.000238379022646118,0.004706968495070019,0.010727056019070202,-0.003141550628223966,0.021454112038140627,0.009948002960036506,-0.2519666269368296,-0.2843357483196055,
002915.SZ,20240125,终止,20250118,,,6.36,,80.0,"1、中欣高宝新型电解液材料建设项;2、年产2,000吨BPEF、500吨BPF及1,000吨9-芴酮产品建设项目;3、浙",20240125,0,-0.0626276378488767,0.10021786492374729,0.09866255566982107,-0.11328976034858385,-0.06996828904171726,0.012345679012345734,-0.028091589608981282,-0.13725490196078427,-0.19247254223415278,
002052.SZ,20240122,终止,20240521,,,,,80.0,募集配套资金用于1、支付本次交易的现金对价、标的公司在建项目、上市公司或标的公司补充流动资金和偿还债务等。,20240122,0,0.04950495049504955,0.05188679245283012,0.04633068724577494,0.12264150943396213,0.07318748910958472,0.05660377358490565,-0.03419738696300012,-0.1367924528301887,-0.22966201412316678,
002302.SZ,20211222,终止,20250206,,,14.84,,80.0,1、补充流动资金及偿还银行贷款。,20211222,0,0.10024752475247545,-0.04161979752530953,-0.04707053464981681,-0.0944881889763779,-0.08803919312420116,-0.07199100112485946,-0.05435655783044957,-0.11361079865016888,-0.01206520351461804,
300542.SZ,20231202,终止,20241214,,,5.85,,80.0,1、新一代银行数字化智能平台应用软件开发项目;2、智能化机场起降安全管理系统研发升级项目;3、研发中心建设项目;4、补充,20231201,1,0.03786191536748329,0.01788268955650918,0.02081958204028167,-0.03576537911301869,-0.015608781464213073,-0.06294706723891286,-0.04508723436442885,-0.2660944206008584,-0.2699850825417971,
603958.SH,20240116,终止,20241001,,,,,80.0,募集配套资金用于1、支付本次并购交易中的现金对价、支付中介机构费用和标的资产项目建设。,20240116,0,0.10033076074972436,0.1002004008016033,0.12364142373151821,0.6112224448897794,0.6827496458829874,0.6993987975951903,0.6665925936310899,-0.044088176352705566,-0.09750004314788185,
300499.SZ,20230111,终止,20241025,,,3.94,,80.0,1、用于补充流动资金和偿还银行贷款。,20230111,0,0.12124060150375926,0.07711651299245603,0.07656720398613936,0.056160938809723504,0.035666528340377424,0.22632020117351237,0.1819646077193411,0.32271584241408213,0.26032374288211546,
920735.BJ,20240111,终止,20240729,,,1.5,,80.0,1、原料药和制剂生产综合基地项目一期工程。,20240111,0,0.014238410596026485,-0.08259875938622263,-0.08111113774089984,-0.1008814887365328,-0.08796988050906118,-0.16258570029382968,-0.15652344582689448,-0.19653934051583422,-0.22871388466656295,
000801.SZ,20240105,终止,20240529,,,,,80.0,募集配套资金用于1、支付本次交易相关税费及中介机构费用、补充上市公司及标的公司流动资金和偿还债务等。,20240105,0,0.06233766233766236,-0.07701711491442542,-0.06370543112923843,-0.05134474327628358,-0.035805895788990294,-0.07457212713936423,-0.007107344009455341,0.4779951100244497,0.4300758709468455,
000534.SZ,20221029,终止,20240607,,,12.0,,80.0,1、万泽珠海生物医药研发总部及产业化基地建设项目;2、偿还银行贷款和补充流动资金。,20221028,1,0.02149093351242448,0.09664694280078878,0.10515289526654881,0.1643655489809337,0.10564263670105678,-0.011176857330703616,-0.07039973700036883,0.0782380013149242,-0.03831260869978981,
000691.SZ,20230704,终止,20250210,,,3.21,,80.0,1、偿还债务和补充公司流动资金。,20230704,0,0.10091743119266039,-0.05208333333333337,-0.045494483376895434,-0.029166666666666563,-0.021938955452425857,0.03125,0.016960778611812666,-0.06666666666666643,-0.023621397208398842,
002276.SZ,20230524,终止,20240720,,,16.49,,80.0,"1、青岛万马高端装备产业项目(一期);2、浙江万马专用线缆科技有限公司年产16,000公里电线电缆建设项目;3、浙江万马",20230524,0,0.0049261083743843415,0.007352941176470562,0.008450806744258799,-0.0032679738562092497,-0.0032104323616970465,-0.06333174295359179,-0.061325869405866706,-0.127307333189686,-0.107023221502764,
600179.SH,20240613,终止,20250528,,,,,80.0,1、购买其分别持有的中外运集装箱运输有限公司100%股权和广州招商滚装运输有限公司70%股权。,20240613,0,0.09952606635071093,0.09913793103448287,0.09779162326999957,0.06034482758620707,0.06862941515229903,-0.04741379310344829,-0.028643140813540136,-0.0775862068965516,0.00200920228785062,
600807.SH,20230626,终止,20241218,,,4.0,,80.0,1、补充流动资金。,20230626,0,-0.03678929765886285,0.01736111111111094,0.004977184506768539,0.04513888888888884,0.015061563809318335,0.0972222222222221,0.09252635669885456,0.1284722222222221,0.13738431456498867,
300071.SZ,20220523,终止,20240621,,,2.62,,80.0,用于补充流动资金,20220523,0,-0.019553072625698498,-0.11965811965811957,-0.09789125816803057,-0.14245014245014243,-0.14305017069225445,-0.10256410256410253,-0.14595009532162628,-0.03988603988603967,-0.07826482602743012,
605222.SH,20240531,终止,20250618,,,10.0,,80.0,1、起帆平潭海缆基地项目;2、补充流动资金。,20240531,0,-0.008648648648648671,-0.014176663031624903,-0.011510847323657258,-0.10959651035986917,-0.09922701481581575,-0.1449476468784079,-0.11865617370710735,-0.187892967898037,-0.12211344849253236,
300197.SZ,20230424,终止,20240925,,,5.55,,80.0,募集配套资金1、支付本次并购交易中的现金对价、标的公司项目建设、上市公司补充流动资金等。,20230424,0,-0.05904059040590415,-0.03137254901960773,-0.028245138974974382,0.07058823529411762,0.04660852065701082,-0.015686274509803977,0.007113907958761656,-0.0039215686274508554,0.031100645434092744,
002579.SZ,20240426,终止,20250424,,,3.0,,80.0,1、中京新能源动力与储能电池FPC应用模组项目(一期);2、补充流动资金及归还银行贷款。,20240426,0,0.012729844413012836,0.030726256983240052,0.02264495213102391,0.009776536312849249,-0.00308390705344741,-0.04050279329608941,-0.047405798451292225,-0.1089385474860336,-0.04661913171290033,
002769.SZ,20240521,终止,20251218,,,5.49,,80.0,1、补充流动资金及偿还银行贷款。,20240521,0,-0.01125401929260439,-0.001626016260162677,-0.0018075135214331572,0.04552845528455274,0.06179978916153828,-0.09268292682926838,-0.050619754298377395,-0.20487804878048788,-0.11916074790128228,
603069.SH,20220528,终止,20240903,,,7.38,,80.0,募集配套资金用于1、支付现金对价；2、补充流动资金支付本次交易相关税费及中介机构费用。,20220513,15,0.05253940455341488,0.0998336106489186,0.07721002580340697,0.6098169717138104,0.534166556598098,2.6314475873544096,2.2955818417501175,1.3419301164725455,1.2250852478957066,True
600721.SH,20210529,终止,20240720,,,3.39,,80.0,用于补充流动资金,20210528,1,0.0,0.035040431266846195,0.030834141393982106,0.10242587601078168,0.10516969079870209,0.3881401617250675,0.3859893439044093,0.34231805929919146,0.39005300597087,
603085.SH,20230429,终止,20250320,,,1.76,,80.0,1、武汉乘用车座椅智能化生产基地建设项目。,20230428,1,-0.016343207354443168,-0.02803738317757032,-0.03592344635213296,-0.04049844236760136,-0.03930627458115743,-0.03011422637590866,0.005814317972917982,0.13499480789200402,0.15139956202284344,
000670.SZ,20231123,终止,20241101,,,2.2,,80.0,募集配套资金用于1、支付标的资产的现金对价;2、支付本次交易中介机构费用及相关税费。,20231123,0,0.09958506224066399,0.10062893081760982,0.10818772687798095,-0.1081761006289309,-0.09870246525392534,-0.13584905660377378,-0.09346886748904981,-0.3433962264150945,-0.32468545158118267,
300489.SZ,20230525,终止,20241014,,,5.51,,80.0,1、补充流动资金。,20230525,0,-0.005720823798627039,0.06156501726121988,0.0578496927973009,0.02013808975834297,0.01906403719015004,0.046605293440736606,0.06342794584985789,0.15650172612197943,0.19698997313045963,
603121.SH,20230426,终止,20240926,,,2.24,,80.0,1、压力传感器产能扩充项目;2、磁类传感器产能扩充项目;3、MEMS压力传感芯片及模组产业化项目;4、补充流动资金。,20230426,0,0.100145137880987,0.02242744063324542,0.01564924877681073,0.02110817941952514,-0.018263243930527806,0.04485488126649084,0.05868883228267174,0.10686015831134577,0.12096544583438407,
301079.SZ,20240509,终止,20250527,,,1.5,,80.0,1、补充流动资金。,20240509,0,0.035923141186299024,-0.03790322580645167,-0.03797248841803014,-0.011290322580645218,-0.001183125246120853,-0.10173470140990604,-0.07064354646103332,0.3736276174306734,0.4913452236019682,
688400.SH,20240430,终止,20240813,,,3.0,,80.0,1、用于主营业务相关项目及补充流动资金。,20240430,0,-0.04828973843058337,0.012156448202959691,0.0005883166847739929,-0.04334038054968281,-0.05841946995434999,-0.09672304439746304,-0.09145255685356002,-0.25994953827734546,-0.20544615412421607,
002374.SZ,20230620,终止,20240621,,,8.3,,80.0,1、偿还有息负债。,20230620,0,0.02010050251256268,-0.02463054187192104,-0.011678985596740077,-0.044334975369458074,-0.026922574076310823,-0.051724137931034364,-0.03052898066713805,-0.059113300492610765,-0.02486284587770815,
603903.SH,20230422,终止,20240528,,,3.0,,80.0,1、焦作市城乡一体化示范区污水处理工程EPC项目;2、补充流动资金。,20230421,1,-0.018220793140407254,-0.004366812227074246,0.003489186977116976,0.024017467248908186,0.017233226494874243,0.0010917030567685337,0.031238664996373844,0.0149192268425975,0.05769545780018137,
002535.SZ,20230428,终止,20250513,,,6.0,,80.0,1、补充流动资金。,20230428,0,-0.02547770700636942,-0.0032679738562092497,-0.011355004766900878,-0.042483660130718914,-0.04129395895065768,-0.019607843137254943,0.016709900709493075,0.5261437908496729,0.5410919357700963,
002879.SZ,20240315,终止,20250318,,,2.26,,80.0,1、收购双江能源部分股权；2、向双江能源增资。,20240315,0,0.020083102493074767,-0.022403258655804503,-0.032002093977809176,-0.041412084181941755,-0.03933570123242125,-0.1513917175831635,-0.13796786826749685,-0.07340078981345921,-0.06149675372935315,
603278.SH,20230217,终止,20240704,,,6.0,,80.0,1、年产20万吨子午线轮胎用高性能胎圈钢丝项目(第一期);2、补充流动资金。,20230217,0,0.005221932114882533,0.016883116883116944,-0.0036113067489415007,0.0714285714285714,0.057282798266641066,0.03116883116883118,0.02275536758775565,0.14285714285714302,0.11745275306772651,
300807.SZ,20230418,终止,20240618,,,0.7,,80.0,1、智能座舱研发及产业化项目。,20230418,0,-0.007335907335907166,-0.008168028004667538,-0.0013393924114734057,-0.09062621548035787,-0.0548460340807333,-0.04939712174251265,-0.017612474481157547,0.2874367950213925,0.36614922289533935,
601388.SH,20220426,终止,20240828,,,15.0,,80.0,用于马来西亚年产130万吨铝合金锭扩建项目,20220426,0,-0.05714285714285716,0.07575757575757569,0.04962755871021174,0.003030303030303161,-0.03544424823505832,0.11212121212121207,0.02549832072965974,0.19894091511822154,0.06468946789698737,
300377.SZ,20220427,终止,20241206,,,10.09,,80.0,1、资管AMS平台信创项目;2、托管ACS平台信创项目;3、金融科技中台创新项目。,20220427,0,-0.010727056019070313,-0.050602409638554224,-0.05609136285635252,-0.012048192771084487,-0.027129503748385853,-0.014457831325301318,-0.07416466826716772,0.07565049260275125,-0.029095341932011576,
600265.SH,20240427,终止,20250325,,,3.0,,80.0,1、补充流动资金和偿还有息负债。,20240426,1,0.010720667063728317,0.018267530936947773,0.010283907464795572,0.015321154979375473,0.0023900957374030085,0.1054802592810844,0.09752699388804897,-0.18090748379493204,-0.12488126535875166,
002527.SZ,20240427,终止,20250217,,,3.0,,80.0,1、用于公司主营业务相关项目建设及补充流动资金。,20240426,1,0.027814569536423805,0.012886597938144506,0.004945163126325758,-0.04252577319587625,-0.054720098005071605,-0.1481958762886596,-0.15432409450140616,-0.28865979381443296,-0.23890979515793753,
600793.SH,20221104,终止,20250103,,,3.99,,80.0,1、补充流动资金及偿还债务。,20221104,0,0.004051863857374549,0.025020177562550483,0.02268207342621098,0.09685230024213087,0.09099153572785901,0.07183212267958039,0.042847859653818876,0.0847457627118644,0.02851009533857951,
002715.SZ,20240427,终止,20240718,,,,,80.0,募集配套资金1、用于支付本次交易的现金对价、支付中介机构费用、补充上市公司流动资金或偿还债务等。,20240412,15,0.05213270142180115,-0.10010010010010018,-0.12714866905785305,-0.21871871871871884,-0.2459410718027093,-0.32682682682682684,-0.3466354683087274,-0.35035035035035034,-0.3204795672042827,True
300786.SZ,20240426,终止,20250425,,,3.0,,80.0,1、用于主营业务相关项目及补充流动资金。,20240426,0,0.033605812897366194,0.04305799648506148,0.03488000587792528,0.06326889279437609,0.04972717451593667,0.12478031634446407,0.11668819865204383,-0.0852372583479789,-0.02126021224195851,
600191.SH,20230428,终止,20250401,,,2.96,,80.0,1、年产10000吨黄原胶建设项目;2、补充流动资金。,20230428,0,0.05989110707803991,0.03424657534246589,0.025855168419954833,0.022260273972602773,0.023530418620412163,-0.03424657534246578,0.0015288898632828118,0.06164383561643838,0.0769884045754412,
920510.BJ,20240301,终止,20250321,,,3.1,,80.0,1、年产30万套谐波减速器生产项目;2、研发中心建设项目;3、补充流动资金。,20240301,0,0.08756497401039565,0.025735294117646967,0.021589195391551463,-0.05882352941176472,-0.06469388752684557,-0.2551470588235293,-0.2586118677205197,-0.36292343309795694,-0.3752639001844268,
300317.SZ,20220609,终止,20240906,,,11.33,,80.0,1、补充流动资金。,20220609,0,-0.057283142389525366,0.0659722222222221,0.05108361875786094,0.0277777777777779,0.013252863638267609,0.14236111111111116,0.09976745705654055,-0.02256944444444442,-0.006005312728349366,
300005.SZ,20240426,终止,20240520,,,3.0,,80.0,1、合理合法使用。,20240426,0,0.07900207900207912,0.052023121387283267,0.043774840626110256,0.10404624277456653,0.08998518701779479,0.11175337186897871,0.10375497520486632,-0.1294780517097549,-0.06859513607909873,
002518.SZ,20230701,终止,20240731,,,12.51,,80.0,1、光伏逆变器、储能变流器生产基地建设项目;2、光储系统集成产品生产基地建设项目;3、福州研发中心建设项目。,20230630,1,0.02510889059697652,0.038490377405648646,0.025072907899536645,-0.042489377655585914,-0.04085595897722305,-0.16495876030992263,-0.18378671636024568,-0.30092476880779806,-0.2853850527288979,
000017.SZ,20240423,终止,20240531,,,3.0,,80.0,1、合理合法使用。,20240423,0,-0.01846590909090917,0.02026049204052094,0.012605645684276467,0.03039073806078152,0.0028965007935473075,-0.01447178002894356,-0.035814513309125995,-0.1751085383502171,-0.15903434246000103,
600989.SH,20230421,终止,20241108,,,100.0,,80.0,1、260万吨/年煤制烯烃和配套40万吨/年植入绿氢耦合制烯烃项目(一期)。,20230421,0,-0.0776906628652887,0.016228748068006338,0.024247255620929886,0.018547140649149974,0.011799141476771524,-0.006955177743431129,0.02294945973331486,0.05997255355868081,0.10464766617900567,
002324.SZ,20230420,终止,20240827,,,3.0,,80.0,1、天津普利特新材料有限公司新材料北方智能制造基地(一期)项目;2、补充流动资金。,20230420,0,-0.016778523489932806,-0.02116040955631404,-0.0016582332486350104,-0.01979522184300353,0.0044114377251769366,-0.020422619430926492,0.016027600956820987,-0.07042901718025685,-0.012502732003581984,
002823.SZ,20230425,终止,20240829,,,2.8,,80.0,1、惠州市凯中精密技术有限公司新能源精密连接器扩产项目;2、深圳市凯中精密技术股份有限公司新能源精密连接器生产线技改项目,20230425,0,-0.05263157894736825,0.006666666666666599,0.006904478168758832,0.033333333333333215,0.011755262783604836,0.10888888888888881,0.12696518889029118,0.1749981560507876,0.18712453705392584,
300036.SZ,20230331,终止,20240429,,,3.0,,80.0,1、SuperMap GIS 12基础软件升级研发与产业化项目。,20230331,0,0.0060189165950126355,0.050854700854700896,0.043351747305316435,0.017948717948718107,0.004900238705875193,-0.12094017094017084,-0.1412996889205893,0.0034188034188034067,0.012353506312787754,
600322.SH,20240412,终止,20250522,,,4.98,,80.0,1、补充流动资金及偿还借款。,20240412,0,-0.022727272727272596,-0.03488372093023273,-0.04684883245374505,-0.08720930232558144,-0.10084416215310266,0.029069767441860517,-0.0040556425017757025,-0.244186046511628,-0.23169610688209497,
688687.SH,20230422,终止,20250429,,,3.0,,80.0,1、抗体生产基地建设项目;2、补充流动资金。,20230421,1,-0.022435897435897467,-0.03344262295081957,-0.0258160451326489,-0.07049180327868843,-0.076649908575805,-0.10032786885245892,-0.0732350646537906,-0.3126787753985746,-0.28370995633593243,
600719.SH,20230705,终止,20240829,,,30.0,,80.0,募集配套资金全部用于1、年产60万吨功能性聚酯薄膜、功能性薄膜项目。,20230705,0,0.10103092783505163,0.09925093632958815,0.10520815098919023,0.610486891385768,0.6239976863553605,0.595505617977528,0.5765536922353596,0.348314606741573,0.3984889021322686,
300665.SZ,20230313,终止,20241122,,,0.88,,80.0,1、补充流动资金。,20230313,0,0.030084235860409203,-0.010514018691588856,-0.0033845511829825314,0.01635514018691575,0.026969889437379546,-0.09929906542056088,-0.11149707190307034,-0.04205607476635531,-0.031001526220231113,
688327.SH,20230331,终止,20240822,,,18.52,,80.0,1、云从“行业精灵”大模型研发项目。,20230331,0,0.15439024390243894,0.20008451299387287,0.19151607974710227,-0.0038030847242763732,-0.01657274054441782,-0.2831185294739066,-0.2997219058386471,-0.48797802662159306,-0.48341884934512513,
688031.SH,20230608,终止,20250103,,,8.86,,80.0,1、数据分析大模型建设项目;2、智能量化投研一体化平台建设项目;3、数据要素安全与流通平台建设项目;4、AI知识助理建设,20230608,0,-0.017276264591439716,0.000950269242952162,-0.004569599370847444,0.11086474501108645,0.09741351448673097,-0.008473234082990277,-0.005412424671282223,-0.32507127019322135,-0.3173119252283372,
920149.BJ,20240403,终止,20241220,,,1.1,,80.0,1、分布式光伏电站系统集成项目;2、补充流动资金。,20240403,0,-0.0068728522336769515,-0.06401384083044981,-0.057181198383038145,-0.0657439446366781,-0.05032838331688727,0.0795847750865053,0.059161425263296596,-0.07494159355156538,-0.039995383309080035,
301116.SZ,20230407,终止,20240927,,,4.5,,80.0,1、补充流动资金。,20230407,0,0.0071289695398573105,-0.0045045045045044585,-0.0008148426830566491,-0.035392535392535285,-0.038428627275436944,-0.005791505791505669,-0.0032469088156557024,0.011098780559858579,0.05254608833799801,
600206.SH,20240402,终止,20240418,,,3.2,,80.0,1、用于偿还国拨资金专项债务。,20240402,0,-0.0035211267605632646,0.005300353356890497,0.00715508307224777,-0.007067137809187329,0.00625560396685465,-0.12367491166077738,-0.14393657706440233,-0.20712655769137955,-0.1825130911953221,
002154.SZ,20240928,终止,20250416,,,8.0,,80.0,1、补充流动资金及偿还银行借款。,20240927,1,0.052910052910052796,0.10050251256281406,0.018383224848173896,0.03015075376884413,-0.01153536704596414,-0.007537688442210921,-0.06349557671333317,0.18592964824120606,0.07689376106429191,
300008.SZ,20220924,终止,20251010,,,7.9,,80.0,1、智能无人特种船艇研制项目;2、多功能海上新能源作业船项目;3、绿色低碳智能航运项目;4、补充流动资金。,20220923,1,-0.01154734411085434,-0.0490654205607477,-0.03748940536180745,-0.10046728971962626,-0.08143826444295388,-0.06074766355140204,-0.0052015836029057905,-0.0981308411214955,-0.08554583901939117,
002208.SZ,20240925,终止,20250317,,,,,90.0,1、购买兴泰集团持有的标的公司交易集团100%股权。,20240925,0,0.09940357852882697,0.09945750452079549,0.06111807205863751,0.31826401446654606,0.17160545612157097,0.36347197106690765,0.20904596768530426,0.3236889692585896,0.12980028399980825,
601678.SH,20220928,终止,20241109,,,14.0,,80.0,1、24/74.2万吨/年环氧丙烷/甲基叔丁基醚(PO/MTBE)项目。,20220928,0,-0.05018587360594784,0.001956947162426559,0.0032293897075057476,0.04109589041095907,0.04782705948042376,0.005870841487279677,0.01983572003600953,0.011741682974559575,-0.002130819342258561,
002693.SZ,20240911,终止,20250311,,,,,80.0,募集配套资金1、用于支付本次交易的现金对价、中介机构费用、交易税费等。,20240911,0,0.09961685823754807,0.09930313588850148,0.10119339039378494,0.6080139372822297,0.5991897059671738,3.498257839721254,2.753824614262639,2.7804878048780486,2.0336329768491126,
000555.SZ,20240329,终止,20250417,,,3.0,,80.0,1、OneBox海外银行整体业务系统项目;2、“乾坤”企业级数智底座项目;3、补充流动资金。,20240329,0,0.03896103896103886,0.012500000000000178,0.0005858512988947684,-0.046666666666666634,-0.048971400674205245,0.12583333333333324,0.10275059612870208,-0.2144426919032597,-0.20226175845053274,
300641.SZ,20240831,终止,20241122,,,4.28,,80.0,1、6.5万吨/年偏苯三酸酐绿色化升级改造项目;2、补充流动资金。,20240830,1,0.016272965879265078,-0.08212809917355368,-0.07194732534105142,0.0025826446280992066,0.030279785013000327,0.4101239669421488,0.1484620778580561,0.19941692440298153,0.008936148325069837,
301030.SZ,20240829,终止,20250328,,,4.2,,80.0,1、用于补充流动资金和偿还银行贷款。,20240829,0,0.04874371859296489,0.04072831816003819,0.03373150389844404,0.13464302827024444,0.14880082590691512,0.3890752275994249,0.175336330094938,0.48346909439386665,0.24495021902995506,
002150.SZ,20230727,终止,20241128,,,17.0,,80.0,1、18GW光伏、储能逆变器扩产项目和5GWh储能系统项目;2、补充流动资金及偿还银行贷款。,20230727,0,0.021091811414392092,-0.023086269744836074,-0.04075664233708487,-0.055893074119076624,-0.07425212682820304,-0.17010935601458077,-0.1339150400491803,-0.22053462940461732,-0.16916405912925014,
688488.SH,20240823,终止,20260114,,,1.0,,80.0,1、补充流动资金。,20240823,0,0.0026350461133071157,0.011826544021024787,0.011418060271163988,0.08409986859395535,0.08873547661145897,-0.06307490144546657,-0.06594085685438611,0.20893561103810754,0.058590043988495655,
601107.SH,20240815,终止,20250214,,,,,80.0,1、购买蜀道创投持有的荆宜公司85%的股权。,20240815,0,-0.018329938900203624,0.018672199170124415,0.01793921136487886,0.0767634854771786,0.08756830623263512,-0.06846473029045641,-0.013530020988969493,0.07468879668049788,-0.06967354073524157,
600610.SH,20240814,终止,20251113,,,2.1,,80.0,1、补充流动资金及偿还借款。,20240814,0,-0.03149606299212593,0.005420054200542035,-0.0039109842244559045,-0.046070460704607075,-0.04805072887317785,-0.05691056910569103,-0.012261626360557165,0.3685636856368564,0.17130651289452348,
300027.SZ,20240810,终止,20240819,,,10.29,,80.0,1、影视剧项目;2、补充流动资金。,20240809,1,-0.016949152542372836,-0.011494252873563204,-0.01011449031976941,0.1839080459770115,0.17682140545254188,0.17816091954022983,0.21921946124455016,0.9195402298850575,0.6055361561135955,
600157.SH,20240808,终止,20250208,,,3.5,,80.0,1、份购买山西昕益能源集团有限公司持有的山西灵石昕益天悦煤业有限公司51.0095%股权。,20240808,0,0.09999999999999987,0.04132231404958686,0.04412638085661258,-0.05785123966942152,-0.06029276153620233,-0.11570247933884281,-0.08982754397648962,0.4628099173553719,0.20981001303579516,
001339.SZ,20240426,终止,20241130,,,3.0,,80.0,1、新一代AI基础设施产业化项目;2、集团数智化体系升级项目;3、补充流动资金。,20240426,0,0.03328402366863914,0.009305654974946176,0.0013922961838439551,-0.013600572655690812,-0.02616328679661306,-0.042830111906704715,-0.04971637340465185,-0.01629186847511832,0.0525071081554529,
000078.SZ,20240730,终止,20250607,,,14.88,,80.0,1、补充流动资金和偿还有息负债。,20240730,0,-0.008333333333333193,0.03361344537815114,0.012703866856533796,0.01680672268907557,0.021067845471993696,-0.08403361344537819,-0.07420480724184586,0.16806722689075615,0.02542547679066698,
300031.SZ,20230729,终止,20240903,,,3.03,,80.0,"1、建设泰国年产1,000万平方数字化输送带项目。",20230728,1,0.00047892720306519365,-0.003350885591191899,-0.00792799656386578,-0.0076591670655816735,-0.011328591351380979,-0.09047391096218282,-0.02758901736322772,-0.23360459550023926,-0.16908488131877397,
300275.SZ,20240725,终止,20250612,,,1.8,,80.0,1、用于补充流动资金。,20240725,0,-0.018750000000000044,0.06581740976645434,0.06428528428770885,0.10297239915074319,0.08580354492769904,0.06157112526539277,0.07572025553693718,0.4734607218683653,0.2803273621702018,
600513.SH,20240319,终止,20250225,,,2.85,,80.0,1、创新药LH-1801研发项目;2、补充流动资金。,20240319,0,0.0031678986272438703,-0.004210526315789442,-0.009684725930893423,-0.05263157894736836,-0.04285785659550434,-0.1010526315789475,-0.10440627320257745,-0.12134657518911218,-0.10833098340599878,
002512.SZ,20220614,终止,20250805,,,7.64,,80.0,1、用于偿还银行贷款和补充流动资金。,20220614,0,0.09966777408637895,-0.06042296072507569,-0.06511316166678016,-0.06948640483383695,-0.0744987176919979,0.0060422960725075026,0.00832330527586489,0.24471299093655574,0.2621588315950625,
600686.SH,20240427,终止,20250426,,,3.0,,80.0,1、金龙全球化商旅客车平台开发项目。,20240426,1,0.0824372759856633,-0.10044150110375283,-0.1074943984300124,-0.08498896247240639,-0.09664247907185941,-0.11589403973509949,-0.12225465022860915,0.42142372489295266,0.5208358314895079,
601298.SH,20230701,终止,20250222,,,20.0,,80.0,募集配套资金拟用于1、支付本次交易现金对价。,20230627,4,0.02954209748892178,-0.014347202295552197,-0.030916354049267403,-0.061692969870875136,-0.06379656681085144,-0.035868005738880826,-0.061320667030827725,-0.03692248258837605,-0.01939421201004765,
300749.SZ,20240423,终止,20250614,,,0.98,,80.0,1、精品门锁及门配五金智能制造项目;2、补充流动资金。,20240423,0,-0.018932874354560925,0.03684210526315801,0.029062849795173706,0.08070175438596494,0.05186505258667973,0.06140350877192979,0.03841760990945553,-0.11057149311045866,-0.09323970012342586,
600727.SH,20240404,终止,20250115,,,3.0,,80.0,1、年产6万吨氯化法钛白粉扩建项目。,20240403,1,0.006722689075630006,-0.02003338898163587,-0.012879691891252598,0.008347245409015214,0.02498533804326608,0.4908180300500835,0.46261505900686917,0.09011650591327247,0.13129816572944342,
688234.SH,20240412,终止,20241228,,,3.0,,80.0,1、8英寸车规级碳化硅衬底制备技术提升项目。,20240412,0,-0.003477504890241123,0.014612868047982674,0.0020341183339214197,-0.020937840785169026,-0.03556263411110416,0.14460196292257343,0.10775761043678034,0.04143947655398028,0.05864942105148119,
688025.SH,20231230,终止,20240731,,,10.39,,80.0,1、精密智能光学成套设备生产建设项目;2、光伏钙钛矿设备扩产项目;3、总部及研发中心建设项目;4、激光器扩产建设项目;5,20231229,1,0.08626760563380276,-0.04808211777417626,-0.044014317579196494,-0.15072933549432743,-0.12502452194409286,-0.398271204754187,-0.3791595858649284,-0.4757428417071853,-0.49279614224581647,
002476.SZ,20240702,终止,20250430,,,4.5,,80.0,1、用于补充流动资金。,20240702,0,-0.002631578947368318,0.01846965699208436,0.02346762326598628,-0.0237467018469657,-0.011330249962372752,0.02110817941952492,0.06285311470230748,-0.01846965699208447,-0.019758814923791168,
600303.SH,20241114,终止,20251114,,,3.39,,80.0,1、补充流动资金。,20241114,0,0.04854368932038833,0.015432098765432167,0.030404962339910746,-0.0092592592592593,-0.0064858115757666646,0.01851851851851838,-0.005509545527271453,-0.030864197530864113,-0.023930510486020573,
600481.SH,20231230,终止,20251024,,,25.6,,80.0,1、38GW大尺寸单晶硅拉晶项目;2、年产700套绿电智能制氢装备建设项目;3、补充流动资金项目。,20231229,1,-0.008206330597889666,-0.01891252955082734,-0.014720079888831616,-0.07328605200945626,-0.045237268219939564,-0.14302600472813254,-0.11580749611587549,-0.08392434988179676,-0.1137229194014946,
600718.SH,20241231,终止,20250701,,,,,80.0,1、购买思芮科技43%股权。,20241231,0,0.026692087702573808,-0.10027855153203336,-0.07567909425215069,-0.1847725162488394,-0.1540844311466777,-0.062209842154131834,-0.03895515600556243,0.03992571959145774,0.042961256395376735,
000595.SZ,20240726,终止,20250418,,,5.24,,80.0,募集配套资金用于1、盐池惠安堡750MW风光同场项目;2、中卫迎水桥350MW风光同场一期项目。,20240726,0,0.0991253644314869,0.10079575596816959,0.100434894902518,0.04244031830238715,0.03725914858136492,0.11936339522546402,0.13368885295117994,2.0742705570291773,1.7042908723067907,
600984.SH,20231223,终止,20251224,,,12.65,,80.0,1、用于补充流动资金和偿还债务。,20231222,1,0.0,0.007978723404255428,0.006584453248688504,-0.0026595744680849576,-0.022827949608215548,-0.1808510638297871,-0.13376612069675453,-0.09574468085106369,-0.13055662705201132,
000530.SZ,20240426,终止,20250424,,,1.96,,80.0,1、涡旋压缩机产线数智化升级项目;2、涡旋压缩机研发平台升级项目;3、补充流动资金。,20240426,0,0.017632241813602123,0.032178217821781985,0.024085529017628726,0.03712871287128716,0.023919914096714567,-0.007425742574257543,-0.014566717209784419,-0.11897829528869397,-0.05736104345252169,
002438.SZ,20240313,终止,20250220,,,2.75,,80.0,1、高端阀门智能制造项目。,20240313,0,0.004570383912248843,-0.007279344858962755,-0.005449357189728832,0.07097361237488631,0.058506173319060606,0.018198362147406666,0.026413182419917414,0.11828935395814355,0.1237963661386634,
688175.SH,20241218,终止,20250603,,,,,80.0,募集配套资金1、支付本次交易的现金对价、中介机构费用、交易税费等费用以及上海欣诺通信技术股份有限公司的项目建设等。,20241218,0,0.08763619137849354,-0.09451219512195119,-0.09124091745278229,-0.22256097560975607,-0.22511368174218738,-0.28702090592334484,-0.2548146411664889,-0.21951219512195108,-0.21548142805230697,
920640.BJ,20230315,终止,20250430,,,3.0,,80.0,1、富士达生产科研楼建设及生产研发能力提升项目;2、航天用射频连接器产能提升项目;3、富士达射频连接器研究院建设项目;4,20230315,0,-0.006528189910979365,-0.05913978494623651,-0.04851980614774698,-0.06869772998805257,-0.06939146979257149,-0.048387096774193616,-0.06417359333303296,-0.0311447363965065,-0.02226374476309767,
601969.SH,20241216,终止,20251001,,,,,80.0,募集配套资金1、支付本次交易的现金对价、中介机构费用、相关税费、人员安置费用等并购整合费用、交易标的项目建设、补充上市公,20241216,0,0.010335917312661369,0.051150895140664954,0.05892040931991738,-0.03964194373401542,-0.029590881253229062,-0.1396246630261977,-0.10102752679626881,-0.07807769406234888,-0.08886652037463327,
300364.SZ,20230609,终止,20250823,,,17.84,,80.0,1、IP内容资源升级建设项目;2、AIGC数字内容智能化升级建设项目;3、数据中台及全面信息系统升级建设项目;4、补充流,20230609,0,-0.03742583295298951,-0.011853959222380195,-0.01106685988029088,0.12091038406827881,0.10655248423475872,-0.22617354196301565,-0.2237620292747089,-0.29871977240398295,-0.28159306378773685,
000659.SZ,20241214,终止,20250628,,,8.22,,80.0,1、用于偿还债务和补充公司流动资金。,20241213,1,0.043596730245231585,-0.03916449086161877,-0.03759058853062691,-0.17754569190600522,-0.17173175797775164,-0.3342036553524804,-0.28551877413794857,-0.2245430809399478,-0.2331078688819488,
300227.SZ,20241214,终止,20241230,,,4.49,,80.0,1、用于补充流动资金。,20241213,1,-0.020547945205479534,-0.05594405594405605,-0.05439763947963039,-0.0699300699300699,-0.06335540059115752,-0.2377622377622377,-0.18202529175749182,-0.10289710289710274,-0.11280544968850714,
002779.SZ,20231213,终止,20251230,,,7.85,,80.0,1、年产6万台骑乘式割草车建设项目;2、年产25万台新能源智能园林机械建设项目;3、上海研发中心建设项目;4、补充流动资,20231213,0,-0.0062771607918881145,0.00291545189504383,0.006228580063790012,0.005830903790087438,0.028931215221645212,0.4528668610301265,0.4941934752163304,0.7103984450923231,0.662313833897962,
603356.SH,20241210,终止,20250927,,,4.53,,80.0,1、用于补充流动资金和偿还有息负债。,20241210,0,0.10013623978201625,0.10030959752321977,0.09715868009631645,0.01609907120743026,0.03459106862835104,-0.18637770897832806,-0.13789216959160566,-0.10588235294117643,-0.08886314217874236,
000625.SZ,20241207,终止,20251230,,,60.0,,80.0,1、新能源车型开发及产品平台技术升级项目;2、全球研发中心建设及核心能力提升项目。,20241206,1,0.010115606936416333,0.006437768240343367,0.006893906972700536,0.01359084406294686,0.017236017357804112,-0.09084406294706726,-0.0349514278167925,-0.07010014306151657,-0.06342873579982122,
603160.SH,20241207,终止,20250304,,,,,80.0,募集配套资金用于1、用于配套支付本次交易的现金对价、相关税费、中介机构费用标的公司项目建设以及补充上市公司或标的公司流动,20241122,15,-0.027926322043969165,0.09999999999999987,0.05624526988603762,0.06234718826405872,0.0232949431320828,-0.10183374083129593,-0.0849541942951002,-0.042298288508557436,-0.07421483673831941,True
603776.SH,20241205,终止,20250301,,,,,80.0,募集配套资金1、支付本次交易的现金对价、中介机构费用、相关税费、补充上市公司及标的公司流动资金等。,20241205,0,0.09987277353689561,0.1000578368999423,0.08867582236018756,0.03007518796992481,0.002505982057539713,-0.296124927703875,-0.26162072918275936,-0.027761711972238312,-0.0440142249523765,
688132.SH,20241203,终止,20250526,,,,,80.0,募集配套资金用于1、支付本次交易的现金对价、中介机构费用、交易税费等费用以及标的公司项目建设等。,20241203,0,0.19976359338061456,0.019704433497536922,0.023994759882413064,-0.05960591133004933,-0.07165513914926247,-0.16354679802955663,-0.15679797513341287,0.04384236453201984,0.04313475816059098,
002213.SZ,20231129,终止,20251216,,,10.0,,80.0,1、大为股份郴州锂电新能源产业桂阳年产4万吨电池级碳酸锂项目(一期);2、补充流动资金。,20231129,0,0.005897771952817932,-0.034527687296416865,-0.037072380014753215,-0.04429967426710091,-0.0273181498638545,-0.11596091205211712,-0.08348414010816485,-0.3100977198697068,-0.3113131886719438,
605008.SH,20240430,终止,20250719,,,3.0,,80.0,1、5万吨/年TPE黑色母粒技术改造项目;2、余热回收技改项目;3、办公用房及配套设施建设项目;4、补充流动资金。,20240430,0,-0.0012970168612191912,0.025974025974025983,0.014247970690989264,-0.0012987012987012436,-0.017040461341136237,-0.01103896103896107,-0.005268519531602234,-0.25891306146083215,-0.20433334265619163,
000068.SZ,20230808,终止,20251129,,,8.46,,80.0,1、用于偿还有息借款。,20230808,0,-0.010899182561307952,-0.005509641873278293,-0.0005646336232452143,-0.005509641873278293,0.020930501932231893,-0.01377410468319551,0.019445467053436305,0.011019283746556585,0.07999570319887672,
688143.SH,20241114,终止,20250424,,,,,80.0,募集配套资金用于1、支付本次交易的现金对价、中介机构费用、交易税费等费用。,20241114,0,-0.017403915881073262,-0.11254612546125453,-0.09946034079060417,-0.12029520295202956,-0.11783258570898991,-0.048708487084870744,-0.07115058605798374,0.11254612546125475,0.12050584239385387,
600671.SH,20230821,终止,20251206,,,2.78,,80.0,1、补充流动资金和偿还债务。,20230821,0,0.050100200400801764,-0.04961832061068705,-0.05795035747787802,-0.12213740458015276,-0.12374052053230333,-0.13931297709923673,-0.14838651203135622,0.11641221374045774,0.12552598319848118,
920167.BJ,20240307,终止,20250401,,,1.5,,80.0,1、年产光伏焊带3万吨项目;2、补充流动资金。,20240307,0,-0.05981735159817336,0.01942690626517729,0.013195957951340542,-0.06605148130160277,-0.06938140620424182,-0.2787761049052939,-0.2834274808381133,-0.1978472850173133,-0.20347578360835905,
002573.SZ,20220611,终止,20250530,,,27.2,,80.0,1、危废综合处置项目;2、大气治理项目;3、补充流动资金及偿还银行借款。,20220610,1,0.015597920277296451,-0.010238907849829282,-0.0013362142132792298,-0.0017064846416382506,-0.011323348066165195,0.010238907849829282,-0.011206708720555625,0.03148523920663382,0.06332376406183604,
603922.SH,20241106,终止,20250701,,,,,80.0,募集配套资金1、用于支付本次交易现金对价、中介机构费用、交易税费等。,20241106,0,0.10016977928692716,0.09992283950617264,0.07239682328014019,-0.095679012345679,-0.1102646710263373,-0.026234567901234795,-0.02069050203041023,-0.03935185185185208,-0.016048665527501615,
002064.SZ,20241102,终止,20250514,,,54.0,,80.0,1、购买其持有的华峰合成树脂100%股权;2、拟向华峰集团发行股份及支付现金购买其持有的华峰热塑100%股权。,20241028,5,0.0012345679012344402,-0.002466091245376001,0.001147196414121865,0.0012330456226881115,-0.03649835899549869,0.023427866831073008,0.022117775570113407,-0.0036991368680640013,0.0182451005885651,
000603.SZ,20241031,终止,20260429,,,,,80.0,募集配套资金用于1、标的公司菜园子铜金矿采选工程项目建设、补充上市公司和标的公司流动资金、偿还债务等。,20241031,0,0.10014727540500745,0.03279785809906288,0.035263115686063884,-0.05823293172690769,-0.1100165937736659,-0.15729585006693436,-0.16135477785338337,-0.06961178045515393,-0.06183200630243213,
600133.SH,20240724,终止,20251120,,,4.16,,80.0,1、用于补充流动资金及偿还有息负债。,20240724,0,-0.07803790412486089,-0.022974607013301007,-0.017826674260190578,0.0036275695284160303,-0.00893933622626053,-0.12696493349455862,-0.11309950227312238,0.464328899637243,0.2878175287902107,
600683.SH,20231031,终止,20250101,,,7.46,,80.0,1、补充流动资金和偿还有息债务。,20231031,0,-0.001779359430604921,-0.030303030303030276,-0.0316842120831865,0.0017825311942958333,-0.010832556655723469,-0.016042780748663277,-0.02244928464054574,-0.18003565062388605,-0.1224798180438692,
600774.SH,20230823,终止,20250630,,,,,80.0,"募集配套资金用于1、支付本次并购交易中的现金对价,支付本次并购交易税费、中介机构费用等并购整合费用,以及用于补充上市公司",20230823,0,-0.08703374777975126,-0.046692607003890996,-0.047880837546714905,-0.0457198443579766,-0.06358645895606052,-0.012645914396887226,-0.02222728010406272,0.009727626459143934,0.015184072236914314,
300290.SZ,20241025,终止,20250426,,,,,80.0,1、购买上海敬在信息技术有限公司控股权。,20241025,0,0.07498877413560856,0.12614870509607345,0.11852267062693445,-0.12656641604010022,-0.11917587062349655,0.06516290726817053,0.07576132500513721,-0.22556390977443608,-0.21235832744988736,
601686.SH,20241018,终止,20251202,,,10.0,,80.0,1、补充流动资金及偿还银行贷款。,20241018,0,-0.0036101083032491488,-0.0126811594202898,-0.014658963182593854,0.010869565217391353,-0.0008137784513339019,0.0,-0.020765140624133593,-0.0561594202898551,-0.026056813693774772,
301106.SZ,20231025,终止,20241217,,,0.85,,80.0,募集配套资金拟用于1、支付本次交易现金对价、中介机构费用及相关税费。,20231025,0,0.0,-0.06092193652999767,-0.06537981667967152,-0.03706277507528366,-0.05265890548878438,-0.040537410238591476,-0.062445680162686035,-0.12694000463284683,-0.08756967859316811,
300765.SZ,20240125,终止,20250506,,,17.8,,80.0,募集配套资金用于1、支付本次交易的现金对价;2、新药研发基地建设项目;3、生物新药产业化建设项目;4、补充流动资金。,20240125,0,-0.06346927053417573,0.0018399264029440587,0.00042368789404179097,-0.1600735970561178,-0.11903781564987459,0.045078196872125,0.0033334562629294684,0.27141754263757445,0.19004394032309269,
603887.SH,20241015,终止,20260815,,,6.97,,80.0,1、补充流动资金及偿还债务。,20241015,0,0.10013531799729392,0.09963099630996308,0.09906242670065679,0.6088560885608856,0.5674457065122283,1.0467404674046739,0.9147489569545908,1.0455104551045507,1.027224668814123,
300900.SZ,20241015,终止,20251030,,,11.34,,80.0,1、上海民用航空生产基地项目;2、上海研发中心建设项目;3、补充流动资金。,20241015,0,-0.020361990950226394,0.006928406466512715,0.0064077691867476805,0.18013856812933038,0.14976295571498133,0.16397228637413397,0.08890929590354846,-0.07621247113163954,-0.08447064516760916,
300489.SZ,20241014,终止,20250627,,,,,80.0,"募集配套资金1、用于支付本次交易中的现金对价、标的公司的项目建设、补充上市公司及/或标的公司流动资金或偿还债务,以及支付",20241014,0,0.20017559262510942,0.2000731528895392,0.23119895992022887,1.4882955376737383,1.5006395197932312,2.1177761521580103,1.9508900556251647,0.8686905632772497,0.9003279161857891,
000723.SZ,20241010,终止,20250412,,,,,80.0,1、购买美锦集团持有的锦源煤矿51%股权、山西弘弛持有的正旺煤业49%股权、山西苏扬持有的正城煤矿49%股权。,20241010,0,0.016393442622950616,-0.05241935483870952,-0.02762705779381125,-0.10887096774193539,-0.0716045284079816,0.09072580645161299,0.037697399397609965,-0.13306451612903225,-0.10863483963247011,
603518.SH,20241008,终止,20250327,,,2.0,,80.0,1、补充流动资金及偿还银行借款。,20241008,0,0.06094527363184099,-0.09964830011723336,-0.03585086053968001,-0.1125439624853457,-0.03257119975116729,-0.09847596717467755,-0.07111653670541429,0.14888628370457235,0.19619279334599504,
301269.SZ,20250331,终止,20250709,,,,,80.0,"募集配套资金拟用于1、支付本次购买资产中的现金对价、并购整合费用,或投入芯和半导体在建项目建设等。",20250331,0,0.03524031563845065,-0.03421394543092249,-0.037873793181240734,0.007362494586401036,0.06827313976409011,0.028670420095279425,0.04403524364202549,0.07419541289513876,0.04030212370457087,
605077.SH,20241102,终止,20251129,,,7.32,,80.0,1、购买豫鑫糖醇100%股权。,20241025,8,0.09949164851125647,0.0997357992073975,0.09624513733321272,0.03038309114927329,-0.015161413836548343,0.01387054161162471,0.005715762370453348,-0.07199471598414797,-0.057977402740148176,
300373.SZ,20250327,终止,20250703,,,,,80.0,募集配套资金拟用于1、本次交易的现金对价、中介机构费用、交易税费、补充流动资金、上市公司和标的公司项目建设等。,20250327,0,-0.07277465918203707,0.0017297297297296232,0.00843783498812245,0.005405405405405572,0.014954388208184177,0.038918918918918965,0.06372920671911664,0.1110501547116598,0.08698126450057053,
605198.SH,20240307,终止,20250521,,,3.0,,80.0,"1、年产7,200吨脱色脱酸浓缩果汁生产线项目;2、年产1.2万吨NFC果汁项目;3、补充流动资金项目。",20240307,0,-0.012980529206190639,-0.0015174506828528056,-0.0076203827506913235,0.06221547799696503,0.05842822666422531,1.236216489630754,1.2217944999668138,0.46788062721294876,0.45758088766488814,
688038.SH,20250322,终止,20250920,,,,,80.0,募集配套资金拟用于1、支付本次交易的现金对价、中介机构费用、交易税费、标的公司在建项目建设、上市公司和标的公司补充流动资,20250307,15,0.010836845273931361,-0.09648600357355563,-0.0958110547946378,-0.051816557474687164,-0.04580741855138859,-0.172126265634306,-0.15172474947460224,-0.11614055985705773,-0.11281272546626553,True
000610.SZ,20240113,终止,20251108,,,6.0,,80.0,1、直营酒店拓展项目;2、补充流动资金及偿还贷款。,20240112,1,-0.04277699859747541,0.10036630036630045,0.09872167391939146,0.05860805860805862,0.07718330288339548,-0.12454212454212454,-0.13313477686897224,-0.04175824175824172,-0.10085040848791837,
600063.SH,20250121,终止,20251025,,,3.0,,80.0,1、偿还国拨资金专项应付款;2、补充流动资金。,20250121,0,-0.007692307692307665,-0.0051679586563306845,0.0038091455652125017,0.015503875968992276,0.019634142148324596,0.023255813953488413,-0.018395866277897244,0.18346253229974163,0.1638419929057373,
688593.SH,20250315,终止,20250809,,,,,80.0,募集配套资金拟用于1、支付本次交易的现金对价、中介机构费用、交易税费等费用、标的公司项目建设、补充上市公司和标的公司流动,20250228,15,-0.010789814415192112,-0.012652705061082181,-0.042978403779964314,-0.16099476439790572,-0.17194935792851074,-0.2609075043630018,-0.24774897899702342,-0.3150087260034905,-0.32638780965729053,True
300238.SZ,20230323,终止,20250701,,,5.0,,80.0,1、用于补充流动资金。,20230323,0,0.1998183469573116,-0.03860711582134757,-0.03242617013182614,-0.07040121120363374,-0.0631609266945874,-0.04314912944738836,-0.047383291810482064,0.20817562452687355,0.2417048572869207,
688195.SH,20250313,终止,20250808,,,,,80.0,募集配套资金拟用于1、支付本次交易的现金对价、中介机构费用、交易税费等费用、标的公司的项目建设及补充上市公司、标的公司流,20250313,0,-0.07915893630179338,-0.04611596149541075,-0.06308530724509798,-0.05596597268860537,-0.06987322585290101,-0.21087978509066485,-0.18151484764992087,-0.05277833083143446,-0.06500729251836868,
688339.SH,20250313,终止,20250906,,,5.5,,80.0,募集配套资金用于1、支付本次交易的相关费用、标的公司的项目建设及补充流动资金等。,20250313,0,0.08130416838629806,-0.04961832061068705,-0.06652536031439005,-0.05877862595419858,-0.07264444387368696,-0.21412213740458008,-0.18487785518348465,-0.18396946564885497,-0.19450470408856246,
603058.SH,20250313,终止,20251010,,,4.9,,80.0,1、收购Phytoca Holdings Pty Ltd100%股权项目;2、研发设计及打样中心建设项目;3、偿还银行贷,20250313,0,-0.02666666666666684,0.022831050228310668,0.004635155303755578,0.03995433789954328,0.024634012743821154,-0.13127853881278528,-0.09895146002400379,-0.061180615473109046,-0.07330110073862017,
000571.SZ,20250311,终止,20260604,,,4.0,,80.0,1、偿还银行贷款和补充流动资金。,20250311,0,0.007653061224489832,-0.0075949367088608,-0.00526841216439522,0.0,-0.014558135318708865,-0.04556962025316458,0.01223825848260951,0.16455696202531622,0.1628408589473187,
300051.SZ,20230619,终止,20250421,,,6.5,,80.0,1、偿还债务及补充流动资金。,20230619,0,0.1402095084609185,-0.04593639575971731,-0.04139011729541786,-0.11731448763250885,-0.09892947627134496,-0.11024734982332152,-0.09440123496325259,-0.11448763250883398,-0.07685095906903794,
301126.SZ,20240329,终止,20250410,,,1.2,,80.0,1、用于补充流动资金。,20240329,0,0.014877789585547418,0.021989528795811397,0.009963716235765974,-0.0020942408376964927,-0.004506731053913304,-0.0010471204188483574,-0.0215284528829619,-0.02229824158861926,-0.007137896273167743,
300606.SZ,20240301,终止,20260319,,,4.61,,80.0,1、用于“精密结构件制造与高端智能数控装备扩产项目”。,20240301,0,-0.004342162396873905,-0.025294374182293855,-0.029234207174973603,-0.04099433057130397,-0.046975893954864456,-0.002180549498473572,-0.006822074715823412,-0.2538159616223289,-0.2682698907800539,
603690.SH,20250228,终止,20251031,,,,,80.0,募集配套资金拟用于1、支付本次交易的现金对价、中介机构费用、交易税费等费用、标的公司项目建设以及补充上市公司和标的公司流,20250228,0,0.09996155324875011,-0.07340090877315608,-0.0722913114028586,-0.10450891296749376,-0.11822281758180564,0.09192590003495282,0.08201784844829652,-0.09577070954211808,-0.10720937524853724,
688598.SH,20250227,终止,20250719,,,1.0,,80.0,1、用于补充流动资金。,20250227,0,-0.03300330033003296,0.10731892301858181,0.1297143655794375,0.11717861205915803,0.11947961588874745,0.10352673492605247,0.10820850280006855,-0.08797876374668179,-0.07483602400781386,
300069.SZ,20250217,终止,20250808,,,,,80.0,募集配套资金拟用于1、支付现金对价、补充流动资金、偿还债务、标的公司项目建设以及支付本次交易相关税费和中介机构费用等。,20250217,0,0.19985085756897836,0.03853325046612799,0.04832319949963049,0.0018645121193288094,-0.003243677887603935,0.1143567433188315,0.09149185273959737,0.009944064636420169,0.006455391952975731,
688720.SH,20250215,终止,20250515,,,,,80.0,募集配套资金用于1、支付本次交易的现金对价、中介机构费用、交易税费等费用以及标的公司项目建设、补充上市公司和标的公司的流,20250123,23,0.000976562499999778,0.0536585365853659,0.014202138592844804,0.07951219512195129,0.03192799790236189,-0.0012195121951218413,-0.05653857033146881,-0.045365853658536626,-0.08790669442263854,True
002506.SZ,20221210,终止,20251025,,,48.42,,80.0,1、芜湖协鑫20GW(二期10GW)高效电池片项目;2、补充流动资金。,20221209,1,-0.006269592476489172,-0.006309148264984188,0.002414367735339651,-0.022082018927444547,-0.010014129112297043,-0.03785488958990535,-0.028504608659286168,-0.050473186119873725,-0.06840964363972302,
301316.SZ,20240308,终止,20251031,,,4.32,,80.0,1、面向企业应用场景的大数据与AI大模型研发项目;2、补充流动资金。,20240308,0,0.02910052910052907,0.0020565552699227663,-0.005270369307617595,0.020565552699228995,0.017686680229373142,-0.0719794344473007,-0.07274586026221919,-0.23631470626680362,-0.23763107333690758,
300227.SZ,20250205,终止,20260106,,,3.72,,80.0,1、补充流动资金。,20250205,0,0.0474406991260925,0.011918951132300348,-0.000819313412222189,0.06436233611442188,0.027181437735342096,0.03694874851013097,0.002049161302976721,-0.028605482717520947,-0.05398094839885548,
000972.SZ,20250205,终止,20250716,,,,,80.0,募集配套资金拟用于1、支付本次交易相关税费及中介机构费用、投入标的公司相关项目建设、补充上市公司及标的公司流动资金或偿还,20250205,0,0.09966777408637872,0.09969788519637457,0.08585463958366168,0.02114803625377637,-0.014523276115799066,-0.05438066465256819,-0.08620646559610101,-0.030211480362537846,-0.06304702831535824,
688073.SH,20250128,终止,20250415,,,,,80.0,募集配套资金拟用于1、支付本次交易的中介机构费用、交易税费等费用、标的公司的项目建设及补充上市公司、标的公司流动资金、偿,20250113,15,0.06878306878306883,-0.08188943894389444,-0.1014294198216179,0.051980198019802026,0.002108092477883572,0.10973597359735976,0.05516908761619521,-0.1553217821782178,-0.18578977304966104,True
605162.SH,20240327,终止,20250430,,,1.88,,80.0,1、嵊州市开发区储能示范项目。,20240327,0,0.10042432814710045,0.10025706940874035,0.09385257270908465,-0.016709511568123503,-0.041107469437403954,-0.06812339331619544,-0.0969358968823566,-0.08158789047285198,-0.06684567108129502,
601636.SH,20241106,终止,20250515,,,10.0,,80.0,1、购买控股子公司湖南旗滨光能科技有限公司的28.78%的股权。,20241106,0,0.024205748865355536,-0.001477104874446078,-0.026465546268781504,-0.039881831610044216,-0.05536743471824912,-0.12112259970457895,-0.11611877225394229,-0.1181683899556869,-0.09677711745370154,
000777.SZ,20250114,终止,20250708,,,,,80.0,募集配套资金拟用于1、支付本次交易相关税费及中介机构费用、投入标的公司相关项目建设、补充上市公司及标的公司流动资金或偿还,20250114,0,0.10016602102933025,-0.061871227364185266,-0.05785276857625965,-0.12022132796780693,-0.12067784597072262,-0.13179074446680072,-0.16044123708063251,-0.16046277665995967,-0.17054671977059266,
000016.SZ,20250114,终止,20250611,,,,,80.0,募集配套资金1、拟用于支付交易费用、用于标的公司项目投资、补充流动资金、偿还债务等。,20250114,0,0.0996376811594204,0.01976935749588149,0.024137522353220753,-0.08237232289950569,-0.08284848078771911,-0.19934102141680388,-0.2257623870102956,-0.16474464579901138,-0.17477715804558613,
000421.SZ,20250111,终止,20250710,,,,,80.0,募集配套资金1、支付本次重组的现金对价、支付中介机构费用、补充流动资金等。,20241226,16,0.10016977928692716,0.10030864197530853,0.18292399728647402,0.004629629629629539,0.05305262845716108,-0.030864197530864113,-0.018663642611945308,-0.10185185185185175,-0.06600626516983066,True
920932.BJ,20241011,终止,20251212,,,1.5,,80.0,1、用于补充流动资金。,20241011,0,-0.12960609911054655,0.05839416058394176,0.036936778276434046,0.197080291970803,0.18099513365307396,1.0540145985401463,0.9144586976807396,0.48759124087591244,0.49260793492010624,
688655.SH,20240110,终止,20260124,,,3.4,,80.0,1、珠海迅捷兴智慧型样板生产基地项目(一期);2、补充流动资金。,20240110,0,-0.039133473095737226,-0.0029090909090909722,-0.005999825541729953,-0.05600000000000005,-0.04131267675300454,-0.525818181818182,-0.51777353408614,-0.3767272727272727,-0.41335562843137197,
600683.SH,20250101,终止,20251230,,,5.95,,80.0,1、补充流动资金和偿还有息债务。,20241231,1,-0.012987012987013102,0.10000000000000009,0.13007531170224662,0.0,0.03764358502850573,0.0026315789473685403,0.027494158807049418,0.0026315789473685403,0.005558254383246419,
002692.SZ,20240601,终止,20260512,,,2.45,,80.0,1、补充流动资金。,20240531,1,0.023136246786632286,-0.05276381909547734,-0.050202348905518224,-0.09798994974874364,-0.08748528607031159,-0.1407942238267147,-0.1143750396324178,-0.1660649819494585,-0.09851742659729879,
002387.SZ,20230103,终止,20251025,,,16.39,,80.0,募集配套资金用于1、支付本次交易现金对价。,20230103,0,-0.029968454258675115,-0.03577235772357723,-0.03793464267918856,-0.03414634146341444,-0.05029576191282814,0.06666666666666665,0.023455404923625744,0.22764227642276436,0.1549871713678883,
603322.SH,20230627,终止,20250823,,,10.79,,80.0,1、宁淮绿色数字经济算力中心项目;2、偿还银行贷款。,20230627,0,-0.09905795032829012,-0.06273764258555137,-0.0627179826722507,0.012040557667934326,-0.005393512427592784,-0.13276299112801015,-0.14405554216318994,-0.13656527249683137,-0.11874760102708937,
920571.BJ,20240701,终止,20251020,,,4.6,,80.0,1、低碳智能船舶购置项目;2、补充流动资金。,20240701,0,0.0158311345646438,0.04935064935064948,0.0485520674031088,-0.03896103896103886,-0.015191810615909684,0.020779220779221008,0.05709612546629761,-0.06753246753246755,-0.03584460257535893,
300886.SZ,20250417,终止,20250827,,,1.13,,80.0,1、年产3230吨香料生产项目第一阶段年产1300吨香料生产装置。,20250417,0,0.004030226700251882,-0.008028098344204704,-0.006934992807509199,0.042147516307074806,0.03679124496878794,0.325639739086804,0.28637152866656534,0.43922596364162425,0.3474465867513772,
002879.SZ,20250621,终止,20260317,,,4.6,,80.0,1、高压超高压电缆附件产能扩充及其他电力设备产业技术改造项目;2、研发中心建设项目;3、营销及服务体系建设项目;4、信息,20250620,1,0.0,0.013831258644536604,0.0073295236453820856,0.042876901798063694,0.023284265938807724,0.0636237897648686,0.011085633142736473,0.2385892116182573,0.07516455197361971,
300045.SZ,20250401,终止,20260625,,,3.7,,80.0,1、基于抗辐照模组的星载计算处理设备研制及产业化项目;2、多模卫星通信SOC芯片研制及产业化项目;3、面向全球的多模式导,20250401,0,0.02754237288135597,-0.013402061855669944,-0.01390020136250869,-0.13659793814432986,-0.09280884017277058,-0.11649484536082477,-0.09779465032730628,-0.024742268041237137,-0.055573804715430164,
603151.SH,20250617,终止,20251112,,,,,100.0,1、购买山东北溪农牧有限公司、山东瑞东伟力农牧有限公司、山东鑫牧农牧科技有限公司、瑞东农牧(利津)有限公司等公司全部10,20250617,0,0.09988317757009324,0.09984067976633049,0.09938510775137854,0.18481147105682427,0.17332516976257595,0.1905185804309797,0.15057627777017912,0.3408041694251871,0.19293352219142967,
300355.SZ,20250612,终止,20260423,,,14.95,,80.0,1、三北工程及防沙治沙项目;2、生态景观提升项目;3、草业技术创新中心综合项目;4、补充流动资金。,20250612,0,-0.022371364653243853,-0.034324942791762014,-0.02698671872573488,-0.06636155606407335,-0.055101105798399885,0.011441647597253857,-0.019401128122219835,0.01830663615560635,-0.079908814316488,
688089.SH,20241112,终止,20250830,,,2.69,,80.0,募集配套资金用于1、本次交易的现金对价及交易税费;2、中介机构费用。,20241112,0,0.19980879541108987,0.06972111553784877,0.06433788881757807,-0.13147410358565736,-0.11175704010024778,-0.14701195219123508,-0.14718406201965495,-0.13147410358565736,-0.10815148784105344,
600322.SH,20250101,终止,20250920,,,5.0,,80.0,募集配套资金拟用于1、支付本次交易的现金对价。,20241217,15,-0.08108108108108114,0.09926470588235303,0.13259557741038863,-0.12132352941176461,-0.0856023998828993,-0.1838235294117646,-0.16115846142973655,-0.15441176470588236,-0.14948365645068773,True
301357.SZ,20250610,终止,20250723,,,,,80.0,1、购买河南众晟9.00%的股权。,20250610,0,0.034858387799564294,-0.02342105263157912,-0.028444025644569715,0.20684210526315772,0.20591985605885244,1.233421052631579,1.161479162900886,3.881842105263158,3.28293607782485,
300672.SZ,20250606,终止,20251128,,,,,80.0,募集配套资金用于1、支付现金对价、支付交易税费与中介费用、标的公司项目建设、上市公司或标的公司补充流动资金和偿还债务等。,20250606,0,0.05477424130273856,-0.04631578947368409,-0.0503590369980953,-0.10923976608187136,-0.10703412295999615,-0.04063628312555356,-0.06466273668207956,0.14724400414483974,0.006714525695679541,
300781.SZ,20241029,终止,20251031,,,3.21,,80.0,募集配套资金用于1、支付本次交易现金对价、中介机构费用及交易税费。,20241029,0,0.19993986770895966,0.0686544725632674,0.07525347334270327,-0.09759458782260078,-0.12439240216202474,-0.20721623653219734,-0.20073491677633803,-0.26898020546229007,-0.25242380745844895,
300307.SZ,20250604,终止,20250801,,,,,80.0,募集配套资金用于1、支付本次交易中的现金对价、标的公司项目建设以及本次交易相关税费及中介机构费用等。,20250604,0,0.007786429365962189,-0.05187637969094927,-0.054088491677793726,-0.08057395143487867,-0.08763060728690597,-0.12818136873236696,-0.148013469301422,-0.12035735537483683,-0.21853194419094268,
300521.SZ,20240429,终止,20251114,,,0.99,,80.0,1、3D金属打印生产制造基地建设项目;2、补充流动资金。,20240429,0,0.07457627118644061,-0.003154574132491983,-0.0005158505906051047,0.012618296529968598,-0.0006326554466674628,0.055730809674027215,0.06302656055757971,0.13038906414300744,0.21725181641172564,
300100.SZ,20250530,终止,20250711,,,15.0,,80.0,1、滚柱丝杠及关节模组产业化项目;2、高精度数控磨床扩产项目;3、前瞻性技术研究和应用中心建设项目;4、补充流动资金。,20250530,0,-0.03890784982935158,0.032433712121212155,0.02798451071925223,0.006628787878787845,-0.008851923100176573,0.11458333333333326,0.08321502230299282,0.20359848484848486,0.03745761071068987,
688667.SH,20250206,终止,20260131,,,4.49,,80.0,1、购买奥易克斯98.4260%的股份。,20250206,0,0.07612712490761275,0.004120879120879106,-0.005911373734575176,0.05311355311355315,0.03357651192484612,0.06868131868131866,0.03377432136458447,0.3507326007326008,0.32163592382393524,
002743.SZ,20241220,终止,20250620,,,4.0,,80.0,募集配套资金1、支付本次交易现金对价、中介机构费用及相关税费。,20241220,0,0.10039113428943947,-0.09952606635071093,-0.09500867260395873,-0.22985781990521326,-0.23712238094399507,-0.2819905213270143,-0.2546164533291415,-0.3127962085308057,-0.3131850829660151,
600738.SH,20230630,终止,20250716,,,5.3,,80.0,1、专业市场及亚欧商厦改造升级项目;2、数字化转型项目;3、兰州中高端酒店投资开发项目;4、杭州总部运营管理中心建设项目,20230630,0,0.013592233009708465,0.026819923371647736,0.013553238085139974,0.0,0.0017059013657347855,0.11302681992337171,0.08793102937759478,0.08620689655172442,0.1103521473376392,
603199.SH,20250521,终止,20250918,,,5.0,,80.0,1、九华山狮子峰景区客运索道项目;2、九华山聚龙大酒店改造项目;3、九华山中心大酒店北楼客房升级改造项目;4、交通设备提,20250521,0,-0.00858257477243185,-0.013903462749212947,-0.01174902031582481,-0.018100734522560336,-0.004094655465650132,-0.06427072402938083,-0.057183289929460424,-0.06610703043022026,-0.13713877071464597,
000695.SZ,20250517,终止,20251115,,,,,80.0,募集配套资金拟用于1、支付本次交易相关税费及中介机构费用、投入标的公司项目建设、补充上市公司和标的公司流动资金或偿还债务,20250429,18,0.02062975027144387,0.09999999999999987,0.0735653396980962,0.6106382978723404,0.5809511509029766,0.370212765957447,0.3289395421036787,0.3074468085106381,0.17808672029782913,True
300803.SZ,20220517,终止,20251106,,,29.05,,80.0,1、用于增资公司全资子公司麦高证券。,20220517,0,-0.07034303082935311,0.008874357776739838,0.01139809916706036,-0.002101821578701646,0.005297065309248117,0.4560952825782345,0.3628329051496404,0.27533862680990184,0.2215127603162208,
688799.SH,20240617,终止,20260421,,,2.5,,80.0,1、补充流动资金。,20240617,0,0.02306213965406778,-0.025673137132122603,-0.030288980960951895,-0.09914422876226248,-0.08309420839202497,-0.15025925121860706,-0.1382932073308144,-0.22282606853785236,-0.143474418747913,
300266.SZ,20250513,终止,20260511,,,4.97,,80.0,1、用于补充流动资金及偿还借款。,20250513,0,-0.020477815699658675,0.017421602787456525,0.008730525825122015,-0.006968641114982521,-0.00861581194072858,0.06968641114982588,0.06105765404608676,-0.03832752613240431,-0.10690016239366107,
002535.SZ,20250513,终止,20260313,,,6.0,,80.0,1、用于补充流动资金及偿还借款。,20250513,0,-0.004938271604938094,-0.012406947890818865,-0.020843221702807835,-0.00992555831265518,-0.011567824411376715,-0.022332506203474045,-0.030218981383731358,0.027295285359801413,-0.045956625088017566,
301273.SZ,20250510,终止,20250616,,,2.3,,80.0,1、用于补充流动资金。,20250509,1,0.026655896607431506,-0.015735641227380137,-0.023694954662001777,-0.02793076317859955,-0.03528104648163655,-0.05271439811172318,-0.0688117285595129,0.09402045633359535,0.020346100688942492,
300191.SZ,20250509,终止,20260806,,,6.76,,80.0,1、涠洲5-3油田开发项目;2、补充流动资金。,20250509,0,-0.02840236686390507,-0.003045066991473999,-0.011107003524360448,-0.018879415347137884,-0.026298140247044133,0.2082825822168084,0.18775010081787058,0.22716199756394606,0.14452152323029233,
300389.SZ,20250508,终止,20250527,,,3.6,,80.0,1、用于补充流动资金。,20250508,0,0.013307984790874583,-0.007504690431519689,-0.004535845540450056,-0.013133208255159623,-0.021547443740098093,0.054458441409936276,0.044066941011067895,0.12964094761154699,0.06365252245885067,
300423.SZ,20250429,终止,20260803,,,,,80.0,"募集配套资金用于1、用于标的公司的项目建设、补充上市公司流动资金或偿还债务,以及支付本次交易相关税费及中介机构费用等。",20250429,0,-0.192488262910798,-0.013081395348837344,-0.010786914335115472,0.04651162790697683,0.029181208023820293,0.005813953488372103,-0.012464286828053117,0.007267441860465018,-0.07987814553545447,
603949.SH,20240403,终止,20260411,,,2.03,,80.0,1、节能风扇集成系统智能制造基地建设项目。,20240403,0,-0.005108556832694733,-0.037869062901155215,-0.030845565153472476,-0.08087291399229768,-0.06570698611450376,-0.0224646983311938,-0.04095749842548768,-0.2836507417916707,-0.2565889999493278,
000705.SZ,20240430,终止,20251025,,,4.95,,85.0,1、浙江震元生物科技有限公司生物定向合成年产2400吨组氨酸(盐酸组氨酸)、1000吨左旋多巴、1000吨酪氨酸等系列产,20240430,0,0.031847133757961776,0.08518518518518503,0.0727823941284298,0.093827160493827,0.07658600469400678,-0.05802469135802468,-0.05252840464322628,-0.07619866896064231,-0.008162364098934116,
605296.SH,20240426,终止,20250808,,,2.9,,80.0,1、红河弥勒神农畜牧有限公司五山乡年出栏24万头优质仔猪扩繁基地建设项目;2、云南神农集团石林畜牧有限公司林口铺养殖场生,20240426,0,-0.02644360496492182,0.001662971175166339,-0.006190465927459865,0.15271618625277172,0.13803527349870048,0.19262749445676275,0.1840472571356424,-0.09866962305986682,-0.03563201510251146,
920469.BJ,20241118,终止,20250626,,,1.36,,80.0,1、富恒高性能改性塑料智造基地项目(二期);2、补充流动资金。,20241118,0,0.05230769230769239,-0.10014619883040943,-0.10610608575557001,-0.0628654970760234,-0.04561196537981782,0.10087719298245612,0.08056445177797911,0.051169590643274754,0.04248477004900364,
002507.SZ,20250426,终止,20251025,,,,,80.0,1、购买四川味滋美食品科技有限公司51%股权。,20250425,1,0.01272455089820368,-0.019955654101995512,-0.017975159156575105,-0.028085735402808454,-0.04192740795252803,0.008130081300813163,-0.005414120661844213,0.01794723269585874,-0.06975838670232726,
000753.SZ,20250426,终止,20250524,,,11.95,,80.0,1、漳州台商投资区厂网河湖一体化生态综合整治项目(EPC+O);2、漳州市第三自来水厂扩建工程;3、漳浦盐场100MW(,20250425,1,-0.005253940455341555,-0.08978873239436624,-0.08794935765351619,-0.01936619718309851,-0.033332050431896576,-0.11619718309859162,-0.1280710514309723,0.02825484282248314,-0.0603388730326051,
001282.SZ,20250425,终止,20251029,,,3.0,,80.0,1、合理合法使用。,20250425,0,0.02254098360655754,-0.024048096192384683,-0.02207587134301492,0.11342685370741479,0.09756980697143547,0.08977955911823643,0.07513839850092041,0.13704195584878964,0.03907521865816088,
600201.SH,20230208,终止,20250715,,,2.89,,80.0,1、补充流动资金。,20230208,0,-0.036553524804177506,0.004516711833784992,-0.007240072530577568,0.09214092140921393,0.07603239397558781,0.04336043360433606,0.027108501500391124,-0.042457091237579014,-0.07826563577799761,
002457.SZ,20250424,终止,20250822,,,3.0,,80.0,1、合理合法使用。,20250424,0,-0.09756097560975607,0.010135135135135087,0.010818182513512076,-0.051520270270270285,-0.056904739259059034,0.01979911026198211,0.006550889280385164,0.08551001527467905,-0.0008538497366724629,
300264.SZ,20250423,终止,20260822,,,1.4,,80.0,1、用于补充流动资金及偿还借款。,20250423,0,0.043121149897330735,-0.015748031496063186,-0.01602650539144934,0.04527559055118102,0.0507979973435011,0.09055118110236227,0.07410134503427934,0.22440944881889768,0.12681322386937532,
603089.SH,20240419,终止,20250527,,,2.5,,80.0,1、正裕智造园(一期)项目。,20240419,0,-0.03280542986425328,-0.036257309941520544,-0.029715713316717962,0.07368421052631557,0.06555860143755532,0.09473684210526301,0.06240676186120697,-0.07602339181286555,-0.04867230269617617,
688010.SH,20250422,终止,20250520,,,3.0,,80.0,1、用于公司主营业务相关项目建设及补充流动资金。,20250422,0,0.013718411552346543,-0.006647673314339908,-0.0056225152002654655,-0.02540360873694203,-0.02151836520688044,-0.24477682811016155,-0.255741821158023,-0.2553215048441966,-0.30971846000190195,
300542.SZ,20250422,终止,20250812,,,,,80.0,募集配套资金拟用于1、支付本次交易的现金对价、补充流动资金等用途。,20250422,0,0.20028818443804042,0.19987995198079211,0.20111825045319076,0.10144057623049219,0.10583148605830384,0.1020408163265305,0.08604042023269542,0.3523409363745498,0.2535557159708042,
300352.SZ,20250421,终止,20260430,,,4.77,,80.0,1、信源密信安全AI基座项目;2、智能应急响应平台研发项目。,20250421,0,0.02882483370288247,0.004310344827586299,0.0017771659460257272,-0.03663793103448276,-0.03575337853840166,0.0474137931034484,0.01991160416971871,0.19396551724137945,0.11186251319674412,
300051.SZ,20250421,终止,20251014,,,,,80.0,募集配套资金拟用于1、支付本次交易现金对价、中介机构费用和交易税费、标的公司项目建设及补充流动资金等。,20250421,0,0.19935691318327975,-0.07104557640750664,-0.07338868453130165,-0.1487935656836462,-0.14801199372808505,-0.03753351206434308,-0.06280521973888142,0.03217158176943702,-0.03880566701122545,
600926.SH,20230627,终止,20260718,,,80.0,,,1、补充公司核心一级资本。,20230627,0,0.006837606837606813,-0.005093378607809784,-0.005072509554695515,0.009337860780984863,-0.008049650896880922,0.023695315492844315,0.010365474311696321,-0.005302062542575259,0.015224331053495854,
688655.SH,20250410,终止,20251001,,,,,80.0,"募集配套资金拟用于1、支付本次交易的现金对价,支付本次交易的中介机构费用、交易税费等费用,补充上市公司和标的公司流动资金",20250410,0,-0.036985345429169536,-0.0514492753623188,-0.05572269798567131,-0.10797101449275359,-0.12339044317106085,0.2811594202898551,0.22374882782573158,0.5572463768115941,0.43713922173949626,
600590.SH,20250408,终止,20260131,,,,,80.0,1、购买泰豪军工27.464%股权。,20250408,0,-0.09947643979057597,0.03488372093023262,0.021484700727440575,0.20000000000000018,0.1551557576803455,0.11511627906976751,0.04956737359286878,0.06395348837209291,-0.03639635365181493,
300221.SZ,20250403,终止,20250619,,,3.0,,80.0,1、合理合法使用。,20250403,0,-0.024390243902438824,-0.19431818181818195,-0.13046065518631955,-0.16931818181818203,-0.14269592462960412,0.017045454545454364,0.016845432807764293,-0.06022727272727291,-0.09257699136366548,
600113.SH,20230313,终止,20260124,,,7.2,,80.0,1、晋南国际农产品物流园二期;2、综合运营中心;3、智慧农批市场升级改造;4、雪顶豆制品升级改造。,20230313,0,-0.002577319587628746,-0.02454780361757125,-0.017519452663966817,0.06718346253229956,0.0783290595889925,-0.01421188630490966,-0.027562210857251968,-0.054741941853241216,-0.043833786566542354,
920062.BJ,20240403,终止,20250728,,,3.1,,80.0,1、智慧新能源电网装备项目;2、金加工车间柔性化生产线技改项目。,20240403,0,-0.01388888888888895,-0.0719874804381847,-0.06521304507846382,-0.05164319248826288,-0.03599496368063382,-0.14084507042253525,-0.1570983764009276,-0.21912931621019327,-0.18963012902624,
002642.SZ,20210116,终止,20250524,,,3.79,,80.0,用于混合多云服务运营支撑平台研发和产业化项目及补充流动资金,20210108,8,0.1011494252873566,-0.010438413361169019,-0.01762453351711668,-0.039665970772442716,-0.04942211888389991,-0.14613778705636749,-0.1752592176274972,-0.04384133611691021,-0.018391868170907433,
603496.SH,20250930,终止,20260327,,,,,80.0,募集配套资金1、用于支付本次交易的现金对价、中介机构费用及相关税费、补充上市公司或标的公司流动资金及偿还债务等。,20250930,0,0.1001550387596899,-0.1000563697857948,-0.11176784344758661,-0.1750281848928973,-0.18123456340085142,-0.20377677564825258,-0.22112266424146498,-0.2311161217587372,-0.24778905916125804,
300573.SZ,20250528,终止,20260528,,,7.9,,80.0,1、研发中心建设项目;2、补充流动资金。,20250528,0,-0.06917320678955996,0.01529411764705868,0.008196271178398495,0.08352941176470563,0.06938803552590911,0.002156862745098076,-0.02938062764998517,0.3231372549019609,0.17185691569252937,
600168.SH,20250307,终止,20260522,,,7.56,,80.0,募集配套资金1、支付本次交易的现金对价;2、全国市场战略化布局项目;3、厂网河湖一体化全过程咨询中心建设项目;4、城市综,20250307,0,0.09933774834437092,0.010040160642570406,0.011955363304280153,-0.04216867469879537,-0.05533796693324333,-0.12449799196787148,-0.04647248141985938,-0.04819277108433728,-0.05179494543570806,
300127.SZ,20250927,终止,20260312,,,,,80.0,募集配套资金1、用于支付本次交易中的现金对价、标的公司的项目建设、补充标的公司流动资金以及支付本次交易相关税费及中介机构,20250912,15,0.04803635183382027,0.003716320842366061,0.005812531067731719,0.19975224527717583,0.19392119664214214,0.029730566738928488,0.0023017066278039344,-0.043357076494270674,-0.06619937492110317,True
300074.SZ,20240315,终止,20251028,,,2.2,,80.0,1、全部用于补充流动资金和偿还银行贷款。,20240315,0,0.010389610389610393,0.041131105398457546,0.03090843831428214,0.07455012853470433,0.07687769549906598,-0.19537275064267356,-0.1826446225128252,-0.11568123393316199,-0.10432037544614414,
300056.SZ,20241008,终止,20251105,,,5.0,,80.0,1、补充流动资金和偿还银行贷款。,20241008,0,0.20016750418760476,0.20027913468248437,0.2853289386436191,0.04117236566643401,0.13499721675202947,0.06489881367759942,0.097216338212476,-0.07327285415212847,-0.035113962987845415,
603773.SH,20250531,终止,20260410,,,15.0,,80.0,1、玻璃基MiniLED显示背光模组项目;2、补充流动资金及偿还银行贷款。,20250530,1,-0.032603841000446665,-0.023545706371191244,-0.027753668355730676,0.00969529085872578,-0.005832579159320561,0.1375807940904894,0.10556525330140043,0.4693440054601581,0.2665204720730996,
002995.SZ,20241105,终止,20251202,,,1.74,,80.0,募集配套资金用于1、支付本次交易的现金对价;2、佳投广告交易系统升级项目;3、支付中介机构费用及相关税费。,20241105,0,0.09999999999999987,-0.07971339005821754,-0.07884834181158862,-0.10389610389610382,-0.11305707868608872,0.07613076578593847,0.07873624078537489,-0.04657411553963264,-0.012663629606868398,
688373.SH,20250923,终止,20251118,,,10.33,,80.0,1、用于公司日常研发与经营投入。,20250923,0,0.20024721878862817,-0.004119464469619083,-0.012339859682997667,-0.06179196704428436,-0.07651823157494642,-0.23480947476828018,-0.27186524938787127,-0.3738414006179197,-0.3927669135097137,
605268.SH,20240426,终止,20260227,,,3.0,,80.0,1、湖北王力安防产品有限公司智能门窗系列产品项目。,20240426,0,-0.006249999999999867,0.03018867924528279,0.022111589216888827,0.03899371069182389,0.025761159435403247,0.03647798742138364,0.029021151861640337,-0.15445673389720238,-0.09532078743047157,
300111.SZ,20250922,终止,20260114,,,,,80.0,募集配套资金用于1、支付本次交易的现金对价和相关交易税费、标的公司项目建设和经营发展以及支付本次交易的中介机构费用等。,20250922,0,0.1995967741935485,0.19999999999999973,0.20211742392596066,0.26050420168067223,0.2494231797904627,0.5663865546218485,0.5036845339356499,0.18823529411764706,0.16052919388536502,
301511.SZ,20250916,终止,20260115,,,19.3,,80.0,1、卢森堡铜箔100%股权收购项目;2、铜箔添加剂用电子化学品项目;3、补充流动资金。,20250916,0,-0.00895856662933936,0.04519774011299438,0.04129455568297491,0.051694915254237195,0.06271106243551583,-0.07344632768361581,-0.08573149997958984,0.09887005649717517,0.09648156252916462,
603050.SH,20250915,终止,20260317,,,15.0,,100.0,1、补充流动资金。,20250915,0,0.04502369668246442,-0.030612244897959218,-0.030954002415219728,-0.049886621315192725,-0.04196345178827776,0.08276643990929711,0.0673312491797875,0.005102040816326481,0.014481273429099772,
300774.SZ,20250624,终止,20260708,,,10.0,,80.0,1、喀什地区喀什市城北供水保障能力提升工程及污水处理厂建设项目;2、补充流动资金。,20250624,0,0.01754385964912264,0.0011494252873565092,-0.009107683849936876,0.0034482758620690834,-0.007341873737678584,0.056321839080459624,0.00875451809566008,0.14482758620689684,0.014007018847286945,
688521.SH,20250912,终止,20251213,,,,,80.0,募集配套资金用于1、支付本次交易现金对价、中介机构费用、交易税费、补充上市公司及标的公司流动资金等。,20250912,0,0.19999999999999996,-0.012527233115468328,-0.009945098471908942,-0.057734204793028265,-0.045275621219013185,-0.12652505446623086,-0.12500913544463077,-0.2832244008714597,-0.28272822560927513,
603359.SH,20250910,终止,20260131,,,,,80.0,募集配套资金用于1、支付本次交易的现金对价和相关交易税费、标的公司项目建设和经营发展以及支付本次交易的中介机构费用等。,20250910,0,0.10023866348448673,0.09978308026030369,0.08187913304925565,0.027114967462039008,0.010125155348461368,-0.06507592190889377,-0.08990554408748153,-0.06724511930585697,-0.08195807888677065,
300991.SZ,20250418,终止,20260513,,,1.28,,80.0,1、新能源精密连接器及结构件生产项目。,20250418,0,0.01264431006047273,0.016829533116177853,0.012287088712967575,0.09609120521172643,0.08999392220169056,0.22638436482084678,0.1862564197256582,0.6247807490259949,0.5138563098078788,
605303.SH,20250430,终止,20260430,,,2.0,,80.0,1、徽秀文旅工程总承包项目;2、补充流动资金。,20250430,0,0.04503464203233265,0.06408839779005504,0.05218933813009752,0.10718232044198883,0.0775369950901883,0.1668508287292818,0.1380631734286395,0.3911602209944749,0.2637182500084765,
301517.SZ,20250826,终止,20260213,,,,,80.0,募集配套资金1、用于支付标的公司符合相关行业政策的项目建设、上市公司或标的公司补充流动资金和偿还债务等。,20250826,0,0.029791459781529417,-0.06538090646094497,-0.04864978924630159,-0.05072324011571849,-0.04820161714608506,-0.17492767598842818,-0.16487842942352438,-0.14059787849566052,-0.1396643240966451,
300665.SZ,20250826,终止,20260211,,,3.23,,80.0,1、全部用于补充流动资金。,20250826,0,-0.16731517509727634,-0.08504672897196264,-0.06866766018413695,-0.11869158878504671,-0.11635051437243638,-0.08504672897196264,-0.0739027471071716,-0.1327102803738318,-0.13176815780662132,
603078.SH,20250322,终止,20260211,,,3.0,,80.0,1、年产3.7万吨超高纯湿电子化学品项目;2、补充流动资金。,20250321,1,-0.04500548847420416,-0.029885057471264354,-0.03138126728804458,0.09540229885057472,0.09982269723052184,0.09712643678160915,0.12159156285838058,0.020501646839905074,0.02200064641520405,
002869.SZ,20250823,终止,20260113,,,10.0,,80.0,1、用于补充流动资金。,20250822,1,0.007042253521126751,-0.0010489510489510856,-0.015917227251951438,0.07727272727272716,0.06829020350997972,0.09650349650349654,0.09813093368454151,-0.1629370629370629,-0.1653382953825161,
688319.SH,20240426,终止,20250901,,,1.25,,80.0,1、疫苗研发生产基地技术改造项目。,20240426,0,0.051312649164677815,0.014755959137343844,0.006799867788324088,0.08740068104426779,0.07355162199789134,0.08626560726447208,0.07845057973289093,0.0017207718501699443,0.07177952379526786,
301281.SZ,20241022,终止,20251202,,,0.25,,80.0,募集配套资金1、中介机构费用及交易税费。,20241022,0,0.2000821692686936,0.19993153029784305,0.19377859848975243,0.8445737761040739,0.8442706321853584,0.2362204724409449,0.2140000102498396,-0.010612803834303297,0.0073991557741528435,
000159.SZ,20240809,终止,20250902,,,6.65,,80.0,1、补充流动资金。,20240809,0,0.032558139534883734,-0.0780780780780781,-0.07679125364727712,-0.09609609609609615,-0.10150668694172682,-0.052552552552552645,-0.01953430361177677,0.26126126126126126,0.05494041006978434,
300354.SZ,20250424,终止,20260512,,,1.5,,80.0,1、智能化测控产业升级项目;2、补充流动资金。,20250424,0,-0.01800246609124534,-0.01632345554997483,-0.01565829931346041,0.048468106479156114,0.04251600879259865,0.004953982184854322,-0.008101385581548826,0.07156403774518605,-0.013690276452390848,
002123.SZ,20250116,终止,20250829,,,8.3,,80.0,募集配套资金拟用于1、支付本次交易的现金对价;2、补充上市公司流动资金。,20250116,0,0.09990749306197988,-0.010933557611438327,-0.012699818948823549,-0.08410428931875524,-0.08244036411304789,0.6047098402018498,0.5367620736449141,0.15306980656013458,0.1336610969250167,
600208.SH,20250813,终止,20260518,,,30.0,,80.0,"募集配套资金1、用于补充上市公司及/或标的公司流动资金或偿还债务、标的公司的项目建设,以及支付本次交易相关税费及中介机构",20250813,0,0.09951456310679618,0.09933774834437092,0.104441645789777,0.10154525386313473,0.07734373210055434,0.0,-0.03377464035927391,-0.07284768211920523,-0.15246757411256806,
300738.SZ,20250306,终止,20260127,,,16.95,,80.0,1、新一代云计算和人工智能产业园(廊坊固安F栋、G栋、H栋、I栋、J栋)项目。,20250306,0,0.10776053215077597,0.02081665332265814,0.02340536076957922,0.02081665332265814,0.02761549531643559,-0.04203362690152124,-0.03082854191495954,-0.14931945556445148,-0.15007363330762757,
600746.SH,20250813,终止,20251122,,,15.0,,80.0,1、醋酸乙烯及EVA一体化项目(一期工程)。,20250813,0,-0.046398046398046344,-0.02688860435339302,-0.022370738234617327,-0.01664532650448125,-0.03825013978607339,-0.03713188220230468,-0.0696524065943328,-0.008962868117797562,-0.0940689158298178,
301013.SZ,20250425,终止,20260427,,,1.68,,80.0,1、半导体设备精密零部件研发及产业化项目;2、补充流动资金。,20250425,0,-0.03804347826086962,0.09463276836158196,0.09684482608519973,0.3022598870056499,0.28371354440408547,0.39830508474576276,0.3795188915505652,0.25639960785636906,0.14814909910764662,
000753.SZ,20250805,终止,20250821,,,10.5,,80.0,1、夯实水务主业，提升公司竞争实力;2、加大新能源业务投入，加速实现公司业务转型;3、增强资本实力，提升持续盈利能力。,20250805,0,-0.02522522522522519,-0.007393715341959317,-0.01187255019982425,0.02772643253234741,0.014180071687256213,0.29944547134935307,0.21843138406885787,0.8706099815157113,0.7048855773692164,
600933.SH,20250116,终止,20260910,,,5.2,,80.0,募集配套资金拟用于1、支付本次交易现金对价、中介机构费用及相关税费。,20250116,0,0.10026385224274414,0.05575539568345311,0.053870042124567696,0.06294964028776984,0.06488072117202992,0.22362110311750594,0.1718096671894318,-0.128896882494005,-0.1435594704602593,
000911.SZ,20230720,终止,20260425,,,2.6,,80.0,1、云鸥物流食糖仓储智能配送中心二期扩容项目;2、补充流动资金、偿还银行贷款。,20230720,0,-0.03647416413373872,0.018927444794952786,0.01949896496769643,-0.014721345951629883,-0.02916323515200192,-0.001051524710830698,0.0007743587771211757,-0.07886435331230268,-0.021286475890136325,
600250.SH,20240608,终止,20251220,,,0.4,,80.0,募集配套资金用于1、支付本次交易现金对价;2、支付本次交易中介机构费用及相关税费。,20240524,15,-0.028605482717520947,0.042944785276073594,0.06389478160946083,-0.09815950920245409,-0.07633639119280378,-0.13496932515337434,-0.08570962172598007,-0.06503067484662572,0.027379298682217,True
300061.SZ,20240726,终止,20260713,,,4.0,,80.0,1、用于补充流动资金和偿还银行借款。,20240726,0,0.19999999999999996,0.20039682539682557,0.20000331327137544,0.3670634920634921,0.3602688700142138,0.3253968253968256,0.34235907043092917,2.76984126984127,2.316151635635117,
002600.SZ,20241207,终止,20251108,,,2.07,,80.0,募集配套资金1、补充标的公司流动资金及偿还银行贷款;2、支付本次交易的现金对价;3、中介机构费用。,20241206,1,0.02059496567505703,-0.01681614349775784,-0.016370543926546466,0.02130044843049328,0.024973347749237984,-0.17152466367713004,-0.12059207026787666,0.1188340807174888,0.12686096420933635,
603162.SH,20250722,终止,20260716,,,2.1,,80.0,1、干散货船购置项目。,20250722,0,0.0,-0.01403508771929829,-0.014155336808060692,0.022222222222222143,0.014335416057603467,0.042105263157894646,0.0014456635374280324,0.24327485380116953,0.13784201541725438,
688166.SH,20240507,终止,20251021,,,5.0,,80.0,1、用于补充流动资金和偿还银行贷款。,20240507,0,0.07250755287009047,-0.030140845070422584,-0.024170615830820474,-0.027605633802816776,-0.026998631953732644,0.0014084507042253502,0.019724459621630608,-0.23535916881962382,-0.180981854880219,
002161.SZ,20250428,终止,20250925,,,3.0,,80.0,1、RFID电子标签生产线建设项目;2、西安创新产业中心建设项目;3、RFID电子标签芯片工艺升级项目;4、补充流动资金,20250428,0,-0.04036697247706422,0.015296367112810572,0.015840026299799748,0.07839388145315462,0.05793876357500527,0.2485659655831738,0.22071330578818738,0.5491770516060224,0.4175918846206266,
000545.SZ,20250715,终止,20250924,,,,,80.0,募集配套资金1、用于支付本次交易的现金对价、支付中介机构费用、支付交易相关税费、利德东方在建项目建设以及补充上市公司流动,20250715,0,0.10108303249097461,0.003278688524590345,0.0036285698853322224,-0.05573770491803276,-0.07600040349204473,-0.042622950819672045,-0.08464791543885708,-0.11147540983606563,-0.2039593937147074,
603332.SH,20240712,终止,20260718,,,1.0,,80.0,1、高端差别化聚酯纤维建设项目。,20240712,0,0.01196808510638303,-0.021024967148488782,-0.02191891231711729,-0.01708278580814715,-0.020712677439825855,-0.036793692509855425,-7.826673462529854e-05,0.005256241787122251,-0.06696641910696521,
300950.SZ,20250714,终止,20251107,,,,,80.0,募集配套资金用于1、支付本次交易的现金对价、中介机构费用和补充上市公司流动资金等。,20250714,0,0.19982038616973496,0.10404191616766467,0.10865684445630563,0.18226047904191622,0.16892891319237613,0.11526946107784442,0.07616385984276586,0.5183383233532934,0.38258802114481627,
688280.SH,20250425,终止,20260425,,,1.16,,80.0,1、紧凑型新能源汽车三合一电驱动系统总成产业化项目。,20250425,0,0.01673640167364021,-0.002057613168724437,-4.094947262489601e-05,1.0699588477366255,1.0404791975190828,0.48559670781892983,0.46563775389128237,0.5349794238683125,0.40272667361788317,
688313.SH,20250711,终止,20260527,,,,,80.0,募集配套资金拟用于1、补充流动资金、支付本次交易现金对价、中介机构费用以及交易税费等。,20250711,0,0.14848883048620243,-0.01899313501144173,-0.021633365192663345,0.22425629290617843,0.21583747639104,0.2567505720823797,0.21355206277614425,0.5487414187643023,0.3976998950770887,
603758.SH,20250711,终止,20250919,,,,,80.0,"募集配套资金1、用于支付本次交易的现金对价,,对应股权比例37.51924%、标的公司项目建设、中介机构费用、补充上市公",20250711,0,-0.10012135922330101,-0.049898853674983146,-0.05245590583360371,-0.06001348617666902,-0.06647747090963518,-0.06675657451112627,-0.09883511554903834,0.08563722184760625,-0.020239910495278957,
300098.SZ,20250710,终止,20260801,,,3.74,,80.0,1、车联网通信产品扩产项目;2、深圳研发及运营中心项目;3、补充流动资金。,20250710,0,-0.003968253968254065,0.0,-0.0001411324761610988,0.013944223107569709,0.011884606175591284,0.031872509960159556,-0.004979146131821377,0.12948207171314752,0.017216855715751267,
600547.SH,20220603,终止,20250920,,,46.0,,80.0,1、山东黄金矿业(莱州)有限公司焦家矿区(整合)金矿资源开发工程。,20220602,1,0.004405286343612369,0.002192982456140413,-0.010476644129392754,0.00877192982456143,-0.01867545355385425,0.002192982456140413,-0.05466102190652655,-0.0054653586160722245,-0.017992867336318996,
688070.SH,20251231,终止,20260808,,,5.48,,80.0,1、无人值守与大型无人机系统产业化基地项目;2、无人机系统研制与AI技术能力提升项目;3、补充流动资金与偿还借款。,20251231,0,0.016513761467889854,0.04205776173285192,0.02792251950477498,0.1092057761732852,0.0683993265813192,0.16425992779783405,0.12210303216756513,-0.18953068592057765,-0.17313956426832178,
600470.SH,20250107,终止,20260805,,,8.0,,80.0,1、投资建设28万吨/年电池级精制磷酸项目。,20250107,0,0.030710172744721653,-0.011173184357541999,-0.011333592505798573,0.011173184357541777,0.00764880149089775,0.04841713221601496,0.01184220912419276,0.0018621973929235924,0.0037287793553524295,
002828.SZ,20250508,终止,20260630,,,3.48,,80.0,1、用于补充流动资金及偿还债务。,20250508,0,0.09963547995139721,-0.04088397790055254,-0.03801498025925287,-0.005524861878453136,-0.014003967737590162,0.026519337016574385,0.016403171522379356,0.11926525866116156,0.05388293350436024,
300291.SZ,20251226,终止,20260424,,,,,80.0,募集配套资金1、支付本次并购交易中的现金对价、本次交易税费、中介机构费用等。,20251226,0,0.20075046904315208,0.010937500000000044,0.01052940578736239,0.09843749999999996,0.06616267400995612,0.40312499999999996,0.3433975334265593,0.06562499999999982,0.06970738155196154,
002036.SZ,20251225,终止,20260820,,,16.3,,80.0,1、补充流动资金和偿还有息负债。,20251225,0,-0.04227782571182048,-0.0108108108108107,-0.011823489181879587,0.008108108108108025,-0.007876530426006889,0.05585585585585595,0.011659455252441164,-0.21711711711711712,-0.2034864605522495,
688115.SH,20240925,终止,20260127,,,5.0,,80.0,募集配套资金用于1、支付本次交易现金对价、中介机构费用及相关税费。,20240925,0,0.20000000000000018,0.19999999999999996,0.15815452733242097,0.769767441860465,0.5728785495135391,0.7507751937984497,0.5524834637628204,0.6388070816830846,0.39876115107577115,
002166.SZ,20251224,终止,20260623,,,,,80.0,募集配套资金用于1、购买北京金康普自然人股东李洋、宋军15.50%股权、支付中介费用、支付交易税费和补充流动资金。,20251224,0,0.10000000000000009,-0.014629049111807735,-0.019276189635930363,-0.11703239289446199,-0.1232379096553301,-0.053291536050156685,-0.09797394385896396,-0.06792058516196442,-0.0637249665152676,
002769.SZ,20251218,终止,20260912,,,,,80.0,"募集配套资金1、支付本次交易的现金对价、补充流动资金及偿还债务,以及支付中介机构费用、交易税费等并购整合费用等。",20251218,0,-0.09969088098918066,-0.07896995708154497,-0.08230256596886787,-0.0386266094420602,-0.058839379696260186,0.10901287553648054,0.044954956333079554,-0.054077253218884125,-0.055273694678255825,
002760.SZ,20251218,终止,20260527,,,,,80.0,募集配套资金1、补充流动资金和偿还债务、支付本次并购交易中的中介机构费用及标的资产项目建设等。,20251218,0,0.0390266299357207,-0.025187803800265196,-0.028715015332075766,-0.0300486080424216,-0.05044172983665163,-0.03932832523199292,-0.0948178780413017,-0.08528501988510828,-0.08644198849532725,
688291.SH,20250813,终止,20260515,,,0.5,,80.0,募集配套资金用于1、本次交易的现金对价;2、补充上市公司及标的公司流动资金、偿还债务;3、中介机构及相关费用。,20250813,0,0.20005989817310588,-0.09882705265784886,-0.09464317530920363,-0.03968055902171208,-0.06077927627219082,-0.12577988520089856,-0.15530635517308133,-0.23625857171924136,-0.3018454325379283,
002812.SZ,20251213,终止,20260514,,,,,80.0,募集配套资金1、支付本次交易的中介机构费用、相关税费、标的公司项目建设和补充上市公司及标的公司流动资金等。,20251128,15,0.031110283159463625,-0.09990966576332427,-0.09509838906750467,-0.18355916892502255,-0.18394767870714124,-0.04534778681120144,-0.10305059632555225,0.242818428184282,0.1894751594732611,True
688051.SH,20251206,终止,20260606,,,,,80.0,募集配套资金用于1、支付本次交易的现金对价、中介机构费用、交易税费等费用及补充上市公司、标的公司流动资金、偿还债务。,20251121,15,-0.0228013029315961,0.0379166666666666,0.014326748609996054,-0.23708333333333342,-0.24776496309734908,-0.14583333333333337,-0.19786903994853777,-0.24312500000000004,-0.2977912297044314,True
300635.SZ,20250626,终止,20260721,,,3.65,,80.0,1、用于补充流动资金及偿还债务。,20250626,0,0.20036264732547604,-0.06646525679758308,-0.05986041776541806,-0.09818731117824786,-0.10149560295627902,-0.024169184290030232,-0.06673267621576706,0.10800604229607247,-0.0028053133325389723,
300615.SZ,20251202,终止,20260825,,,2.91,,80.0,1、欣天科技华南精密制造基地项目;2、欣天科技华南研发中心建设项目;3、补充流动资金。,20251202,0,-0.007027406886858545,-0.019815994338287624,-0.014833686676470448,0.010615711252653703,0.007562813028509252,-0.060863411181882654,-0.07682810073198443,0.014861995753715496,-0.040869713391657236,
688173.SH,20241118,终止,20260101,,,0.99,,80.0,"募集配套资金用于1、支付本次交易的现金对价,对应股权比例45%;2、支付本次交易的中介机构费用等。",20241118,0,0.19999999999999996,0.06850282485875714,0.061425946362388295,-0.039548022598870136,-0.02186519416488386,-0.09392655367231639,-0.11064489023594448,-0.13064971751412424,-0.13783233704971076,
002215.SZ,20251126,终止,20260711,,,14.5,,80.0,1、蓝莓基地新增扩建项目;2、小浆果国际研发中心建设项目;3、补充流动资金。,20251126,0,-0.06914433880726034,0.0,-0.002857873204565209,0.0232126276694522,0.019567478481252287,-0.02878365831012053,-0.04770121582880915,0.08263695450324993,0.00021946455604071602,
600319.SH,20251118,终止,20260114,,,,,80.0,"募集配套资金1、支付本次交易的现金对价,支付本次交易税费、人员安置费用等并购整合费用;2、标的资产建设项目、补充上市公司",20251118,0,0.09999999999999987,0.10010214504596537,0.09817069449229687,-0.11644535240040843,-0.1005117139933247,-0.10112359550561778,-0.07409694220312746,-0.17875383043922377,-0.2173336996371017,
002207.SZ,20241009,终止,20260312,,,1.98,,80.0,1、油田服务设备更新升级项目;2、补充流动资金与偿还债务。,20241009,0,-0.10016155088852996,0.043087971274685666,0.029482633536592973,-0.030520646319569078,-0.013597675116663988,0.09694793536804314,0.05644269325118079,-0.11669658886894074,-0.11769910943540152,
603232.SH,20250426,终止,20260630,,,2.83,,80.0,1、抗量子密码技术产业化项目;2、可信数据空间平台研发及产业化项目;3、补充流动资金。,20250425,1,0.0023659305993690705,-0.024390243902438935,-0.022418710472608683,0.04327301337529499,0.028415073784208822,0.13060582218725392,0.11541616176555358,0.3300983045278878,0.21549796777944064,
688588.SH,20251111,终止,20260314,,,,,80.0,募集配套资金1、支付本次交易现金对价、中介机构费用、交易税费等。,20251111,0,0.008441193021947235,-0.10267857142857162,-0.1020912950495172,-0.15290178571428592,-0.13936810475132166,-0.1791294642857144,-0.1595529807415752,-0.2064732142857143,-0.22071631828947136,
000610.SZ,20251108,终止,20260901,,,3.0,,80.0,1、补充流动资金及偿还银行贷款。,20251107,1,0.008849557522123908,0.024720893141945588,0.019355422655616072,0.020733652312599826,0.022540460607365143,0.0015948963317384823,0.025910523214582648,-0.18899521531100472,-0.20298778351457558,
688669.SH,20241206,终止,20260825,,,4.0,,80.0,1、补充流动资金。,20241206,0,0.0037014188772361845,0.009219422249538978,0.009676821685909331,0.026429010448678625,0.030120353597514304,-0.13829133374308544,-0.08531563825588839,0.041794714197910254,0.049268891949026505,
688621.SH,20250513,终止,20260130,,,,,80.0,募集配套资金拟用于1、复杂注射剂微纳米制剂、小核酸药物生产线及小核酸实验室建设项目;2、三期药品生产项目;3、扩建高端贴,20250513,0,-0.036328040026104014,-0.004740406320541624,-0.01324216970208536,0.06207674943566599,0.06031505095482648,0.18204240039374198,0.17250730987281582,0.4279144645246755,0.32609616167334643,
002798.SZ,20251101,终止,20260430,,,3.6,,80.0,1、用于补充流动资金和偿还有息负债。,20251031,1,0.04125412541254114,0.015847860538827474,0.010296503770331089,0.0237717908082411,0.012819518830099907,0.0,0.017022544022441854,0.06497622820919169,0.017356256527640168,
300353.SZ,20251101,终止,20260327,,,,,80.0,募集配套资金1、支付本次交易的现金对价、补充流动资金、支付中介机构费用等。,20251020,12,0.010828821324448068,0.031726411207251504,0.0025045375693018013,-0.09353110836423573,-0.12383998989141498,-0.14750721054800153,-0.15292295437697156,-0.08199423156159868,-0.14319858389317452,True
300121.SZ,20241101,终止,20260114,,,4.86,,80.0,募集配套资金用于1、支付本次交易的现金对价;2、波米先进电子材料创新研究院建设;3、支付本次交易中介机构费用、相关税费。,20241101,0,0.19966859983429996,0.20027624309392245,0.1864275176871002,0.20165745856353579,0.13890553276999285,-0.04792191561938064,-0.06350383334364418,-0.20104142143726544,-0.19577824053594672,
001206.SZ,20251027,终止,20260211,,,,,80.0,募集配套资金用于1、支付本次交易的现金对价、中介机构费用以及相关税费等。,20251027,0,-0.09296987087517927,-0.018032268269534968,-0.01588511003167148,-0.07181271749446383,-0.06704545665248296,-0.01297057893071818,0.02823636625200332,-0.10186649794368874,-0.1280441878410391,
603717.SH,20250827,终止,20260214,,,4.65,,80.0,1、用于补充流动资金和偿还债务。,20250827,0,-0.06524184476940387,0.004813477737665162,-0.0064925115104438325,-0.03971119133574008,-0.043036760493252,0.06859205776173272,0.05381441999353109,0.044524669073405354,0.024333808895644404,
688381.SH,20251021,终止,20251206,,,,,80.0,募集配套资金1、支付本次交易的现金对价、相关税费、中介机构费用、标的公司项目建设以及补充上市公司和标的公司流动资金、偿还,20251021,0,0.05656350053361803,-0.08956228956228962,-0.08896337333679505,-0.13602693602693605,-0.15160090927433378,-0.19360269360269367,-0.19840874252714247,-0.1767676767676769,-0.21605546009285936,
002044.SZ,20250415,终止,20260725,,,4.28,,80.0,1、购买衡阳美年等11家公司股权以及郑州美健等5家控股子公司的少数股权。,20250415,0,-0.00907441016333943,-0.023809523809523725,-0.026295171178927212,-0.031135531135531025,-0.04055910699670906,-0.005494505494505475,-0.034968113065076856,-0.08793460222499938,-0.15323345082687678,
300307.SZ,20250416,终止,20260521,,,3.0,,80.0,1、年产1500台3D一体成型运动针织横机、50台医疗用特种针织横机、50万件功能性运动针织服装建设项目;2、年产117,20250416,0,-0.050351288056206034,-0.01602959309494434,-0.017330608625240163,0.0295930949445129,0.023236511177950225,0.10850801479654737,0.07836293492722857,0.027634608399151883,-0.06736724765479318,
000586.SZ,20251119,终止,20260606,,,6.1,,80.0,1、补充流动资金。,20251119,0,-0.09993425378040766,-0.05770635500365229,-0.05394509184779028,-0.04601899196493775,-0.025637261719000493,-0.04455807158509861,-0.02568144800654315,0.09057706355003647,0.05442189763612326,
600615.SH,20250329,终止,20260602,,,1.4,,80.0,1、镁合金产线升级建设项目。,20250328,1,-0.006541291905151292,0.01975308641975304,0.024510034018627058,-0.09382716049382733,-0.019283556137793423,-0.04279835390946507,-0.024491532191969867,0.08938205395997167,0.06618334739169551,
688522.SH,20250122,终止,20260325,,,1.63,,80.0,募集配套资金拟用于1、支付本次交易的现金对价。,20250122,0,0.036562382208820354,-0.008545454545454412,-0.01362218120850811,0.029090909090909056,0.011145010975184722,0.229090909090909,0.16580966987828338,0.27727272727272734,0.24570536127635711,
603686.SH,20260213,终止,20260722,,,10.05,,80.0,1、智慧环卫运营综合服务平台建设项目;2、无人环卫装备研发中心建设项目。,20260213,0,-0.02067824648469807,-0.0025337837837837718,-0.011094207660091282,-0.057854729729729826,-0.08049687742832701,-0.2533783783783784,-0.20075070638236958,-0.27744932432432434,-0.28286498525586135,
003040.SZ,20260211,终止,20260826,,,7.6,,80.0,1、创新应用安全产品研发及产业化项目;2、面向行业应用的智能硬件建设项目;3、数字化运营总部及研发升级建设项目;4、补充,20260211,0,-0.012534059945504161,-0.011589403973509937,-0.012075430197103554,0.016556291390728672,0.012965765795303064,-0.06732891832229582,-0.0381298855312463,-0.21467991169977918,-0.2203779469518501,
300792.SZ,20260207,终止,20260805,,,,,80.0,募集配套资金1、支付本次交易的现金对价、中介机构费用、交易税费等费用以及补充标的公司流动资金等。,20260206,1,-0.00774829772247021,0.14458116422148604,0.12861725545567126,0.09749171793658307,0.09305848947430628,-0.09181258873639364,-0.0960819381710809,-0.16184699007729741,-0.1759951399493903,
300839.SZ,20250211,终止,20260629,,,2.35,,80.0,1、补充流动资金、偿还银行借款。,20250211,0,0.19945725915875157,-0.03619909502262442,-0.04435805780576696,-0.14592760180995468,-0.14758044016908112,0.010180995475113086,-0.008281597289061193,0.06674208144796379,0.05053549063262652,
603729.SH,20260207,终止,20260613,,,,,80.0,1、购买愚恒影业58%股权。,20260123,15,0.004501969611705237,0.10028011204481779,0.10376914899808365,0.07843137254901955,0.0927216814551799,0.02633053221288506,0.03923970865397197,-0.21120448179271722,-0.21031925733004642,True
300912.SZ,20260204,终止,20260807,,,,,80.0,募集配套资金1、支付本次交易的现金对价和相关交易税费、标的公司项目建设以及支付本次交易的中介机构费用等。,20260204,0,0.19999999999999996,0.19983207388748947,0.20756970650685957,0.5491183879093198,0.5379524729926144,0.12720403022670035,0.11986043340362396,0.31276238455079763,0.2693282469759033,
001288.SZ,20260129,终止,20260811,,,7.88,,80.0,1、数字孪生智能输送机生产项目;2、几内亚智能运维服务平台项目。,20260129,0,-0.0871907910849864,-0.027367856184598915,-0.01791140368415378,-0.07056613898577957,-0.0518521666862618,-0.03675878722833392,-0.028866723421403395,-0.2463107056613899,-0.2502968227170017,
688478.SH,20250909,终止,20260903,,,3.16,,80.0,募集配套资金1、支付本次交易现金对价;2、支付中介机构费用及相关税费。,20250909,0,-0.09140942809284525,-0.040031603897813905,-0.041272766983404985,0.046352383460626756,0.031566165435527926,-0.03371082433500128,-0.059624660161298415,-0.041611798788517174,-0.06451281609227921,
300658.SZ,20260119,终止,20260518,,,,,80.0,募集配套资金1、支付本次交易的现金对价。,20260119,0,0.19973009446693668,0.09111361079864988,0.09120673736067575,0.046681664791900834,0.0419694757249125,-0.02699662542182235,-0.027802174247265055,0.2260967379077614,0.22840843890504692,
002825.SZ,20260115,终止,20260421,,,,,80.0,"募集配套资金1、支付本次交易的现金对价,支付中介机构费用、交易税费等费用,投入标的公司在建项目建设,以及补充上市公司和标",20260115,0,-0.045132743362831906,0.014828544949026856,0.017472919828747546,0.035217794253938894,0.032713027706487985,0.011121408711770364,0.005883215794019403,0.06394810009267848,0.07189073882066777,
688488.SH,20250430,终止,20260303,,,1.85,,80.0,1、向少数股东收购南大药业22.2324%股权;2、补充流动资金。,20250430,0,0.06338028169014098,-0.010761589403973648,-0.02182364673873105,-0.06539735099337762,-0.09042177478782143,0.16970198675496695,0.14084398985415603,0.3054635761589404,0.1858721382459192,
600255.SH,20260113,终止,20260609,,,3.5,,80.0,1、偿还银行贷款和补充流动资金。,20260113,0,-0.03194103194103204,0.0076142131979695105,0.010707147767265335,0.002538071065989911,0.008657511420631536,-0.02284263959390853,-0.020384487240682203,-0.08629441624365486,-0.0675470071584342,
600337.SH,20260101,终止,20260723,,,,,80.0,募集配套资金1、用于支付本次交易现金对价、中介机构费用、相关税费及补充流动资金。,20251217,15,-0.042622950819672156,0.09931506849315075,0.057472961972842684,0.3150684931506851,0.23523150276209304,-0.11986301369863017,-0.17279802807592803,-0.15410958904109584,-0.15843388499380928,True
688158.SH,20260321,终止,20260910,,,15.0,,80.0,1、优刻得乌兰察布智算中心及智算集群建设运营项目。,20260320,1,-0.059364548494983294,-0.0357777777777778,0.0005756844960138618,-0.08177777777777773,-0.07161212458466171,0.07622222222222219,0.04324729385433512,-0.14155555555555543,-0.169557404726703,
600206.SH,20240921,终止,20260909,,,3.2,,80.0,1、偿还国拨资金专项债务。,20240920,1,-0.0033333333333331883,-0.004459308807135076,-0.008842788682891234,0.10702341137123716,-0.018724212023098374,0.27313266443701223,0.05595261865910994,0.9219620958751389,0.5617411967337527,
300828.SZ,20260227,终止,20260819,,,2.48,,80.0,募集配套资金1、支付本次重组的现金对价、支付中介机构费用等。,20260227,0,-0.035107587768969384,-0.07629107981220662,-0.08064382408646709,-0.11306729264475734,-0.10474731324616304,-0.20931142410015635,-0.158974160395579,-0.22339593114240996,-0.21122274121745876,
688591.SH,20250830,终止,20260811,,,1.8,,80.0,募集配套资金1、本次交易的现金对价;2、本次交易有关的税费及中介机构费用。,20250822,8,0.03625318440133252,0.10571104387291963,0.09151103514461556,-0.04689863842662645,-0.04358750796767885,0.05748865355521948,0.05684036576690743,-0.13161875945537072,-0.15119766417302505,
301505.SZ,20250715,终止,20260901,,,0.5,,80.0,募集配套资金用于1、支付本次交易的现金对价、中介机构费用、交易税费等。,20250715,0,-0.03153988868274571,-0.047413793103448176,-0.04708159013521496,0.015325670498084198,-0.006461960039438663,0.24281609195402298,0.18826151250464251,0.1340936026884263,0.016049042493918142,
603316.SH,20260307,终止,20260616,,,1.0,,80.0,1、嵌入式存储芯片扩产项目;2、补充流动资金。,20260306,1,0.10000000000000009,-0.05667060212514763,-0.05031702912946179,-0.06670602125147584,-0.06015533405174278,-0.21133412042502964,-0.1617190652625189,0.2012987012987011,0.2209601193381021,
300965.SZ,20260513,终止,20260529,,,,,80.0,募集配套资金1、用于支付本次交易的现金对价、标的资产建设项目、补充上市公司和标的资产流动资金、偿还债务等用途。,20260513,0,0.20000000000000018,0.18535353535353516,0.20369722934737688,-0.05340909090909096,-0.03512684592342408,-0.3969696969696971,-0.3593150983879053,-0.419892007520244,-0.37953059070186457,
688716.SH,20260429,终止,20260718,,,3.1,,80.0,1、用于补充流动资金。,20260429,0,-0.01574560049397966,0.007528230865746499,0.006390174789088876,0.15495608531994987,0.12283444003465438,0.030426599749059147,0.043066361228737415,-0.2094355113981632,-0.1484429265131494,
301588.SZ,20260429,终止,20260801,,,3.0,,80.0,1、用于公司及子公司主营业务相关项目建设及补充流动资金。,20260429,0,-0.008858267716535528,0.13704071499503478,0.13575636776240674,0.17510758027143325,0.14242548149268663,0.17411453161204893,0.1885168457924229,0.10656897239653218,0.1919415168924059,
603729.SH,20260429,终止,20260430,,,3.0,,80.0,1、用于公司主营业务相关项目建设及补充流动资金。,20260428,1,-0.004046242774566444,-0.04991294254207779,-0.057657954592413296,-0.16947185142193855,-0.19824696514664697,-0.21242019733023787,-0.20836415377685313,-0.35983749274521193,-0.32679176536628374,
002838.SZ,20241112,终止,20260602,,,11.0,,80.0,募集配套资金用于1、10万吨/年联产法钛白粉绿色生产项目;2、支付本次交易的现金对价;3、补充上市公司流动资金。,20241112,0,0.10000000000000009,-0.0006835269993167303,-0.005712451885742986,-0.10663021189336996,-0.08634914842621688,-0.1120984278879017,-0.11227758231758278,-0.17209171661987532,-0.1498598098399333,
301089.SZ,20260328,终止,20260513,,,2.28,,80.0,1、原料药及健康膳食补充剂生物制造基地建设项目(一期)。,20260327,1,0.047932674716429036,-0.006983240223463749,-0.009403740894831536,-0.022695530726257074,-0.014225660601959622,-0.06319832402234649,-0.10277185775157394,-0.3020251396648045,-0.32170320096768135,
300956.SZ,20250424,终止,20260612,,,1.96,,80.0,募集配套资金拟用于1、支付本次交易的现金对价。,20250424,0,0.02006383948928403,-0.03576218149307109,-0.03511016960757718,-0.049219274002860636,-0.054616805625100406,-0.16294644701045502,-0.17382061853291064,-0.1354578886057759,-0.2042414070942591,
000060.SZ,20250304,终止,20260526,,,13.06,,80.0,1、补充流动资金及偿还银行贷款。,20250304,0,0.008676789587852562,0.017204301075268713,0.01180015623652686,0.06021505376344072,0.04276814108357163,0.06881720430107507,0.06108454418840492,-0.03870967741935494,-0.049508002929594896,
301022.SZ,20260421,终止,20260820,,,,,80.0,募集配套资金1、拟用于标的公司项目建设、补充流动资金以及支付本次交易的现金对价、相关税费和中介机构费用等。,20260421,0,0.20014372978799866,0.0748502994011977,0.0693058496704888,-0.11856287425149692,-0.11717129432332785,-0.04970059880239508,-0.05612919731219601,-0.3855936099426064,-0.3388537617590911,
688170.SH,20250429,终止,20260530,,,2.4,,80.0,1、激光器生产建设项目;2、总部研发中心建设项目。,20250429,0,-0.01808662541646855,0.0009694619486186884,0.0032966097143336537,0.03296170625302963,0.01585567549789113,0.02278235579253529,0.004195755730229012,0.82355792535143,0.6657894718593644,
002169.SZ,20251017,终止,20260824,,,5.37,,80.0,募集配套资金1、支付本次交易的现金对价、中介机构费用、交易税费等并购整合费用;2、储能PACK生产线扩建项目固态变压器S,20251017,0,-0.051058530510585065,-0.03149606299212615,-0.03754619753228916,0.019685039370078705,-0.008852584346331072,0.12598425196850394,0.08345133654383075,0.4855643044619422,0.3782402166129182,
002876.SZ,20260414,终止,20260815,,,5.5,,80.0,1、补充公司流动资金及偿还银行贷款。,20260414,0,-0.02941176470588247,-0.02659932659932651,-0.026740458728955918,0.005723905723905798,-0.008666416360499585,-0.00033670033670030186,-0.02662858452828809,-0.013161203306935265,0.015288582341709711,
300261.SZ,20260403,终止,20260812,,,10.05,,80.0,1、年产700吨高端农药中间体项目;2、年产35吨高端医药中间体中试项目;3、新建年产2019吨原料药及中间体项目(一期,20260403,0,-0.023474178403755763,0.033653846153846034,0.03097873557887998,0.004807692307692291,-0.022516154696085033,-0.04326923076923084,-0.11193157402586262,-0.2628205128205129,-0.29263598343374597,
300871.SZ,20240404,终止,20260522,,,2.5,,80.0,1、补充流动资金。,20240403,1,0.03443429374560791,0.048233695652173836,0.05588573833844057,-0.0027173913043478937,0.01373813083998554,0.059782608695652106,0.03973387194664624,-0.36182950191570895,-0.3377211426584512,
605289.SH,20260403,终止,20260908,,,2.93,,80.0,1、智能算力集群建设及运营项目。,20260403,0,-0.0395622895622898,-0.03145389034959589,-0.033960501194134185,0.1058525659752656,0.0757809945166048,0.4704450287272375,0.36491460726535174,0.852556237218814,0.7776289813594677,
301486.SZ,20250422,终止,20260911,,,8.04,,80.0,1、购买恒扬数据99.8555%股权。,20250422,0,0.2000499500499502,0.04765868886576485,0.048739892157707354,0.2819979188345474,0.2871086232906239,0.2607700312174819,0.24246506502760945,0.4441478926910667,0.33865639713851325,
600499.SH,20260129,终止,20260811,,,30.0,,80.0,募集配套资金1、本次交易现金对价;2、中介机构费用及相关税费;3、补充流动资金。,20260129,0,0.1001353179972937,0.08794587945879462,0.09852347407930484,0.056580565805657956,0.07785461258841608,0.053505535055350384,0.06213715587199653,0.17097170971709708,0.16477866659070073,
688028.SH,20250422,终止,20260818,,,3.0,,80.0,1、金刚石微钻产业化项目(一期);2、金刚石功能材料产业化项目(一期);3、金刚石功能材料研发中心项目。,20250422,0,-0.020493712156497423,0.04517356157869723,0.04625220017296461,0.003328578221588163,0.007328363057656828,-0.0004755111745127216,-0.014987485222810903,0.11542363079276452,0.03394464406120301,
600063.SH,20260312,终止,20260805,,,23.0,,90.0,1、20万吨/年乙烯法功能性聚乙烯醇树脂项目;2、年产3000万平方米高世代面板用聚乙烯醇(PVA)光学薄膜项目。,20260312,0,0.08493150684931505,-0.022727272727272707,-0.01469659328131967,-0.1464646464646464,-0.12035715907795641,-0.08712121212121204,-0.05440097832037627,0.06535463365349159,0.1016052705410948,
